:020000040800F2
:1000000060360120B1010008B9010008B7020008FC
:10001000BD010008BF010008C10100080000000088
:10002000000000000000000000000000C301000804
:10003000C50100080000000003020008A55B0008DD
:10004000CB010008CB010008CB0100085952000881
:10005000CB010008CB01000825300008CB010008C7
:10006000CB010008DF300008CB010008CB010008FD
:10007000CB010008CB010008CB010008CB01000830
:10008000CB010008252E0008CB010008CB01000899
:10009000CB010008CB010008CB010008FD300008AF
:1000A000CB010008CB010008CB010008CB01000800
:1000B000CB010008715D0008CB010008CB010008EE
:1000C000CB010008CB010008CB010008CB010008E0
:1000D000CB010008CB010008CB010008CB010008D0
:1000E00051300008CB010008CB010008CB0100080B
:1000F000CB010008CB010008CB010008CB010008B0
:10010000CB010008CB010008CB010008CB0100089F
:10011000CB010008CB010008CB010008CB0100088F
:10012000CB010008CB010008CB010008CB0100087F
:10013000CB010008CB010008CB010008CB0100086F
:10014000CB010008CB010008CB010008CB0100085F
:10015000CB010008CB010008CB010008CB0100084F
:10016000CB010008CB010008CB010008CB0100083F
:10017000CB010008CB010008CB010008CB0100082F
:10018000CB010008CB010008CB010008CB0100081F
:10019000CB010008CB010008DFF810D000F0B2FF5F
:1001A000004800478D270008AFF30080603601202B
:1001B0000648804706480047FEE7FEE7FEE7FEE701
:1001C000FEE7FEE7FEE7FEE7FEE7FEE7795C0008F4
:1001D00099010008EFF3108072B6704780F3108821
:1001E0007047434A1368012B04D04FF0010313609A
:1001F000404A1060404A116040484FF08051016011
:100200007047EFF3108272B63948016851B34FF06E
:10021000000101603748016891B1EFF309811EF0D8
:10022000100F08BF21ED108B21E9F00F4FF00004F3
:100230001EF0100F08BF012441F8044D0068016052
:100240002D490968096808C9B1E8F00F002B18BFEB
:10025000B1EC108B81F309884EF0100E002B18BF03
:100260002EF0100E82F310884EF0040E70472249D3
:100270000860EFF3148222F0040282F314881D490F
:100280004FF0000008601A494FF0010008601C4858
:100290004FF47F01D0F8002041EA020101601748C5
:1002A0004FF08051016017480068006880F30888AB
:1002B00061B662B670471EF0040F0CBFEFF3088002
:1002C000EFF3098020E9F00F40F804ED40F804ED69
:1002D0001EF0040F0CBF80F3088880F3098800B576
:1002E00014F02CFC5DF804EB4EF0040E7047000097
:1002F000C4040020BC040020C004002004ED00E081
:1003000020ED00E008ED00E02DE9F8430121E020B8
:1003100004F034FB0120ADF800000224DFF87882FD
:100320008DF8024010258DF803506946404603F0D1
:10033000ABF901221146404603F046FA6603ADF8D8
:1003400000608DF802402820944F8DF80300694624
:10035000384603F099F93146384603F028FA314619
:10036000384603F024FA2603ADF800608DF8024009
:100370008DF803506946404603F086F90022314665
:10038000404603F021FAE602ADF800608DF8024025
:100390008DF803506946404603F076F90022314655
:1003A000404603F011FA4020ADF800008DF80240FD
:1003B00004207B4C8DF803006946204603F064F965
:1003C0004021204603F0F3F94021204603F0EFF9E5
:1003D000BDE8F8833EB50121212004F0CFFA0621C3
:1003E000032003F017F8402002F0AEFE4020002466
:1003F00000908DF8044008208DF8050001258DF847
:100400000650684602F0BAFE17208DF808008DF8F5
:1004100009408DF80A408DF80B5002A804F0DCF872
:100420003EBD1CB5402002F08FFE40200090002011
:100430008DF8040008218DF805108DF80600684637
:1004400002F09CFE1CBD704770470020704770474B
:10045000704770477047012251034F4803F0B4B909
:1004600000224FF400514C4803F0AEB901221103B1
:10047000494803F0A9B900224FF48051464803F0DF
:10048000A3B94021464803F092B93DE7F8B500F022
:10049000CBFB0121E02004F071FA0224ADF800400A
:1004A0003D4E8DF8024010258DF8035069463046C8
:1004B00003F0EAF800220221304603F085F9042017
:1004C000ADF800008DF802408DF8035069463046C3
:1004D00003F0DAF800220421304603F075F9082011
:1004E000ADF800008DF8024000208DF80300694649
:1004F000304603F0C9F80120ADF800008DF8024045
:100500008DF803506946304603F0BEF80022012101
:10051000304603F059F9F8BDF8B50121E02004F0A8
:100520002DFA0120ADF8000002241B4F8DF8024087
:1005300010258DF803506946384603F0A5F80122CE
:100540001146384603F040F92603ADF800608DF8F7
:1005500002408DF803506946384603F095F80022B2
:100560003146384603F030F9E002ADF800008DF86E
:1005700002408DF803506946384603F085F8402064
:10058000ADF800008DF8024004208DF803006946A4
:10059000034803F079F8F8BD001C01400018014041
:1005A0000014014070470120704710B55D4CA260F7
:1005B000C4E90330217510BD2DE9F0410D46064612
:1005C000FFF749FF18F028FD574F00220121384658
:1005D00003F0FAF8002403E0305D00F04FF9641CEA
:1005E000AC42F9D301221146384603F0EDF8BDE8DC
:1005F000F0414FF47A700AF0EFBF70B5144602462E
:1006000048481D4689B2C0E900431046FFF7D4FFB1
:10061000002C05D02846A446BDE870400021604764
:1006200070BD2DE9F047DFF804910D460646002421
:100630004FF480484EF660274146484603F0B7F82D
:1006400010B9641CBC42F7D3BC4206D338A005F0F5
:100650008BFE6FF00E00BDE8F087334F00220121C2
:10066000384603F0B1F8002404E0002000F006F959
:100670003055641CAC42F8D301221146384603F0D1
:10068000A3F80020E7E77CB54FF48041274803F04A
:100690008EF8D8B1244E00220121304603F094F8A0
:1006A00000246D46002000F0E9F82855641C052C54
:1006B000F8D301221146304603F086F89DF8000079
:1006C000042803D19DF80400002801D06FF00A002F
:1006D0007CBD00214FF48062084600F0B1BA70B5CD
:1006E00000F0ABF81448002505704FF480410F4826
:1006F00003F05DF8002810D00A4C217D2069FFF737
:1007000090FFD4E90220002A07D0A5600021E5600F
:100710009047E068007C0028EFD170BD00B1012057
:1007200000F0C4B8D8210120001C0140001801408D
:100730006572720D0A0000002507002010B509F04F
:1007400085FC09F0A7FCBDE8104009F098BC2DE934
:10075000F0414548454F01250078454C4FF400567F
:10076000032810D1607806280DD26078052805D1BD
:1007700000223146384603F027F825706078401C87
:100780006070BDE8F081E07810B1E078401E18E0BC
:10079000207850B1FFF71EFE01223146384603F0A3
:1007A00013F8A57000202070EBE7324D0121284698
:1007B00003F008F8FFF7C2FF0121284603F000F814
:1007C0000420E070DDE710B5044629488178B1B116
:1007D0000021817002E00178641E09B90A2CFAD860
:1007E000FFF71FFE00224FF40051204802F0ECFFFB
:1007F000402002F0A9FC0A2C01D8012010BD0020E5
:1008000010BD10B5402002F0A5FC002814D04020F7
:1008100002F09AFC4021184802F0C9FF01280BD1D0
:1008200013490870FFF7FDFDBDE8104000224FF4AA
:1008300000510E4802F0C8BF10BD70B50C4C002529
:10084000657001202070FFF7ECFDA5700648007868
:10085000032807D0BDE8704000224FF40051034840
:1008600002F0B2BF70BD00004E000020001C01402D
:1008700026070020000C01400014014070B54E4CCA
:1008800005460421204600F09BF80028F9D02946AF
:10089000204600F09CF80821204600F091F800283E
:1008A000F9D0204600F095F8C0B270BD2DE9FF41A7
:1008B00004464FF48047384602F046FC20004FF0D3
:1008C00000044FF001054FF028062CD001214020F4
:1008D00004F054F8ADF80C708DF80F6003208DF81B
:1008E0000E0003A9354802F0CFFE0E21042002F0CD
:1008F00091FD8DF8084008208DF8090001978DF8CA
:100900000A5001A802F03AFC700103F09DFE38463F
:1009100002F01AFC8DF800608DF801508DF802404D
:100920008DF8035007E08DF800608DF801508DF8C8
:1009300002408DF80340684603F04EFEBDE8FF819B
:1009400010B5012000F06DFA1B4C012805D100F014
:1009500070FAE06A00F07E00E062022000F061FAC6
:10096000012802D1022000F064FA042000F059FAB4
:10097000012802D1042000F05CFA082000F051FAAE
:10098000012802D1082000F054FA102000F049FAA2
:10099000012803D1E06A00F06F00E062202000F03F
:1009A00040FA012802D1202000F043FABDE81040AF
:1009B000402000F036BA0000001000A000180140EE
:1009C00002460020926A0A4200D001207047016668
:1009D0007047006E80B2704770B5F749426872B3D5
:1009E00000234FF48064B2F5800F3AD0B2F5000FC7
:1009F00024D1826842F40002D0E9035635432A43E9
:100A000085692A4345692A430A608268A24200D167
:100A10000364D0E911252A43066CC56C35432A438B
:100A200005682A43C1F8F420426A4A61826B8A61F0
:100A3000C26BCA618268A24217D14B6070BDFFE7EA
:100A400000F108021CCA23431A4383691A430A604F
:100A5000426B4A60426A4A61826B8A61C06BC861BC
:100A6000ECE7826842F48002C6E7406B4860E5E745
:100A70002DE9F84FD14F16460C464FF000084FF4C1
:100A8000003B4FF0100918254FF0030A28B3012846
:100A900058D002287ED10121812003F06FFF01216F
:100AA000584603F02BFF0121C54802F0D3FCC54E88
:100AB0000221304600F076FA0421304600F072FA46
:100AC000002C68D00820ADF800008DF803500220FB
:100AD0008DF802006946304677E00121152003F0C9
:100AE0004DFF0121584603F009FFB54800211030A1
:100AF00002F0B0FCDFF8D0B21021584600F052FAF4
:100B00002021584600F04EFA4021584600F04AFA9B
:100B10005CB18020ADF800008DF803508DF80280A4
:100B20006946384602F0B0FD03E08021584600F0E7
:100B300039FA1021384600F035FA0EB120203CE099
:100B4000202147E00121312003F018FF0121584600
:100B500003F0D4FE9A480121103002F07BFC012101
:100B60009A4802F077FC4FF48061384600F01AFA98
:100B70004FF40061384600F015FA4FF480513846C2
:100B800000F010FA924F74B10120ADF800008DF81A
:100B9000035001E01BE021E08DF8028069463846F1
:100BA00002F072FD03E00121384600F0FBF902215A
:100BB000384600F0F7F966B10420ADF800008DF872
:100BC00003908DF802A06946384602F05DFDBDE84D
:100BD000F88F0421384600F0E5F9F8E7082130469F
:100BE000F9E7754910B10120086106E0086920F0B5
:100BF00001000861886820F001008860704708B52E
:100C00004FF4E06003F020FD43208DF80000002049
:100C10008DF8010002208DF8020001208DF80300FC
:100C2000684603F0D9FC08BD10B501214C042046EC
:100C300003F074FE2046BDE81040002103F06EBEB4
:100C40002DE9F04F012677029BB093460C464FF0FA
:100C500007094FF0120A4FF480680025A0B301285D
:100C60004CD002287ED003282BD1002211461046FA
:100C7000FFF7FEFEFFF7D8FF0121480403F03EFE18
:100C80004D4805618560C0F80C516B21C0F800111A
:100C9000C0F80411022C66D04E49C0F8081141F288
:100CA000AA11C0F8FC1010214160082141614A4995
:100CB000016006618660C0F80C610121434802F0C2
:100CC000C9FB1BB0BDE8F08FFFE7002211460220F0
:100CD000FFF7CEFEFFF7A8FF0121480403F00EFE48
:100CE00001954FF48070CDF824A00295CDE90370F2
:100CF000CDE90695CDE90D86684685E000221146CE
:100D00000220FFF7B5FEFFF78FFF0121480403F033
:100D1000F5FD00212D4802F09DFB4FF4800001906D
:100D200024B1012C04D0022C05D007E0029505E087
:100D3000CDF8088002E04FF40060029007954FF074
:100D400080401190CDF818908014CDF824A0109018
:100D5000039504951820CDE912070095CDE90DB64D
:100D6000684601E00AE055E0FFF736FE0120FFF794
:100D700038FF1449202010310860A2E700221146F4
:100D80000220FFF775FEFFF74FFF0121480403F033
:100D9000B5FD00210D4802F05DFB4FF4000001900D
:100DA00024B1012C04D0022C18D01AE0029518E0CE
:100DB000CDF8088015E00000001000A000100140F0
:100DC00020001440001C01400008014008002020C1
:100DD0000014014062144500070880004FF40060D1
:100DE000029007954FF080401190CDF81890801434
:100DF000CDF824A01090039504951820CDE9120792
:100E00000095CDE90DB66846FFF7E6FD0120FFF736
:100E1000E8FE56E76A49C0F8F4106A49C0F80811BC
:100E200041E76949096B014201D001207047002068
:100E3000704708B50021ADF80010634902280BD0B7
:100E400008280BD004280BD020280BD0FF2802D173
:100E5000886CADF8000008BD886BFAE7C86BF8E74E
:100E6000086CF6E7486CF4E75748806AC00700D082
:100E7000012070475448806A800701D401207047E0
:100E8000002070475048806A400701D50120704714
:100E9000002070474C48806A000701D50120704748
:100EA000002070474848806AC00601D5012070477D
:100EB000002070474448806A800601D501207047B1
:100EC000002070474048806A400601D501207047E5
:100ED000002070473C49086670473B48006E7047E9
:100EE0003948603070473848406A704770B5002311
:100EF0001C46354D02E040C82E665B1C9342FAD377
:100F000002E0641CC82C03D2FFF7C4FF0028F8D00D
:100F1000002002E0401CC82802D26B6A9342F9D339
:100F2000002002E02B6E401C08C19042FAD385E5F8
:100F300070B5254E00231C463066306E01250860D2
:100F400032B910E0306E0125641C0860C82C03D251
:100F5000FFF7A0FF0028F5D15B1CC82B03D2FFF7D9
:100F600083FF0028F4D1284668E500B50021164A21
:100F700003E0106E491CC82903D2FFF78BFF00283D
:100F8000F7D100BD10B5034600220F4C06E0FFF775
:100F900081FF002805D0206E521C01C38A42F6D37F
:100FA000012010BD08B5ADF8001018218DF8031010
:100FB00003218DF80210694602F066FB08BD0000AF
:100FC0001802182062044500001000A02DE9F05F0F
:100FD0000546002092469B468846064681464024A8
:100FE0001BE0284641464746224600F07AF8534621
:100FF0005A46C01A914110D311461846224600F0B5
:1010000061F82D1A67EB01084F46224601200021A6
:1010100000F058F817EB00094E41201EA4F101041E
:10102000DFDC484631462A464346BDE8F09F0000D3
:101030000649074A0868504343F2390210440860E1
:1010400040087047014908607047000038070020D9
:101050006D4EC64140EA01039B0703D009E008C971
:10106000121F08C0042AFAD203E011F8013B00F86D
:10107000013B521EF9D27047D2B201E000F8012BB9
:10108000491EFBD270470022F6E710B513460A4608
:1010900004461946FFF7F0FF204610BD421C10F829
:1010A000011B0029FBD1801A704730B5044600208F
:1010B000034600E05B1C934203D2E05CCD5C401B26
:1010C000F8D030BD202A04DB203A00FA02F10020DB
:1010D00070479140C2F1200320FA03F31943904076
:1010E0007047202A04DB203A21FA02F000217047E1
:1010F00021FA02F3D040C2F1200291400843194680
:1011000070470000064C074D06E0E06840F0010320
:1011100094E8070098471034AC42F6D3FFF740F844
:10112000089903082899030870B58D1810F8014B29
:1011300014F0030201D110F8012B231106D110F88D
:10114000013B03E010F8016B01F8016B521EF9D16D
:10115000ABB110F8012B04F00C048A1A0C2C03D04C
:10116000A2EB84129B1C08E010F8014BA2EB0422B6
:10117000F8E712F8014B01F8014B5B1EF9D5A942C3
:10118000D4D3002070BD0000F0B5F1B1002300BF42
:1011900002EB430C32F813E0BCF802C02EF0030E51
:1011A0002CF0030C50F80E5050F80C6000EB0E04BD
:1011B00000EB0C0740F80E6040F80C507E68656844
:1011C00002338B4266607D60E2D3F0BD2DE9F041D1
:1011D0000488984616460746012A0D460CD1E4B30A
:1011E000281D214690ED000A0139B1EE400A80ED3C
:1011F000000A00F10800F5D1FF2C0CDDB4F5806F7A
:1012000010DBB4F5805F22D0B4F5006F11D0B4F5D7
:10121000806F17D021E03F2C10DC102C12D0202C36
:1012200007D01AE0B4F5807F03D0B4F5007F0ED06C
:1012300013E03846294600F05FF90EE0402C06D056
:10124000802C0AD13846294600F08AF805E07A68F1
:1012500028462146012300F0FFFDB8F1000F04D01D
:10126000B989BA682846FFF78FFF012E1CD100EE1E
:10127000104A002CB8EE400A08BFBDE8F081B7EE76
:10128000001A81EE000A00BF95ED001A95ED012AC3
:1012900020EE011A22EE402A85ED001A85ED012A82
:1012A000013C05F10805EFD1BDE8F0810022426064
:1012B000FF294FF0FF0201800EDDB1F5806F16DBD4
:1012C00029D0B1F5805F2BD0B1F5006F46D141F246
:1012D000A413C0F6020336E03F2913DC102924D002
:1012E00020293BD141F2C413C0F602032BE0B1F533
:1012F000807F1FD0B1F5007F30D141F2E413C0F6FA
:10130000020320E040291AD0802927D141F284131A
:10131000C0F6020317E041F27413C0F6020312E0B4
:1013200041F2D413C0F602030DE041F29413C0F66B
:10133000020308E041F2B413C0F6020303E041F2F5
:10134000F413C0F60203191D03F108020C331B88C5
:10135000126809688381C0E90112002250B2704707
:101360002DE9F0472DED028B03888046084601EBFE
:10137000830AD8F804200021B1EBD30F4FEA5309B8
:1013800000F0AB80D9080AEB890C00EB890E00272E
:10139000C4190AEB070594ED000A95ED003A94EDA7
:1013A000011A95ED014A0EEB07030CEB070694EDCD
:1013B000022A95ED025A70EE035A93ED006AD6EDBB
:1013C000001AD6ED012AD6ED023AD6ED034AC4ED55
:1013D000005A71EE045A93ED017AC4ED015A72EE8F
:1013E000055AD3ED020AC4ED025AD4ED035AD5EDE5
:1013F000036A31EE441A35EEA68A36EE214AD3ED61
:10140000037A84ED038A83ED004A37EE224A83EDA6
:10141000014A30EEA34A83ED024A37EEA44A83ED37
:10142000034AD31931EEC64A33EEE06AD3ED000A1F
:10143000D3ED011A30EE430A32EE452A32EEC75A96
:1014400060EE202A61EE213A21EE201A20EE210AD8
:1014500031EE400A85ED010A24EE210A25EE211A1B
:1014600025EE205A72EEA32A24EE204A30EE450AD9
:10147000C5ED002A86ED000A34EE010A86ED010A68
:1014800093ED020A93ED031A35EEE63A22EE004A96
:1014900023EE015A23EE003A22EE012A34EEE77AD7
:1014A00033EE422A85ED032A26EE012A27EE011AA1
:1014B00027EE003A26EE000A34EE054A32EE432AC1
:1014C00030EE010A013907F1100785ED024A86ED79
:1014D000022A86ED030A7FF45BAF4946022300F03F
:1014E000BBFCD8F80420504649460223BDEC028BD1
:1014F000BDE8F04700F0B0BC2DE9F04F81B02DED14
:10150000088B8EB002880346500801EB800505EB7E
:10151000800691ED000A91ED011A96ED002A96EDF4
:10152000013A04935B6806EB800730EE024A30EE26
:10153000420A31EE032A31EE431A95ED013A95ED58
:10154000005A0593930897ED017AD7ED000A0293AC
:1015500074EE452A72EE433A34EE054A32EE032A1F
:101560006FF0010334EE204A32EE072A03EB9202B9
:1015700030EE036A71EE451A30EE430A31EE051A79
:1015800081ED004A0A9181ED012A510836EE476A41
:1015900071EEA01A72EEE02A73EEC73A30EE070A37
:1015A00031EE601A0095019603970D91C10085ED0B
:1015B000006AC5ED011AC6ED002AC6ED013A87EDB5
:1015C000000A87ED011A0C9100EB40016FF0070350
:1015D0006FF003074FEA800E07EBC00B07EB800AA2
:1015E00003EB001903EB81028C0000200025002191
:1015F0000B9100BF0A9E059B07900695089406EB89
:1016000004080C9C311806EB040C06EB0E0491ED5B
:10161000020A9CED022AD4ED020A30EE026AD8EDED
:10162000022A36EE204A34EE224A91ED031A9CED4E
:10163000033AD4ED031AD8ED033A81ED024A94ED52
:10164000034A31EE037A98ED035A37EE044ACDF897
:1016500024E034EE054A81ED034A0B9930EE420A4C
:1016600031EE431A30EE212A03EB010E32EE634ACB
:1016700031EE602A0D9932EE225A36EE602A37EEAC
:10168000613A30EE610A31EE201A1F18581932EE15
:10169000622A33EE633A30EE230A002931EE621AF1
:1016A00000F0CC800A998E1801EB0A0301EB0905C2
:1016B000594493ED007AD6ED010AD1ED003A77EE68
:1016C000202AD5ED014A72EEA35A75EEA45A13ED05
:1016D000016AD6ED001A51ED016AD5ED007AC3ED2D
:1016E000005A11ED018A76EE215A95ED009A35EEF9
:1016F000888A38EE098A03ED018A97ED028A97ED10
:10170000039A24EE08AA25EE09BA25EE085A24EE1B
:10171000094A35EE444A37EE605A84ED034A36EE04
:10172000614A35EE666A33EEE47A36EE276A74EE85
:10173000070A66EE091A20EE899A60EE880A26EEFC
:10174000086A3AEE0BAA71EEE00A36EE096A84EDF9
:1017500002AAC1ED000A01ED016A90ED046AD0ED24
:10176000050A62EE061A23EE208A23EE063A22EEDE
:10177000202A33EE422A8CED032A32EEE32A35EE9C
:10178000E63A71EE881A33EE673A32EE642A0D9823
:10179000CCED021A62EE461A23EE066A23EE203AD8
:1017A00022EE202A31EEC33A32EE462A013886ED87
:1017B000013A86ED002A0D909EED062A9EED073A2D
:1017C0000C9820EE026A61EE030A21EE021A20EE66
:1017D000030A083031EE400A37EEE61ADDF824E05D
:1017E0000C9088ED030A37EE440A31EE451A0B9847
:1017F00021EE034A20EE033A20EE020A36EE206A7A
:1018000021EE021A34EE400A183088ED026A85EDA6
:10181000010A31EE030A089C0B9085ED000A069D33
:1018200007980EF1080E083410350830A9F10809A0
:10183000083AABF1080BAAF1080ADBE697ED026A59
:1018400097ED037A64EE060A65EE071A25EE065A4E
:1018500024EE074A30EEA16A35EE444A84ED026A6E
:1018600084ED034A90ED044A90ED055A22EE046A95
:1018700023EE057A23EE043A22EE052A36EE074AD5
:1018800033EE422A8CED024A8CED032A9EED062AA5
:101890009EED073A029D20EE024A21EE035A21EE08
:1018A000021A20EE030A0A98059A34EE052A31EE50
:1018B000400A2946042388ED022A88ED030A00F035
:1018C000CBFA049C009862682946042300F0C4FA0D
:1018D000626801982946042300F0BEFA6268039802
:1018E000294604230EB0BDEC088B01B0BDE8F04FD3
:1018F00000F0B2BA9FED221A9FED222A20EE010AD3
:10190000B5EE001A30EE010ABDEEC01A11EE100A53
:10191000B5EE400AF1EE10FAB8BF013801EE100A38
:10192000B8EEC11A30EE410A20EE020ABDEEC01A2E
:101930009FED152A11EE100A002130EE021AB1EBCC
:10194000502F41F204211CBF0020B0EE410AC0F626
:10195000020101EE100A01EB8001B8EE411A30EEEF
:10196000410A91ED001A91ED012AB7EE003A33EEEB
:10197000403A23EE011A20EE020A31EE000A7047C7
:1019800083F9223E00000044000000C42DE9F04F1E
:1019900081B02DED048B84B00588D0F804C0D0F858
:1019A00008806F1E0020B0EBD30F0CEB870B029763
:1019B000CDE9005300F0E68125F0070008EB800038
:1019C000039045F007009FEDBB0ADF084FEAD509F9
:1019D00005F007060CEB800A604600BF0B68B9F102
:1019E000000FCBF800304B68CBF804308B68CBF895
:1019F0000830CB68CBF80C300B69CBF810304B6952
:101A0000CBF814308B69CBF81830CB69CBF81C308D
:101A100090ED006A90ED015A90ED027A90ED031A74
:101A200090ED042A90ED054A90ED063A00F04481CD
:101A30004FF0000EF0EE400AF0EE401AF0EE402AB1
:101A4000F0EE403AF0EE404AF0EE405AF0EE406AD6
:101A50004B46F0EE407A00BF08EB0E0494ED008A8E
:101A600000EB0E0523EE089A26EE086A71EE891A3D
:101A700094ED019A37EE866A65EE087A76EEA76AEB
:101A800067EE087A25EE095A75EEA75A61EE087AD4
:101A900036EE055A27EE096A74EEA74A62EE087A16
:101AA00076EE866A21EE096A73EEA73A64EE087A4A
:101AB00075EE865A22EE096A72EEA77AD5ED072AEC
:101AC00074EE864A24EE096A73EE863A23EE096ABA
:101AD00028EE228A77EE867A95ED086A70EE880AFB
:101AE00022EE898A71EE881A29EE068A94ED029A0E
:101AF00070EE880A27EE097A35EE077A21EE095A48
:101B000076EE856A22EE095A75EE855A24EE095A58
:101B100074EE854A23EE095A73EE853A22EE895A0D
:101B200077EE857A95ED095A26EE098A71EE881AC4
:101B300029EE058A94ED039A70EE880A21EE091ABF
:101B400037EE011A22EE097A76EE876A24EE097AD8
:101B500075EE875A23EE097A74EE874A22EE897A67
:101B600073EE873A26EE097A77EE877A95ED0A7A50
:101B700025EE098A71EE881A29EE078A94ED049AF7
:101B800070EE880A22EE092A31EE022A24EE091AA2
:101B900076EE816A23EE091A75EE815A22EE891AD1
:101BA00074EE814A26EE091A73EE813A25EE091A7F
:101BB00077EE817A95ED0B1A27EE098A71EE881A75
:101BC00029EE018A94ED059A70EE880A24EE094AFE
:101BD00032EE044A23EE092A76EE826A22EE892A40
:101BE00075EE825A26EE092A74EE824A25EE092AFB
:101BF00073EE823A27EE092A77EE827A95ED0C2A67
:101C000021EE098A71EE881A29EE028A94ED069A6D
:101C100070EE880A23EE093A34EE033A22EE894A3E
:101C200076EE846A26EE094A75EE845A25EE094A54
:101C300074EE844A27EE094A73EE843A21EE094A8B
:101C400037EE848A95ED0D4A62EE097A71EEA71A95
:101C500069EE047A94ED079A70EEA70A62EE892A7B
:101C600073EE227A26EE093A76EE836A25EE093A79
:101C700075EE835A27EE093A74EE834A21EE093A4B
:101C800073EE833A22EE093A78EE032A95ED0E3A86
:101C900024EE098A71EE881A29EE038A70EE880A0A
:101CA000B9F101090EF1200E7FF4D6AE039D544622
:101CB000994614E00000000000F11C044546F0EED7
:101CC000407AF0EE406AF0EE405AF0EE404AF0EE14
:101CD000403AF0EE402AF0EE401AF0EE400A203191
:101CE0000BF1200BA6B3334695ED008A043526EEA2
:101CF000086A77EE867AB0EE456A25EE085A76EEE7
:101D0000856AB0EE475A27EE087A75EE875AB0EE2C
:101D1000417A21EE081A74EE814AB0EE421A22EEA0
:101D2000082A73EE823AB0EE442A24EE084A72EE94
:101D3000842AB0EE434A94ED003A24EE089A28EE45
:101D4000038A71EE891A70EE880A0434013BCBD104
:101D500002F120052030C2ED007AC2ED016AC2ED29
:101D6000025AC2ED034AC2ED043AC2ED052AC2EDA1
:101D7000061AC2ED070A013F0AF1200A2A467FF43B
:101D80002DAE01E060461546019A12F0070225D0FB
:101D90009FED280ADDF800E051F8043BBEF1000F8A
:101DA0004BF8043BB0EE401A13D000237746B0EE58
:101DB000401A00BF08EB0304C61896ED002A94ED04
:101DC000003A013F22EE032A31EE021A03F1040326
:101DD000F0D1A5EC011A0430013ADDD1029F0021B7
:101DE000B1EB970F16D0B90802680CF11003CCF8CC
:101DF000002042680139CCF804208268CCF8082021
:101E000000F11002C068CCF80C009C461046EBD1E3
:101E100010469C4617F0030106D000BF50F8042B73
:101E200001394CF8042BF9D104B0BDEC048B01B09E
:101E3000BDE8F08F00000000B0B505460498298089
:101E400008446FF0030101EB800118461C46AA60AC
:101E5000FFF719F96C60B0BD2DE9F04F81B02DEDA1
:101E6000108BA0B0DFED04CA00900430CDE902323F
:101E70000190CDE91E1101E0F304353F1F9A4FF0A8
:101E8000000AD308DF00A7EBD200C0001D904FEA84
:101E9000C20C03EB430503EB8302580106931E01BA
:101EA000019B2C014FEAC20EED00CDE90C0ECDE9ED
:101EB0000A5600BF0A9D191803EB05091D9D03EB87
:101EC0000E0003EB070810ED014A86469A1918190F
:101ED00003EB050B13ED011A11ED012A18ED013A80
:101EE00012ED017A50ED010A59ED011A5BED012A5C
:101EF00031EE025A33EE046A77EE203A71EEA24ACE
:101F000075EE235A76EE246A75EEA67A43ED017AD1
:101F100075EEE65AD8ED007A9EED008A99ED00BA8A
:101F20009BED00CAD3ED006A41ED015AD1ED005A94
:101F300092ED009A90ED00AA37EE88EA7BEE0C8ACB
:101F400036EEA5DA39EE0AFA35EE635A36EE646AF1
:101F50007EEE684A7DEE0F9A7DEE4F3A35EE24DA3A
:101F600035EE645A7EEE28AA02ED01DA33EEC6DAC7
:101F700000ED015A36EE235A31EE421A33EE442A6E
:101F800037EE603A31EEE24A37EEC86A7BEE4C0A31
:101F900079EEAABA79EEEA9A72EE441A32EE042A7F
:101FA00036EE604A36EE206AC3ED00BAC1ED009A03
:101FB00082ED00DA80ED005A36EEE55A39EE4A7AC3
:101FC00061EEAC1A22EE2C2A24EE2C4A26EE2C6A64
:101FD00071EE210A73EE022A75EE043A77EE064A94
:101FE00031EE611A33EE422A35EE443A37EE464A74
:101FF0002646744670EEA45A70EEE40A31EE045A96
:102000001F9A1E9948ED015A73EEE25A4BED010AF0
:1020100072EEA30A204604ED015A33EE425ADDF86F
:1020200034E0C8ED005ACBED000A84ED005A0C985C
:1020300031EE441A34460B9E924409ED011A32EEF9
:10204000031A8A45634489ED001AFFF433AF1F98E1
:102050004028C0F0D4810298009E80B20590069876
:10206000CDE90E4CC0EBC000C00000240125109744
:10207000049000BF0598039B044403EBC40191ED59
:10208000000A03EB04128DED1D0A92ED000A04EB29
:10209000440203EBC2008DED1C0A90ED000A03EB35
:1020A00044118DED1B0A91ED000A04EB8401C80078
:1020B00003EBC1018DED1A0A91ED000A4FEAC20A45
:1020C0004FEA021B03EB02128DED190A92ED000A92
:1020D000C4EBC4024FEAC40CD10003EBC2028DED85
:1020E000180A92ED000A0CF104024FEA041E1A4489
:1020F0008DED170A92ED000A0EF104021A448DEDDF
:10210000160A92ED000A0AF104024FEA44191A4431
:102110008DED150A92ED000A09F104021A448DEDC5
:10212000140A92ED000A043018448DED130A90ED64
:10213000000A0BF1040018448DED120A90ED000A1C
:10214000081D18440994D0ED006A0796B446089516
:102150002B46DDE90C54DDE90A76DDF810808DEDC3
:10216000110A00BF10980E990CEB05090CEB000E3C
:102170000CEB04000CEB060B0CEB010A0CEB07025A
:102180000CEB0801DCED027A99ED028A9EED029AD1
:1021900090ED02AA9BED02DA9AED02EA92ED02FAC4
:1021A000D1ED028A37EE88BA39EE0ACA7DEE0E9A70
:1021B0007FEE28AA7BEE29BAF0EE6C3A7CEE2ACAB2
:1021C0007BEEACDACCED02DA7BEEECBADCED03CAE6
:1021D000D9ED03DADEED03EAD0ED03FA9BED030A55
:1021E0009AED031A92ED032A91ED033A3CEEAD4AC3
:1021F0003EEEAF5A30EE016A32EE037A74EE060A12
:1022000075EE071ADDED1A4ADDED135A70EEA12ABC
:1022100070EEE10ACCED032A64EEAB1A65EEA02A5B
:1022200071EEA21A64EEA00A65EEAB2A70EEE20A25
:10223000C9ED021AC9ED030A7BEE690A7CEE6A1A3F
:1022400034EE464A35EE475A9DED1CCADDED154A7F
:1022500030EE856A34EE617A6CEE062A24EE87BA97
:102260002CEE077A24EE866A30EEC55A31EE844AA7
:10227000DDED180ADDED111A37EE466A8BED036AC3
:1022800020EE856A21EE847A20EE844A21EE855A7A
:1022900037EE066A34EE454A39EE4A5A3FEE687A1E
:1022A0007EEEEF1A30EE410A32EE431A7BEE222A1E
:1022B00035EE472A35EE073A31EEC15A31EE811A32
:1022C000CBED022A8AED026A8AED034A37EEC84A4C
:1022D0003DEE4E6A7CEEED0A22EE232A23EE233AEF
:1022E00025EE235A21EE231AF0EE63CA34EE027A69
:1022F00076EE031A70EE852A70EE017ADDED1D3A56
:10230000DDED164A37EE278A32EEE19A23EE88AAEF
:1023100024EE89BA23EE899ADDED173A37EE677A13
:1023200071EEA21A63EE872A66EEA17A63EEA11A15
:1023300026EE877A24EE888A31EEC77A34EE422A76
:1023400036EE433A30EEC54A30EE410ADDED190A69
:10235000DDED121A39EE488A32EE001A34EE435A95
:102360008EED038A81ED037A20EE816A21EE857A73
:1023700020EE855A21EE811A3AEE0BAA72EEA72AB8
:1023800036EE076A35EE411A8EED02AAC1ED022A39
:1023900080ED026A80ED031A1F9833EE041A03449D
:1023A0001E989DED1B4A9DED145A32EE400A834261
:1023B0000F9824EE002A25EE013A24EE011A25EEAC
:1023C000000A32EE032A31EE400A844482ED022AEA
:1023D00082ED030AFFF4C6AE089D0698079E0135FC
:1023E000099C854206F10806FFF444AE0298C0003D
:1023F00002901F983F2806981F903FF63FAD20B0EF
:10240000BDEC108B01B0BDE8F08F10B578B14FF482
:1024100000710446FEF74AFF50B94FF480602082F5
:1024200041F68810C0F603006061002000E0FF2044
:1024300040B210BD10B568B140210446FEF736FF2A
:1024400048B98020208242F68810C0F603006061FF
:10245000002000E0FF2040B210BD10B578B14FF46D
:1024600080610446FEF722FF50B94FF400602082DD
:1024700042F68830C0F603006061002000E0FF20D3
:1024800040B210BD10B570B180210446FEF70EFFBA
:1024900050B94FF48070208244F68830C0F60300B3
:1024A0006061002000E0FF2040B210BD10B568B1AF
:1024B00010210446FEF7FAFE48B92020208244F697
:1024C0008870C0F603006061002000E0FF2040B289
:1024D00010BD10B578B14FF400610446FEF7E6FE7A
:1024E00050B94FF48050208245F20800C0F6030036
:1024F0006061002000E0FF2040B210BD10B578B14F
:102500004FF480710446FEF7D1FE50B94FF40070CD
:10251000208249F20800C0F603006061002000E05C
:10252000FF2040B210BD10B568B120210446FEF76F
:10253000BDFE48B94020208249F60800C0F60300DD
:102540006061002000E0FF2040B210BDF0B581B016
:1025500014460E46054673B12846314622461F46AC
:1025600000F060F8284621463A46012301B0BDE854
:10257000F040FEF72BBE2846314600220123FEF72D
:1025800025FE28463146224601B0BDE8F04000F065
:10259000A3B8B1F5007F0ADA7F2916DC202929D0FB
:1025A00040293BD142F22751C0F600010847B1F55E
:1025B000006F14DAB1F5007F21D0B1F5806F2DD115
:1025C00042F20B41C0F60001084780291CD0B1F54A
:1025D000807F23D142F28541C0F600010847B1F562
:1025E000805F16D0B1F5006F18D142F25B41C0F6A2
:1025F0000001084742F2AD41C0F60001084742F22F
:10260000FD41C0F60001084742F23541C0F6000125
:10261000084742F2D341C0F6000108474FF0FF30AF
:102620007047000080B591ED001A91ED012AD0F8B5
:1026300014E0008831EE023AB6EE000A31EE421A9A
:10264000B0F1010C23EE003A21EE001A82ED003ABF
:1026500082ED011A08BF80BD01F1080301EBCC0136
:102660000EF108000832043111ED011A91ED002A33
:1026700093ED003A93ED014A90ED005A90ED016A16
:1026800033EE417A72EE040A67EE051A60EE862A8E
:1026900027EE066A31EE031A34EE422A25EE205A5E
:1026A00031EE611A32EE062A31EE621A32EE452A16
:1026B00021EE001A22EE002A82ED001A82ED012A94
:1026C000BCF1010C03F1080300F1080002F108025B
:1026D000A1F10801C8D180BD91ED000A91ED011A68
:1026E0000388406930EE002A31EE011AA3F1010C93
:1026F00032EE013AB6EE000A32EE411A23EE003A0B
:1027000021EE001A00F1080301F1080001EBCC01F1
:1027100082ED003A82ED011A0832043111ED011AFE
:1027200090ED003A91ED002A90ED014A93ED005AA8
:1027300093ED016A31EE437A72EE040A67EE051AF0
:1027400027EE067A31EE031A34EE422A25EE205A9D
:1027500020EE866A31EE211A32EE072A31EE061A91
:1027600032EE452A21EE001A22EE002A82ED001AEE
:1027700082ED012ABCF1010C03F1080300F108000D
:1027800002F10802A1F10801C8D1704710B513F099
:10279000B2FC002010BD00007CB505460C4614219B
:1027A0002046FEF770FCA5202070022060702946AC
:1027B000A01D01F0C2FF684600F038FA48B90120B8
:1027C000A0709DF80000E070BDF80410201D01F01D
:1027D000B0FF08480078A07207480078E072074808
:1027E00000782073064800782074064800786074EA
:1027F0007CBD0000D1030020D20300200400002093
:10280000D3030020D40300202DE9F0470546884675
:1028100016461F46DDE9089414212046FEF733FCD6
:10282000A5202070042060700220A0704B20E07072
:102830002946201D01F081FF414604F1080001F006
:102840006FFF314604F10B0001F06AFF394604F1D5
:102850000E0001F065FF494604F1110001F060FF30
:10286000BDE8F08770B505460C4614212046FEF7FA
:102870000AFCA52020700120607095F8440008B182
:10288000012000E0002095F8451009B1022100E088
:102890000021084395F8461009B1042100E0002109
:1028A0000843A07095F84700E070201D296801F0EA
:1028B00044FF04F10800696801F03FFFD5ED030A09
:1028C000B0EE600ADFED160A02F02EFF0646314632
:1028D00004F10C0001F02DFFD5ED020AB0EE600A04
:1028E000F2EE040A02F020FF0646314604F10E0023
:1028F00001F01FFFD5ED040AB0EE600ADFED080A13
:1029000002F012FF0646314604F1100001F011FFFB
:10291000B5F8480081B204F1120001F00AFF70BD61
:102920000000C8422DE9F04782460F4690461D46FA
:10293000089C05F10A00C6B20CB10A2D02D900208C
:10294000BDE8F087AA202070552060700120A0709B
:1029500084F803A0277138126071A5710020E0711E
:1029600045B1B8F1000F05D02A46414604F10800F0
:10297000FEF770FBB01E81B2204600F00AF88146D7
:10298000B01E04F800904FEA2921701E21543046F1
:10299000D6E730B502460B464FF6FF7017E012F847
:1029A000015B80EA052000210FE000F400442CB117
:1029B00041F2210484EA4004A4B203E04FF6FF741C
:1029C00004EA400420464C1CA1B20829EDD31C1E89
:1029D000A3F10105ABB2E2D130BD2DE9F0410446CF
:1029E0000D4617465CB157B10A2D08D32078AA28A6
:1029F00005D16078552802D1A078012802D00120A5
:102A0000BDE8F081A079E17940EA01260A2E03D8D9
:102A100006F10A00854201D00120F1E7A81E215CE1
:102A2000681E205C41EA0028A81E81B22046FFF7FC
:102A3000B0FF404501D00120E2E7E078387020790E
:102A4000617940EA01207880BE802EB1324604F1DF
:102A50000801B81DFEF7FEFA0020D1E710B50120ED
:102A600001F0ACFF002001F0A9FF10BD08B5014640
:102A700000200090034800900098084400900098BF
:102A8000008808BD006C00400149086070470000E4
:102A900000860D4208B500220092044A0092009A76
:102AA00002440092009A116008BD0000006C0040D2
:102AB00010B513F0B3FB10BD10B5002013F078FB78
:102AC00010BD00001CB501F03FFB0821424801F099
:102AD0007FFC42490870002407E03F48005D6228FF
:102AE00001D13F490870601CC4B23C480078844260
:102AF00001DA082CF1D33A480078FF2807D137488B
:102B00000078012803D134480078354908703448EA
:102B10000078FF2801D1012000E000203149087031
:102B20000846007868B9304800F0FCF848B9002140
:102B30000A2000F05BF920B901A9082000F068F82C
:102B400008B101201CBD9DF8040000F0020020B96E
:102B500000F00AF9F8B10120F4E7002411E004F1D3
:102B60001001C8B201A900F053F808B10120E9E74B
:102B70001E48005D9DF80410884200D003E0601CF0
:102B8000C4B2402CEBD300BF402C04D000F0ECF8D2
:102B900008B10120D6E700F02BF808B10120D1E7F9
:102BA000002411E06946042000F032F808B1012049
:102BB000C8E79DF80000642801D80020C2E764201F
:102BC00012F0A4FF601CC4B21E2CEBD3C0210A205B
:102BD00000F00CF90120B5E7D5030020D403002054
:102BE000D3030020D1030020D2030020E892010883
:102BF00010B530210A2000F0F9F808B1012010BD0D
:102C00000A2012F083FF00210A2000F0EFF8F6E717
:102C100070B504460D4601232A4621460248007835
:102C200001F002FB70BD0000D30300202DE9F0434A
:102C300085B004467CB13A480078FF280BD003A841
:102C400000F070F838B9022304AA0421344800784F
:102C500001F0EAFA18B1012005B0BDE8F0839DF853
:102C60001000642801D90120F6E79DF810002070BB
:102C70009DF81000642110FB01F09DF811106422F2
:102C800011FB02F100EB11206080002713E002230A
:102C900004AA19462248007801F0C6FA08B10120BA
:102CA000DAE79DF811009DF8101040EA01204DF878
:102CB0002700781CC7B2032FE9D3DDE900010844DF
:102CC000029900EB0108009D0198A84200D2019DE5
:102CD0000298A84200D2029D009E0198B04200D9FD
:102CE000019E0298B04200D9029EA8EB0500A0EB1D
:102CF000060940F2311009FB00F04FF47A71B0FB85
:102D0000F1F0A080A08840F6C411884203D3A088C7
:102D10004900884201D901209EE700209CE700007D
:102D2000D303002010B504460CB9012010BD214684
:102D30000020FFF76DFFF9E710B50F210A2000F022
:102D400055F808B1012010BD012012F0DFFE00216E
:102D50000A2000F04BF808B10120F4E7012012F03E
:102D6000D5FE0020EFE700001CB500240BE01E4A52
:102D7000115D04F11002D0B200F038F808B1012062
:102D80001CBD601CC4B2402CF1D3002410E004F13F
:102D90001001C8B201A9FFF73BFF28B91248005D36
:102DA0009DF80410884201D00120E9E7601CC4B2FC
:102DB000402CECD369460820FFF72AFF08B1012018
:102DC000DEE79DF8000000F0070040F002000090F0
:102DD0009DF80010082000F009F808B10120CFE7A5
:102DE000FFF7AAFFCCE70000E892010813B50446FC
:102DF000012301AA21460248007801F021FB1CBDF5
:102E0000D303002029B1064A52680243044B5A609A
:102E100004E0034A52688243014B5A607047000045
:102E2000002004E010B511F0C7FE04F017FA11F00D
:102E3000DDFE10BD486070471AB103680B430360A4
:102E400002E003688B4303607047000001684FF69F
:102E5000FE72114001600021016041608160C1602B
:102E60004C49884204D10F214A4A083A51608FE008
:102E700048491431884204D1F021464A083A516049
:102E800086E044492831884205D14FF47061414AB7
:102E9000083A51607CE03F493C31884205D14FF40B
:102EA00070413C4A083A516072E03A4950318842D8
:102EB00005D14FF47021374A083A516068E035492E
:102EC0006431884205D14FF47001324A083A5160AA
:102ED0005EE030497831884205D14FF070612D4A6B
:102EE000083A516054E02B498C31884205D14FF0AB
:102EF0007041284A083A51604AE02749884203D184
:102F00000F21021F116043E023491431884204D18C
:102F1000F021214A121F11603AE01F4928318842EE
:102F200005D14FF470611C4A121F116030E01A493C
:102F30003C31884205D14FF47041174A121F11608D
:102F400026E015495031884205D14FF47021124ACC
:102F5000121F11601CE010496431884205D14FF402
:102F600070010D4A121F116012E00B49783188423E
:102F700005D14FF07061084A121F116008E0064940
:102F80008C31884204D14FF07041034A121F116006
:102F900070470000080002400804024021B10268A6
:102FA00042F00102026004E002684FF6FE731A402C
:102FB0000260704710B50246002000230B6803EA48
:102FC00002040CB1012000E0002010BD10B5002269
:102FD000026847F6F0739A430C6A8B6823430C69C6
:102FE00023434C6923438C692343CC6923434C6AB4
:102FF00023438C6A23431A430260CB6843600B6807
:1030000083604B68C36010BD002101604160816036
:10301000C160016141618161C1610162416281629E
:103020007047000010B511F0C7FD012000F092F8C4
:1030300048B1012000F088F804480068401C0349AA
:10304000086004F047F811F0D1FD10BD1C0100200C
:1030500010B511F0B1FD4FF4804000F07BF898B14D
:103060004FF4804000F070F809480068401C08499F
:10307000086012F07FFD10B907F096FE04E0012011
:103080000449087007F008F911F0B0FD10BD000008
:10309000200100204D0000203EB504464FF4801072
:1030A00000F052F84FF48010019000208DF80800D5
:1030B00008208DF8090001208DF80A0001A800F011
:1030C0005DF803208DF8000000208DF801008DF8D8
:1030D00002008DF80340684601F07EFA3EBD10B54F
:1030E00011F06AFD082000F035F820B1082000F04A
:1030F0002BF804F03FF911F079FD10BD10B5E02474
:1031000011F05AFD4FF4007000F024F828B14FF48C
:10311000007000F019F802F02FFA0948006820400A
:1031200058B108480068401C06490860FDF769FB73
:10313000204600F009F807F0AFF811F057FD10BD78
:103140001404014024010020014908607047000078
:1031500014040140014600200022074B1B6803EACB
:103160000102054B14331B680B4013B10AB1012057
:1031700000E00020704700000004014000212349C6
:103180008279002A3AD00A46126803689A430B46AD
:103190001A600A1D126803689A430B1D1A600279AF
:1031A00011440A6803681A430A60184A0832126810
:1031B00003689A43154B08331A601A1D1268036896
:1031C0009A43124B0C331A604279102A0ED11A1FFF
:1031D000126803681A430D4B08331A601A1D1268EF
:1031E00003681A43094B0C331A600DE00749427912
:1031F00011440A6803681A430A6005E00279114421
:103200000A6803689A430A6070470000000401409E
:103210000021016001710C21417100218171704711
:103220000246002107E010208840904201D1084664
:103230007047481CC1B20829F5D3FF20F8E7000009
:103240000246012108E0064830F81100904201D101
:1032500008467047481CC1B20829F4D3FF20F8E79C
:103260008C9101080249C9680143014AD160704745
:103270000020024030B504460625B4F1006F02D3A9
:103280001448844202D30925284630BD7C20FFF72C
:10329000E9FF4FF4302000F0A5F80546062D17D1C0
:1032A0000D48006940F002000B490861084644617E
:1032B000006940F0400008614FF4302000F092F8BF
:1032C00005460548006943F6FD710840024908615A
:1032D0002846DAE7000008080020024006201249CC
:1032E000C96801F0010109B101201CE00E49C9685B
:1032F00001F0040109B1032015E00B49C96801F090
:10330000080109B104200EE00749C96801F0100165
:1033100009B1052007E00449C96801F0400109B17D
:10332000072000E0062070470020024003480069A3
:1033300040F0800001490861704700000020024011
:103340000549096821F01001034A11601146096816
:10335000014311607047000000200240F0B50446B0
:103360000D4606264FF4005704F0030010B109265D
:103370003046F0BD7C20FFF775FF4FF4005000F0A1
:1033800031F80646062E11D10948006940F00100C7
:10339000074908612560384600F024F806460448CD
:1033A000006943F6FE710840014908613046E0E7D4
:1033B0000020024001460020034A106800F0F80097
:1033C0000843106070470000002002400248034993
:1033D0004860034848607047230167450020024069
:1033E000AB89EFCD00B50246062300BF00BF00BF8A
:1033F00000BF00BFFFF772FF034603E0FFF76EFF59
:103400000346521E012B01D1002AF7D102B90A232B
:10341000184600BD30B500228B071C0F0F2303FA9E
:1034200004F20B4B8C1053F824309343084C8D104E
:1034300044F8253023468C1053F824308C07240F91
:1034400000FA04F42343024C8D1044F8253030BDBB
:1034500008000140F0B502460C460023002600217A
:103460000025002002F08047B7F1804F02D1844F41
:10347000396A11E002F00057B7F1005F02D1804FC6
:10348000796A09E002F08057B7F1805F02D17C4F82
:10349000B96A01E07A4F7968C2F3034593B2794F74
:1034A0001740B7F5401F0AD121F07061744F7F6853
:1034B00027F07067DFF8C8C1CCF80470BDE002F4F3
:1034C0008017B7F5801F13D102F40017B7F5001F5E
:1034D00003D10327AF403E0402E0032707FA05F6B5
:1034E000B14302F0E047002FE8D141F07061A4E061
:1034F00002F08077B7F1807F47D102F00407042FF4
:1035000029D102F00077B7F1007F16D1C2F34057FE
:103510003F0103FA07F7B9433CB1594F786840F0CF
:10352000010040F07060786087E0554F786820F0C7
:10353000010040F0706078607FE0C2F340573F01C7
:1035400003FA07F7B9434E4F786820F0010040F0C6
:103550007060786071E043F00407C2F3405C4FEAAA
:103560000C1C07FA0CF7B9433CB1454F786840F0A2
:10357000010040F0706078605FE0414F786820F0B3
:10358000010040F07060786057E002F08067B7F1AA
:10359000806F47D102F00807082F29D102F0007789
:1035A000B7F1007F16D1C2F340573F0103FA07F786
:1035B000B9433CB1324F786840F0080040F0706089
:1035C00078603AE02E4F786820F0080040F0706094
:1035D000786032E0C2F340573F0103FA07F7B9437E
:1035E000274F786820F0080040F07060786024E091
:1035F00043F00807C2F3405C4FEA0C1C07FA0CF7D3
:10360000B9433CB11E4F786840F0080040F070604C
:10361000786012E01A4F786820F0080040F070607F
:1036200078600AE0C2F340573F0103FA07F7B94355
:1036300002F0E0470FB941F070612CB1C2F340577E
:103640003F0103FA07F7394302F08047B7F1804F93
:1036500002D10B4F396211E002F00057B7F1005F61
:1036600002D1074F796209E002F08057B7F1805F1D
:1036700002D1034FB96201E0014F7960F0BD000053
:1036800000000140000030702DE9F04102460025A5
:103690000026002000230024002791F803C00CF02E
:1036A0000F0591F803C00CF0100CBCF1000F03D013
:1036B00091F802C04CEA050591F800C0BCF1000F7A
:1036C00031D0146800202BE04FF0010C0CFA00F30D
:1036D000B1F800C00CEA03069E4220D183004FF0EF
:1036E0000F0C0CFA03F7BC4305FA03FC4CEA040484
:1036F00091F803C0BCF1280F06D14FF0010C0CFA71
:1037000000FCC2F814C00AE091F803C0BCF1480FF5
:1037100005D14FF0010C0CFA00FCC2F810C0401C9F
:103720000828D1D31460B1F800C0BCF1FF0F34DD1C
:10373000546800202EE000F1080C4FF0010808FA50
:103740000CF3B1F800C00CEA03069E4221D18300BD
:103750004FF00F0C0CFA03F7BC4305FA03FC4CEADC
:10376000040491F803C0BCF1280F05D100F1080C46
:1037700008FA0CF8C2F8148091F803C0BCF1480FA5
:1037800007D100F1080C4FF0010808FA0CF8C2F854
:103790001080401C0828CED35460BDE8F0814FF65D
:1037A000FF710180012181700421C17070470246C0
:1037B000002093680B400BB1012000E0002070470F
:1037C00041617047016170470AB1016100E04161E8
:1037D000704721B1028842F48062028004E00288CE
:1037E0004FF6FF331A4002807047B1F5006F04D1E5
:1037F000028842F40062028004E002884FF2FF7304
:103800001A4002807047000010B5044619488442EF
:1038100009D10121480501F0A1F800214FF4001061
:1038200001F09CF825E01448844209D10121880563
:1038300001F094F800214FF4800001F08FF818E0B7
:103840000E48844209D10121C80401F0A7F80021E3
:103850004FF4002001F0A2F80BE00948844208D19F
:103860000121080501F09AF800214FF4801001F0C1
:1038700095F810BD0054004000580040004401403D
:103880000048014021B1028842F00102028004E0B8
:1038900002884FF6FE731A400280704721B1828879
:1038A00042F40062828004E082884FF2FF731A4083
:1038B0008280704721B1828842F48052828004E085
:1038C00082884EF6FF731A408280704721B10288C9
:1038D00042F48072028004E002884FF6FF631A40CF
:1038E0000280704721B1028842F40072028004E035
:1038F00002884FF6FF531A40028070470CB502460B
:10390000002000230193009300920B0F019321F0FC
:103910007F41019B1BB1009B1433009303E0090C12
:10392000009B18330093009B1B680B400BB10120D8
:1039300000E000200CBD00002DE9F04387B00446F4
:103940000D460026B1460427DFF8F080A6884FF622
:10395000C070064001A801F04FF83948844202D0F7
:103960003848844202D1DDF80C8007E036488442B2
:1039700002D03648844201D1DDF810803448B8FBCB
:10398000F0F01FFA80F9242E00DD242646EA09060D
:10399000A68020884FF6FE710840208000262D4921
:1039A000286888420CD828684000B8FBF0F087B23D
:1039B000042F00DA04273E4309F10100208427E0A8
:1039C000E8884BF6FF71884206D1286800EB40007A
:1039D000B8FBF0F087B209E0286800EBC00101EB0A
:1039E0000010B8FBF0F087B247F48047C7F30B0034
:1039F00008B947F0010747F4004006434FF49670BA
:103A000009FB00F04FF47A7190FBF1F0401C208428
:103A1000A683208840F00100208026884FF6F530EC
:103A20000640A8886989084306432680A889298911
:103A30000843208107B0BDE8F083000000127A003F
:103A4000005400400058004000440140004801403C
:103A500040420F00A086010041F288310160002140
:103A600081804BF6FF71C1800021018141814FF4BB
:103A70008041818170470146088AC0B2704712B107
:103A800041F0010102E04FF6FE73194001827047D8
:103A90000182704710B500200249087002F0C8FA90
:103AA00010BD00006B0100202DE9F04794B00446E2
:103AB0003022DC4908A8FDF7CDFAA088FFF7B0FB5B
:103AC0008046E088FFF7BCFB81460720D649087096
:103AD000B8F1FF0F40D0B9F1FF0F3DD02088782812
:103AE0003AD86088782837D8207A032834D8607A82
:103AF000012831D8A07A03282ED8E07A01282BD8C3
:103B0000A08948B3608A142826D3E089218A884294
:103B100022DDE189608A001D81421DD9A088022131
:103B200001EB9000618A0844001D218A884213D26B
:103B3000E089218A0844B0F5804F0DD2E089218ABE
:103B40000844A18800EB9100001D4100A0897A2261
:103B50005043B1EB900F03D3012014B0BDE8F087C0
:103B6000E089218A401A80000390E089618A401A26
:103B7000001F80000490E089618A401A800005904F
:103B8000E08980000690E089218A0844800007903F
:103B90008DF82380002515E003A830F82500000AE1
:103BA000052101EB450108AA02EB4101487003A879
:103BB00010F82500062101EB450102EB4101487098
:103BC000681CC5B2052DE7D3607AA17A40EA0110DE
:103BD000C1B28DF84310207A49EAC000C1B28DF815
:103BE0004B1000209149087001208F490870002077
:103BF0008F4908708F49087006F028FE06F022FCF5
:103C0000482006F06BFC8C49087008460078E0B943
:103C100006F092FC06F038FD902006F069FD874919
:103C2000086006F04BFD0020029002AAFF21482008
:103C300006F0FAFC10B99DF8080000E00020804969
:103C4000086006F0FFFB012087E748207D490870E7
:103C50007D48076802F02DFB322007F00BFB02F0D5
:103C60001CFA7449087002206F4908707648006891
:103C7000874203D16F480078AF2801D001206CE75C
:103C800003206949087001211A2015F0D9F938B3C9
:103C90000221192015F0D4F910B30021202015F0CD
:103CA000CFF9E8B1A089401EC0F30721212015F00B
:103CB000C7F9A8B1207B401EC1B2222015F0C0F97F
:103CC00070B1E07A08B1802000E000200146232096
:103CD00015F0B6F920B10221252015F0B1F908B987
:103CE00001203AE7002650E03146302015F0A8F9CF
:103CF00008B9012031E7022E07D30021312015F049
:103D00009FF908B9012028E73DE00EB9208800E0BE
:103D100060883C2101EB00207821B0FBF1FABAF178
:103D2000FF0F01D9FF2000E05046C1B208A8C177BB
:103D300000250DE008AA02EB4502517808AA12F806
:103D4000150015F07DF908B9012006E7681CC5B219
:103D5000182DEFD30120B040C1B2402015F070F90A
:103D600008B90120F9E6C6EBC600384A02EBC001EB
:103D70003822312002F0B0F933480068874201D080
:103D80000120EAE600BF701CC6B2042EACD302F0DC
:103D90004FF90121082002F063F90021072002F009
:103DA00061FA0021052002F05DFA0620019001224F
:103DB00001A90A2002F086FA012225490A2002F010
:103DC0008BF921480068874201D00120C5E608210F
:103DD000302015F035F908B90120BEE601221D4951
:103DE000192002F079F901221B491A2002F074F916
:103DF00001221A49232002F06FF9012218493020CC
:103E000002F06AF910480068874204D1144800782B
:103E100000F0080008B901209FE600200249087060
:103E200000BF9AE69C9101084B0100206B01002025
:103E300068010020430100203901002060010020BA
:103E40006401002038010020300100200090002093
:103E500049010020440100204501002046010020C6
:103E60004701002010B502F023F904460648007807
:103E700008B9402C04D9052004490870002010BD61
:103E8000034804702046FAE72C0100204B01002073
:103E90004A01002000B585B02820ADF80000ADF83B
:103EA00002004FF48060ADF80400FA20ADF806007F
:103EB00000208DF8080001208DF809008DF80A0017
:103EC0008DF80B0040F2B510ADF80C004FF4006017
:103ED000ADF80E004FF40A70ADF810001420ADF8E4
:103EE00012006846FFF7E0FD05B000BD2DE9F04384
:103EF00004460D461E4600211CB112B10EB1402DE4
:103F000002D90020BDE8F08300277AE020784FEA4C
:103F1000A01C2078C0F30118B8F1010F02D1BCF148
:103F2000010F0CD90020DFF8E89089F8000039482B
:103F30000068401CDFF8DC90C9F800005EE02078E3
:103F40000007000B94F8019040EA092094F80290D1
:103F500040EA0903BCF1000F1AD12D48007830B1B6
:103F60002C480068401CDFF8AC90C9F8000003F44E
:103F7000002010B1A3F5801000E01846DFF89890FB
:103F8000C9F800000120DFF8889089F8000034E0CB
:103F90001F48007850B303F4002010B1A3F580103F
:103FA00000E0184642F831001B48006802EBC109E6
:103FB000C9F8040052F83100DFF86090C9F8000039
:103FC00002EBC1004068DFF85890C9F80000481CB7
:103FD000C1B214480068401CDFF84890C9F80000DE
:103FE0000020DFF82C9089F8000006E009480068FE
:103FF000401CDFF82090C9F8000000BF781CC7B251
:10400000E41CAF4201DAB14280DB08467AE70000E7
:104010006B010020540100206C0100205801002099
:104020005C0100204C01002008B50020009068468B
:1040300002F049F89DF8000008BD000038B50120E5
:1040400000901748046800201649087001F0F0FF3E
:10405000FFF7EAFF0121072002F004F90121052002
:1040600002F000F9012269462F2002F02BF901220B
:104070000D492F2002F030F804200C490870084840
:104080000068844204D10848007800F0010008B9B3
:10409000012038BD00200549087000BFF9E7000085
:1040A000300100206B010020480100204B0100205E
:1040B00008B500200090012269462F2002F002F985
:1040C0000021072002F0CEF80021052002F0CAF8F6
:1040D00008BD0146202903DB7E2901DC0020704752
:1040E0006FF02000FBE7000010B501210248FFF748
:1040F000F9FB00F029F810BD0058004070B50446E7
:104100000D4601210A48FFF7E1FB0121094800F0B3
:1041100077F908B1012070BD6006010E2A460448F7
:10412000FFF7ADFC01210348401C00F069F9F2E7FC
:104130000058004001000010024800880148001D9E
:10414000008870471458004000B585B0012109204F
:1041500000F014FC0121880500F0F0FB04A8FFF733
:104160001EFB4FF44060ADF810001C208DF81300CA
:1041700003208DF81200BDF810101548FFF722FB40
:1041800004A91348FFF780FA1248FFF73DFB684681
:10419000FFF762FC104800900020ADF804004BF6D9
:1041A000FF70ADF806000020ADF808004FF4806005
:1041B000ADF80A000001ADF80C0069460548FFF7AC
:1041C000BBFB01210348FFF75DFB05B000BD00000C
:1041D000000C014000580040A086010010B50446C4
:1041E0007F2C0AD800214FF4003000F009F920B9E3
:1041F00000212046FFF782FF00B10EE0FFF79CFF91
:1042000001210848FFF76EFB00214FF4003000F059
:10421000F7F800B101E0002010BDFFF765FF0120B5
:10422000FAE70000005800402DE9F04707468846AD
:1042300014461E4635465CB156B100214FF400309D
:1042400000F0DEF820B900213846FFF757FF00B133
:10425000B6E0FFF771FF41465B48FFF719FC01210B
:104260005A4800F0CDF820B901213846FFF746FF43
:1042700000B1A5E04FF2FF715348FFF7B6FA0121F4
:104280005148FFF7A6FA012D1CD102F081F88146B2
:1042900072B600214C48FFF79CFAFFF74DFF012151
:1042A0004948FFF71FFB484602F006FA012147483C
:1042B0003C3000F0A5F800B182E04348FFF7DBFB9B
:1042C00020706AE0022D2CD102F062F8814672B6AD
:1042D0004FF400613C48FFF788FAFFF72DFF0021FB
:1042E0003948FFF776FA484602F0E6F901213748E7
:1042F00000F086F800B163E002F04AF8814672B639
:1043000001213148FFF7EEFA2F48FFF7B4FB04F81C
:10431000010B2D48FFF7AFFB2070484602F0CCF9A7
:104320003BE0FFF709FF0DE0012128483C3000F099
:1043300067F800B144E02448FFF79DFB04F8010B47
:10434000681E85B2032DEFD80121204800F058F8EF
:1043500000B135E000211C48FFF73BFA1A48FFF78F
:104360008AFB04F8010B0121184800F049F800B15C
:1043700026E002F00DF8814672B601211248FFF7DF
:10438000B1FA1148FFF777FB04F8010B0E48FFF76D
:1043900072FB2070484602F08FF94FF2FF710A4815
:1043A000FFF723FA01210848FFF713FA00214FF421
:1043B000003000F025F800B102E00020BDE8F087F1
:1043C000FFF792FE0120F9E70058004004000010BA
:1043D0002DE9F04106460F46002508240BE0204653
:1043E000FFF7FCFE28B916B1BD4200DA7455681C0F
:1043F000C5B2601CC4B2772CF1D92846BDE8F08163
:1044000070B504460D460C4E09E00C48008800F4D7
:10441000706010B9701E061E01D1012070BD2146CA
:1044200006481438FFF76AFA08B1012000E00020BE
:10443000A842EAD10020F1E7A0860100145800400C
:104440002DE9F04106460F4614461D465CB155B1B4
:1044500000214FF40030FFF7D3FF20B90021304690
:10446000FFF74CFE00B12AE0FFF766FE394616481A
:10447000FFF70EFB01211548FFF7C2FF00B11EE058
:104480000AE014F8011B1048FFF702FB01210F4856
:10449000FFF7B6FF00B112E0281EA5F101018DB2B1
:1044A000EFD101210848FFF71DFA00214FF4003039
:1044B000FFF7A6FF00B102E00020BDE8F081FFF7A2
:1044C00013FE0120F9E7000000580040040000102E
:1044D00000B587B00121092000F050FA01218803BE
:1044E00000F02CFA06A8FFF75AF94FF42040ADF877
:1044F000180018208DF81B0003208DF81A0006A95B
:104500001E48FFF7C1F84FF48040ADF818000420B2
:104510008DF81B0006A91948FFF7B6F8184801F0F6
:104520008FF801A801F0E4F80020ADF804004FF482
:104530008270ADF806000020ADF80800ADF80A0062
:10454000ADF80C004FF40070ADF80E001820ADF877
:1045500010000020ADF812000720ADF8140001A9EA
:10456000074801F0A7F84FF48071054801F0CCF836
:104570000121034801F058F807B000BD000C0140CC
:104580000038004070B50446114D04E0681E051E59
:1045900001D1FF2070BD02210E4801F07DF80028F6
:1045A000F4D021460B4801F083F8094D04E0681E61
:1045B000051E01D1FF20EDE70121064801F06CF84E
:1045C0000028F4D0034801F070F8C0B2E2E7000020
:1045D000A08601000038004070B5002100230F22A2
:1045E000C47804B3154C246804F4E064C4F5E064B2
:1045F000210AC1F10403CA40447804FA03F1847823
:104600001440214309010E4C0678A155047804F0AA
:104610001F050124AC4005786D11AD0005F1E025C2
:10462000C5F8004109E0047804F01F050124AC40FE
:10463000044D0678761145F8264070BD0CED00E07B
:1046400000E400E080E100E002490143024A116019
:10465000704700000000FA050CED00E00149086217
:104660007047000000000E420349096841EA8001DA
:10467000014A116070470000007000400C4800685B
:1046800040F004000A4908600846006820F0030072
:1046900008600846006840F00200086005480068AD
:1046A00040F004000349086000BF00BF30BF7047FE
:1046B0000070004010ED00E010B5024600200D4BE8
:1046C000186820F00300104318600B4B1B6843F080
:1046D0000403094C2360012901D130BF02E040BF2F
:1046E00020BF20BF044B1B6823F00403024C23604F
:1046F00010BD00000070004010ED00E001460020F9
:10470000034A52680A400AB1012000E000207047C5
:10471000007000400149086070470000A0000E4290
:104720000A46C2F3130101700B0A43700B0C83702D
:10473000704701700A124270704701700A0A427095
:104740000A0C82700A0EC2707047000001460020F9
:10475000034A506820F0F0000843506070470000A2
:10476000001002401149096821F480310F4A11609C
:104770001146096821F480211160B0F5803F03D013
:10478000B0F5802F0ED106E00849096841F4803168
:10479000064A116007E00549096841F4A021034A6F
:1047A000116000E000BF00BF704700000010024031
:1047B0000021B0F5007F02D340F2FF1001E0C0F30A
:1047C0000800064A11696FF30801014345F2AA5235
:1047D000024B1A611A4611617047000000700040D8
:1047E00010B5044600200D4908700C49203981F8A5
:1047F0002000012C02D0042C0CD107E00120074935
:10480000087040F24510FFF7D3FF04E0052003498C
:10481000087000E000BF00BF10BD00002010024083
:1048200001460020034A506820F4E06008435060CD
:10483000704700000010024001460020034A506803
:1048400020F4605040EAC100506070470010024000
:1048500002460020044B5868044B184042EA01030A
:104860001843014B5860704700100240FFFFC0F72B
:104870000146034A106A20F44070084310627047F2
:104880000010024001460020034A506820F0030057
:104890000843506070470000001002401348006851
:1048A00040F001001149086008464068104908407E
:1048B0000E494860084600680E4908400B490860E8
:1048C0000846006820F480200860084640680A49CD
:1048D0000840064948604FF46050C8624FF4615088
:1048E00008634FF41F00886070470000001002400A
:1048F00000C0FFF8FFFFF6FEFFFF00F729B1064AF0
:1049000052690243044B5A6104E0034A52698243EC
:10491000014B5A61704700000010024029B1064A5D
:10492000926A0243044B9A6204E0034A926A824309
:10493000014B9A62704700000010024029B1064AFC
:10494000D2690243044BDA6104E0034AD26982432C
:10495000014BDA61704700000010024029B1064A9D
:1049600012690243044B1A6104E0034A126982434C
:10497000014B1A61704700000010024029B1064A3D
:1049800092690243044B9A6104E0034A92698243AC
:10499000014B9A61704700000010024029B1064A9D
:1049A000D2680243044BDA6004E0034AD2688243CF
:1049B000014BDA60704700000010024001490860B6
:1049C00070470000400442420149086070470000FF
:1049D00000004242014908607047000080044242E2
:1049E0000149086670470000000042420149086022
:1049F000704700003C044242F0B5002100BF002295
:104A000000250024384E7668384F06EA0702364EF5
:104A1000766806F4803502F000661EB9022606EBC1
:104A2000924204E04FF4F876C6EB9246721C1DB930
:104A30002F4E02FB06F30BE02B4E766806F4003691
:104A40001EB12C4E02FB06F302E02B4E02FB06F3D6
:104A5000254E766806F00C0121B1042905D00829FD
:104A600008D105E0254E066007E0234E066004E00D
:104A7000036002E0214E066000BF00BF1A4E766858
:104A800006F0F00109091E4E745C0668E6404660B7
:104A9000154E766806F4E061090A194E745C4668A2
:104AA000E6408660104E766806F46051C90A144EDE
:104AB000745C4668E640C6600B4EF66A06F00F016D
:104AC000104E745C4668B6FBF4F64661064EF66A14
:104AD00006F4F871090901F00F060B4F37F816407C
:104AE000B3FBF4F60661F0BD0010024000003C0884
:104AF00000093D000024F4000048E80100127A009B
:104B000040910108509101086091010810B50146DB
:104B10000022002300204A11012A02D1094C2368F7
:104B200006E0022A02D1074C236A01E0054C636AC1
:104B300001F01F02012494401C400CB1012000E050
:104B4000002010BD001002400248406800F00C0038
:104B5000704700000010024038B50020009000248B
:104B6000002500BF3120FFF7D1FF05460098401C0B
:104B700000900098B0F5004F01D0002DF2D0312008
:104B8000FFF7C4FF08B1012400E00024204638BD2F
:104B9000014600BF080900EB8000420001F00F0051
:104BA0001044C0B270470146002204E0501CC2B25B
:104BB000A1F10A00C1B20A29F8DA100741EA10602F
:104BC0007047000070B504460D46164601214FF0AF
:104BD000C050FFF7B3FE01210846FFF7CFFE0120CA
:104BE000FFF73CFD012E01D1FDF738FF0020FFF754
:104BF000FDFE012C28D17DB90120FFF7EBFE20043A
:104C0000FFF7B0FD00BFFFF7A7FF0028FBD04FF470
:104C10004070FFF72DFE0FE00120FFF7DBFE4FF4A1
:104C20004070FFF725FE4FF48030FFF79BFD00BF7B
:104C3000FFF792FF0028FBD04FF4F4702E49086074
:104C40007F202E4908604FE0022C28D185B9012031
:104C5000FFF7C0FE0120FFF7C3FD00BF4120FFF7B3
:104C600055FF0028FAD04FF48070FFF701FE0FE0E7
:104C70000120FFF7AFFE4FF48070FFF7F9FD012030
:104C8000FFF7AEFD00BF4120FFF740FF0028FAD03C
:104C9000FF20194908607F201849086024E0032C90
:104CA00022D16DB90120FFF795FE00BF6120FFF70B
:104CB0002DFF0028FAD04FF40070FFF7D9FD0CE06B
:104CC0004FF40070FFF7D4FD0120FFF783FE00BF13
:104CD0006120FFF71BFF0028FAD04FF49B700649B4
:104CE00008607F20054908600120FFF77FFE00F083
:104CF000E9FA0348006870BD080700200C0700208F
:104D00000428004040F08001054A1140054A12681D
:104D100002F0800262EA0101024A1160704700005D
:104D2000FF1F01000C280040002101098AB242F057
:104D30008002044B1B6803F0800363EA0202014B0C
:104D40001A6070470C280040CA220C4B1A6053228C
:104D50001A6039B1094A1C3A12680243074B1C3BDE
:104D60001A6006E0054A1C3A12688243034B1C3B5A
:104D70001A60FF22014B1A6070470000242800408F
:104D80002DE9F04105460C46002600274DB92F4875
:104D9000006800F0400000B102E00020E07000BFB9
:104DA0000DE02A48006800F0400020B12078FFF7AD
:104DB000EFFE064602E00020E07000BF00BF55B1E4
:104DC00020780004617840EA0120A1780843E17866
:104DD00040EA014611E02078FFF7E5FE4FEA00487F
:104DE0006078FFF7E0FE48EA0028A078FFF7DBFED6
:104DF00048EA0008E07848EA0046CA2013491C3116
:104E000008605320086000F08FF808B9002713E00D
:104E10000F4830400D490839086000F0C1F80B48D0
:104E2000006800F0200030B900F04CFA08B9002703
:104E300002E0012700E00127FF2004491C3108603F
:104E400000F040FA07463846BDE8F08108280040E7
:104E50007F7F7F00CA210A4A1160532111600849EF
:104E60001C39096821F00701054A1C3A11601146F6
:104E7000096801431160FF21014A11607047000079
:104E80002428004001210170817041700021C1700F
:104E90007047000018B5014600230093002200204F
:104EA000CA23194C23605323236049B1164B1C3B82
:104EB0001B6843F48063144C1C3C236001201FE0FA
:104EC000114B1C3B1B6823F480630F4C1C3C23607C
:104ED00000BF0D4B183B1B6803F00402009B5B1CDA
:104EE0000093009BB3F5005F01D0002AF1D0064B80
:104EF000183B1B6803F004030BB9002000E00120FD
:104F0000FF23014C236018BD2428004018B1FF2165
:104F1000044A116004E0CA21024A11605321116061
:104F2000704700002428004030B5002100200023F5
:104F300000221A4C246804F0400464BB174C241D62
:104F4000216800E0521C154C1C342468032C06D345
:104F5000124C1C342468C1F30E05AC4202D1B2F5E8
:104F6000801FEFD10021002280240C4D2C6000BF57
:104F70000A4C246804F04003491CB1F5005F01D0DD
:104F8000002BF5D0054C246804F040040CB101203E
:104F900002E0002000E0012030BD00000C280040AD
:104FA0000348006820F08000014908607047000055
:104FB0000C28004070B506460C4600250E480068D7
:104FC0000E4900EA0105280CE070C5F3042060706A
:104FD00005F03F00A070C5F3423020705EB9E07864
:104FE000FFF7D6FDE0706078FFF7D2FD6070A07823
:104FF000FFF7CEFDA07070BD042800403FFFFF000A
:1050000010B5014600200022054B1B68054C03EA41
:10501000040202EA01030BB1012000E0002010BDF0
:105020000C2800407F1F010010B50146002000221F
:105030000023084C246804EA0103064C241D24685C
:1050400004EA11121BB194B20CB1012000E000205F
:1050500010BD0000082800400020034908680249EC
:1050600024390968704700002828004070B50646BA
:105070000C46002512480068124900EA0105104854
:10508000001D0068C5F305402070C5F30620607060
:1050900005F07F00A07005F48000000CE0705EB9A0
:1050A0002078FFF775FD20706078FFF771FD607064
:1050B000A078FFF76DFDA0700148001D006870BD6D
:1050C000002800407F7F7F0070B504460026002541
:1050D000CA201949086053200860FFF725FF00B96E
:1050E0001DE015481C38006820F0400012491C39AA
:1050F000086008460068216808430F491C390860A9
:105100000D491439A068086008460068A18840EA83
:105110000140094914390860FFF742FF0126FF20CA
:1051200005490860002500E06D1C40F2FF20854223
:10513000FAD3304670BD00002428004010B5064860
:1051400000680649486006480068886000200860DA
:105150000846FFF7B9FF10BD0C0700200811012019
:10516000080700202DE9F04105460C4600260027DF
:105170004DB9607800F01000102804D1607820F05C
:1051800010000A30607005B908E06078FFF700FD94
:105190000646A078FFF7FCFC064600BF55B1E07854
:1051A0000004617840EA0120A1780843217840EAB0
:1051B000413611E0E078FFF7F6FC4FEA00486078EE
:1051C000FFF7F1FC48EA0028A078FFF7ECFC48EA7A
:1051D0000008207848EA4036CA2013490860532066
:1051E0000860FFF7A1FE08B9002714E00F4830401F
:1051F0000D4920390860FFF7D3FE0B481C380068C2
:1052000000F0200030B900F05DF808B9002702E096
:10521000012700E00127FF200349086000F052F851
:1052200007463846BDE8F081242800403FFFFF00D4
:10523000CA21054A116053211160034910390860E1
:10524000FF21116070470000242800400021C17038
:10525000017041708170704710B50FF0ADFC4FF4D4
:105260008060FFF7CDFE20B94FF48040FFF7DCFEF1
:1052700000B30120FFF7F2F90020FFF747FE4FF4DB
:105280008060FFF73FFD4FF48040FFF74DFD0120A8
:10529000FFF73CFE4FF48010FDF756FF074800680B
:1052A000401C0649086001200549087001F086FD90
:1052B00004F0F2FF0FF09AFC10BD0000280100205E
:1052C0002407002008B50022009200200021CA22F5
:1052D000134B1A6053221A60114A183A126822F0CE
:1052E00020020F4B183B1A6000BF0D4A183A126893
:1052F00002F02001009A521C0092009AB2F5004F71
:1053000001D00029F1D0064A183A126802F02002B2
:105310000AB1012000E00020FF22014B1A6008BD05
:105320002428004010B5002000210022094BD86934
:1053300040F08053074CE361074B196841F48073D8
:10534000054C2360034B1A6A1A6223461960014B0D
:10535000D86110BD00100240007000401FB501214F
:105360000520FFF70BFB03A8FEF719FA4FF40070B6
:10537000ADF80C0028208DF80F0003208DF80E00EA
:1053800003A91648FEF780F909210020FEF742F82C
:105390004FF40070FDF7D8FE01A8FDF739FF4FF478
:1053A0000070019000208DF8080008208DF8090099
:1053B00001208DF80A0001A8FDF7E0FE17208DF806
:1053C000000002208DF8010001208DF802008DF808
:1053D00003006846FFF700F91FBD00000008014008
:1053E0001CB56846FDF714FF4FF4007000900020D4
:1053F0008DF806006846FDF7C1FE0021202000F070
:10540000FBF8002002490870024908701CBD00002A
:10541000DD030020DE03002000BFEFF31080014613
:1054200072B6054802780020034B1870084680F3D6
:10543000108800BF10467047DD03002008B5FFF755
:1054400047F86846FEF7ABF94FF48050ADF800001E
:1054500010208DF8030003208DF802004FF48051D6
:105460003E48FEF7AFF969463C48FEF70DF90020CB
:105470003B4908700F2000F085F8112801D0012069
:1054800008BD3F21202000F0B7F80121212000F0C5
:10549000B3F80021222000F0AFF80021232000F013
:1054A000ABF80021242000F0A7F80021252000F00F
:1054B000A3F80021302000F09FF80021342000F0F4
:1054C0009BF828480178322000F096F826480178A9
:1054D000332000F091F84FF4967010F017FB26205F
:1054E00000F050F8312000F04DF82A21302000F073
:1054F00083F84021222000F07FF8202000F042F8BD
:105500003F281CD1212000F03DF8012817D122208E
:1055100000F038F8402812D1302000F033F82A2863
:105520000DD1322000F02EF80E490978884206D1BC
:10553000332000F027F80C490978884201D0012077
:105540009EE7312000F01EF8002008490870012075
:1055500003490870FFF702FF002091E7000C0140AB
:10556000DE030020DF030020E0030020DD03002035
:1055700010B5FFF7F3FE10BD012001490870704718
:10558000DD03002070B504464FF480510848FEF753
:1055900017F944F08000FEF7F5FFFF20FEF7F2FF59
:1055A00005464FF480510248FEF70CF9284670BDBD
:1055B000000C014070B504460D461CB17F2C01D88B
:1055C0007F2D01D9012070BD08480470084805707E
:1055D0000848007838B12146322000F00DF82946FD
:1055E000332000F009F80020EDE70000DF03002081
:1055F000E0030020DE03002070B504460D464FF4A2
:1056000080510848FEF7DCF804F03F00FEF7BAFFCF
:105610002846FEF7B7FF4FF480510248FEF7D2F854
:1056200070BD0000000C014021B1028842F0400230
:10563000028004E002884FF6BF731A400280704770
:1056400010B504461148844208D101218014FFF7A7
:10565000A5F90021A014FFF7A1F916E00C48844237
:1056600008D101210014FFF779F900212014FFF778
:1056700075F90AE00748844207D10121C013FFF7FA
:105680006DF90021E013FFF769F910BD003001400A
:1056900000380040003C00400246002013890B40C7
:1056A0000BB1012000E00020704701468889704757
:1056B0008181704710B50022028802F441520B88A4
:1056C0004C8823438C882343CC8823430C89234371
:1056D0004C8923438C892343CC8923431A4302807A
:1056E000838B4FF2FF74234083830B8A038210BDA8
:1056F0000021018041808180C180018141818181BF
:10570000C1810721018270474FF6FF62914204D0A8
:10571000028842F48072028004E002884FF6FF6340
:105720001A40028070470000B0EE401A61EE201A65
:10573000B0EE610AB5EEC00AF1EE10FA01D8002011
:105740007047DFED0A1AB4EEE10AF1EE10FA02DB5F
:105750004FF6FF70F4E7F6EE001A70EE211AFCEE39
:10576000E11A11EE900A80B2EAE7000000FF7F47DD
:1057700030B50021002300220020394C246844F475
:105780008034374D2C6000BF354C2468C4F340434F
:10579000521C13B9B2F5004FF6D1314C2468C4F352
:1057A00040431BB92F4C304D2C6030BD2F4C20682E
:1057B00020F0070040F001002060294C6468284D6B
:1057C0006C602C4664686C602C46646844F48064A9
:1057D0006C6000202C466068254C2040014641F456
:1057E000803100BF00BF2C466160246844F08074A3
:1057F0002C60002200BF1A4C246804F0007424B905
:105800001446521CB4F5704FF5D3154C246804F0BF
:1058100000741CB9134C144D2C60C6E70020104CCA
:10582000606820F0030040F002006060002200BFCA
:105830000B4C646804F00C04082C04D01446521C71
:10584000B4F5704FF4D3064C646804F00C04082CD3
:1058500003D0044C044D2C60A7E700BFA5E700006F
:105860000010024000127A000000002000200240D8
:10587000FFFFC0F738B50020009000242D490870C4
:10588000FFF70CF84FF48030FEF76CFFFFF764F978
:105890000090009801284BD11020FDF751FD012008
:1058A000FDF788FD0020FEF751FF0020FEF7C4FF42
:1058B0004FF48060FEF7B4FF00214FF48030FEF714
:1058C000C7FF0120FFF78CF800BF3920FFF71EF952
:1058D00020B92046641CB0F5704FF6D33920FFF78D
:1058E00015F940B90120134908700020FFF778F836
:1058F00000F060F938BD0220FEF7C4FF002400BFAD
:10590000FFF722F9082804D02046641CB0F5704F38
:10591000F6D3FFF719F9082808D0022005490870C6
:105920000020FEF7AFFF00F045F9E3E700F042F991
:1059300000BFDFE7E103002010B50120FFF744F8C6
:1059400000BF2120FFF7E2F80028FAD00020FEF780
:1059500099FF00BFFFF7F8F80028FBD1FFF740F8E8
:105960000020FEF7FFFE00BF0448006800F400308E
:105970000028F9D100F01EF910BD0000001002400F
:1059800000200021104AD26942F080520E4BDA61A9
:105990000E4A1168C1F304610D4AD06820F4787092
:1059A000891C29B11F2903D240EA4110D06003E0CD
:1059B00040F47870064AD060034AD26922F08052DF
:1059C000014BDA61704700000010024000180040EF
:1059D0000070004070B5EAB005460C4600202390E8
:1059E00005B10CB96AB070BD26684C212046FBF7A2
:1059F0004AFB266001222946684605F0FDFE8C22FE
:105A0000694647A8FBF726FB00222946684605F0B1
:105A1000F3FE8C22694624A8FBF71CFB9DED250AAA
:105A200084ED060A9DF8901023AA28460EF05AF934
:105A300084ED0C0A9DF88C0084F84000D4ED0C0A2B
:105A4000B0EE600A12F0BAFB84ED090A9DF81D0160
:105A5000022822D39DF8910002281ED39DF88C00C5
:105A600002281AD39DED250AF3EE0E0AB4EEE00AE1
:105A7000F1EE10FA11DB9DED250ADFED1C0AB4EE04
:105A8000E00AF1EE10FA08D894ED090AB5EEC00A62
:105A9000F1EE10FA01DD012000E0002084F8410061
:105AA00004F1280304F1340204F11C01284606F035
:105AB00083F984F84200002084F8430021462846F8
:105AC0000DF0FEFC94ED060A84ED020A94ED0C0A3A
:105AD00084ED050A94ED090A84ED030A012084F897
:105AE0004400002084F8450000BF7BE700004843E5
:105AF00008B50120094B0A4A972100900948FCF794
:105B00009BF90120084B064A972100900748FCF7B3
:105B100093F900200649087008BD0000D8900020C5
:105B200074010020C090002034930020CC9000200D
:105B30007001002073B52DED020B05460E4614488A
:105B40000078C0B9FFF7D4FF00240FE09DED000AF4
:105B5000104800EB840080ED000A9DED010A0E481C
:105B600000EB840080ED000A601C84B2962CEDD31B
:105B700001200749087001232A4669460748FBF7B8
:105B800005FF0123324601A90548FBF7FFFE7FBD53
:105B900070010020D890002034930020C090002095
:105BA000CC90002010B50FF007F810F0D5F80FF0EA
:105BB0001DF810BD10B5002100200022264B5B68A7
:105BC00003F00C0121B1042906D0082932D107E0E5
:105BD000224B234C236031E0224B214C23602DE0EB
:105BE0001D4B5B68204C03EA04001B4B5B6803F40D
:105BF000803200F000631BB9022303EB904004E005
:105C00004FF4F873C3EB9043581C22B9174B43432E
:105C1000134C23600DE0104B5B6803F4003323B199
:105C2000134B43430E4C236003E00E4B43430C4C99
:105C3000236003E0094B0A4C236000BF00BF064B02
:105C40005B68C3F303130B4CE15C054B1B68CB4053
:105C5000034C236010BD00000010024000127A00C7
:105C6000000000200048E80100003C0800093D0059
:105C70000024F4003091010810B53448006840F465
:105C80007000324908603248006840F00100304935
:105C9000086000BF2E48006800F002000028F9D01C
:105CA0000020FEF7EFFD00BFFEF74EFF0028FBD1FE
:105CB000FFF738FB264840682649084024494860D9
:105CC00008460068244908402149086008460068E1
:105CD00020F48020086008464068204908401C499C
:105CE00048604FF46050C8624FF4615008634FF44D
:105CF0001F0088600846C06940F08050C86118489D
:105D0000C06840F001001649C8601148C06920F021
:105D100080500F49C8611348006840F08000114965
:105D200008600846006820F010000860FFF720FDBA
:105D30004FF000600549803908600B4800680B4946
:105D4000884201D0FFF71CFE10BD000088ED00E086
:105D50000010024000C0FFF8FFFFF6FEFFFF00F753
:105D6000007000400020024098F2FF1F424B524951
:105D700010B50121094800F09EF868B101210748DB
:105D800000F082F80648006820B105480068401E0F
:105D90000349086005F05CFC10BD000000040040F1
:105DA0001807002010B50446012C0DD10122114620
:105DB0000A4800F06CF80121084800F065F801215C
:105DC000064800F06DF808E000220121034800F0C9
:105DD0005EF80021014800F063F810BD00040040A7
:105DE00030B585B005460C4601210220FEF7A6FD20
:105DF000ADF80850ADF804400020ADF80A00ADF849
:105E0000060001A9104800F067F8012211460E486B
:105E100000F03DF801210C4800F036F81D208DF807
:105E2000000002208DF8010000208DF80200012002
:105E30008DF803006846FEF7CFFB0121024800F011
:105E40002FF805B030BD0000000400400248006893
:105E500000EB8000400070471807002010B5044692
:105E6000074804600121074800F00EF8012211469E
:105E7000044800F00CF80121024800F011F810BDB0
:105E80001807002000040040CA43026170471AB19D
:105E900083890B43838102E083898B43838170472D
:105EA00021B1026842F00102026003E0026822F0C0
:105EB00001020260704730B5024600200023002432
:105EC000156905EA0103958905EA010413B10CB1CE
:105ED000012000E0002030BD0A46002101684D4B42
:105EE00098420ED04C4B98420BD0B0F1804F08D066
:105EF0004A4B984205D04A4B984202D0494B9842AF
:105F000003D121F0700153881943474B984206D0C2
:105F1000464B984203D021F44071D3881943016065
:105F200093888385138803853A4B984202D03A4B75
:105F3000984201D1137A0386012383820168354B8D
:105F400098420ED0344B98420BD0B0F1804F08D01D
:105F5000324B984205D0324B984202D0314B984296
:105F600006D1537A13B141F4006101E021F40061DC
:105F7000B0F1804F08D0294B984205D0284B984269
:105F800002D0284B98420DD1937A13B141F480513D
:105F900001E021F48051D37A13B141F4005101E0C2
:105FA00021F40051B0F1804F05D01C4B984202D033
:105FB0001B4B984206D1137B13B141F4804101E0A1
:105FC00021F48041134B98420BD0134B984208D0D8
:105FD000B0F1804F05D0114B984202D0104B98423F
:105FE00006D1537B13B141F4004101E021F400419B
:105FF00001604168B0F1804F02D0094B984206D150
:10600000937B13B141F4807101E021F48071416010
:1060100070470000002C01400034014000040040A3
:1060200000080040000C0040001000400014004038
:1060300008B50020009001226946172000F04CF8B6
:106040009DF8000020F0100000909DF8000040F046
:106050001000009001226946172000F033F908BDB6
:1060600038B504460D4602226946162000F034F881
:106070008DF800409DF8010020F004008DF801002B
:106080009DF8010040EA8500C0B28DF801000222AF
:106090006946162000F016F938BD08B500200090BA
:1060A00001226946FF2000F017F89DF8000008BDA6
:1060B00008B501226946112000F00EF89DF8000095
:1060C00000F07F0008BD10B50446042221460020E0
:1060D00000F002F810BD00002DE9F04780460D46A3
:1060E00016462C46374605B10EB9BDE8F087314655
:1060F0002846FAF7C8FF404603F078FF00B9A5E04C
:106100000121902000F0CEFB00B99FE0012F1CD1AF
:1061100000F03BF9814672B600215048FDF759FB6B
:1061200004F088FE01214D48FDF7DCFB484600F0F5
:10613000C0FA062201214A4812F040FF00B985E06A
:106140004648FDF798FC20706FE0022F2ED100F03A
:106150001CF9814672B64FF400614048FDF745FBDB
:1061600004F068FE00213D48FDF733FB484600F08F
:10617000A0FA072201213A483C3812F01FFF00B96B
:1061800064E000F002F9814672B601213348FDF760
:10619000A9FB3248FDF76FFC04F8010B2F48FDF70F
:1061A0006AFC2070484600F084FA3EE004F042FEAB
:1061B0000CE0062201212A4812F000FF00B945E058
:1061C0002648FDF758FC04F8010B7F1E032FF0D87A
:1061D0000722012122483C3812F0F0FE00B935E0D8
:1061E00000211E48FDF7F5FA1C48FDF744FC04F8B1
:1061F000010B072201211A483C3812F0DFFE00B9DA
:1062000024E000F0C2F8814672B601211348FDF780
:1062100069FB1248FDF72FFC04F8010B0F48FDF74E
:106220002AFC2070484600F044FA0822002190031E
:1062300012F0C4FE00B909E04FF2FF710748FDF704
:10624000D4FA01210548FDF7C4FA4EE73146284645
:10625000FAF719FF00F0DCFA00BF46E700540040EF
:1062600040000010F8B504460E46052000EB24203F
:10627000C7B2E5B2082D00D3F8BD01226946384601
:10628000FFF72AFF012E07D10120A840C0B29DF8D8
:1062900000100843009005E00120A8409DF8001080
:1062A0008143009101226946384600F00BF800BF97
:1062B000E2E708B50120009001226946182000F0AD
:1062C00001F808BD70B506460C46154604B105B97F
:1062D00070BD304603F08AFE00B91CE00BE014F8F4
:1062E000011B0F48FDF7D4FB052201210D4812F0D8
:1062F00065FE00B90FE0281EA5F10105EFD10121CF
:106300000748FDF7EFFA08220021900312F056FE2D
:1063100000B900E0DCE700F07BFA00BFD8E700003E
:10632000005400400400001010B50446012C03D1B5
:106330000020FEF78FFD16E0022C03D10120FEF7AE
:1063400089FD10E0032C03D10220FEF783FD0AE053
:10635000042C03D10320FEF77DFD04E0052C02D1BF
:106360000420FEF777FD10BD014A024900F0B8B9DC
:10637000A7C200083C07002000210160818070470F
:106380000A6802600B7903717047EFF31080704761
:10639000EFF310807047000010EE100AC0F3C751F1
:1063A0007F391729A8BF7047DFED140A002970EE66
:1063B000200A0CDAF5EEC00AF1EE10FA1ADD002818
:1063C000C8BF4FF07E50B8BF4FF0004012E00C4AFB
:1063D00022FA01F2104208BF7047F5EEC00AF1EE52
:1063E00010FA07DD002804DD4FF4000323FA01F161
:1063F0000844904300EE100A70470000CAF2497149
:10640000FFFF7F0010EE100AC0F3C7517F39172934
:10641000A8BF7047DFED140A002970EE200A0DDADC
:10642000F5EEC00AF1EE10FA1ADD0028A8BF002030
:1064300016DAB0F1004F18BF0C4811E00C4ACA4000
:10644000104208BF7047F5EEC00AF1EE10FA07DD02
:10645000002804DA4FF4000323FA01F108449043C2
:1064600000EE100A70470000CAF24971000080BFB8
:10647000FFFF7F0010EE100A10B50023A0F5000109
:10648000B1F1FE4F67D200BF00F500216FF07E0230
:1064900002EBE15CC1F302524FF07E5101EB02517D
:1064A00000EE901AA0EBCC5003EB0C0100EE100AAA
:1064B00051EA020036D030EE601A70EE200A9FEDED
:1064C0003D2A3E4881EE200A9FED3B1A60EE000A0D
:1064D00000EE821A60EE201A61EE810A784401EE25
:1064E000101A00EB82009FED362AB8EEC11AD0EDEB
:1064F000001A344841EE021A784401EE101A00EBFB
:106500008200B8EEC11A90ED002ADFED2F2A01EECD
:10651000222AB0EE001A72EE200A40EE010A31EE95
:10652000A00A10BDF7EE000A9FED291A30EE600AAE
:10653000DFED260A00EE201ADFED260A60EE001AD3
:1065400040EE010A9FED241A00EE201A61EE810A46
:1065500030EE200A10BD4FF07F41B1EB400F03D267
:10656000BDE8104000F064B8B0F1FF4F08BF10BDA7
:10657000B5EEC00AF1EE10FA06D2012000F0A0F844
:10658000BDE8104000F058B8B5EEC00AF1EE10FAC0
:1065900007D1022000F094F800F040F8B1EE400A74
:1065A00010BDDFED0E0A6FF0160320EE200A10EE8C
:1065B000100A69E766F1CC3EAAAA2A3F04560100F8
:1065C0000070313F08560100F4FD053821ED423ED0
:1065D0000A1180BEC1ABAA3EFFFFFFBE0000004B08
:1065E00010B52DED028BB1EEC08A18EE100A20F026
:1065F0000040C0F1FF40C00F0AD010EE100A20F09A
:106600000040C0F1FF40C00F04BF012000F058F867
:10661000B0EE480ABDEC028B10BD0000DFED030AAE
:10662000B7EE001A81EE200A70470000000000005B
:1066300030EE000A70470000DFED020A80EEA00A8B
:106640007047000000000000014609B900207047B3
:10665000C8B220B1C8B20E4A105C401CF7E701F482
:106660007F4028B10A48C1F30722805C0930EEE779
:1066700001F47F0028B10648C1F30742805C113065
:10668000E5E7034800EB116000781930DFE7000010
:106690002893010802E008C8121F08C1002AFAD195
:1066A00070477047002001E001C1121F002AFBD192
:1066B000704780F31088704780F31088704700009F
:1066C000014908607047000040070020034908683E
:1066D000884201D0012070470020FCE78804002098
:1066E0002DE9F04116460F460446002503E03946E1
:1066F000B047641C6D1C20780028F8D12846BDE8FE
:10670000F08100002DE9FC5F04468B4615461E46CD
:10671000DDE90C9ADDE90E7804F1140040600060B8
:1067200000BF1C346560A660C4F80C90C4F810A0CB
:106730002321D4E903020EF005FCD4E9033C6344B1
:106740001A1F144BD4E901010EF00EFA2060A7764F
:1067500067760020E061C4F82880C4F82C8060616E
:106760002076E06520661C3C009023460A4A2146BC
:10677000019004F14C000FF095FB00BF0748006842
:1067800018B1204605490968884700BF0020BDE8C8
:10679000FC9F0000555901084D5C01089C04002035
:1067A0002DE9F04704460E4617469846DDF820903E
:1067B00084F80990607A20F001006072E661276237
:1067C0000020A062C4F82480002506E004F1140132
:1067D00001EBC5000EF072FA6D1C012DF6DBBDE871
:1067E000F08710B50246002001460EE002F11403C6
:1067F00003EBC100D0E900436360D0E900342360BB
:106800004060006000BF481C01460129EEDB10BD5E
:1068100010B506480068401C04490860012104487E
:10682000FDF760F803F00EFE10BD000030010020FF
:1068300000540040F0EE400AF5EEC00AF1EE10FA06
:1068400002D2B1EE600A7047B0EE600AFBE7F0EEEC
:10685000400AF5EEC00AF1EE10FA02D2B1EE600A7B
:106860007047B0EE600AFBE770B506461C230022B5
:10687000042140F61B500BF001FC04461B20207045
:10688000002060706680A080E08004F10805072089
:1068900028704FF48060A880688020460BF028FCA8
:1068A00070BD000070B504460D4601210B48FDF790
:1068B0000DF8022201210A4812F080FB08B90020DD
:1068C00070BD2A4621460548FDF7D9F8032201216B
:1068D0000348401C12F072FBF2E700000054004035
:1068E000010000100348006808B101207047002033
:1068F000FCE70000D404002010B50948006868B126
:106900000848007850B10848007838B9074800783E
:1069100020B90BF031FA08B9012010BD0020FCE7C6
:10692000500000204C0000204D00002024070020D3
:106930001FB500231A461BA11B480EF013FEB8B961
:1069400000204FF4A0714C23184ACDE9001018A183
:1069500019480EF01BFB58B900204FF49C71162308
:10696000164ACDE9001016A117480EF00FFB18B11A
:106970004FF0FF3004B010BD052004214A02134B34
:10698000CDE90032CDE902100023114A05A11148DA
:106990000FF0A2F810B14FF0FF30EBE70D480FF009
:1069A00011F9E7E7626C6500304000208C40002060
:1069B000626C657265730000504000200842002040
:1069C000626C657478000000CC410020C043002058
:1069D0006DA100084043002010B594B0044644B1B6
:1069E0001048006828B903F08FFB10B100F0D4F80C
:1069F00008B914B010BD4C2221460B480EF0AEFB76
:106A000058B100234C2201A907480EF0F9FA4C2294
:106A1000214605480EF0A2FB00BF03F03DFC00BF7D
:106A2000E7E70000740000205040002038B504461D
:106A30000D468DF800408DF8015006480188008809
:106A4000401C044B188002236A4681200DF030FD63
:106A500038BD00007C0000207CB504460D460BA12B
:106A600003C9CDE900018DF8024029460DF103006C
:106A70000DF08CFC074801880088401C054B1880ED
:106A800007236A4680200DF013FD7CBDFF00000047
:106A9000000000007C00002010B586B0044614B150
:106AA00003F032FB10B9002006B010BD1821684673
:106AB000FAF7E9FA01208DF8000010208DF80100A6
:106AC000102221460DF10200FAF7C4FA68460DF0D3
:106AD0004BFDE9E770B588B004460D46164600F058
:106AE000E7F820B900201849086008B070BD1648C2
:106AF000006848B9154804601548056015480660E7
:106B0000012011490860F0E7182102A8FAF7BBFA42
:106B100000208DF8080014208DF809000DF10A00FE
:106B20002346CDE900500A48026808480168094830
:106B30000068FBF769FE02A80DF016FD002002496F
:106B4000086000BFD1E70000800000208400002022
:106B5000880000208C00002010B501200349086047
:106B600000200349086003F097FB10BD740000206B
:106B70007000002010B5FFF7BFFE20B1FFF7B2FE96
:106B800008B9012010BD0020FCE70000FB200149EE
:106B900048837047241101200548007918B904483A
:106BA0000078012801D0012070470020FCE7000098
:106BB0002486002070B5044604B970BDF9F70AFBBD
:106BC0000546142204492046FAF744FA2846F9F704
:106BD00005FB00BFF1E70000248600201FB514214B
:106BE0002448FAF750FA0220224908700120488010
:106BF000002088720BF00FF80420FBF737FF45F2F6
:106C0000A72188420ED101201A4948710820FBF7BC
:106C10002DFF04460C20FBF729FF44EA00401549EC
:106C2000086102E001201349C87200231A4612A12C
:106C300013480EF097FC18B14FF0FF3004B010BDB0
:106C4000052008214FF440720E4BCDE90032CDE90A
:106C5000021000230C4A08A10C480EF03DFF10B1B1
:106C60004FF0FF30EAE701200949086007480EF0BD
:106C7000A9FFE3E7248600207374617465000000B7
:106C800038860020D8860020A58601085886002076
:106C9000100100200548007918B9044840880128EF
:106CA00001D0012070470020FCE70000248600206E
:106CB0000648007A40B10548407A28B10348007878
:106CC000022801D0012070470020FCE72486002024
:106CD00010B586B01648407910B9002006B010BD36
:106CE00000BF05A90020FEF765F903A90020FEF703
:106CF000BDF904A90020FEF75DF9042204A905A846
:106D0000FAF7D3F90028ECD19DF80E009DF80D108C
:106D1000CDE900109DF80C309DF812209DF811105F
:106D20009DF8134004F5FA6004F056FAD6E7000027
:106D3000248600207CB504460D461B48844202D3BD
:106D40001A48844201D901207CBD6A4601A9204627
:106D500011F0DCFD0120FDF781FC01A90020FEF708
:106D600001FA20B169460020FEF70AF808B90120AF
:106D7000EAE745F2A7210420FBF78CFEA1B2082028
:106D8000FBF788FE210C0C20FBF784FE012008494C
:106D9000487108468581046101200649086006485B
:106DA0000EF0F4FB0020CFE780436D38FF5686F4E9
:106DB000248600200C0100203886002010B50348EE
:106DC000006810B102480EF0E1FB10BD1001002078
:106DD000388600200648007928B90548007A20B195
:106DE0000348407A08B1012070470020FCE700000A
:106DF0002486002010B504460CB1012000E00020DC
:106E0000054908720CB90020487201200349086046
:106E100003480EF0BBFB10BD248600200C010020AF
:106E2000388600200149C87270470000248600207F
:106E300000B50246012A01DB032A04DD0820FFF722
:106E4000F1FF012000BD024802700020FAE70000B7
:106E50002486002010B504460CB1012000E000207B
:106E6000054908710CB10F204880012003490860D2
:106E700003480EF08BFB10BD248600200C0100207F
:106E80003886002010B50446012C06D00F2C04D201
:106E90000920FFF7C7FF012010BD0748007908B19E
:106EA0000120F9E7044844800120044908600448AF
:106EB0000EF06CFB0020EFE7248600200C01002080
:106EC0003886002008B1012100E00021014AD1717B
:106ED000704700002486002010B504460CB1012044
:106EE00000E0002004494872012004490860044879
:106EF0000EF04CFB10BD0000248600200C01002089
:106F00003886002008B1052100E00221014A917273
:106F1000704700002486002038B501210420FDF7C9
:106F20002DFD6846FCF73BFC0120ADF80000282051
:106F30008DF8030003208DF8020069461648FCF71F
:106F4000A3FB01210807FDF7F9FC0220FDF7D6FBA2
:106F500008B9012038BD00240AE001210E48FCF7E1
:106F600026FC08B90020F5E714200EF0CFFD1434FC
:106F700040F2DC508442F0D30320FDF775FB02E0C1
:106F800014200EF0C3FD01210348FCF710FC01287A
:106F9000F6D00120DEE70000000801400520254969
:106FA000086001210420FDF7E9FC02E00A200EF050
:106FB000ADFD01212048FCF7FAFB0128F6D00620A0
:106FC0001C49086000204FF0E02108614FF000707C
:106FD0001A4908600120FCF7B7F872B6002005E0F6
:106FE0004FF0FF32164941F82020401C0328F7D308
:106FF00001214FF0C050FDF7A1FC0120FDF72EFB51
:107000000120FDF787FB0120FDF72EFB0220FDF795
:107010002BFB00210420FBF7F5FE00BF00BF00BFE3
:10702000BFF34F8F00BF00BF00BF01E0FDF726FB9D
:10703000FCE70000EC0000200008014004ED00E047
:1070400080E200E01FB518480021016001710120B5
:107050001549087100231A4614A116480EF082FA49
:107060000BF0C2FA14200EF055FE04460620002351
:10707000114A12A1CDE9004011480EF013FF0A2079
:1070800003210A020F4BCDE90032CDE902100023A3
:107090000D4A06A10D480EF01FFD0C480EF092FDA2
:1070A0000B480EF0F9FC1FBDF0000020706F7765F3
:1070B0007200000058820020692601086B65790083
:1070C000F8850020F8820020753F010878820020B2
:1070D000751C010810B50848006858B907480068D1
:1070E00040B90020064908600120044908600548AD
:1070F0000EF0FEFE10BD0000B4000020F8000020DD
:10710000E0000020F885002070B50446052C00D36F
:1071100070BDF9F75FF805460648005DFF2804D00A
:107120000448005D401C034908552846F9F756F805
:1071300000BFEDE7F000002001200E4908600E4975
:1071400008600420FFF7E0FF00F02EF900F0EAF9F4
:10715000022008490860FFF7FFFC0320054908608A
:1071600003F064FB0CF09EFE042002490860FFF768
:1071700015FF0000EC000020B400002070B50446AC
:10718000052C00D370BDF9F725F805460648005DCB
:1071900020B10548005D401E034908552846F9F70F
:1071A0001DF800BFEEE70000F00000202DE9F047D9
:1071B00004460E464FF000091CB94FF0FF30BDE801
:1071C000F0870DF0F5FB22496068096888420FD10D
:1071D00020492068096888420AD82068B0F5167FDF
:1071E00006D31C4920680968081AB0F5407F02D30D
:1071F0004FF0FF391DE0E6B12068A0F257270025C7
:1072000014E007EB050AAAF101004FF44071B0FB4E
:10721000F1F201FB120806EB05100F4901EB081C07
:107220009CE80E10A0E80E10681C85B2B5F5167F1C
:10723000E7D3B9F1000F06D10549606809688842B3
:1072400001D04FF0FF390DF0C3FB4846B7E700000F
:1072500010000020240000204407002010B5094938
:107260000802FBF7A7FE28B103F05AF806480EF013
:107270008DF905E00349C801FBF7DCFD03F02CF8AC
:1072800010BD0000000002402439002010B508485D
:10729000006840B103F03EF838B908210548FCF712
:1072A00086FA012801D1012010BD0020FCE7000072
:1072B00038000020000C01401FB500231A461EA113
:1072C0001E480EF04FF988B900231A461CA11D482C
:1072D0000EF048F950B90020302108231A4ACDE9B0
:1072E00000101AA11B480DF051FE18B14FF0FF30ED
:1072F00004B010BD002018490860184908601849FA
:107300000860052006210A02164BCDE90032CDE9BE
:1073100002100023144A15A115480EF0DDFB10B130
:107320004FF0FF30E4E712480EF04CFC10B14FF084
:10733000FF30DDE70020DBE76970610004390020E1
:10734000646D6100243900208039002073706F3231
:107350007100000044390020140000204800002083
:1073600038000020303A0020893F01087070670023
:10737000B039002010B504480068401C024908607C
:1073800002480EF003F910BD30000020043900203F
:1073900010B504460248046002480EF0F7F810BD2C
:1073A00048000020043900201CB500201C4908605A
:1073B0006846FBF72DFF0820009000208DF806009E
:1073C0006846FBF7DBFE02F0A5FF08B102F084FF80
:1073D0001448006818B1FCF76BFEFCF75BFB00205B
:1073E000104908600AF0A6FCFFF7F4FC58B1FFF75B
:1073F00051FC40B1FFF7D0FB10B9FFF759FC10B1B9
:1074000002F056FF08E0FDF7EBFF03F00FFA002053
:1074100005490860FFF756FD04480EF0B7F81CBD9B
:1074200048000020380000202000002004390020FF
:1074300010B5002103200EF04DFF10BD10B504461D
:1074400024B11C2202492046F9F704FE10BD0000B9
:10745000E48F00201FB50DF06FF900204FF4A871E4
:107460005023134ACDE9001012A114480DF08EFDEF
:1074700018B14FF0FF3004B010BD05200C214FF4BF
:1074800080620F4BCDE90032CDE9021000230D4A96
:1074900008A10D480EF020FB10B14FF0FF30EAE7D5
:1074A00001200A49087008480EF08CFBE3E7000051
:1074B000148A00207265636F72640000D88900200E
:1074C000E48B002081460108648B00201801002015
:1074D00010B594B004461048007818B10F48007EEB
:1074E00000B10CB914B010BD50216846F9F7CBFDBE
:1074F00000208DF800004C22214601A8F9F7AAFDD2
:107500005022694606480DF029FE10B10520FFF70C
:1075100089FC00BFE6E7000018010020E48F00208E
:10752000D889002010B50448007E20B1002002490F
:10753000087611F0E3FD10BDE48F002010B50021A6
:1075400001200EF0C7FE10BD10B5002102200EF084
:10755000C1FE10BD10B50446214604200EF0BAFE4F
:1075600010BD10B50446002010BD000070B50546E2
:107570000A4890F82000052202EB00210223002295
:1075800040F61A600AF07AFD04460C2020700120B3
:10759000607020460AF0ACFD70BD0000241101208F
:1075A0001FB50A204FF480520C4BCDE90120009307
:1075B000039000230A4A0BA10C480EF08DFA18B173
:1075C0004FF0FF3004B010BD08480EF0FBFA10B1C8
:1075D0004FF0FF30F6E70020F4E70000587200207B
:1075E0008182010873706F3200000000D8710020A2
:1075F00010B54320FFF738F910BD00002DE9F04128
:1076000004460E46174600250F4991F8200007F062
:10761000DBFFC01E85B212E0AC4209DD3B464322CF
:107620003146284603F0AEFD601B84B22E4406E0CE
:107630003B4643223146204603F0A4FD0024002CA3
:10764000EAD10020BDE8F0812411012010B50648E0
:1076500000210160416081600022114640F6015026
:107660000AF056FD10BD0000C011012010B50446FF
:10767000002010BD1FB504464F48007E00B91FBD55
:107680004D484068B0F5445F10D300204A49087661
:10769000FFF7E0FB0620FFF7C5FB012011F02EFDF0
:1076A000454841680620FFF7D7F9E8E70020009039
:1076B000019002900390606800903F48808880B2FB
:1076C000ADF8040094ED030ADFED3C0AB4EEE00AE5
:1076D000F1EE10FA02DD9FED390A05E094ED030AA0
:1076E000F6EE000A30EE200ABCEEC00A10EE100AD8
:1076F000C0B28DF8060094ED020ADFED310AB4EE57
:10770000E00AF1EE10FA02DD9FED2D0A05E094ED9E
:10771000020AF6EE000A30EE200ABCEEC00A10EEB5
:10772000100AC0B28DF807004434A0788DF8080024
:10773000E0788DF80900A088ADF80A0014F8440933
:1077400008B1012000E0002094F8451009B10221A1
:1077500000E0002108438DF80C000E21684603F07C
:10776000EDFCADF80E00102269461648006804F0E2
:1077700073FD38B10520FFF755FB05212020FFF7E9
:1077800055F97CE70F48006810300E4908600A4838
:107790004068401C0849486008460069103008618C
:1077A00008464068012801D1009888600249009885
:1077B000C86000BF63E70000E48F00200000C842FB
:1077C00000007F431401002010B500240A4890F8FF
:1077D000210001280ED0084991F82110074A52F8DB
:1077E00021008047044890F82100401C024981F89C
:1077F00021000124204610BD241101205C940108C1
:107800002DE9F04104460D4616461F4600F04AFA9F
:107810000020BDE8F081000010B50A4890F8200073
:10782000052202EB00210223002240F604600AF048
:1078300025FC0446012020701320607020460AF0C9
:1078400057FC10BD2411012010B504460878092802
:1078500000D100E000BF00BF002010BD2DE9F041C5
:1078600005460E46174698460C4890F8200005221B
:1078700002EB0021062300224FF461600AF0FEFBB8
:107880000446012020704FF6FF706080A0802046E3
:107890000AF02EFC0020BDE8F08100002411012038
:1078A0002DE9F04106460D461746984628780E28E1
:1078B0007DD00EDC06287BD006DC012816D00228FD
:1078C00077D0032876D147E00C2874D00D28F9D161
:1078D000B2E01A2859D004DC0F286DD01028F1D15D
:1078E000E0E01B283FD02828ECD187E0687890BBE7
:1078F0002E230022042140F604500AF0BFFB044668
:10790000032020700A206070FF20E084684890F80F
:107910004700E076664853300168616080882081C6
:10792000634890F85900A0761B2060844FF4A4703F
:10793000A0845F48408BE084208C40F0800020844D
:1079400010225B49353104F10A00F9F783FB204628
:107950000AF0CEFB00BFA7E0012100200AF054FC92
:10796000FFF732FFA0E001230022042140F6195066
:107970000AF084FB04461A20207001204C4981F84B
:10798000340020460AF0B4FB8EE0494890F83400F9
:1079900001281BD1464890F83400401C444981F826
:1079A000340001230022042140F6195005E044E090
:1079B0003AE066E077E03EE040E00AF05FFB044634
:1079C0001A20207020460AF093FB16E011230022B3
:1079D000042140F623500AF051FB044600203449AC
:1079E00081F834002820207010223531601CF9F70E
:1079F00031FB20460AF07CFB00BF55E000202C49FB
:107A000081F83400FFF7E0FE68B901230022042169
:107A100040F606500AF032FB04460620207020464D
:107A20000AF066FB00BF3FE0022100200AF0ECFBF9
:107A300000F0ECF838E000BF00BF00BF1D48008830
:107A4000F0B1687844280FD100200AF0CBFB02285F
:107A50000AD1184800881649088216480188144837
:107A6000418200F0D3F808E0687830B100200AF0D5
:107A7000B9FB022801D100F0C9F800200D490880A7
:107A800012E0687868B10B48008850B100200949BD
:107A900008800AF0A7FB022803D1032100200AF086
:107AA000B3FB01E000E000BF00BF0020BDE8F081B3
:107AB000241101201007002030B504460C4890F82E
:107AC0003400012806D10A4835300D6805604D683C
:107AD00045600AE0064890F83400022805D10448C1
:107AE00035300D6885604D68C560002030BD0000F0
:107AF0002411012010B50446054890F8232000F118
:107B000024012046F9F7A6FA014890F8230010BD99
:107B1000241101202DE9FC4104460D4617469846E4
:107B200026791DE0206800EBC60050F8081D40686B
:107B3000CDE90010BDF80000A84205D0BDF8000056
:107B40004FF6FF71884209D1434600223946284644
:107B5000DDF804C0E047C0B2BDE8FC81701EC6B2CB
:107B6000002EDFDC0020F7E710B59C210A48F9F76A
:107B70008AFA00200949088009490AF077FB0021A8
:107B800008460AF041FBFFF701F80649C86980473B
:107B9000FFF75CFD10BD000024110120100700203C
:107BA0004C940108E41101202DE9F04704460D46EC
:107BB00091461E4627124FF000080C2F14D00E2FAE
:107BC00002D0432F19D110E040F6126084420ADB44
:107BD00040F61B60844206DC33462A4621460948AB
:107BE000FFF798FF804609E008E033462A46214621
:107BF0000548FFF78FFF804600E000BF00BF40460A
:107C0000BDE8F087889401083095010810B5234835
:107C10000068002841D10AF0E5FA02283DD150233E
:107C20000022042140F60D500AF028FA04461C48B0
:107C3000007D2070002060701948807D20721848F7
:107C4000008AA0801648408AE0801548007E607255
:107C5000134890F8792000F15A0104F10C00F9F76B
:107C6000F9F90F4890F87910E17290F8992000F135
:107C70007A0104F12900F9F7EDF9094890F8991013
:107C80002820015520460AF033FA032100200AF08B
:107C9000BBFA00200149086000BF10BDD4040020D9
:107CA0002411012010B50D480068B0B900200AF079
:107CB00099FA032811D1022100200AF0A5FA012324
:107CC0000022042140F603500AF0D8F904460220AD
:107CD000207020460AF00CFA00BF10BDD40400202A
:107CE00070B50D46044606F04DFA6988884238BFE3
:107CF0000146204607F0F2FE0121204607F06CFC09
:107D0000012806D041220121204607F071FE002003
:107D100070BD00220121204607F06AFEF7E700004F
:107D200070B50646FF200024DFF848C00B7A0D46E8
:107D300022461CF83210994204BF0CEBC2014C6879
:107D4000511C11F0FF02F4D0002C08BF70BD1D2B98
:107D500018BF1B2B07D04FF0030040EA062140F666
:107D60001C400AF075FB05F108013046A446BDE849
:107D70007040604710B3010810B50C46A1F108022D
:107D80000978D22918BF522912D0022918BF1E29FA
:107D90000ED0182904BF517A002909D04FF00301F1
:107DA00041EA002140F6B83240F61C400AF0B6FB2A
:107DB0002046BDE810400BF05FB92DE9F04182B0DC
:107DC0000F4600210091019198461646694600F041
:107DD0005BFB04002FD14FF42051684600F0A1FE58
:107DE00040BB42F60101684600F09BFE10BB42F624
:107DF0000301684600F095FEE0B942F602016846CC
:107E000000F08FFEB0B94FF42451684600F089FEAF
:107E100080B942F60211684600F083FE50B942F67E
:107E20000311684600F07DFE20B90098808810F4A8
:107E3000004F04D0062402B02046BDE8F08100992E
:107E4000C0F30B000D186888B04238BF0724B8197A
:107E50002988884288BF0D24EDD8A8193A464146A2
:107E6000001DF9F7F7F86F80E5E770B582B00023E1
:107E70000E46154600936946019300F005FB040089
:107E800025D14FF42051684600F04BFEB8B942F6B8
:107E90000101684600F045FE88B942F603016846D4
:107EA00000F03FFE58B942F60201684600F039FE84
:107EB00028B94FF42451684600F033FE08B1062477
:107EC00005E0009800994088B0432843488002B0FC
:107ED000204670BD30B504460CA085B090E829104E
:107EE0008DE829100020042A16BF022A0C20102237
:107EF0006844F9F7AFF80098206001986060029834
:107F0000A0600398E06005B030BD0000FB349B5FCB
:107F10008000008000100000000000002DE9F74FF5
:107F20008AB04FF00008BDF828000E461546CDF87F
:107F3000088002A9CDF80C80834600F0A5FA040061
:107F40006DD14FF4205102A800F0EBFDDFF8509105
:107F50004FF0010A09F1080728B942F6010102A809
:107F600000F0DFFD98B1012304AA01A902A8CDF811
:107F700000A000F03BFB040051D19DF804203280AA
:107F800004A909F10800F9F765F82F607BE042F6D3
:107F9000030102A800F0C5FD40B30BF1010080B25F
:107FA000CDF82080CDF82480ADF8280008A900F095
:107FB0006BFA040032D1002304AA01A908A8CDF865
:107FC00000A000F013FB9DF8042004A9D01C308011
:107FD00008984088000A89F80800BDF82800A9F828
:107FE000090009F10B00F9F735F832E042F6020119
:107FF00002A800F096FD70B302988188C1F30B01CE
:10800000084408A98088ADF82800CDF8208080B207
:10801000CDF8248000F038FA040001D0802432E04A
:10802000012304AA01A908A8CDF800A000F0DEFAF7
:108030009DF8042004A9101D308008980088A9F834
:10804000080008984088A9F80A0009F10C00F9F71F
:1080500001F82F6017E0FFE74FF4245102A800F069
:1080600060FD0028029808D08188C1F30B01084404
:1080700002213180001D286005E0808810F4004F47
:1080800018BF062403D00DB02046BDE8F08F02993A
:10809000C0F30B000844011D296040883080F2E7DE
:1080A000F021012008B100F0DFB902480021016091
:1080B00041607047F021012010B508A184B091E81B
:1080C0001A108DE81A108189ADF80C1010230246A1
:1080D0001946684600F0C4F804B010BDFB349B5F3D
:1080E00080000080001000000000000010B508A112
:1080F00084B091E81A108DE81A10C1681023024666
:1081000003911946684600F0ABF804B010BD0000BA
:10811000FB349B5F80000080001000000000000026
:108120002DE9FF5F8146DDE910AB00270120DDF876
:1081300038801D461446012B0FD944B104EBD00101
:1081400000F007020978D14011F0010F01D0791C2D
:10815000CFB2401CC0B2A842EFD307EB470000EB00
:10816000C700162101EB4000032109F0F9FEB9F820
:108170000010018047710F9941802BF0600101715F
:10818000BDF80410C180002301210646012D27D926
:1081900044B104EBD10001F007020078D04010F0A8
:1081A000010F19D003EB43020AEBC10002EBC3023B
:1081B00006EB4202B0F806C0A2F828C0B0F804C02E
:1081C0002CF4C04CA2F82AC0B0F802C0A2F826C015
:1081D0000088D082581CC3B2481CC1B2A942D7D370
:1081E000304600F06FF807001DD13088A9F8000074
:1081F0000020014612E044B104EBD10201F0070374
:108200001278DA4012F0010F06D099F800200244EB
:10821000401C08F80120C0B2491CC9B2A94202D2D0
:10822000B8F1000FE7D1304609F014FE04B038462B
:10823000BDE8F09F70B50D46002400F0ABF90028B2
:1082400008BF012403D0807A20F060002870204607
:1082500070BD07B5022302AA00F002F803B000BD0A
:1082600070B5002488B01D461646022906D00429A0
:108270000CD0102912D0102D21D10FE0022DFAD1EF
:1082800002223146F8F711FFC8B917E0042DF2D1E8
:1082900004223146F8F709FF88B90FE00A46014683
:1082A0006846FFF717FE2A46314604A8FFF712FE7C
:1082B000102204A96846F8F7F8FE00B9012408B0B6
:1082C000204670BDF8B50746008800280CBF01267F
:1082D0000026384600F0EAFA050025D169463846FE
:1082E00000F0F6F905001FD10121BDF8000009F0EA
:1082F00037FE044601463346BDF80020384600F0FC
:1083000007FB0A480022016851B16AB9A388B1F895
:1083100004C063453DBF2160046001220846F2E7C6
:1083200012B90460002020602846F8BDF021012029
:108330002DE9F8438046089D0026174628680C461C
:10834000B146C8B90126404600F024F990B18188B1
:108350000026414504D1001D28600120287109E054
:10836000A8EB010101EB410100EB4100083028605E
:1083700085F80490002E73D14FF42051284600F068
:10838000D0FBB8B942F60101284600F0CAFB88B913
:1083900042F60301284600F0C4FB58B942F6020138
:1083A000284600F0BEFB28B94FF42451284600F0BF
:1083B000B8FB60B1002F04BF4FF4007020804FD095
:1083C000B7F5007F08BFA4F8009049D006E0286800
:1083D000002F4088208043D0384201D106263FE05C
:1083E00069464046FFF726FF2868808800F48051E0
:1083F0009DF8000000F00202114318BF0C26B7F5EB
:10840000805F04BF2178C1F381111BD00DDCB7F56B
:10841000007F04BF217801F0030113D0B7F5806F0E
:1084200018BFB7F5006F0AD00DE0B7F5005F04BFC5
:108430002178C1F3011105D0B7F5804F03D1217820
:10844000C1F38101218010F0100F18BF082607D159
:10845000C0F381008DF800002188814238BF208060
:108460003046BDE8F883000070B5064D286820B19D
:10847000046809F0EFFC2000FAD100202860686051
:1084800070BD0000F021012070B50C4605460126A4
:1084900000F080F880B181880026A94203D1001D38
:1084A0002060012007E0691A01EB410100EB410067
:1084B0000830206000202071304670BD70B50C4639
:1084C000064600254FF4205100F02BFBB8B942F6C8
:1084D0000101304600F025FB88B942F60301304621
:1084E00000F01FFB58B942F60201304600F019FBBC
:1084F00028B94FF42451304600F013FB10B1062583
:10850000284670BD33689A8812F4004FC2F30B00FE
:1085100004BF184400882080F2E70000F0B41C4D2E
:1085200001244FF0000CD5E9002303B306889F888F
:10853000BE421CD3DA88B2422CBF1A461A6816D340
:108540000CE003889688B34207D3D688B34205D996
:108550001268BCF1000F0AD000E006809388008802
:108560000024834206D1101D086001200AE0002A81
:10857000E7D109E0C01A00EB400002EB40000830F0
:108580000860002008716A602046F0BC7047000057
:10859000F0210120DFF850C010B40146DCE90002F0
:1085A0000023E2B194888C4219D8D088884229BF30
:1085B0001046106810BC704711E082888A4288BF5C
:1085C000002008D8C288914288BF006803D8CCF840
:1085D000040010BC7047002B1CBF10BC7047002863
:1085E000EBD110BC70470000F0210120F8B5944693
:1085F0000025069A0C460D700168002908BF012568
:108600005ED00679002E36D013B3897911F0600F51
:1086100008BF022109D0C1F34111012908BF04217B
:1086200003D002290CBF102100212170022904BFB0
:10863000006800F108013AD0042905D0102904BFD0
:108640000068018932D03BE00068018901442EE0D6
:108650004FF42050ADF80000887910F0800F1CBF57
:1086600042F60100ADF80000022222706946604621
:10867000F8F7F0FC24E0898811F4C04F08BF02210C
:1086800009D0C1F34131012908BF042103D00229D7
:108690000CBF102100212170022908BF016806D0FB
:1086A000042912BF10290068018809D1014439B199
:1086B00012B12278042A05D022786046F8F7CAFC65
:1086C0002846F8BD6046FFF705FC10202070F7E74C
:1086D0002DE9F047064600790D464FF0000910F0ED
:1086E000600F08BF022009D0C0F34110012808BF65
:1086F000042003D002280CBF102000201021298064
:10870000042808BF142026D0102804D0002808BF51
:108710004FF0400920E0B01DFFF7CEFC30B13079BA
:1087200020F060003071708AF08015E0B01DFFF716
:10873000DDFC0028288808BF10300CD0001D2880E0
:10874000307920F0600040F020003071D6F812003F
:10875000C6F8060000E028804FF000089CE008EB17
:10876000480000EBC80006EB4004608D10F4C04FD9
:1087700008BF022709D0C0F34130012808BF0427F1
:1087800003D002280CBF102700272888801D2880CE
:108790007FB104F116004FF420523946FFF759FD1E
:1087A00038B904F1160042F601023946FFF751FDCF
:1087B00010B14FF0400976E004F1160042F60212C3
:1087C0003946FFF746FD38B904F1160042F60312A8
:1087D0003946FFF73EFD48B1E08C10F4007F18BF2A
:1087E00010F4006F54D14FF056095CE004F116000C
:1087F00042F602023946FFF72CFD38B904F11600A3
:108800004FF424523946FFF724FD10B12888801D0B
:108810003DE004F1160042F603023946FFF719FD68
:10882000B0BB042F04BF2888001D23D0102F22D1F5
:1088300004F11600FFF740FC30B1608D20F4C04019
:108840006085608CE08216E004F11600FFF74EFCB4
:108850000028288808BF10300CD0001D2880608DAB
:1088600020F4C04040F400506085D4F82200C4F8E1
:10887000160000E02880608D10F4004F08D1218D93
:108880002888C1F30B01491D21F00101084428800B
:1088900008F1010000F0FF087079404503D9B9F1F3
:1088A000000F3FF45CAF4846BDE8F08730B40023CA
:1088B000B0F800C015491C46BCF1000F04BF0122EE
:1088C00002800DD11CE0D588AC4501D911463BB1E1
:1088D0000968407989886044884228BF012412E0F1
:1088E0000A68002AEFD10EE0B0F800C04579AC4428
:1088F0009588AC4507D3D288521C0280096813B909
:108900000A68002AF0D1204630BC7047F0210120CF
:108910002DE9F05F8146008888800E468C18B9F8F2
:10892000000099F805100844F08099F80500F072ED
:10893000B9F80200308199F80400B07299F8040087
:1089400010F0600F08BF022009D0C0F341100128C9
:1089500008BF042003D002280CBF102000200228EA
:1089600004BFB9F80600B0811CD0042802D010283A
:1089700008D017E0D9F8060044F8040DA01B001F2A
:10898000B0810FE0D9F8060044F8100DD9F80A00BC
:108990006060D9F80E00A060D9F81200E060A01B5A
:1089A000001FB08199F805004FF0000800288CBF27
:1089B0004FF0000BBDE8F09F08EB480000EBC8004B
:1089C00009EB4005688D10F4C04F08BF4FF0020A54
:1089D0000CD0C0F34130012808BF4FF0040A05D085
:1089E00002280CBF4FF0100A4FF0000ABAF1020F34
:1089F00006D0BAF1040F0AD0BAF1100F13D026E056
:108A000008EB480006EB4000E98AC1811FE0D5F879
:108A1000160044F8040D08EB480006EB4000211A4C
:108A20000E39C18113E0D5F8160044F8100DD5F8C1
:108A30001A006060D5F81E00A060D5F82200E06042
:108A400008EB480006EB4000211A0E39C18108EB03
:108A5000480106EB4107E88C388205F1160042F622
:108A600003025146FFF7F5FB002818BFA7F812B024
:108A70002FD105F1160042F602025146FFF7E9FB3D
:108A800038B905F116004FF424525146FFF7E1FBC7
:108A900040B1022024F8060D6080288DA080E01BE4
:108AA0000E3815E005F1160042F602125146FFF7A6
:108AB000D0FB38B905F1160042F603125146FFF714
:108AC000C8FB88B1688DC0F3003148F2020014E0A1
:108AD000788208F1010000F0FF0899F80500404590
:108AE0003FF66AAFBDE8F09F688D10F4004F06D0E6
:108AF000298D00F47040C1F30B010843E8E7288D8D
:108B0000C0F30B00411D21F00101641A2080E01B1D
:108B1000A4F802B00E387882698D01F470410843E0
:108B2000D6E702460020137912688BB1002A08BFED
:108B30007047B1F5205F09D0927912F0800F08BF1D
:108B4000704742F60102914218BF704701207047FA
:108B5000002A08BF7047538813F4C04F04BF12881F
:108B60008A42F3D07047000070B50E4D044655F8A8
:108B70002400406A00280CBF01200020002818BFF4
:108B800070BD55F82400243002F0C6F909F062F9EE
:108B900055F82400406A00280CBF0121002100295B
:108BA000EFD070BD2007002070B5084D044655F881
:108BB0002400C16B002908BF70BDA1F10C0009F0B1
:108BC0008FFA55F824100020C86370BD20070020DC
:108BD00070B50E4D044655F82400C06A00280CBF3D
:108BE00001200020002818BF70BD55F824002C304B
:108BF00002F092F909F02EF955F82400C06A002815
:108C00000CBF012100210029EFD070BD20070020FA
:108C10002DE9F34F85B006460698A0F1040B00201D
:108C20008046019006984178032040EA062A0129EF
:108C30000CD0804C54F82600406A00280CBF01205C
:108C40000020002800F0D58000F0E3B8BBF8000059
:108C5000002871D1774951F82600446A002C14BFCE
:108C600000200120002867D181464F464D46002C48
:108C700062D0002002900390E08A02A9FFF704FC72
:108C800060890490B4F80880002002AAADF80000C2
:108C900069461046FFF712FC50B9BDF80010884530
:108CA00028BF072004D2049A42448A4288BF0D207C
:108CB0005FEA00084FF00100ABF800000CD1E08A39
:108CC000484504D08146E78800202546A0802089B9
:108CD000B84220D94FF007080699E48A4FF01700F0
:108CE0000D78009053464FF001024FF004013046DA
:108CF00009F074FF4570448080F804800AF0BCF9E4
:108D00004C4C54F82600406A00280CBF012000207B
:108D1000002838D010E018BFA54204D0E780608951
:108D20002546A08005E06189084487B2A8880844E8
:108D3000A8802468002C9CD1DFF8F89059F8260010
:108D4000446A002C0CBF0120002000287FF471AF82
:108D50000027E08AFFF71EFC0189807A10F0010FDE
:108D600018BF41EA0621A0885246801D83B240F612
:108D7000154009F083F9E18A0180A1888180218969
:108D80000546418029E054F82600243002F0C4F85A
:108D900009F060F854F82600406A00280CBF012052
:108DA00000200028EFD0C7E72888E18A88421AD13E
:108DB000E819628904F11C01801DF8F74BF96089FC
:108DC000D4F80080384487B259F82600243002F0E5
:108DD000A3F8204609F03EF8444624B1A888B842DA
:108DE000E2D80028E0D0284609F082F9012001905D
:108DF0001CE054F82600243002F08EF809F02AF81E
:108E000054F82600406A00280CBF012000200028EA
:108E1000EFD0B8F1000F09D1172000905346192266
:108E20000421304609F0DAFE0AF026F9019807B06D
:108E3000BDE8F08F200700202DE9F04F8BB04FF0F8
:108E4000000A0746CDF818A0CDF81CA04888ADF858
:108E5000100031F8040CDFF880810C460E1F48B971
:108E6000384606F0B1FB401E30806088A1888842F9
:108E70001AD8C8B10DF1180B04F10609A088ADF895
:108E8000140008A809A9CDE90210CDE9009B02232E
:108E900005AA04A9384600F043F9050006D00A2DBA
:108EA00050D0062D7ED03AE001254BE0E088B0F5A9
:108EB000205F1CBF42F60101884209D1BDF82400A1
:108EC000217AC3B204F10A00089AFFF7C9F950B930
:108ED0002289BDF82400824221D104F10A000899B8
:108EE000F8F7E3F8D8B90221082009F039F801466B
:108EF000BDF810008880BDF81400C88058F827001D
:108F0000083E2C3002F011F858F82700C06B30B141
:108F10000C3809F0E5F858F82700C0F83CA0BDF877
:108F20001400401CADF81000A088BDF81010884255
:108F300006D3BDF81410884202D0308804289DD290
:108F4000062D42D058F827002C3002F007F850B315
:108F50004FF6FF7101EA8006032040EA0723002450
:108F6000072204213846009609F038FE0146468063
:108F700058F82700C06A98B10A19838813711B0A30
:108F80005371A21C1FFA82FC01EB0C02C3881371FF
:108F90001B0A537100680CF1020294B20028EBD155
:108FA000084601E011E002E00AF066F806E02178E8
:108FB0000A23BDF81020384600F0D1FE062D1EBF52
:108FC00000200BB0BDE8F08F02E0BDF8100060801B
:108FD0000BB00120BDE8F08F200700202DE9F04FF5
:108FE00085B00E46814606F0EFFA801E1FFA80FB20
:108FF0007088B1880024DFF824A1D84688420DD8B3
:1090000060B1ADF8040000200290039002A901A80D
:10901000FFF784FA070003D00A273AE0012738E077
:10902000B088BDF8041088422AD30221182008F025
:1090300097FF0546012000900023EA1DA91D02A804
:10904000FFF7D4FA0746BDF80400A880002C08BF3B
:10905000AC79A879A04203D0284608F0FBFE18E0BE
:109060005AF8290029462C3001F05FFFA8EB0400D4
:10907000801E1FFA80F8BDF80400401CADF8040003
:10908000B188BDF80400814203D310B1A01C804513
:10909000BCD25AF82900C06A00280CBF0120002069
:1090A00048B1002F08BF0A27728831783B464846EE
:1090B00000F055FE2DE0ABEB0807B8B2009003209E
:1090C00040EA0923002605220421484609F086FDCE
:1090D0000546022C14BF02200120687068883844BD
:1090E00068805AF82900C46A84B1A919A0888880C8
:1090F000B01C86B2A819A279E11D001DF7F7AAFFDE
:10910000A0792468304486B2002CEED1284609F0BC
:10911000B3FF05B00020BDE8F08F0000200700205D
:109120002DE9FF4F87B04FF00009DDE9157B0D8871
:10913000DDF85CA016460C46C84639462046FFF7C7
:10914000EDF928B130882080B9F1000F30D019E056
:1091500020883188884212D8002302AA06A93846FE
:10916000CDF80080FFF742FA9DF8183002AA0A995C
:109170001498FFF775F828B92088401C2080B9F1B1
:10918000000F0FD022883B460021079800F05AF8C4
:10919000397981462588384600291CBF38684588BA
:1091A00040D109E0318880B2884201D80028C4D17A
:1091B0004FF00A09258040E042F60301FFF7B1FCB9
:1091C00040B3CDF800802846CDF80480FFF7E2F9DF
:1091D0000746681C4FF0000885B21CE06946284627
:1091E000FFF752F942F603016846FFF79AFC78B997
:1091F00042F602016846FFF794FC48B90021684630
:10920000FFF78FFC20B9681C85B2B8F1000F02D0BF
:10921000681E85B206E0F888A84224BFB888854257
:10922000DCD8FD883580B9F1000F06D1218853467E
:109230005A46079800F056F881460BB04846BDE8FC
:10924000F08F00002DE9F041002682B094460D46D3
:109250008046062988BF06243ED8214905EB4500F3
:10926000009301EB400731F810207B8801A960468C
:10927000FFF75EF80446062808BF3C7904D00C2CA2
:1092800004BF0126002400D034BBBDF8040018B38D
:10929000404603F0E5FFF0B1032D0CD0012140461C
:1092A00003F0ACFF78B136B1404603F059FC10280A
:1092B00038BF0C2410D3404603F0D2FFBDF8041091
:1092C000814209D907E00221404603F097FF0028B8
:1092D00018BF0F2400D1052402B02046BDE8F0815C
:1092E000E8AF01082DE9F0410E461D4904469046BD
:1092F00051F824001F46C06B90B10288B2420CD1D5
:109300000579062D08BF80254088A8F8000051F88F
:109310002400C06B401D186008E02046FFF744FCA5
:109320003A4641463046FEF7F9FD0546062D14D172
:109330003046FFF72FF90189807A10F0010F18BF2E
:1093400041EA0421032040EA0422022340F61340AC
:1093500008F094FE068008F0CBFE2846BDE8F081B8
:10936000200700202DE9F05F0D460446097A03200E
:10937000FF264FF0000A40EA04291E291CBF0C20DA
:10938000434F35D017F830208A4278D1DFF8048176
:1093900058F82400406B002814BF4FF0000B4FF02A
:1093A000010B484608F01EFF10F0100F18BF4FF0D9
:1093B000000BA5F10C0158F82400343001F0B5FD84
:1093C0000126A5F804A0BBF1000F5DD058F82400D9
:1093D000456B002D58D00022297D05F110030C208B
:1093E00017F830C08C4517D107EBC000426817E072
:1093F0000021204606F0F0F8132818BF142809D1E0
:10940000494640F61D4009F023F800221146204647
:1094100006F0EEFA564637E0401E40B20028DFDA8A
:10942000191D2046904720B101282DD002281FD0B9
:1094300021E058F82400C06A002814BF0020012051
:1094400078B958F824002C3001F066FD08F002FDD0
:1094500058F82400C06A00280CBF01200020002812
:10946000EFD058F82400343001F056FD08F038FEF3
:1094700058F82400456B002DADD105E0FFE7401EF4
:1094800040B20028BFF67EAF3046BDE8F09F000036
:109490000CB0010820070020F8B50F46054604F07F
:1094A00071FE064600200090032040EA0523024694
:1094B0000421284609F092FB044604F063FE0246AC
:1094C0007888824238BF10460146284606F006FBDF
:1094D0006680204609F0D0FD0020F8BD2DE9F04F50
:1094E0000646002085B0804602908346039031F8FE
:1094F000040C0C460D1F40B9628802AB01213046B6
:10950000FFF7A0FE5FEA00085BD1DFF854C100213D
:1095100062885CF82630032747EA062A586A38B181
:1095200059B9B0F8169091450CBF01210068F6E7D3
:10953000002904BF288800282AD003F1340001F054
:10954000EBFC00902A880746C2F30B0C444AE088E3
:10955000A38852F8262061884FF00008556A81469A
:10956000002D0CBF0122002262B378813C483B8170
:10957000A7F806C050F82600456A7DB3EA8A8A42F9
:109580002ED93A462946243001F09EFC3DBB2AE004
:109590001046FEF7FFFF0189807A10F0010F18BF17
:1095A00041EA06210223524640F6174008F066FDC4
:1095B0006188018008F09CFD4FF0010BB8F1000FAD
:1095C0002ED027E0AA8840F205250244AA428CBF8B
:1095D0004FF011081FFA82F9C7D911E003E009E042
:1095E0002D68002DCAD11E48394650F82600243077
:1095F00001F09BFC1A4850F82600406AA0F804903D
:10960000B8F1000F10D01648009950F826003430F9
:1096100001F099FC628821784346304600F09FFBB8
:1096200005B05846BDE8F08FE088009053461722F9
:109630000421304609F0D2FA054660886880E28845
:10964000EA8004F1080105F10800F7F703FDA0889E
:10965000A880284609F010FD4FF0020BE0E700005B
:10966000200700202DE9F041264E044656F824003C
:10967000456B002D14BF244FBDE8F08105F1100C9F
:109680000022287D0C2117F83130834203D107EBEB
:10969000C100426803E0491E49B20029F3DA0CF127
:1096A00004012046904730B1012808BFBDE8F08191
:1096B00002281FD021E056F82400C06A002814BFF9
:1096C0000020012078B956F824002C3001F024FC49
:1096D00008F0C0FB56F82410C86A00280CBF01210E
:1096E00000210029EFD056F82400343001F014FC9A
:1096F00008F0F6FC56F82400456B002DBED1BDE8FD
:10970000F0810000200700200CB00108F0B585B002
:1097100007460020029003900C464A88014602AB9F
:109720003846FFF78FFD050007D1618804AB01AA19
:109730003846FFF7D7FD05000AD0062D41D06288D4
:1097400021782B46384600F00AFB062D39D035E04B
:10975000A088BDF80410884288BF0725EFD80D1AED
:10976000384605F031FF401EA84288BF284685B222
:10977000BDF804000090032040EA07230D220421D5
:10978000384609F02BFA45800646A08804992A46F7
:109790000144301DF7F75EFC304609F06DFCA088EF
:1097A000BDF804102844884208D1384605F00CFF63
:1097B000401EA8421CBF3846FFF7F6F9002005B04E
:1097C000F0BD05B00120F0BD2DE9F04F8BB04FF09A
:1097D00000088146CDF82080CDF824804888ADF877
:1097E000140031F8040C0C460D1F474658B9484682
:1097F00005F0EAFE801E28806088A188884200D893
:1098000008B94FF00108DFF8A8B15BF82900C06A79
:1098100000280CBF01210021002908BF8779B8F179
:10982000000F04BF04F108000A9011D1A088ADF820
:1098300018000A9807AB04AA08A98DE80F00A379BD
:1098400006AA05A94846FFF76BFC5FEA000843D06B
:10985000B8F1060F04BFBDF8140060807DD05BF83E
:1098600029002C3001F07AFB002877D05BF8291012
:1098700000261122CC6A217A091D484387B20320B1
:1098800040EA092304214846009709F0A7F9054654
:109890004780207A011D6970D4B1A819A18801718F
:1098A000090A4171B01C82B2A818E1880171090A45
:1098B0004171901C86B2A819227A04F10901001D99
:1098C000F7F7C8FB207A2468304486B2002CE4D134
:1098D000284609F0D1FB5FE0BDF810108F4218BF99
:1098E000002FBCD128884FF0FB02A0F10400FB2818
:1098F00028BF1046814238BF084686B2022106F1D1
:109900000C0008F02DFB8246BDF81070BDF8140065
:10991000AAF80400BDF81800AAF806008AF8086042
:1099200032460AF109000799F7F794FB2888514657
:10993000801B001F28805BF829002C3001F0F5FA0D
:10994000BDF8100086420DD15BF82900C06B48B10C
:109950000C3808F0C5FB002001E024E015E05BF8BE
:109960002910C863BDF81800411C89B2ADF8141065
:10997000A2888A42FFF473AF82423FF470AF288816
:10998000391D8842BFF452AF69E721784346BDF8DC
:109990001420484600F0E3F9B8F1060F1EBF00207E
:1099A0000BB0BDE8F08F01200BB0BDE8F08F0000D8
:1099B000200700202DE9F04F8BB04FF000088146C2
:1099C000CDF81880CDF81C804888ADF8140031F827
:1099D000040C0C460D1F474658B9484605F0F4FDE7
:1099E000801E28806088A188884200D808B94FF07E
:1099F0000108DFF88CA15AF82900C16A00290CBFC0
:109A000001200020002808BF8F79B8F1000F04BFA3
:109A100004F108000A9011D1A088ADF820000A983E
:109A200009AB04AA06A98DE80F00A37908AA05A925
:109A30004846FFF775FB5FEA00083BD0B8F1060F18
:109A400004BFBDF8140060807ED05AF829002C3085
:109A500001F084FA002878D05AF82910002609224B
:109A6000CC6AA179891C484387B2032040EA0923C4
:109A700004214846009709F0B1F805464780A079CF
:109A8000811C697094B1A819A1880171090A4171FA
:109A9000B01C86B2A819A279E11D001DF7F7DAFA09
:109AA000A0792468304486B2002CECD1284609F015
:109AB000E3FA5AE0BDF810108F4218BF002FC4D14E
:109AC00028884FF0FD02A0F10200FD2828BF1046B3
:109AD000814238BF084686B2022106F1080008F02C
:109AE0003FFA8346BDF81070BDF81400ABF80400CF
:109AF0008BF8066032460BF107000999F7F7AAFACE
:109B000028885946801B801E28805AF829002C304E
:109B100001F00BFABDF8100086420AD15AF829006C
:109B2000C06B30B10C3808F0DBFA5AF8291000206D
:109B3000C863BDF82010481C80B2ADF81400A2889C
:109B4000824282D38A4201E016E007E03FF47DAF13
:109B50002888B91C8842BFF45FAF76E72178434676
:109B6000BDF81420484600F0FAF8B8F1060F1EBF01
:109B700000200BB0BDE8F08F01200BB0BDE8F08FE6
:109B8000200700202DE9F04F85B00025DFF82CB12B
:109B90008146029503955BF8290088462C3001F038
:109BA000DDF9064638F8040CA8F1040400283FD17A
:109BB000484605F009FD401E208039E008EB4607C5
:109BC00002ABBA8800214846FFF73CFB050061D193
:109BD000B98801AB6A464846FFF784FB050027D1E8
:109BE000BDF800002788B84238BF0746022107F1B8
:109BF000080008F0B5F9878082463A46801D019931
:109C0000F7F728FA5BF8290051462C3001F08DF95E
:109C10005BF82900C06B30B10C3808F061FA5BF8D2
:109C200029100020C8632088C01B2080701C86B2C9
:109C3000B8F80200B04204D9208810B1002DBDD080
:109C400028E03DBB484605F0BFFC21880027401AAC
:109C5000401E84B2032040EA09230F220421484613
:109C6000009408F0BBFF824644805BF82900C46A78
:109C700064B10AEB0700A288A11D001DF7F7EAF9FD
:109C8000A0882468384487B2002CF2D1504609F0ED
:109C9000F3F975B1062D02BF012005B0BDE8F08FC4
:109CA00008EB460098F8001082882B46484600F0E2
:109CB00056F805B00020BDE8F08F00002007002016
:109CC00070B586B006460020029003900C464A8884
:109CD000014602AB3046FFF7B5FA030007D16188B1
:109CE00004AB01AA3046FFF7FDFA03000AD0062BA9
:109CF00002BF012006B070BD62882178304600F0B6
:109D00002EF829E0BDF80440304605F05DFC401E09
:109D1000844238BF204684B2032040EA06230B2247
:109D200004213046009408F059FF4480054622463D
:109D3000001D0499F7F78EF9284609F09DF9BDF842
:109D40000400844208D1304605F03EFC401EA0428B
:109D50001CBF3046FEF728FF002006B070BDF8B5E6
:109D600015460C461E461721032242EA00230091A5
:109D70000122042108F032FF447045800671BDE8DD
:109D8000F84009F079B92DE9F04385B0804600200C
:109D90000290039008788A880C4612280CBF042190
:109DA000052102AB4046FFF74DFA07002DD1E588AB
:109DB000404605F009FCC01E854238BF284686B2E1
:109DC000032040EA08290096207812280CBF1B22A5
:109DD0001D224B460421404608F000FF0546A0889E
:109DE0006880AE80324604F10801A81DF7F732F909
:109DF000284609F041F92078122806D040F6B832FA
:109E0000494640F61D4008F089FB05B03846BDE8DC
:109E1000F0832DE9F0410446069D1F46164688460C
:109E20002846FEF7B7FB0189807A10F0010F18BFB2
:109E300041EA0421B01D83B2032040EA042240F627
:109E4000154008F01BF9058086800446478032469D
:109E50004146801DF7F7FEF82046BDE8F04108F0C6
:109E600047B92DE9F04184B00025029503950C46D1
:109E70004A8880462F4602AB0221FFF7E3F9B8B9C2
:109E8000A68802A8ADF800506946FEF717FB28B96E
:109E9000BDF8001000290BD98E4209D840B960885E
:109EA0000090A2880023A11D4046FFF7B2FF0127C2
:109EB00004B03846BDE8F0812DE9F04184B00025BA
:109EC000029503950C464A8807462E4602AB0121AF
:109ED000FFF7B8F990B9B4F8048002A8ADF80050C3
:109EE0006946FEF7EBFA40B9BDF80010002998BFAB
:109EF000072002D9884588BF0D2048B162880346F3
:109F000021783846FFF72BFF04B03046BDE8F081DA
:109F100060880090A2880023A11D3846FFF779FFD2
:109F20000126F1E708B53AB1134601B00A461221FD
:109F30005DF804EBFFF713BF00210091032141EA14
:109F400000231322042108F049FEBDE8084009F06F
:109F500093B82DE9F04184B000250095019506469F
:109F600088880C460C3887B24A88A8466B4603217D
:109F70003046FFF767F9002833D16846ADF808503E
:109F800002A9FEF79BFA40B9BDF80810002998BF56
:109F9000072002D98F4288BF0D2010BBA088C01DAA
:109FA00083B2032040EA0622052040EA062140F65B
:109FB0002F6008F063F8054618202870A088C01CA0
:109FC0006880D220287161886971090AA971A28804
:109FD000A11DE81DF7F73EF8284608F089F84FF074
:109FE000010804B04046BDE8F081000010B5044609
:109FF0000020134908704FF2FF711248F9F7F5FB82
:10A0000001211048F9F7E5FB0122002150040EF070
:10A01000D5FF08B9002010BD00219020FCF742FCBC
:10A0200008B90020F7E700F005FF21460548F9F7D9
:10A030002FFD0422012104480EF0C0FFEBE70000D1
:10A040002C010020005400400400001010B5002036
:10A05000F6F764FBF6F719FA01F0F3FAF6F739FBB5
:10A0600001F0DAFA002010BD10B500F041F8F6F763
:10A0700053FAF6F72EFB01F0E4FA002010BD10B5FC
:10A080000120F6F74BFBF8F717FDFDF76DFD0020FB
:10A0900010BD000010B547F2572340F65222104978
:10A0A000BB200CF0B5F90CF071FA4CF6ED634FF4EF
:10A0B000EE720C49BB200CF0ABF940F277234FF461
:10A0C00048620949CC200CF0A3F946F2F573BA2294
:10A0D0000649DD200CF09CF90CF058FA002010BD68
:10A0E000A0950108F29F0108CEA101084EAE01081B
:10A0F00010B5202202490348F6F7ACFF002010BD3E
:10A1000018AF0108E41101200648006838B106487C
:10A11000006820B10548006808B901207047002098
:10A12000FCE7000070000020D40400207400002030
:10A1300010B5044624B10A48006808B1012000E0C7
:10A140000020084908600846006810B1012006494F
:10A15000086004480068FCF7BFFE00F09DF810BDE1
:10A16000D4040020700000207800002030B5B3B087
:10A17000054600200190002460211BA8F6F783FF0C
:10A18000092236A11CA8F6F765FF112236A12CA8DA
:10A19000F6F760FF02208DF890000A218DF89110EB
:10A1A00000218DF8921003208DF8AF004FF6E76084
:10A1B000ADF8C4000121ADF8C6100A21ADF8C810F1
:10A1C0002E491BA800F00CFE01202D4908603BE041
:10A1D0000320FCF799FF0AF0BFF804E002A80CF096
:10A1E000D7F80BF09DFFFFF78FFF38B10023162241
:10A1F00002A924480AF004FF0028EFD020460CF002
:10A2000083F806E0089C01A908A80CF09BF80BF065
:10A2100087FFFFF779FF38B100234C2208A91A48BD
:10A220000AF0EEFE0028EDD00BF07AFF012017496E
:10A2300008700320FCF7A2FF4FF0FF3114480BF029
:10A24000CDF9002011490870124800680028BFD0DD
:10A2500000200B49086033B030BD000053704F320E
:10A260002D52696E6700000033333A32323A33338D
:10A270003A44423A33303A4130000000CDA8000859
:10A2800050000020CC410020504000204C00002015
:10A29000304000207400002010B50348006810B161
:10A2A00002480BF073F910BD500000203040002030
:10A2B00010B54FF400510248F9F782FA10BD0000C2
:10A2C0000010014010B54FF400510248F9F77AFA36
:10A2D00010BD00000010014010B500210A48F9F738
:10A2E000DDFA00210948F8F759FE00210648F9F780
:10A2F000E1FA06498039C801F8F79CFD00200449BD
:10A300000870FCF785FA10BD005400408000024040
:10A310003601002001480078704700003601002017
:10A3200010B500210B48F9F7B9FA00210A48F8F7EF
:10A3300035FE00210748F9F7BDFA01210548F9F774
:10A34000D1FA05498039C801F8F774FD00200349A6
:10A35000087010BD0054004080000240360100200B
:10A3600070B58CB006460C46154624B1022D02D3BA
:10A370003148007810B100200CB070BD3046FFF7B6
:10A3800035FE00B954E001219020FCF78BFA00B9AA
:10A390004EE02A48F8F75AFD01A8F8F735FE28489C
:10A3A000019002940020039004950590802006906F
:10A3B00000200790089009904FF440500A90002028
:10A3C0000B9001A91D48F8F701FE1C498039C8010E
:10A3D000F8F730FD01220A211848F8F72DFD112069
:10A3E0008DF8000001208DF8010002208DF8020098
:10A3F00001208DF803006846FAF7EEF801211048B5
:10A400001038F9F7E6F900F015FD01210C48103875
:10A41000F9F750FA01200849087001210748F8F7B8
:10A42000BDFD012106481038F9F738FA0120A3E7ED
:10A43000FCF7EEF900209FE7360100208000024083
:10A440001054004000B585B001214805FAF776FAAE
:10A4500001210920FAF792FA04A8F9F7A0F9C0201F
:10A46000ADF810001C208DF8130003208DF81200A9
:10A47000BDF810101648F9F7A5F904A91448F9F722
:10A4800003F91448F9F7C0F96846F9F7E5FA1248F4
:10A4900000900020ADF804004BF6FF70ADF8060008
:10A4A0000020ADF808004FF48060ADF80A0000010C
:10A4B000ADF80C0069460748F9F73EFA0121054856
:10A4C000F9F7E0F901210846FAF718FA05B000BDDE
:10A4D000000C014000540040A086010010B5044665
:10A4E0000020134908707F2C0BD801220021500452
:10A4F0000EF064FD28B16106080E0021FCF7D2F9C8
:10A5000018B9FCF785F9002010BD00F093FC01217B
:10A510000848F9F7E7F90822002190030EF04EFDF4
:10A5200018B9FCF775F90020EEE70120ECE7000010
:10A530002C0100200054004038B501210920FAF711
:10A540001DFA6846F9F72BF9C020ADF80000142079
:10A550008DF8030003208DF8020069460F48F9F7D3
:10A5600093F880200D49103108604020086007F002
:10A5700075FB00240CE0402008491431086007F006
:10A580006DFB402005491031086007F067FB641C33
:10A59000092CF0DB00F092F838BD0000000C0140FF
:10A5A00070B50546002480201E490860002615E08D
:10A5B0006006040E40201B49091D086007F04EFB91
:10A5C00040201849086007F049FB16480838006821
:10A5D00000F0800008B144F00104761C082EE7DB8F
:10A5E00040201049091D086007F038FB25B1802084
:10A5F0000C49091D086002E080200A49086007F044
:10A600002DFB40200749086007F028FB4020054942
:10A61000091D086007F022FB8020024908602046DF
:10A6200070BD0000100C014070B504460E46154682
:10A630000DB9042070BD00F027F86106080E00F087
:10A6400057F818B100F03AF80120F3E7304600F06F
:10A650004FF818B100F032F80220EBE700F014F8E0
:10A66000012101EB4401C8B200F042F818B100F03A
:10A6700025F80320DEE70020FFF792FF287000F0A6
:10A680001DF80020D6E7000010B580200A490860B8
:10A6900007F0E4FA40200849086007F0DFFA80205C
:10A6A0000549091D086007F0D9FA40200249091D33
:10A6B000086007F0D3FA10BD100C014010B540201F
:10A6C0000A49086007F0CAFA80200849086007F0C4
:10A6D000C5FA40200549091F086007F0BFFA80202D
:10A6E0000249091F086007F0B9FA10BD140C0140B7
:10A6F00070B5044600261AE040201C49086007F0A7
:10A70000ADFA04F0800020B180201849091F0860CC
:10A7100002E08020154908606006040E07F09EFAEA
:10A7200040201249091F086007F098FA761C082E8D
:10A73000E2DB40200D49086007F090FA80200B49C9
:10A74000091F086007F08AFA40200849091F0860BD
:10A7500007F084FA05480C380068C0F3C0154020A3
:10A760000249086007F07AFA284670BD140C0140CF
:10A7700008B501211520FAF701F901214FF0C05069
:10A78000FAF7DCF80120F9F769FF0020F8F77CF907
:10A790004FF400612348F9F713F840212148F9F7F5
:10A7A00011F84FF400512048F9F70AF86846F8F715
:10A7B000F6FF4FF40060ADF8000010208DF80300A4
:10A7C00003208DF8020069461648F8F75DFF4FF444
:10A7D00000611448F8F7F4FF4020ADF800001020A5
:10A7E0008DF8030003208DF8020069460D48F8F744
:10A7F0004BFF40210B48F8F7E5FF4FF40050ADF850
:10A80000000010208DF8030003208DF80200694637
:10A810000548F8F739FF4FF400510348F8F7D0FF27
:10A8200008BD0000000801400010014010B54FF4C1
:10A8300000610448F8F7C4FF4FF400510248F8F7EC
:10A84000BFFF10BD000801400010014008B5012104
:10A850001520FAF793F801214FF0C050FAF76EF87F
:10A860000120F9F7FBFE0020F8F70EF94FF4006124
:10A870001448F8F7A7FF4FF400511348F8F7A2FF68
:10A8800010208DF8030003208DF802004FF40060C3
:10A89000ADF8000069460B48F8F7F6FE4FF400509B
:10A8A000ADF8000069460848F8F7EEFE4FF4006185
:10A8B0000448F8F787FF4FF400510348F8F782FF88
:10A8C00008BD000000080140001001402DE9F041E2
:10A8D00004460D4616461F46012C0ED1144800684A
:10A8E000401C1349086003201249087000201249D7
:10A8F00008600120FCF77EFA15E0022C0DD10F480C
:10A900000068401C0D49086004200A4908700020B6
:10A9100009490860FCF76EFA05E0032C03D1B1B2D7
:10A92000284605F0CFFBFFF7B7FCBDE8F08100003B
:10A930005C0000204E00002070000020600000201D
:10A940002DE9F04792B00025202108A8F6F79BFBDF
:10A950000FF2DC3A0D21FB4801750721817530208B
:10A96000F84908823021F748418201210176F648F2
:10A97000006800287DD0202600240EE0F2490968F6
:10A98000091D085DF9F7A5FB30B9EF480068001D07
:10A99000005D08A948556D1C641CB442EED3032D1C
:10A9A00030D3681CC1B2E74890F8792090F879005C
:10A9B000401CE44B83F8790003F15A0081540921CB
:10A9C0005A3890F8792090F87900401C83F8790083
:10A9D00003F15A008154194691F879200146501824
:10A9E0002A4608A9F6F736FBD64890F8790028449D
:10A9F000D44981F879002A4608A9D2482430F6F7CC
:10AA000029FB74E0172102A8F6F73DFBCF4903C9E3
:10AA1000CDE900010627781CCA4991F8792091F800
:10AA20007910491CC74B83F8791003F15A018854F7
:10AA30000921184690F8792090F87900401C83F895
:10AA4000790003F15A008154194691F879200146A2
:10AA500050183A466946F6F7FDFABA4890F8790078
:10AA60003844B84981F879002A4608A9B548243005
:10AA700000E002E0F6F7EEFA39E0172102A8F6F757
:10AA800002FBB249083103C9CDE900010627781C51
:10AA9000AC4991F8792091F87910491CA94B83F8B9
:10AAA000791003F15A0188540921184690F8792049
:10AAB00090F87900401C83F8790003F15A00815422
:10AAC000194691F87920014650183A466946F6F73A
:10AAD000C1FA9C4890F8790038449A4981F8790085
:10AAE0002A4608A997482430F6F7B4FA00BF9648DA
:10AAF0000068D0B19448006890F8432092480168FB
:10AB0000243190487A30F6F7A5FA00218E48006883
:10AB100090F843208B487A3081548B48006890F835
:10AB20004300884981F8990013E0202287491031B9
:10AB30006846F6F78FFA83487A30009901600199E8
:10AB40004160BDF8081001810A207E4981F8990012
:10AB500000BF00207B4981F84700032081F84800AE
:10AB600079480068002872D05046F6F797FA142802
:10AB700003D25046F6F792FA00E01420064600246D
:10AB8000B5E0714800684430005D98B16E480068D7
:10AB90004430005D30280DDB6B4800684430005DB8
:10ABA000392807DC684800684430005D303800F020
:10ABB000FF0832E0644800684430005D98B16248A4
:10ABC00000684430005D61280DDB5F480068443058
:10ABD000005D662807DC5C4800684430005D57383B
:10ABE00000F0FF0819E0584800684430005D98B153
:10ABF000554800684430005D41280DDB524800682C
:10AC00004430005D462807DC4F4800684430005D52
:10AC1000373800F0FF0800E06CE04B480068443033
:10AC2000611C405CA0B1484800684430405C30285A
:10AC30000EDB454800684430405C392808DC424857
:10AC400000684430405C303800F0FF0935E08AE0AD
:10AC50003D4800684430611C405C98B13A48006847
:10AC60004430405C61280DDB374800684430405C6C
:10AC7000662807DC344800684430405C573800F0F0
:10AC8000FF091AE0304800684430611C405C98B10C
:10AC90002D4800684430405C41280DDB2A4800689C
:10ACA0004430405C462807DC274800684430405C5C
:10ACB000373800F0FF0900E01CE05046F6F7EEF9E7
:10ACC000A11C88420BD9204800684430405C28B160
:10ACD0001D4800684430405C3A2800D00AE0032058
:10ACE000B4FBF0F010A909EB08120A54E41CB442BA
:10ACF000FFF447AF00BFB4422AD39DF84500114985
:10AD000081F853009DF844100E4880F854109DF8C7
:10AD1000431080F855109DF8421080F856109DF8A9
:10AD2000411080F857109DF8401080F8581025E029
:10AD300031323A33343A35363A41423A43443A456D
:10AD40004600000024110120CC04002038AF010887
:10AD500011A103C9CDE90601114806990160BDF8AA
:10AD60001C1081800AE00CA103C9CDE906010C4842
:10AD700006990160BDF81C10818000BF00200849C1
:10AD8000533981F85900642081F89A00012005495F
:10AD9000086012B0BDE8F0872122222222120000B2
:10ADA00077110120D004002010B5F5F798FC10BDF4
:10ADB00010B5F7F77DFE10BD70B505460C4616467A
:10ADC0000648006840B13DB134B1F2B2A0B22946A4
:10ADD000FCF714FC204670BD0020FCE7D4040020E2
:10ADE00070B505460E4610480560FFF781F9044628
:10ADF0000CB1012070BDFFF729F904460CB1012008
:10AE0000F8E7FFF747F904460CB10120F2E7FFF736
:10AE100036F904460CB10120ECE704480660012035
:10AE2000034908700020E5E7CC040020D804002086
:10AE30004E000020024800880148001D008870472D
:10AE40001454004080688968401A20F07840B0F1BE
:10AE5000806F2CBF012000207047C08888420CBF43
:10AE60000120002070470A0C838889B2934205BFF5
:10AE7000C088884200200120704710B40024036875
:10AE8000A446D3B18B4201D1012404E09C461B6847
:10AE9000002BF7D18CB1002A03DD1B68521E002A5B
:10AEA000FBDC1968BCF1000F0CBF0160CCF800108E
:10AEB0004168994208BFC0F804C0204610BC7047E2
:10AEC000002101604160704710B4D0F800C0002933
:10AED0001CBF0024634617D08B421EBF002B1C46AC
:10AEE0001B68F9D1002C1FBF2260136010BC704793
:10AEF000BCF1000F0CBF0121002101B14260C2F87A
:10AF000000C0026010BC7047BCF1000F0CBF0121F3
:10AF100000210029F3D0F1E7026822B11168016035
:10AF2000002908BF4160104670470268002A0CBF24
:10AF300001220022002A12BF0160426811604160B4
:10AF40000020086070470368002B0CBF012200221C
:10AF5000002A18BF41600B60016070470146002065
:10AF60000968002908BF70470968401C80B20029A1
:10AF7000FAD170472DE9F04104464FF47A70A4FBF2
:10AF80000030114909885E1840F100074FF48072C3
:10AF9000002330463946F6F719F805464FF480721B
:10AFA000002330463946F6F711F807490A8045B1C3
:10AFB0000AF0CCFE00EB050840460AF0E5FE0AF078
:10AFC000F1FEBDE8F0810000FC0000202DE9F04119
:10AFD00000F090F8404908700846007818B10BF06E
:10AFE00011FBBDE8F08109F0E3FC00F083F83A4979
:10AFF0000870FBF777FC10B13748007820B109F0F2
:10B00000E7FC0BF0FFFAECE7344800686421B0FB82
:10B01000F1F52846F5F7D7FB60B140202E490870BE
:10B020002F480068401C2E49086009F0D1FC0BF045
:10B03000E9FAD6E70020284908702A480068401C31
:10B04000284908600BF024F806464FF0E02000691C
:10B0500020F001004FF0E02108614FF0007022491C
:10B06000086021480C30006820F004001E490C31B3
:10B07000086000BF00BF00BFBFF34F8F00BF00BF1D
:10B0800000BF30BF0BF004F80746394630460AF0DF
:10B09000F3FF04462046FFF76DFF14480068401C8C
:10B0A00012490860124800682044114908600B48A2
:10B0B00000684FF47A71B0FBF1F0401E4FF0E021D0
:10B0C0004861002088610846006940F0010008617D
:10B0D00009F07EFC00BF84E7DC00002000000020B7
:10B0E000C8000020D800002004ED00E0CC000020C3
:10B0F000D000002010B500240E48006808B144F0CC
:10B10000020408F077FA08B944F00404FCF7BEF82A
:10B1100008B944F00804FBF7EFFB08B944F0100449
:10B1200001210548F8F743FB012801D144F0200430
:10B13000204610BDB40000200008014030B5024692
:10B140000B464FF6FF7017E012F8015B80EA05200E
:10B1500000210FE000F400442CB141F2210484EA04
:10B160004004A4B203E04FF6FF7404EA4004204612
:10B170004C1CA1B20829EDD31C1EA3F10105ABB2F2
:10B18000E2D130BD2DE9F0470446894616461F46F8
:10B19000304609F02DF88046201D83B2002241463A
:10B1A00044F2063006F06AFF05466C802F70224696
:10B1B0004946281DF5F74EFF284606F099FF4FF047
:10B1C000000803E0F7F774FC08F10108B8F1080F74
:10B1D000F8DB0020BDE8F0872DE9F05F07468846E0
:10B1E00091469A46DDF828B0002440F2B2760BE092
:10B1F000304606F0C7FD10B14FF4B77001E040F2E1
:10B200006D100444701C86B2BE42F1DB012506E0DD
:10B210002946384600F01AF80444681CC5B2454572
:10B22000F6DBA9F10100044407486043CAEB4A1168
:10B23000C1EB0A2100EB0110CBEB0B1100EB8101FC
:10B240000B980844BDE8F09F8051010070B5054699
:10B250000C46022C05D1284606F094FD08B10121C8
:10B2600000E00021601E024A105C0844C0B270BDBC
:10B270008091010810B5044620460AF047FC10BD35
:10B280002DE9F74F2DED068BC4B0894616460027F1
:10B29000B846BA46BB469FEDC60AB0EE408A9FED5F
:10B2A000C40AF0EE408A9FEDC20AF0EE409A9FED8C
:10B2B000C00AB0EE40AA842123A8F5F7E4FE0024DA
:10B2C0003BE004EB440081B23246484600F0B9FF4F
:10B2D000B84800EB840080ED000A00EE104AB8EE9A
:10B2E000400A38EE000AB0EE408AB24800EB840013
:10B2F00090ED000A30EE280AF0EE408A00EE104A87
:10B30000F8EE400A00EE104AB8EE401AB0EE690AB4
:10B3100000EE810AF0EE409AA64800EB8400D0EDE2
:10B32000000A00EE104AB8EE401AB0EE4A0A01EEEA
:10B33000200AB0EE40AA601C84B2C82CC1D39FED95
:10B340009E0A2AEE000A08EE680ADFED9B0A69EE03
:10B35000A00A48EE480A80EE209AB0EE680A09EE8C
:10B36000480ADFED950AC0EE20AA002415E09148B6
:10B3700000EB8400D0ED000A00EE104AB8EE401A4F
:10B38000B0EE6A0A09EE010A30EEC00A8B4800EB03
:10B39000840080ED000A601C84B2C82CE7D3012031
:10B3A0008DF80F018DF80E01012556E000200021D7
:10B3B0002C4643E0814A02EB840292ED000A621BB4
:10B3C0007E4B03EB8202D2ED000AB4EEE00AF1EE0E
:10B3D00010FA10DD1A4602EB840292ED000A62199F
:10B3E00003EB8202D2ED000AB4EEE00AF1EE10FAAD
:10B3F00001DD421C90B2714A02EB840292ED000A18
:10B40000621B6E4B03EB8202D2ED000AB4EEE00A3F
:10B41000F1EE10FA10D21A4602EB840292ED000A05
:10B42000621903EB8202D2ED000AB4EEE00AF1EEFB
:10B4300010FA01D24A1C91B2621C94B26219C82A55
:10B44000B8D3504502DD82468DF80E51594502DDD4
:10B450008B468DF80F51681CC5B2182DA6D9002453
:10B4600081E001200121012527E0AC4221DB6219A6
:10B47000C82A1ED2514A02EB840292ED000A621BD6
:10B480004E4B03EB8202D2ED000AB4EEE00AF1EE7D
:10B4900010FA0EDD1A4602EB840292ED000A6219E0
:10B4A00003EB8202D2ED000AB4EEE00AF1EE10FAEC
:10B4B00001DC002005E06A1CD5B29DF80E21AA42ED
:10B4C000D3DA00BF012527E0AC4221DB6219C82A8C
:10B4D0001ED23A4A02EB840292ED000A621B374BFD
:10B4E00003EB8202D2ED000AB4EEE00AF1EE10FAAC
:10B4F0000ED21A4602EB840292ED000A621903EBA7
:10B500008202D2ED000AB4EEE00AF1EE10FA01D3A5
:10B51000002105E06A1CD5B29DF80F21AA42D3DABA
:10B5200000BF68B1202F0BD2621C02EB4202521EF8
:10B530001FFA82FC3A467B1CDFB213AB23F812C021
:10B5400079B1B8F1200F0CD2621C02EB4202521EFC
:10B550001FFA82FC4246531C03F0FF0803AB23F89A
:10B5600012C0601C84B2C82CFFF47BAF43A823A98F
:10B5700001233A46CDE90061029013A9484609F03B
:10B5800035F90DF20D1033A900234246CDE90061D3
:10B59000029003A9484609F029F9842223A94A9870
:10B5A000F5F758FD44B0BDEC068BBDE8FE8F0000FA
:10B5B000000000009099002000004843B09C00204B
:10B5C00000B5034603E040F2E73000F005F8181E2E
:10B5D000A3F10103F7D100BD05E0002101E04A1C01
:10B5E00091B21C29FBDB011EA0F10100F5D17047CF
:10B5F00010B504462046FAF7D5FB10BD02460020E0
:10B60000704770470346002070470346002070478C
:10B6100010B5FAF71BFC10BD10B51420FFF7D0FFD2
:10B62000F4F729FF3220FFF7CBFFF4F71FFF32209A
:10B63000FFF7C6FF10BD10B504462046FAF70EFC12
:10B6400010BD10B5232142F20F70FAF7C9FB10BDEF
:10B6500010B5012006F0F0FB10BD00002DE9F0410F
:10B66000002509F0A5F90DF029F828B909F0B0F97D
:10B670000AF0C8FFBDE8F0810AF00AFD8046FAF73B
:10B680005BF94FF0E020006920F001004FF0E0216D
:10B6900008614FF0007036490860F4F7F7FE0021AA
:10B6A0000220F7F7AFFB01210807F9F747F9314806
:10B6B00000686421B0FBF1F63046F5F784F8B0B9C4
:10B6C0002D480078C0B92D480078A8B90CF0F6FFD5
:10B6D00090B100BF00BF00BFBFF34F8F00BF00BFDE
:10B6E00000BF012501210020F8F7E6FF04E024480F
:10B6F0000068401C22490860FAF7BCF8FAF75AFAC9
:10B70000FEF7B2FCFEF79EFEF8F71EFDF8F7E0FE2E
:10B71000F9F72EFF0AF0BCFC0746394640460AF00E
:10B72000ABFC04462046FFF725FC5DB115480068D8
:10B73000401C144908601448046014480068204400
:10B74000124908600B4800684FF47A71B0FBF1F0C1
:10B75000401E4FF0E02148610020886108460069E2
:10B7600040F00100086109F033F900BF82E70000F2
:10B7700004ED00E0000000204D0000202407002020
:10B78000C8000020B8000020C0000020BC0000203D
:10B7900070B506250120154948760021FBF75CF9B4
:10B7A0001E200AF0B3F9F7F711FE114C0BE020460A
:10B7B000F7F760FD0546062D00D007E001200AF0EE
:10B7C000A5F904F500640B488442F0D300BFF7F7F5
:10B7D000ADFD002005494876062D04D00520FBF775
:10B7E00021FB012070BD0020FCE70000E48F002059
:10B7F00000E00408000008082DE9F74F2DED088B44
:10B80000C4B089468C2121A8F5F73DFC4FF4806136
:10B81000FB48F5F738FC494668464E9AFFF730FD7D
:10B820008422694623A8F5F715FC002487E023A8A5
:10B8300030F81450611C30F811604FF0000AD34604
:10B84000D04621E033A830F81870AF4218DDB74277
:10B8500016DABBF1000F10D0394648464E9A00F078
:10B86000F0FCB0EE408A514648464E9A00F0E9FCA2
:10B87000B4EEC08AF1EE10FA02D2BA464FF0010BD4
:10B8800008F1010000F0FF089DF80D014045D9DCEA
:10B89000BBF1000F00D150E09DF88400D84901EBC6
:10B8A000401005809DF8840001EB4010A0F802A034
:10B8B0009DF8840001EB40108680294648464E9A48
:10B8C00000F0BFFCB0EE408A514648464E9A00F068
:10B8D000B8FC38EE400A9DF88400C94901EB4010DD
:10B8E00080ED020A9DF8840001EB401090ED020A01
:10B8F000B5EEC00AF1EE10FA00D21EE0324629463B
:10B9000048464E9B07F0D6FE9DF88400BC4901EBEB
:10B91000401080ED030A701B00EE100AB8EEC00A5A
:10B920009DF8840001EB401080ED040A9DF884002E
:10B93000401CC0B28DF8840000BF601CC4B29DF8EA
:10B940000C11601C814204D99DF884002028FFF46A
:10B950006EAF9DF88400032809D28C2221A94C984F
:10B96000F5F778FB44B0BDEC088BBDE8FE8F0024F2
:10B970000BE0A34800EB4410D0ED020AA14800EB15
:10B980008400C0ED000A601CC4B29DF88400A0428F
:10B99000EFDC9DF884109B4807F0DCFE002434E0C7
:10B9A000974800EB4410D0ED020AB5EE001A20EEE5
:10B9B000011AF4EEC10AF1EE10FA1FDB904800EB19
:10B9C0004410D0ED020AB0EE0C1A20EE011AF4EE8B
:10B9D000C10AF1EE10FA11D8894800EB441090ED3D
:10B9E000041ADFED891AC1EE210AB0EE081AF4EE4E
:10B9F000C10AF1EE10FA01D8012000E000208049D0
:10BA000001EB44118871601CC4B29DF88400A0420F
:10BA1000C6DC00BF002500269FED7C0AF0EE408AC0
:10BA20009FED7B0AB0EE409ABFEE000AB0EE40AA4E
:10BA3000002428E0724800EB4410807908B3704875
:10BA400000EB4410D0ED040A9FED6F1AC0EE811A8E
:10BA5000B0EE610A2846691CCDB26A4901EB80004C
:10BA600080ED000AB4EEE80AF1EE10FA01D2F0EE31
:10BA7000408AB4EEC90AF1EE10FA01DDB0EE409A48
:10BA800000BF601CC4B29DF88400A042D2DC032D2C
:10BA900008D389EE280ADFED5F0AB4EEE00AF1EE82
:10BAA00010FA00D238E02946564807F053FEB0EEAF
:10BAB000408A002426E0524800EB44108079F8B117
:10BAC0004F4800EB4410D0ED040A9FED4F1A80EE72
:10BAD000810AC0EE080AB0EE60BAB0EE4B0AFAF77F
:10BAE000C9FCF0EE40AAFAF7A5FEF0EE409AF4EE9B
:10BAF000CA9AF1EE10FA02DDB0EE69AA264600BF3E
:10BB0000601CC4B29DF88400A042D4DC00203C49F3
:10BB100001EB461188717DE700BF00241EE0384824
:10BB200000EB44108079B8B1354800EB4411484629
:10BB30004E9A08F05DFA324800EB441090ED060A88
:10BB4000DFED350AB4EEE00AF1EE10FA04D8002079
:10BB50002B4901EB44118871601CC4B29DF884002C
:10BB6000A042DCDC9FED2A0AF0EE408A9FED280A15
:10BB7000B0EE408A002538E00026002416E0204878
:10BB800000EB4410807978B11D4800EB44112A463F
:10BB900048464E9B07F0FCFE3046711CCEB2194958
:10BBA00001EB800080ED000A601CC4B29DF88400A7
:10BBB000A042E4DC2EB98C2221A94C98F5F74AFA70
:10BBC000D0E631460F4807F0C5FD144800EB85006C
:10BBD00080ED000A114800EB850090ED000A30EE80
:10BBE000280AF0EE408A681C85B2642DC4D39FED0C
:10BBF0000C0AC8EE800AF0EE608A002530E00000F2
:10BC00009095002060A1002000009642CAF2497180
:10BC100000000000CDCC0C40CCBC8C2BD09F002071
:10BC20000000C842604800EB850090ED000A30EE4D
:10BC3000680A5D4800EB850080ED000A5A4800EB79
:10BC40008500D0ED000A584800EB850090ED001A01
:10BC5000B0EE480A00EE810AB0EE408A681C85B258
:10BC6000642DDFD3B0EE480AFAF7BAFCB0EE408A92
:10BC70001FED170AB4EEC08AF1EE10FA05D88C2237
:10BC800021A94C98F5F7E6F96CE600250DE0464849
:10BC900000EB850090ED000AC0EE080A424800EB78
:10BCA0008500C0ED000A681C85B2642DEFD3002426
:10BCB0003DE03E4800EB44108079B0B31FED2C0A04
:10BCC0003A4800EB441080ED070A00251AE0374897
:10BCD00000EB44112A4648464E9B07F059FE324875
:10BCE00000EB850090ED001A304800EB4410D0EDD9
:10BCF000070A40EE010A2D4800EB4410C0ED070A88
:10BD0000681C85B2642DE2D3284800EB441090ED06
:10BD1000070ADFED270AB4EEE00AF1EE10FA04D2CA
:10BD20000020224901EB44118871601CC4B29DF8C7
:10BD30008400A042BDDC5FED4A0AB0EE600A002438
:10BD400015E01A4800EB4410807970B19DF8850029
:10BD5000401CC0B28DF88500144800EB4410D0EDB3
:10BD6000040A70EE800AB0EE600A601CC4B29DF84E
:10BD70008400A042E5DC9DF8850002280DD39DF8E3
:10BD8000850000EE900AB8EE601AC0EE010A9FED41
:10BD9000091AC1EE201ACDED221A8C2221A94C9845
:10BDA000F5F758F900BFDDE5D09F00209095002001
:10BDB0006666263F00A08C452DE9FF4F2DED0A8BCE
:10BDC00081B08946174698469FEDD20AFAF7E4FA01
:10BDD000BCEEC00A10EE10AA9FEDCF0AFAF712FBD4
:10BDE000BCEEC00A8DED000A4FF0000B0326BFEE3B
:10BDF000000AF0EE408A9FEDC90AB0EE409A9FED2E
:10BE0000C70AF0EE409A9FEDC50AB0EE40AA4FF483
:10BE10000051C348F5F737F90123C14A19460B9879
:10BE200007F0C4FCBF48007878B94FF40061BE4801
:10BE3000F6F7AFFB30B1002001B0BDEC0A8B04B0C7
:10BE4000BDE8F08F0121B74801700023B74AB4491B
:10BE5000B548F6F77BFB4FF40051B148F5F713F9FD
:10BE60000123AF4A00210B9807F0A0FC0023AF4A42
:10BE7000AB49AD48F6F76AFB554654462AE0AB4954
:10BE800001EBC40090ED000AF0EE40BA6000401CE7
:10BE900001EB800090ED000AB0EE40BA6BEEAB0A09
:10BEA0004BEE0B0AB0EE600AFAF79AFBF0EE40AAEE
:10BEB0005846411C1FFA81FB9D4901EB8000C0EDF3
:10BEC00000AAF4EEE8AAF1EE10FA02DDF0EE6A8ABA
:10BED0002546641C00988442D1D95946944807F0FD
:10BEE000C6FBB0EE408AB0EE480AB5EEC00AF1EEED
:10BEF00010FA08D988EE880AF7EE080AB4EEE00ACC
:10BF0000F1EE10FA01D2002096E7681E874901EB96
:10BF1000C000D0ED000A60EEA00A681E4000401C80
:10BF200001EB800090ED001A681E4000401C01EB00
:10BF30008000D0ED001A41EE210AB0EE600AFAF757
:10BF40004FFBF0EE40CAFAF795FAF0EE40AAB0EED9
:10BF5000680AFAF78FFAB0EE40CA681C734901EB21
:10BF6000C000D0ED000A60EEA00A681C4000401C32
:10BF700001EB800090ED001A681C4000401C01EBB2
:10BF80008000D0ED001A41EE210AB0EE600AFAF707
:10BF900027FBF0EE40CAFAF76DFAB0EE40BAF0EEC9
:10BFA000000AB0EE6A0A00EECC0A30EE0B0AF0EEA0
:10BFB00040BAB0EE6B0AFAF73DFCDFED5E0AB4EE74
:10BFC000E00AF1EE10FA1FDD3AEECB0AF6EE000AB7
:10BFD00020EE200AC0EE2B0AB0EE609ABEEE000AF8
:10BFE000B4EEC09AF1EE10FA03D2BEEE000AB0EE43
:10BFF000409AB6EE000AB4EEC09AF1EE10FA03DDF4
:10C00000B6EE000AB0EE409AAC1B17E0474901EBD0
:10C01000C40090ED001AF0EE410A6000401C01EBF4
:10C02000800090ED001AB0EE410A20EEA01A00EE5A
:10C03000001A31EE0A1AB0EE41AA641CA819A042F7
:10C04000E4D24FF400513648F5F71DF80123344A85
:10C0500019460B9807F0AAFB0023344A30493248AE
:10C06000F6F774FAAC1B17E0304901EBC40090ED11
:10C07000001AF0EE410A6000401C01EB800090EDD8
:10C08000001AB0EE410A20EEA01A00EE001A31EEBE
:10C09000291AF0EE419A641CA819A042E4D2F5EEE8
:10C0A000C09AF1EE10FA04D9B5EEC0AAF1EE10FA7A
:10C0B00001D80020C0E600EE105AB8EE400A30EE7B
:10C0C000090ADFED1D0A60EE200A9FED1C1A80EEC2
:10C0D000810ADFED1B0A20EE200A89ED000A89EEB5
:10C0E0008A0AF0EE40AAFAF77BFA87ED000AD7ED4C
:10C0F000000AB0EE600A0CF061F888ED000A98EDD5
:10C10000000AB5EEC00AF1EE10FA01DD012093E657
:10C11000002091E60E745A41600BB6420000000008
:10C12000D8AA0020D0030020C0AA0020D8CA00202E
:10C1300060A10020CCBC8C2B000096420000004582
:10C14000000070420246002112B96FF020007047D3
:10C150001146D1E90203984201D10020F7E70020FF
:10C160008860C8600874487400BFF0E72DE9F041AA
:10C1700005460E46002705B116B90120BDE8F0813D
:10C18000002417E011488168C068401C81420ED02D
:10C190000E4880680D4949680844401E0B49C9682B
:10C1A000884204D02919094800F012F801E001275B
:10C1B00002E0641CB442E5D300BF2FB10348FFF78F
:10C1C000C1FF6FF00900D9E70020D7E7DC040020A9
:10C1D0002DE9F04105460E4600241DB96FF0200000
:10C1E000BDE8F081D5E90210401C814206D0D5E9B6
:10C1F00001100844401EE968884202D16FF0060031
:10C20000EEE72C46607C012802D16FF02000E7E7C2
:10C210000120607404F112012768E36803FB071032
:10C220003A463146F4F716FFE068401CE06061686A
:10C23000E068884201D30020E0600020607400BF05
:10C24000CEE722B100EB011393ED020A704700EB39
:10C25000011393ED030AF9E72DE9F04705460E4671
:10C260001746B146F81CC0F38F0A4FF00608F7F7DF
:10C27000ADF8002408E059F8241005EB8400F7F726
:10C280006DF88046601C84B2544502DAB8F1060F9E
:10C29000F1D0F7F74BF8B8F1060F02D00120BDE856
:10C2A000F0870020FBE738B504468DF800006946AA
:10C2B0000320ABBE204638BD01004FF0000018BF80
:10C2C00070470B490968002908BF704791F846106C
:10C2D00011F0040F18BF012001F00301022904BF6F
:10C2E00040F004007047032908BF40F00800704781
:10C2F0001C070020002818BF704713480368002B54
:10C3000008BF7047002093F846C011F0080F61F392
:10C31000820C2CF0100C4CEA021283F8462018BF55
:10C32000032004D060F3010283F84620704711F027
:10C33000040F18BF0220F5D111F0010F0CBF12F04D
:10C34000080F0120EEE700001C070020F8B5154695
:10C350000C460026104605F045FF2D0A3F2851D017
:10C3600000208DF80000207808282DD2DFE800F0AA
:10C370002C042C2C13240E1F6078002814BF0121DC
:10C380000021A21C28460AF0C1FF0DE0A11C28468E
:10C390000AF0CCFE08E06078002814BF01210021DB
:10C3A000A21C28460BF028F88DF800000CE0A11C18
:10C3B00028460AF053FFF7E704F11202A11C2846B1
:10C3C0000AF028FF8DF800009DF80000D0B10E485B
:10C3D00050F8250090F84000A0B16A460521284693
:10C3E0000BF078F89DF8000040F060008DF8000038
:10C3F000284600F081FE014601239DF800202846D2
:10C400000AF0BEFE3046F8BD1C0700202DE9F843B7
:10C410000FA0160A144600681D460F460A460090F3
:10C420006B460121304601F067F8804601280BD1A8
:10C43000AC4204D1791C30460AF04AFF04E04222A3
:10C440000121304601F0ECF84046BDE8F8830000D9
:10C450000A0000002DE9F04105460C4616461F462D
:10C460002078801E072817D2DFE800F00410160F8E
:10C4700015140C0001200B4908700621002005F05E
:10C48000C3FE0AE0FBF7C8F907E006E00020FBF76F
:10C490006DF802E001E000E000BF00BF0020BDE851
:10C4A000F0810000120700202DE9FC4780460E466F
:10C4B00091461F4622230022394640F6146005F0BB
:10C4C000DDFD0446307830B1042870D005286FD0E7
:10C4D00007286ED113E00120207060700021E17008
:10C4E00010216171644890F84800A0700121217109
:10C4F0000021A1710121E17100212172B5E000BF8D
:10C50000F4F796FD5C4991F8361000EB01205A498A
:10C5100091F835100844608200250CE000BFF4F764
:10C5200087FD55493531495D0844C1B204F1140015
:10C530004155681CC5B2082DF0DB00250BE000BF9B
:10C54000F4F776FD4C493531495D0844C1B2A01C71
:10C550004155681CC5B2102DF1DB07202070012069
:10C56000607046484078052190FBF1F201FB120013
:10C57000052825D2DFE800F003090F151E00A21CD4
:10C580001C21402007F0B8FA1BE0A21C1C2141200E
:10C5900007F0B2FA15E0A21C1C21422007F0ACFA09
:10C5A0000FE0A21C1C21432007F0A6FA09E03EE0A0
:10C5B00028E059E0A21C1C21442007F09DFA00E06D
:10C5C00000BF00BF2D484078401C052190FBF1F2D0
:10C5D00001FB1200294948700020019001200090C1
:10C5E00001AA69463F2007F013FA9DF80400234989
:10C5F0004978884205DA214A521C01213F2007F080
:10C600007BFA32E006200190052020700120607046
:10C61000102219493531A01CF4F71CFD00212176A8
:10C6200004F1120201A9012007F0F2F91DE070786F
:10C63000012818D104202070012060701021A01C56
:10C64000F4F721FD0C4890F84C00A0700A48B0F8AF
:10C650004C00010AE1700848C06C010C21710648C9
:10C66000C06C010E617100E000BF00BF204605F004
:10C670003FFD0020BDE8FC872411012012070020A7
:10C680002DE9F05FDFF800810546052058F82510F8
:10C6900040EA0526002966D0304605F0A3FD0024B7
:10C6A0008246A146BAF11F0F27D0012C10D158F8AD
:10C6B0002500006928B105F0CDFB58F82500C0F829
:10C6C000109028460AF07CF958F8250080F8409030
:10C6D00058F8251051F8240000283AD005F002FD42
:10C6E00030B958F8251051F824000C3805F0F8FC42
:10C6F00058F8251041F824902BE058F8250050F800
:10C70000240030B3462705F027FD014602233246B8
:10C710004FF4606005F0B2FC58F8251051F8241071
:10C7200009780170477005F0E3FC2146284600F0C7
:10C73000A7FD0120A040C7B258F82500808940B964
:10C740003046B34605F04EFD20EA0701584605F095
:10C750005BFD601CC4B2032CA4D358F8250005F07F
:10C7600079FB48F825903F21304605F04DFD3146D4
:10C7700040F6316005F06CFE3146BDE8F05F40F6F2
:10C78000336005F065BE00001C07002070B515463B
:10C790000C46104605F026FD2D0A20280FD02078E3
:10C7A00018280CD1607850B1064850F82500343074
:10C7B000FEF7B2FB05F094FC2846FCF753FF00207F
:10C7C00070BD00002007002010B50446FF2818BFE8
:10C7D000FFF756FF204610BD2DE9F04F83B000242F
:10C7E0000C9E984691460D46052747EA042005F021
:10C7F000F9FC3F2803D0601C10F0FF04F5D0012C99
:10C8000008BFFF247ED00021582005F0A9FBDFF8E7
:10C8100020A158214AF82400F4F735FC5AF82410D6
:10C82000C82088875AF824101F2081F8550047EA4D
:10C8300004200746002105F0E7FC5AF82410688818
:10C84000A1F844005AF824002A7990F8461062F3BF
:10C85000451180F84610002000900190062269469C
:10C8600005F11200F4F721FC00285AF824004FF0DB
:10C87000010B0BD0D5F81210C0F84E10E98AA0F8C1
:10C8800052105AF8240080F854B00BE0D5F8061086
:10C89000C0F84E106989A0F852105AF8241068792F
:10C8A00081F854000622694605F10C00F4F7FDFBFF
:10C8B00000285AF824000AD0E968C0F84710298AED
:10C8C000A0F84B105AF8240080F84DB00BE0D8F8CF
:10C8D0000010C0F84710B8F80410A0F84B105AF830
:10C8E000240080F84D60B9F1040F1CD010233A46A3
:10C8F000002140F6016005F0C1FB6988018069797B
:10C90000417200E00FE0D5F80610C0F80A106989FE
:10C91000C181298B4180698B8180A98BC180A97FCE
:10C92000017205F0E5FB03B02046BDE8F08F000082
:10C930001C07002070B515460C46104605F052FC49
:10C940003F2835D094F828102D0A11F0010F27D078
:10C9500094F82A202846FFF7CDFC164994F8293090
:10C9600051F8250090F8462063F3861280F846209F
:10C9700051F825202069506351F82520606A9063A2
:10C9800094E84C1051F825001434143080E84C1011
:10C9900051F8250094E80E10243080E80E1004E0D1
:10C9A000002211462846FFF7A5FC284601F0D0F9E1
:10C9B000002070BD1C0700202DE9F04107460C4601
:10C9C00090461E46300A284981F82000002126485A
:10C9D000C183002024498883084690F82000FF285E
:10C9E0003CD0208888806088C880A0888881E088C2
:10C9F000C881002140F6017005F014FD20B100212E
:10CA000040F6017005F024FD174890F8200005223B
:10CA100002EB00212C23002240F6026005F02EFBE1
:10CA20000546012085F82800284605F061FB042111
:10CA3000002005F0E9FB00200C49088001200C498A
:10CA400008600C48006840B100231A4619460120CE
:10CA5000DFF820C0DCF800C0E04701E0FBF7D6F8C3
:10CA60000020BDE8F0810000241101201007002003
:10CA7000D4040020D80400202DE9F0410D460978A7
:10CA8000140A1F461046012907D040233A46204683
:10CA900000F015FE0020BDE8F08105F0A3FB3F2863
:10CAA00004D0144E56F82400808930B129784323ED
:10CAB0003A46204600F003FEECE7052040EA042059
:10CAC0001F2105F0A1FB56F82400042340F2064282
:10CAD0008781214640F6050005F0D0FA064620463B
:10CAE00000F04CF930806878B070304604F04EFEAB
:10CAF000D0E700001C0700202DE9F04104460D4658
:10CB000016461F460221002005F07EFB002110483A
:10CB1000C18300200E4988830E49088030200C49CB
:10CB2000088230210A48418200200B490860FBF747
:10CB30006DF80A48006840B100231A4619460220E1
:10CB4000DFF818C0DCF800C0E0470020BDE8F08145
:10CB50002411012010070020D4040020D804002054
:10CB60000021FF2806D0044A52F82000002818BFF0
:10CB700090F83E10084670471C070020FF2808BFA9
:10CB80007047044A52F82000002818BF80F83E1071
:10CB9000704700001C07002070B515460C460026A3
:10CBA000104605F01FFB2D0A3F280ED0284600F046
:10CBB000A3FA012809D12078637C002814BF012141
:10CBC0000021621C284609F0B5FF304670BD000008
:10CBD0002DE9F8430FA0160A144600681D460F46BB
:10CBE0000A4600906B460121304600F085FC8046E5
:10CBF00001280BD1AC4204D1B91C304609F0B6FF74
:10CC000004E042220121304600F00AFD4046BDE822
:10CC1000F88300000B0000002DE9F04104460D46AA
:10CC200016461F460621002005F0EEFA0020BDE85A
:10CC3000F08100002DE9F04F8BB082460E469346FE
:10CC40001F461C20039012230022394640F618602C
:10CC500005F014FA0446002020704FF001090290FC
:10CC60000120019002AA01A93F2006F0D1FE002573
:10CC70004EE0681C062827D2DFE800F026030A11E0
:10CC8000181F04AA03A9402006F0C2FE81461CE03A
:10CC900004AA03A9412006F0BBFE814615E004AAC0
:10CCA00003A9422006F0B4FE81460EE004AA03A9BF
:10CCB000432006F0ADFE814607E004AA03A9442004
:10CCC00006F0A6FE814600E000BF00BFB9F1000FEC
:10CCD0001CD13088BDF82010884217D108220DF1F0
:10CCE0002201B01CF4F7E1F980B901202070102076
:10CCF0006074102204A9601CF4F7ACF9154880F8A0
:10CD000052500621002005F07FFA05E0681CC5B2EC
:10CD10009DF80800A842ACDC00BF94F800802046D3
:10CD200005F0E6F9B8F1000F0FD10A2501E0F5F79B
:10CD3000BFFE281EA5F10101CDB2F8D1C820FEF733
:10CD40003FFC0020FAF712FC00BF00200BB0BDE84A
:10CD5000F08F0000241101200022FF2818BF0229B3
:10CD600007D2054B53F8200018B1C1EBC101473180
:10CD700042181046704700001C07002001004FF6C3
:10CD8000FF7018BF704703490968002918BFB1F840
:10CD9000440070471C0700200346084A002052F850
:10CDA000201019B1B1F84410994203D0401C10F082
:10CDB000FF00F4D0012808BFFF2070471C070020A7
:10CDC0000022FF2818BF022907D2054B53F8200084
:10CDD00018B1142202EB01114218104670470000EE
:10CDE0001C0700202DE9F04115460C46104605F0C1
:10CDF000F9F93F285AD0002603202378290A40EA6F
:10CE000001212BB10227012B1AD0022B2DD04DE08E
:10CE100060882A46801D83B240F6144005F02EF942
:10CE20000546022001F030F928802E7162886A8060
:10CE3000211D681DF4F70EF9284605F059F935E073
:10CE400008232A4640F6144005F018F90546042048
:10CE500001F01AF928802E716F8061886971090AC2
:10CE6000A971284605F044F920E00E232A4640F631
:10CE7000144005F003F90546062001F005F9288065
:10CE80002E710820688061886971090AA971A188DA
:10CE9000E971090A2972E1886972090AA97221896E
:10CEA000E972090A2973284605F022F90020BDE835
:10CEB000F0812DE9F04180460D4617461E46287840
:10CEC00020B1012814D0022839D121E01A233A4692
:10CED000314640F60B6005F0D1F804462878207002
:10CEE000201DFAF707FE6080204605F001F927E0D3
:10CEF0000A233A46314640F60B6005F0BFF8044677
:10CF00002878207000206080204605F0F1F817E0B6
:10CF10000A233A46314640F60B6005F0AFF8044666
:10CF20002878207064206080C821A1800421E180DD
:10CF30004FF416712181204605F0DAF800E000BFB9
:10CF400000BF0020BDE8F0812DE9F041904654A0DB
:10CF50000E46D0E9001284B080680091CDE901202E
:10CF60004FEA18276B4632460021384600F0C4FAD3
:10CF7000054601284ED13078062811D008DC022859
:10CF80000ED0032836D0042845D0052808D083E0E9
:10CF9000072850D008285FD012286DD015287BD1E3
:10CFA000032040EA07214FF428540C23424640F660
:10CFB000084005F063F80A21017001214170818069
:10CFC0004FF6FF71C180022101723178052908BF37
:10CFD00042F6012408D0062908BF42F6042403D0F3
:10CFE000152908BF42F6A6244472220A827205F06F
:10CFF0007FF851E0022340F21D42394640F6050019
:10D0000005F03CF804463846FFF7B8FE208020467D
:10D0100004F0BCFB40E042F21602022339469010B5
:10D0200005F02CF804463846FFF7A8FE208020467D
:10D0300004F0ACFB30E0022341F20542394640F6F1
:10D04000050005F01BF804463846FFF797FE2080E0
:10D05000204604F09BFB1FE042F2150202233946F2
:10D06000901005F00BF804463846FFF787FE208045
:10D07000204604F08BFB0FE0022340F67B4239464A
:10D0800040F6050004F0FAFF04463846FFF776FE46
:10D090002080204604F07AFB04B02846BDE8F081E9
:10D0A000020506150304070812000000054B02469E
:10D0B000002053F8222052F82110002918BF0878C8
:10D0C000704700001C070020024A52F8200050F868
:10D0D000210070471C0700200346064810B550F891
:10D0E0002300002250F8210010B105F035F8024667
:10D0F000104610BD1C0700200021FF2808D0054A5B
:10D1000052F8200000281CBF90F84600C0F34011E0
:10D11000084670471C0700200022FF2818BF02297C
:10D1200007D2054B53F8200018B1342202EB8101DD
:10D1300042581046704700001C070020F0B4844697
:10D140000020ACF5006C05460446BCF1010C04BFA0
:10D15000184D072411D0BCF1010F04BF164D042453
:10D160000BD0BCF1020F04BF144D052405D0BCF157
:10D17000030F02D1124D0B7805244FF0000C002C48
:10D180009CBFF0BC704735F83C609E420BD105EB6C
:10D19000CC0CDCF804C0BCF1000F04BFF0BC70473D
:10D1A0001846F0BC60470CF1010CA445EBD3F0BC71
:10D1B0007047000018B3010850B3010898B3010884
:10D1C00070B3010810B560B90A49052005F04EF8A2
:10D1D0000020094A014642F82010401C10F0FF00D0
:10D1E000F9D000242046FFF74BFA601C10F0FF0432
:10D1F000F8D010BD6CAF01081C07002002460E4B92
:10D20000002059B1012910D0022918BF704753F8E6
:10D21000220090F84600C0F30010704753F8220037
:10D2200090F84600C0F38000704753F8220090F851
:10D230004600C0F3C00070471C070020002818BF3C
:10D24000704706480068002808BF704790F84610ED
:10D2500041F0080180F84610704700001C070020CC
:10D2600001004FF0000018BF704704490968002909
:10D270001CBF91F8460000F0030070471C07002017
:10D280002DE9F0410027164E0D46044601290FD125
:10D2900056F82400006920B104F0DCFD56F82400A3
:10D2A0000761204609F08CFB56F8240080F8407096
:10D2B00056F8240050F82500002808BFBDE8F0818A
:10D2C00004F010FF30B956F8240050F825000C384F
:10D2D00004F006FF56F8240040F82570BDE8F08100
:10D2E0001C0700202DE9F04114460F46104604F0BB
:10D2F00079FF260A3F284DD002213046FFF7E4FE91
:10D30000054602213046FFF7D1FE09283ED12348C9
:10D3100050F8260090F8550010F0020F36D03878FB
:10D32000E0B10E2342F22002314640F6050004F03F
:10D33000A5FE04463046FFF721FD20806888608006
:10D34000A888A080E888E08068896081A889A08199
:10D3500028892081204604F019FA1BE0042342F2B8
:10D360002102314640F6050004F088FE04463046AE
:10D37000FFF704FD20803B20A070204604F006FA51
:10D3800048220221304600F04BF903E002213046EA
:10D39000FFF78CFE0020BDE8F08100001C07002094
:10D3A0002DE9F04340A083B0150A1646006899465F
:10D3B0000C460A46019001AB0221284600F09CF879
:10D3C0000746012845D12389E2886188A08800F0BA
:10D3D0006FF890B135484FF005024FEA162350F828
:10D3E00025004FF0010842EA032390F8551011F090
:10D3F000020F4FF0000106D02FE040220221284604
:10D4000000F00EF925E090F8460010F0200F24D02F
:10D41000009112220521284605F0E0FB0546F3F7AE
:10D4200007FE10F0FF00607028D0A088E8806088B8
:10D43000A880E08828812089688160786870284603
:10D4400005F01AFE40F6B832314640F6316005F07C
:10D4500065F803B03846BDE8F08309F0FF00052801
:10D460000FD0009112220521284605F0B7FB054692
:10D47000F3F7DEFD10F0FF006070D6D184F8018074
:10D48000D3E708233246002140F60F6004F0F6FD92
:10D49000A188418061880180E18881802189C180E3
:10D4A00004F026FED5E70000090000001C0700205C
:10D4B000A0F1060C40F67B4084453CBF891F8142A9
:10D4C00009D2A3F10A0040F6774188423EBFB2F587
:10D4D000FA7F0120704700207047000030B50446F5
:10D4E0000888044DE8804888A8818888E881002061
:10D4F00030BD0000241101202DE9FF5F8A4600980D
:10D5000005211C469046002641EA002004F06AFEF0
:10D5100098F80070432583463F2818BFBBF11F0FC2
:10D520002CD051460098FFF7CFFD404508BF01269B
:10D530002DD00120002500FA0AF919EA0B0F18BFB7
:10D54000022624D12078C0B1C0B2B84204D014F869
:10D55000010F0028F8D110E010F0FF0F0DD00126C8
:10D5600042465146009800F04DF909F0FF010122B2
:10D57000009800F0FFF955B100E04025404604F066
:10D58000EBFD02462B463946009800F098F804B0AF
:10D590003046BDE8F09F00002DE9F0410C4F0446F5
:10D5A0000D4657F82400002650F8250068B10126E2
:10D5B00004F0D2FD57F82410024651F82530052119
:10D5C00041EA0421184604F077FD3046BDE8F081B9
:10D5D0001C070020F8B511A0150A00680C460A4681
:10D5E00000906B4601212846FFF786FF064601287A
:10D5F0000AD12846FFF780FD012818BF422205D036
:10D600000121284600F00CF83046F8BD6178284624
:10D610000AF060F90200F3D1F6E700000C00000008
:10D620002DE9F0411B4F04460D4657F82400052113
:10D63000904650F8250041EA042690B104F08CFD94
:10D640000146022332464FF4606004F017FD57F89C
:10D65000241051F825100978017080F8018004F039
:10D6600047FD29462046FFF70BFE0120A840C5B222
:10D6700057F824008089002818BFBDE8F0813046A3
:10D6800004F0B0FD20EA05013046BDE8F04104F0A9
:10D69000BBBD00001C07002070B50D4614460521D7
:10D6A0009C4641EA00220423614640F6036004F0F0
:10D6B000E5FC04808570BDE8704004F019BD70B5CC
:10D6C0000C469446052141EA00221D46022361468C
:10D6D0004FF4606004F0D2FC04704570BDE8704007
:10D6E00004F006BD2DE9F04117460C46104604F043
:10D6F00079FD3F281DD020783E0A10B1012805D0C1
:10D7000017E0022000F0C0FC054603E0042000F012
:10D71000BBFC05466DB1032040EA062104233A46CE
:10D7200040F6164004F0AAFC05806178817004F090
:10D73000DFFC0020BDE8F0812DE9F04180460D4678
:10D7400017461E4602233A46314640F60D6004F065
:10D7500095FC04464820607028782070204604F02C
:10D76000C7FC0020BDE8F081F8B511A0150A0068DB
:10D770000E460A4600906B4600212846FFF7BCFE85
:10D780000746012811D1042340F67C42294640F681
:10D79000050004F073FC04462846FFF7EFFA2080EA
:10D7A00070886080204603F0F1FF3846F8BD000025
:10D7B00013000000F8B512A0160A00680D460A46CC
:10D7C00000906B4600213046FFF796FE0746012881
:10D7D00013D1062342F22202314640F6050004F03E
:10D7E0004DFC04463046FFF7C9FA20806888608007
:10D7F000A888A080204603F0C9FF3846F8BD000085
:10D8000014000000024B53F8200040F8212070471C
:10D810001C07002070B500250C79DFF828C02B46C6
:10D820002A461CF83260A64204BF0CEBC2035B68B8
:10D83000521CD2B2032AF4D313B1091D98470546EE
:10D84000284670BDC0B30108F8B50DA0140A0068E1
:10D850000D460A4600906B4601212046FFF74CFE1C
:10D860000646012809D1294620460AF075F920B15B
:10D87000024601212046FFF7D3FE3046F8BD0000E6
:10D880001718000010B51446104604F0ABFC3F28F2
:10D890000DD00849200AC82251F820309A8751F843
:10D8A000200090F83F1021F0020180F83F10002086
:10D8B00010BD00001C07002010B51046140A04F02B
:10D8C00091FC3F2817D00D4A52F8241091F83F00E0
:10D8D00020F0010081F83F0052F8241040F00400CD
:10D8E00081F83F002046FFF707FC01460023452250
:10D8F000204609F045FC002010BD00001C07002058
:10D90000034951F8200090F84600C0F3801070479A
:10D910001C070020054A52F8200090F8462022F00B
:10D92000400242EA811180F8461070471C0700202F
:10D9300070B51446104604F055FC250A3F2817D050
:10D9400002212846FFF7B2FB092811D12246022303
:10D95000114640F6046004F091FB012101703B2167
:10D96000417004F0C5FB452202212846FFF758FE0E
:10D97000002070BD70B50D460E49164651F82010B6
:10D980008989002918BF70BD052141EA002420467D
:10D9900004F028FC36B140EA05012046BDE870409D
:10D9A00004F032BC20EA05012046BDE8704004F0D6
:10D9B0002BBC00001C0700204021002818BF0128B4
:10D9C00004D002281CBF0428052801D14FF0000113
:10D9D0000846704710B5104604F004FC04280FD028
:10D9E000084890F8241041F0080180F82410012024
:10D9F00000F0CEFB20B100221321012001F058FAE3
:10DA0000002010BD041201202DE9F04F63490020D1
:10DA100085B0D1F804C09CF80080B8F10C0F14BF99
:10DA20000A22022291F82330002B18BFB8F10C0F04
:10DA300007D09CF80930032B1EBF432005B0BDE87A
:10DA4000F08F564991F822108A4303D005B0422046
:10DA5000BDE8F08FB8F10C0F0ED0B8F10D0F06D065
:10DA6000B8F10E0F18BFB8F10F0F70D091E09CF80D
:10DA7000090003287DD203E09CF80900032878D828
:10DA80009CF80A00042874D228B19CF809000128E7
:10DA900018BF02287DD04FF00A00884305D09CF8BB
:10DAA0000900012818BF0228D0D04FF001019CF8CE
:10DAB0000BB09CF828904FF000000CF10C0E0CF10C
:10DAC000290A07468DF800100B464FF00002002F80
:10DAD00003BF75465C461C2155461CBF4C461F21A2
:10DAE0008C4288BF402022E01D2E1CD2DFE806F0C9
:10DAF0001B0F0F0F0F0F0F0F0F0F1B1B1B1B1B1BE2
:10DB00001B1B1B1B1B1B1B0F0F0F0F0F0F00591E87
:10DB100049B2002903DB491E49B20029FBDA0DF89E
:10DB20000360591CCBB2A95C521C1144CAB2A24278
:10DB300004D2002804BFA9184E78D5D0A24218BF3D
:10DB40004A20791CCFB2022F01D20028BDD0134940
:10DB500091F8241001F0070102290BD09CF8011064
:10DB6000002904BF05B0BDE8F08F492005B0BDE82D
:10DB7000F08F0EE0B8F10C0F03D09CF801100229D1
:10DB8000F3D09CF8011000291CBF05B0BDE8F08F50
:10DB9000EBE705B04020BDE8F08F00000412012043
:10DBA00010B500230246194640F6050004F066FA57
:10DBB000BDE8104003F0EABD2DE9F04100240878EB
:10DBC0001F460D462646022814BF40240126304633
:10DBD00000F0DEFA44B938B100221021304601F0DD
:10DBE00067F90020BDE8F081002C08BF43242246DD
:10DBF0002878394600F0D8FEF3E770B515460C4694
:10DC0000104604F0EFFA3F281CBF607800281CD0B3
:10DC10004FEA15254FF001012846FFF747FA0A2879
:10DC200004D0172818BF18280AD00EE02846FFF79E
:10DC300063FA014662780023284609F0A1FA04E05D
:10DC4000627801212846FFF7EBFC002070BD10B57B
:10DC500010460C4604F0C6FA042820D0012000F03B
:10DC600097FAE0B120780C21092807D00B2802D0C0
:10DC700018280AD00FE0607860B904E060780028C6
:10DC800008BF032107D0022105E06078002808BF03
:10DC9000062100D00C216278012001F009F9002052
:10DCA00010BD0000FF2808BF704770B50B4B15462C
:10DCB000044693F823C0ACF1010C83F823C0FEF7AF
:10DCC00083FD204605F08CFB204602F069F82946CA
:10DCD0002046BDE8704006F02FBA00000412012073
:10DCE000F8B51A4D1646074655F8212095F8240038
:10DCF00000F007041078162808BF042005D0002083
:10DD0000002A1CBF104604F027FA002C16BF042C72
:10DD10000022012205F11C030092024631463846DA
:10DD2000FEF75AFD0446FF280DD095F82300401C4D
:10DD300085F82300204605F056FB204602F033F814
:10DD4000204606F01BFA2046F8BD00000412012010
:10DD5000FF2808BF704701F0BFBB002070472DE9C6
:10DD6000F04105460E46174698460123002204213D
:10DD700040F6025004F082F904460120207020464B
:10DD800004F0B6F90020BDE8F081024640201B3ABD
:10DD9000E02A88BF7047B1F5A47F22BF40F6480251
:10DDA0008A420020704700002DE9F0419B484468FA
:10DDB000608820F480706080C0B20B2880F02681DB
:10DDC000DFE800F0FD06FDFD658FA7A7FEFDFB0067
:10DDD000102342F20602002140F6050004F04EF93D
:10DDE00005468E4890F8240000F0070010F0040F5C
:10DDF00019D004280CBF0221032160786871207AB1
:10DE00006873E0886880A088288020780C280FD06C
:10DE10000D2817D00E2808BF012026D00F2808BFD4
:10DE2000042022D02EE0002814BF01210021E4E7C5
:10DE300094F82800002814BF02200320287102292A
:10DE400004D20CE000202871022908D394F84E0077
:10DE5000A871A06CC5F80700B4F84C0010E00120D0
:10DE6000A871E81DF8F788FA0CE028710020A87363
:10DE7000E07BA871D4F80900C5F80700B4F80D00DC
:10DE8000A5F80B002846BDE8F04103F07FBC6348CD
:10DE9000E67A04F10C074568202342F208020021CB
:10DEA00040F6050004F0EAF80446F01C20701C223D
:10DEB0003946201DF3F7CEF8022060700120A070D3
:10DEC0000420E070687A012808BF062003D00228E9
:10DED00008BF052000D1E0702046BDE8F04103F006
:10DEE00055BC202342F20902002140F6050004F04F
:10DEF000C5F8054694F8282004F12901401CF3F7E1
:10DF0000A9F894F8280028702846BDE8F04103F0ED
:10DF10003DBCA07806282AD0072818BFBDE8F081AC
:10DF200000F0AAF84FF00603C0B342F20502002148
:10DF300040F6050004F0A2F83849CA690260098C6D
:10DF4000818003F023FC354C43F69822608990428F
:10DF500088BF0246042140F62B5004F0DFFA94F803
:10DF6000240020F0080084F82400BDE8F081042299
:10DF70000523114640F6165004F080F81821017070
:10DF80006178012908BF402103D0022908BF002180
:10DF900000D10171BDE8F04104F0AAB84FF6324259
:10DFA000002140F6050004F069F81C49CA690260C6
:10DFB000098C818003F0EAFBC5E719E000E025E069
:10DFC000607A022806D144F25062042140F62950BA
:10DFD00004F0A4FA0124234642F20A02002140F68A
:10DFE000050004F04BF80470BDE8F04103F0CEBB2F
:10DFF0000024012342F20A02214640F6050004F003
:10E000003DF80470BDE8F04103F0C0BB608820F02B
:10E01000FF0040F00C006080BDE8F0810412012098
:10E0200038B50AA00C46006800906A46002000F04F
:10E03000FFFA0546012807D120790AF00EF818B139
:10E040000146002000F092FC284638BD1800000070
:10E0500070B510460D46140A04F0C4F83F2809D0E4
:10E0600001212046FFF722F80A2803D1294620463D
:10E0700008F0C4FC002070BD024890F8240000F0B5
:10E080000700704704120120094B0246002019893D
:10E09000002908BF7047881880B2062A98BF7047C9
:10E0A00093F8241011F0200F04BF801E80B2704737
:10E0B000041201200048704720120120F0B52CA066
:10E0C0000D4683B0D0E90010CDE9001017461E467A
:10E0D0006A462946002000F0ABFA0446012843D1E5
:10E0E00028781C282CD009DC05280FD0062812D04F
:10E0F000072808BF42F2070034D035E01F2824D09B
:10E10000202808BF42F22F002CD02DE041F2010060
:10E11000FFF746FD28E007233A46314640F608500F
:10E1200003F0ACFF1449CA690260098C81800021A8
:10E13000817103F0DDFF0021084600F017FC13E0B9
:10E140004221002000F012FC0EE0012342F22302E3
:10E15000002140F6050003F091FF1F21017003F03C
:10E1600015FB01E0FFF71CFD03B02046F0BD0000E9
:10E170000506071C1F2000000412012000487047FC
:10E18000101201200148C08C7047000004120120C9
:10E19000044A0146002052F82110002918BF0878CF
:10E1A00070470000041201200246054810B550F8DF
:10E1B0002200002110B103F0CFFF0146084610BD38
:10E1C00004120120014890F8220070470412012037
:10E1D000F0B484460020ACF5006C05460446BCF162
:10E1E000010C04BF124D212405D0BCF1030F02D154
:10E1F000104D0B7802244FF0000C002C9CBFF0BC9B
:10E20000704735F83C609E420BD105EBCC0CDCF836
:10E2100004C0BCF1000F04BFF0BC70471846F0BC4E
:10E2200060470CF1010CA445EBD3F0BC7047000033
:10E23000D8B30108E0B401082DE9F047264E5FEAA3
:10E2400000080BD12549042004F010F80020C1B2C9
:10E250000022401C46F821200228F8DB404605F049
:10E26000E7FF00252F464FF00109ECB256F82400D5
:10E2700048B103F037FF30B956F824000C3803F0EA
:10E280002FFF46F82470012C04D1042140F62950B8
:10E2900004F0DEF8042003F0A5FF042806D009FAF4
:10E2A00004F120EA0101042003F0AEFF6D1C022DF1
:10E2B000DBDB042140F62B5004F0CAF84046FEF7A1
:10E2C00081FF86F8227086F82370BDE8F0470421AC
:10E2D000084603F099BF0000041201207CAF01083A
:10E2E00003B50146094885B04FF0010C20F8081F1E
:10E2F000074B052200218DE80E10092306AA4FF4D2
:10E30000C051F9F70DFF07B000BD00000412012055
:10E310008CAF01080849034600204968002908BF5E
:10E3200070470A78162A18BF70478A780E2A02BFEB
:10E33000497899420120704704120120024890F860
:10E34000250000F00100704704120120024890F8F7
:10E350002400C0F34010704704120120024890F8D6
:10E360002500C0F3400070470412012038B508A012
:10E370006A4600680090002000F05AF9044601281F
:10E3800003D14321002000F0F1FA204638BD0000FF
:10E390002900000038B508A06A46006800900020F7
:10E3A00000F046F90446012803D14221002000F084
:10E3B000DDFA204638BD00002A00000010B51046E6
:10E3C00003F010FF042804D000221121012000F0E6
:10E3D0006FFD002010BD000070B50C005DD1082855
:10E3E0005AD2DFE800F004105921323E4A5A002385
:10E3F00040F60342194640F6050003F03FFEBDE833
:10E40000704003F0C3B92BA00823D0E9004540F6C3
:10E410000142002140F6050003F030FE0460456033
:10E42000BDE8704003F0B2B924A00823D0E900454C
:10E4300042F20102002140F6050003F01FFE0460D5
:10E440004560BDE8704003F0A1B9002341F2090224
:10E45000194640F6050003F011FEBDE8704003F0D8
:10E4600095B9002342F20202194640F6050003F076
:10E4700005FEBDE8704003F089B904F0B7FF60B94C
:10E48000002341F20502194640F6050003F0F6FDAF
:10E49000BDE8704003F07AB941242146002000F025
:10E4A00065FA002C18BF70BD0021BDE87040042043
:10E4B00003F0AABEFFFFFFFFFF9F0020FF07000041
:10E4C0000000000070B5444D2C6814B12278032A76
:10E4D00001D041217BE0002979D10528F9D2DFE87C
:10E4E00000F0031A49577600A07E042863D0FFF796
:10E4F000C3FD00284FD106234FF63242002140F6DB
:10E50000050003F0BBFDE9690160298C8180BDE84D
:10E51000704003F03BB9A07E95F8242060F302021E
:10E5200085F82420618843F69820814288BF0846F8
:10E530006881A07E0628CCD2DFE800F03D09040304
:10E540000E0EC6E742F0080085F8240033E060684C
:10E55000E861208928841EE0022342F22E02002175
:10E5600040F6050003F08AFD61880180BDE8704037
:10E5700003F00CB9012342F22D02002140F6050000
:10E5800003F07CFD01210170BDE8704003F0FEB88E
:10E59000A07E04280FD0062342F20502002140F697
:10E5A000050003F06BFDE9690160298C8180BDE8FD
:10E5B000704003F0EBB8002341F20902194640F61F
:10E5C000050003F05BFDBDE8704003F0DFB8BDE877
:10E5D0007040002000F0CAB90412012070B5134D3C
:10E5E000044655F8240050B103F07CFD38B955F8C5
:10E5F00024000C3803F074FD002045F82400012CA1
:10E6000004D1042140F6295003F022FF042003F036
:10E61000E9FD042808BF70BD0121A140BDE870409C
:10E6200020EA0101042003F0EFBD000004120120E4
:10E630002DE9F0470546144689460027042003F0DB
:10E64000D1FD99F8008004282ED01A4951F82520D0
:10E650004A4508BF012727D001220026AA400242CE
:10E6600005D0012D0CBF4326022715D01CE02078D1
:10E67000E8B1C0B2404504D014F8010F0028F8D129
:10E6800015E010F0FF0F12D0012741F82590394610
:10E69000284600F0DBFC3EB1484603F05DFD014634
:10E6A0003246404600F080F93846BDE8F087402603
:10E6B000F2E70000041201202DE9F04107460C4664
:10E6C00015469846284603F08DFD0646012E05D1D5
:10E6D0002088432800D100E000BF00BF0020BDE833
:10E6E000F08100002DE9F04116A082B000681746C5
:10E6F00000901E460C466A460020FFF799FF05462B
:10E7000001281AD101A9204605F0BEFC5FEA0008E5
:10E710000FD106233A46314640F61C5003F0AEFCBA
:10E7200061880180BDF804104180E188818003F098
:10E73000DFFC4146002000F019F902B02846BDE890
:10E74000F08100001B00000070B544A00C4682B0B0
:10E75000D0E90010CDE900106A4621460020FFF7FD
:10E7600067FF0546012876D12078A0F1210106290E
:10E7700071D2DFE801F00306062A4A2542F22A0098
:10E7800020E06178012904D04021002000F0EEF85B
:10E7900061E0222814BF42F22B0242F22C0207232E
:10E7A000002140F6050003F069FCA1780170D4F85F
:10E7B0000310C0F80110B4F80710A0F805101CE011
:10E7C00042F22900FFF7ECF945E06078C0B1272359
:10E7D00042F22702002140F6050003F04FFC0646F6
:10E7E00060782722C0EBC00101EB40102044A0F16B
:10E7F00025013046F2F72EFC304602F0C7FF2AE032
:10E800000021084600F0B2F825E060780028F7D033
:10E81000072342F22802002140F6050003F02EFCF7
:10E820006178C1EBC10202EB41112144A1F5806284
:10E8300051F8241CC0F80110B2F8E013A0F805103C
:10E840006178C1EBC10202EB4111214411F8251C92
:10E85000017002F09BFF02B0284670BD21262223E2
:10E860002425000030B504460878024D85F8500094
:10E87000002030BD2411012010B50446002010BD39
:10E8800010B50446002010BD30B504460878024D8E
:10E8900085F85100002030BD2411012070B5084ECC
:10E8A0000446002556F8240040B1012503F054FC2D
:10E8B000024656F82400042103F0FEFB284670BDF2
:10E8C0000412012070B5087800250C46012807D0F5
:10E8D0001D280FD04022194600F066F8284670BD6A
:10E8E00007F049FC06480021012504600846FFF7AF
:10E8F00073FDF3E74FF0C33005F0FEFAEEE70000DA
:10E9000004120120F8B517A00C46006800901648C4
:10E91000006800280CBF012500256A460020FFF78B
:10E9200087FE064601280BD160785DB120B1E07901
:10E9300000F0C000402809D04021002000F016F867
:10E940003046F8BD002808BF4721F6D06078401E49
:10E95000C1B2617004EB011000F10801A01C09F0C4
:10E96000A0FBEDE7170000000412012070B505467A
:10E970000C480E4650F8250004000DD003F0ECFBC7
:10E980000146022304224FF4506003F077FB217804
:10E990000170467003F0ACFB2846BDE87040FFF7FD
:10E9A0001DBE000004120120002908BF704770B589
:10E9B00015460446022304224FF4506003F05EFB28
:10E9C00004704570BDE8704003F092BB2DE9F04142
:10E9D000064614480F462023456842F208020021EB
:10E9E00040F6050003F04AFB0446F01C20701C2290
:10E9F0003946201DF2F72EFB022060700120A07026
:10EA00000420E070687A012808BF062003D002289D
:10EA100008BF052000D1E0702046BDE8F04102F0BB
:10EA2000B5BE000004120120F8B513A00C46006822
:10EA300000906A460020FFF7FBFD0546012809D13A
:10EA4000FFF7C0FB052232EA000005D04321002079
:10EA5000FFF78CFF2846F8BD42F21402052300217F
:10EA6000901003F00BFB0646611CF7F789FC30465B
:10EA700002F08CFEEEE70000040000002DE9F843F0
:10EA800069A00C46006800906A460020FFF7D0FDA0
:10EA90000746012869D16078644E00F00F0596F8AA
:10EAA0002300002806BF7068002843215AD135F0A2
:10EAB0000A0018BF422155D1A07EFEF77DFF08B1A4
:10EAC00040214FE06068F06120893084A17E96F893
:10EAD000240061F3020086F82400A18C608CFFF70B
:10EAE00054F90028ECD1804686F8248086F82280EC
:10EAF000042140F62B5003F0ABFCF9F7B5FC0A20DB
:10EB0000A8431CBF052030EA050031D194F820004D
:10EB10001F2110F0400F06D096F824007F2140F00E
:10EB2000200086F82400A07E10F0040F18BF41F4E6
:10EB3000C071A08BFFF7D4FB010013D194F8200023
:10EB400010F0800F05D096F8240040F0400086F8C1
:10EB5000240094F82000C0F3C011E08B01F03AF9D2
:10EB6000010005D00020FFF701FF3846BDE8F8831B
:10EB700094F8200010F0380F14D00420FFF784FA26
:10EB800094F82010C1F3C2018900091F8AB20C2138
:10EB9000F9F76BF90420FFF777FA4FF4006211469A
:10EBA000F9F763F994F8200010F0070F13D0022052
:10EBB000FFF76AFA94F820104907C90E091F8AB2B4
:10EBC0000C21F9F752F90220FFF75EFA4FF40062C8
:10EBD0001146F9F74AF9012005F02AFB86F8225080
:10EBE000E08C00F061F8208D00F050F896F82200DB
:10EBF00030F0030008BF86F8258004D0E07E20F0C6
:10EC0000820086F82500D4F80A00F060D4F80E00DF
:10EC10003061D4F812007061D4F816000021B061A0
:10EC20000846FFF74FFCA0E7030000000412012094
:10EC300038B514A00C46006800906A460120FFF722
:10EC4000F7FC054601281BD10F4AD4F80110D1600A
:10EC5000D4F805101161D4F809105161D4F80D00F1
:10EC6000906192F82400042140F0080082F824000A
:10EC700040F62B5003F0ECFB00210120FFF776FE5D
:10EC8000284638BD2800000004120120054B172239
:10EC9000D98C884228BF0846172838BF10461885E7
:10ECA0007047000004120120172240F2052188421B
:10ECB00028BF0846172838BF10460149C884704746
:10ECC0000412012070B50C4615490C254E68617878
:10ECD00019B13C2908BF122516E022460121FEF792
:10ECE000FFFFFF281CBF0D2570700DD16188042324
:10ECF00040F2064240F6050003F0C0F96188018049
:10ED00001421817002F042FD6078002818BF903015
:10ED1000C2B22946BDE87040012000F0C9B8000029
:10ED20000412012070B515A00D46D0E9001082B084
:10ED3000CDE900101348406800280CBF01240024CE
:10ED40006A4629460120FFF773FC0646012811D1C7
:10ED500074B100206880FEF757FE20B10146012003
:10ED6000FFF704FE06E000221146012000F0A0F8A3
:10ED7000FFF71AF802B0304670BD00000C0D0E0F00
:10ED80000000000004120120024890F82400C0F3A3
:10ED9000801070470412012070B51D46A1F10C04CB
:10EDA0000423002140F61D5003F068F961890180B9
:10EDB000458003F09DF9002070BD000010B50446A9
:10EDC000062909D007291CBF607800280AD0FFF760
:10EDD00053F902280DD03CE0608820F0FF0040F09D
:10EDE000070004E0608820F0FF0040F00800608029
:10EDF00010BD1B4A92F8240010F0080F0CD1617866
:10EE0000012902D0022904D023E010F0100F20D1F4
:10EE100002E010F0100F1CD0608820F400606080C9
:10EE200092F8240020F0080082F82400608820F086
:10EE3000FF0040F00600608092F8240020F01001EE
:10EE40006078012818BF002041EA001082F82400F1
:10EE500010BD608820F0FF0040F00800608010BD09
:10EE60000412012038B510A00C46006800906A46D4
:10EE70000020FFF7DDFB0546012813D1FFF788F9D5
:10EE80000C2818BF0D2809D108484068807805284B
:10EE900004D96078A11CFFF799FD03E0432100200D
:10EEA000FFF764FD284638BD100000000412012061
:10EEB0002DE9F0418046644816460C4650F828502B
:10EEC000002D08BFBDE8F0816B880C2CDFB215D097
:10EED00013F4807F18BF102C05D0112C1EBF132CEB
:10EEE000142CBDE8F08128780C2818BF0D2815D007
:10EEF0000E281EBF0F280C244C260FD0688810F453
:10EF0000807F7AD00C2C18BFBDE8F08120F0FF0084
:10EF100040F00C0068806E70BDE8F081284614292E
:10EF200065D2DFE801F00A0F64641B18181820642A
:10EF30002B64645D64643A454F5623F0FF0141F051
:10EF4000010151E002780C2A12BF0D2A23F0FF01C3
:10EF500041F0040148D0FFF731FFCFE723F0FF0174
:10EF600041F0050140E013F4606F23F0FF0108BF9A
:10EF700041F0090138D041F00A0135E013F4C06FC7
:10EF800018BF23F0FF0121D113F4006F04BF23F059
:10EF9000FF0141F00801DED126E043F40071CAB25E
:10EFA0004180092AAAD121F0FF0141F00A011BE0AA
:10EFB00043F48061CAB24180092A08BF21F0FF01F1
:10EFC000D9D09BE723F0FF0141F4806141F00B01B0
:10EFD0000AE043F40061CAB24180092AE3D08DE718
:10EFE00023F0FF0141F00B01698087E705E023F082
:10EFF000FF0141F00C01698080E7C2B20B2A18BF03
:10F000000C2C0DD0BA421ABF002C092ABDE8F081A1
:10F0100040F4807068804046BDE8F041FFF73EBC98
:10F0200000210C2A14BF0C2C314608D010F4007FAC
:10F0300018BF442103D110F4806F18BF452140460A
:10F04000BDE8F041FFF792BC0412012070B50546FF
:10F050000C46042003F0C6F8042808BF70BD012147
:10F0600001FA05F234B1BDE870401043C1B204208A
:10F0700003F0CAB8BDE8704020EA0201042003F0A2
:10F08000C3B80000F8B505460DA00C460068009016
:10F090006A460020FFF7CCFA064601280DD1A5F5F7
:10F0A0005060173804D0022808BF08F0EDFF04E0D4
:10F0B00004F11101601C09F037F83046F8BD00007A
:10F0C000191A000070B510460D46140A03F08AF8AC
:10F0D0003F2813D001212046FDF7E8FF0A2804D07D
:10F0E000172818BF182805D008E02946204607F041
:10F0F000ABFA03E02946204608F0A8FD002070BDC9
:10F1000030B536A00C4683B0D0E90010CDE9001030
:10F110006A4621460020FFF78BFA0546012859D19F
:10F120002078082808BF42F20F0051D0092807D0E4
:10F130000A282BD00B2808BF42F2100048D049E023
:10F140006078F0B1072342F21102002140F6050079
:10F1500002F094FF6178C1EBC1012144A1F5806206
:10F1600051F8051CC0F80110B2F8FF13A0F8051003
:10F170006178C1EBC10121444978017002F006FBBE
:10F1800028E000210846FFF7F1FB23E06078002823
:10F19000F7D0072342F21202002140F6050002F0E8
:10F1A0006DFF6178C1EBC1012144A1F5806251F886
:10F1B000051CC0F80110B2F8FF13A0F80510617823
:10F1C000C1EBC10121444978017002F0DFFA01E08E
:10F1D000FEF7E6FC03B0284630BD000008090A0B24
:10F1E0000000000030B504460888024D6883002006
:10F1F00030BD00002411012070B515460C461046A4
:10F2000002F0F0FF202819D0104E2D0A56F82500E4
:10F21000406B98B1017D103016290FD123797BB155
:10F2200022882846FAF79BFD56F825003430FBF774
:10F2300073FE02F055FF2846FAF714FA002070BD5D
:10F24000618841F400410180F5E7000020070020BB
:10F250002DE9F0411F4690460C46104602F0C2FFD1
:10F260003F2824D000252E460220FEF70DFF2188DE
:10F2700088420FD00420FEF707FF2188884208BF8C
:10F28000022507D00820FEF7FFFE218888420CBF28
:10F290000125802606234246394640F6184002F0F2
:10F2A000EDFE218801800671458002F021FF0020DB
:10F2B000BDE8F0812DE9F05F6D4F0446894657F8AF
:10F2C0002410032040EA0426002900F0C080002515
:10F2D0004FF0010BAA46B9F1000F2BD057F82400CC
:10F2E0004FF0460850F82500C0B102F035FF014646
:10F2F000042332464FF4406002F0C0FE57F8242049
:10F3000052F825100978017080F8018057F8242000
:10F3100052F825104988418002F0EAFE294620462D
:10F3200000F08EF90BFA05F0C1B20022204600F081
:10F3300037FC48E0012D02D0022D19D030E057F8FB
:10F340002400C068002814BF0020012040BB57F8EB
:10F3500024000C30FBF7E0FD02F0C2FE57F8240059
:10F36000C06800280CBF012000200028EFD017E063
:10F3700057F82400C069002814BF0020012078B984
:10F3800057F824001C30FBF7C7FD02F063FD57F867
:10F390002400C06900280CBF012000200028EFD005
:10F3A00057F8241051F8250068B102F09BFE30B9DF
:10F3B00057F8241051F825000C3802F091FE57F848
:10F3C000241041F825A057F82400406900280CBFFC
:10F3D0000120002078B957F824001430FBF79CFD79
:10F3E00002F038FD57F82400406900280CBF0120C6
:10F3F00000200028EFD0681CC5B2032DFFF46BAFCE
:10F400002046F9F7B1FB57F82400406B002814BFE1
:10F410000020012078B957F824003430FBF77CFD38
:10F4200002F05EFE57F82400406B00280CBF01205C
:10F4300000200028EFD02046F9F7CAFB2046F9F754
:10F44000B3FB57F8240002F005FD47F824A031462D
:10F4500040F61C4002F0FCFF314640F61D4002F031
:10F46000F7FF3046BDE8F05F202102F0CDBE00007E
:10F470002007002070B516460C46104602F0B2FE7A
:10F48000360A05463F2807D020780A2806D04122B0
:10F4900000213046FEF7C4F8002070BD0021304640
:10F4A000FDF704FE02280DD100213046FDF714FEC1
:10F4B000042808BF1F2D05D106494FF0040051F85C
:10F4C0002610888162784FF000013046FEF7A8F8D8
:10F4D000E2E700001C07002010B5044600221021BE
:10F4E00000F05EFB2046BDE81040FAF7BBB8000014
:10F4F00070B504460021442002F032FD1E4D442127
:10F5000045F82400F1F7BFFD55F824000C30FBF757
:10F51000D7FC55F824001430FBF7D2FC55F8240032
:10F520001C30FBF7CDFC55F824002430FBF7C8FC59
:10F5300055F824002C30FBF7C3FC55F82400343078
:10F54000FBF7BEFC55F824100020C86355F82420B2
:10F550001721A2F8401055F8241081F8420003202A
:10F5600040EA0420002102F04FFE2046BDE8704032
:10F570000122102100F014BB2007002070B511A05B
:10F5800082B0150A00680A46019001AB01212846A5
:10F5900000F0A8F80646012811D1002000900320B1
:10F5A00040EA052302220421284603F017FB044603
:10F5B000FEF7E8FD608021462846F8F7DDFB02B043
:10F5C000304670BD0C0D0100024951F82000B0F822
:10F5D0004000704720070020054B0246002053F8EA
:10F5E000222052F82110002918BF08787047000027
:10F5F00020070020024A52F8200050F821007047EE
:10F600002007002010B560B90B49032002F02EFE40
:10F6100000200A4A014642F82010401C10F0FF006A
:10F62000F9D0002400212046FFF744FE601C10F0B2
:10F63000FF04F7D010BD0000D4AF01082007002060
:10F6400070B5274E04460D4656F82400012902D015
:10F65000022D17D02CE0C068002814BF0020012024
:10F6600030BB56F824000C30FBF756FC02F038FD96
:10F6700056F82400C06800280CBF01200020002894
:10F68000EFD015E0C069002814BF0020012078B930
:10F6900056F824001C30FBF73FFC02F0DBFB56F869
:10F6A0002400C06900280CBF012000200028EFD0F2
:10F6B00056F8240050F82500002808BF70BD02F05D
:10F6C00011FD30B956F8240050F825000C3802F02E
:10F6D00007FD56F82410002041F8250070BD0000F9
:10F6E000200700202DE9FF4F8146032083B01C46F0
:10F6F0001746002640EA092002F074FD834697F879
:10F700000080788843250190BBF1200F37D0484610
:10F710000499FFF76FFFB84208BF012639D004985B
:10F720000121002501FA00FA1AEA0B0F18BF022680
:10F730002FD12078A0B1C0B2404504D014F8010FF9
:10F740000028F8D10CE010F0FF0F09D0134850F852
:10F75000290090F84200002818BF432502D00EE08F
:10F7600040250CE001263A464846049900F0DAF9B3
:10F770000AF0FF010122484600F012FA4DB1384666
:10F7800002F0EAFC0346009541464846019A00F023
:10F7900063F907B03046BDE8F08F00002007002075
:10F7A0002DE9F04114460E460025104602F01AFDE0
:10F7B000202813D00B4F240A57F824000146406B31
:10F7C00060B1C86B00281CBF0C3802F089FC57F8E8
:10F7D00024000125C6632046F9F744FF2846BDE80A
:10F7E000F08100002007002070B515460C46104639
:10F7F00002F0F8FC2E0A3F283ED000213046FDF7EB
:10F8000055FC05212A0A41EA0225022806D00528CE
:10F810001FD0062832D0152848D02DE000213046D0
:10F82000FDF75AFCA1882A460C318BB2014640F6FE
:10F83000066002F023FC05460020287020886880BE
:10F84000A088A880A288A11DA81DF1F703FC284666
:10F8500010E000213046FDF73FFC01460C232A460C
:10F8600040F6066002F00AFC012101702188418007
:10F87000E188818002F03CFC002070BD0021304610
:10F88000FDF72AFC01460C232A4640F6066002F0EA
:10F89000F5FB0221017021884180E1888180218966
:10F8A000C18061890181A1894181E3E7002130465E
:10F8B000FDF712FC01460C232A4640F6066002F0D2
:10F8C000DDFB0321017021884180A1790171D1E71D
:10F8D00070B51E4615460C46104602F083FC3F28C4
:10F8E00054D0FEF733FD38B10620FEF7CDFB21885A
:10F8F000884208BF02240FD00220FEF7C5FB2188F2
:10F90000884208BF002407D00420FEF7BDFB2188F1
:10F91000884208BF012408D101232A46002140F66D
:10F920000A6002F0ABFB047020E00820FEF7ACFB9D
:10F93000218888421DD125F0FF0040F003010723F4
:10F940002A4640F6144002F099FB04460820FEF7D0
:10F950009BFB20800020207101206080FEF78CFB43
:10F96000042814BF002001206071204602F0C0FB73
:10F970000CE006232A46314640F6144002F07EFB96
:10F98000218801808021017102F0B2FB002070BD4E
:10F990002DE9F0411F0A0E46032040EA0721802589
:10F9A00008230A4640F6144002F068FB04463088FB
:10F9B00020800020608000F041FA10B100F03EFA93
:10F9C000C01C318888420CD102206080651D3846F9
:10F9D000FDF796FF002818BF02202870000A687003
:10F9E00000252571204602F083FB0020BDE8F08150
:10F9F0002DE9F041174F05460C4657F825001646ED
:10FA000050F82400C8B102F0A7FB032141EA052207
:10FA1000014604234FF4406002F030FB57F82510F4
:10FA200051F8241009780170467057F8251051F8E4
:10FA300024104988418002F05BFB21462846FFF7ED
:10FA4000FFFD0120A040C1B22846BDE8F0410022E0
:10FA500000F0A6B82007002070B50D461646032119
:10FA60009C4641EA0022042361464FF44060049C16
:10FA700002F004FB057044704680BDE8704002F05F
:10FA800037BB0000F8B513A0140A00680D460A46FB
:10FA900000906B4600212046FFF724FE0646012811
:10FAA00015D10D4850F82400C06B30B10088A988EA
:10FAB000884204BF2046F9F777F829462046FAF72E
:10FAC00062F920B1024600212046FFF791FF30463F
:10FAD000F8BD0000121314002007002070B5044682
:10FAE000172240F20520814228BF0146172938BF5E
:10FAF00011460B4D042355F82400A0F840100320B4
:10FB000040EA0422002140F6024002F0B7FA55F81C
:10FB10002410B1F840100180BDE8704002F0E8BA4E
:10FB200020070020024B53F8200040F821207047A6
:10FB3000200700202DE9F04107461646104602F046
:10FB400051FB340A202826D0144D55F8240090F893
:10FB5000420048B92046FEF7DDFB28B932460021B5
:10FB600040F61B4002F0D4FA55F82410012081F829
:10FB70004200A7F540601C3802D0012806D00AE0F8
:10FB8000452201212046FFF733FF04E045220021F2
:10FB90002046FFF72DFF0020BDE8F0812007002060
:10FBA00070B50D46032141EA00241646204602F0B6
:10FBB00019FB36B140EA05012046BDE8704002F06D
:10FBC00023BB20EA05012046BDE8704002F01CBBC3
:10FBD00070B515460C46104602F004FB202837D0BD
:10FBE0001C4E2D0A56F82500406B20B3007D1228CC
:10FBF00006D0182811D0522818BFD22805D01AE0F4
:10FC0000A27821882846FAF78DF956F82500343075
:10FC1000FBF782F902F064FA0AE0A37843B1228884
:10FC200018212846FAF79BF82846F8F79DFFECE7DD
:10FC30002846F9F717FDA07850B956F82500C06B93
:10FC400030B100882188884204BF2846F8F7ACFF0D
:10FC5000002070BD200700202DE9F0411F46164608
:10FC60000C46104602F0BEFA3F2852D00220FEF7A2
:10FC70000BFA2188884224D1608858B10423324687
:10FC8000394640F6164002F0F9F921880180082132
:10FC900081703CE0A0883246001D83B2002140F60E
:10FCA0000C6002F0EBF9054600202870A0886880FF
:10FCB000A288A11D281DF1F7CDF9284602F018FAF7
:10FCC00027E00420FEF7E0F92188884224D16088EB
:10FCD000002804BFA08802284FF0040332460DD04C
:10FCE000394640F6164002F0C9F921880180A18802
:10FCF00002290CBF08210D21817008E0002140F687
:10FD00000C6002F0BBF901210170E188418002F032
:10FD1000EFF90020BDE8F081802504233246394602
:10FD200040F6164002F0AAF9218801808570EEE7BE
:10FD30002DE9F0411D4610460F464FEA132802F008
:10FD400051FA202829D0FC880320290A802640EA7D
:10FD50000125002C18BF022C13D14FF002032A46B4
:10FD60004FF0000140F6124002F088F9048002F0E2
:10FD7000BFF9022C0CBF012100214046FDF7CAFD4E
:10FD8000002604230222294640F6164002F076F9A6
:10FD900086703988018002F0ABF90020BDE8F0815F
:10FDA0000121FFF787BAFFF7A3BB002070470000CF
:10FDB00010B5040003D10649022002F057FA20468C
:10FDC000FFF720FC0021BDE81040022002F01CBA21
:10FDD000B0B2010830B585B0002918BF0E2141F03E
:10FDE0000101134D04910123A883124A032100202D
:10FDF0008DE80F00042304AA41F6010105F11C005F
:10FE0000F8F78EF9040010D1FEF7BEFF68B10A487A
:10FE100000680090A88B002818BF801C80B26B4639
:10FE200000220421F7F7C9FF044605B0204630BD83
:10FE3000F0210120C0B20108ACB201080148808B5A
:10FE400070470000F0210120014608784A7840EA16
:10FE500002207047014608784A7840EA02208A78F2
:10FE600040EA0240CA7840EA0260704770B5054631
:10FE70000D4E00EB850446F824108868804706EB99
:10FE8000840402206074E574084901F091FF0020A9
:10FE9000207420682346064AD0F800C004F10F0001
:10FEA000BDE8704001216047102201206100010877
:10FEB000CDFE00080021017401680346024AD1F812
:10FEC00000C001210F306047CDFE00082DE9F04150
:10FED00000270446032529B1012978D0207C002879
:10FEE0007ED074E0207CD0B101282FD0022878D0B9
:10FEF000032818BFBDE8F08122464FF0000C604691
:10FF00001118401C4B7BC0B20B730328F8D3BCF113
:10FF1000000F67D0BDE8F0411046FFF7CBBFE07B94
:10FF2000A074022818BF042875D1E17C00294ED1A5
:10FF300046492346464A095C012020742068D0F8CF
:10FF400000C004F10C00BDE8F0416047A07C4FF018
:10FF5000020802281AD0042818BFBDE8F08104F175
:10FF60000C06207B2073607B607328B3022101F0B4
:10FF7000F7FF606058B3717884F8108022682346D8
:10FF8000D2F800C0BDE8F041314A6047E089E08125
:10FF9000A089A08104F10C06E18900F05DFA60609F
:10FFA000A8B1718884F8108022682346D2F800C076
:10FFB000BDE8F041264A60473378014600221846E2
:10FFC00000F0F4FC2046BDE8F041FFF773BFA781C5
:10FFD000E07BA0732574234620681D4A012102E0BE
:10FFE00019E007E026E0D0F800C004F10F00BDE8FA
:10FFF000F0416047A07C022812D0042818BFBDE859
:020000040801F1
:10000000F081617B207B626800F0D0FC606810B1F9
:1000100001F020FF67602046BDE8F041FFF74ABFCE
:10002000E189A089626800F01BFA2046BDE8F04132
:10003000FFF740BF157410681346054AD0F800C09A
:10004000BDE8F041012103F10F006047E0B2010873
:10005000CDFE000801214174022001F0EDBE000038
:1000600070B5022001F0B0FE0024094D022604EB19
:10007000840005EB8000417C012904D1467480682E
:10008000002818BF8047601C10F0FF04EFD070BD3F
:100090001022012030B41C46084B01F8010C00204E
:1000A0009C6058741868A1F1010C154644686046BC
:1000B000691CA44630BC024A60470000102201209F
:1000C000550001082DE9FF4106460F4607246A4600
:1000D00039463046F2F781FC40B10720F6F7A2FE20
:1000E00007210020F6F7A2FCBDE8FF819DF8000083
:1000F00001281CD1BDF80400062818D10DF10A0012
:10010000FFF7A2FE05B20DF10600FFF7A3FE804641
:100110002946F6F70FFE0446002C07D1BDF8021061
:100120009DF800000023012204F038F9C0E09DF89A
:100130000000102814D1BDF80400012810D19DF84A
:100140000600F6F775FE0446002CEFD19DF8062058
:10015000BDF802109DF80000002304F01FF9A7E08D
:100160009DF80000112816D1BDF80400022812D114
:100170000DF10600FFF768FE05462846F6F782FEF9
:1001800004463CB92B12EAB2BDF802109DF80000FB
:1001900004F004F98CE09DF80000202810D1BDF88F
:1001A000040068B9F7F7CAF90446002C07D1BDF876
:1001B00002109DF8000000231A4604F0EFF877E0E3
:1001C0009DF80000212810D1BDF8040068B9F7F7A8
:1001D000BBF90446002C6BD1BDF802109DF800005D
:1001E00000231A4604F0DAF862E09DF800002428A3
:1001F00010D1BDF8040068B9F7F71AF90446002CCD
:1002000056D1BDF802109DF8000000231A4604F0F4
:10021000C5F84DE09DF80000222808D1BDF8040083
:1002200028B9BDF8020004F065F9002440E09DF80B
:100230000000232815D1BDF80400022811D10DF1CA
:100240000600FFF701FE0546F7F784F904467CBB7C
:10025000BDF802109DF8000000231A4604F09EF835
:1002600026E09DF80000302808D1BDF8040028B928
:10027000BDF8020004F0A6F8002419E09DF8000083
:10028000402815D1BDF80400022811D19DF80710AF
:100290009DF80600F5F78EF904464CB99DF8073035
:1002A0009DF80620BDF802109DF8000004F076F8D5
:1002B0004CB1012C01D1072200E0224611469DF8E5
:1002C0000000F6F7B3FB00BF0EE7000000B585B0F5
:1002D0006846F6F76FFC9DF8050028B9012120203B
:1002E000F6F7A4FB05B000BD0020F6F7B3FDFBF761
:1002F0004FFA20B105212020F6F798FBF2E71448C9
:100300000068401C124908600846006808B90120CE
:10031000086000200E4948600861F6F7D9FC0C49D6
:1003200088600020C8600B480B49086008F0BAFEDE
:10033000012007490876F6F78DFD00210220F6F727
:100340008BFB034801680320F6F786FB00BFC9E773
:10035000E48F002000F004081401002010B50848C4
:10036000007E38B1002006490876F6F773FD0020BC
:1003700008F0C4FE024841680420F6F76DFB10BD8A
:10038000E48F002070B505460120F6F7BBFD2C4632
:1003900010E00F4800EB041606E0F6F71BFD00B96D
:1003A0000DE0142005F0B2FB3046F6F775FB00288F
:1003B000F3D0641C07484068A042EAD800BF002080
:1003C000F6F7A0FD21460720F6F746FB70BD0000BA
:1003D00000F00408E48F00202DE9F04182B01446BB
:1003E0000D46104601F0FEFE3F2829D01949200A8B
:1003F000AF7851F82040D5F80880012F04D0022FA3
:100400001ED1414602F000FCE068C8B18188A1F528
:100410002061123914D100F10C06A888CDE900073B
:10042000434604F11002B11C301D02F057FE08B91A
:10043000218A29B90021E1603070304601F058FE70
:10044000A868002818BF01F005FD002002B0BDE833
:10045000F0810000300700200846032101F080BD34
:100460002DE9F041C0F30B04050B16460F4620465C
:10047000FCF792FCA4F57F41FF3914BFFF28BDE8CB
:10048000F0814FF0010141EA00214FF00C034FF0E1
:10049000000240F6060001F0F1FD048085708780BF
:1004A0008660BDE8F04101F023BE10B51446104649
:1004B00001F098FE3F2805D02246002140F62A6030
:1004C00001F026FE002010BD2DE9F04107460C4644
:1004D000104601F087FE04283BD00C250020FDF7D4
:1004E00057FE032804D01C4E2178706849B127E0DC
:1004F0002078002818BF9030C1B20420FDF7E2FF39
:1005000027E0E8B1A7F5005005384FF001071CBF00
:1005100000F2D330B0F5604F12D14FF00100FDF77B
:1005200043FE01460723042240F6085001F0A6FDD1
:10053000F1690160318C8180877101F0D9FD072557
:100540002078002818BF9030C2B229460120FEF75B
:10055000AFFC0020BDE8F081041201202DE9F0413C
:1005600080460D46104601F03DFE012604283FD08E
:100570002E4F28780C247968D8B9D1B1A8F500504D
:10058000063808BF012414D0022808BF042410D064
:10059000032808BF05240CD004280AD1887808282D
:1005A00014BF0A240824082C03D10321002001F0E1
:1005B0002BFE0020FDF7ECFD102810D10020042CAC
:1005C00019D0052C08BF002600D038B128780028A3
:1005D00018BF9030C1B20020FEF7C8F946B12878A4
:1005E000002818BF9030C2B221460120FEF760FCFF
:1005F0000020BDE8F08128783F6800260028E5D17A
:10060000202342F20902002140F6050001F036FDE8
:100610000446B87F20701F2207F11F01601CF0F70D
:1006200019FD204601F0B2F8E2E7000004120120B3
:1006300042F2010310B5C21A98421CD006DCA0F5A4
:10064000406001380ED0022805D02EE0132A1BD0BE
:10065000232A22D029E00878002818BF9030C1B2A0
:10066000012005E00878002818BF9030C1B20320AF
:10067000FDF7B2FE19E00878002818BF9030C1B22B
:100680000420FDF7A9FE10E00878002818BF90307C
:10069000C1B20020FEF76AF907E00878002818BF09
:1006A0009030C1B20120FDF70DFF002010BD000009
:1006B0002DE9F04107460C46104601F093FD412517
:1006C0000126042836D00020FDF762FDA7F5005171
:1006D000273908292DD2DFE801F01414342C2C2CF2
:1006E000040B2078002818BF9030C1B2032005E029
:1006F0002078002818BF9030C1B20220FDF7E2FE3A
:100700001CE0242818BF252814D12078002818BF01
:10071000903010F0FF050DD10E4800684178491E59
:1007200011F0FF01417005D00020FEF7B7F880F00E
:1007300001061EB129460020FEF718F90020BDE889
:10074000F0812628F6D12078002818BF9030C5B255
:10075000F0E700000412012070B506460D46104671
:1007600001F040FD412404282BD00020FDF710FDAE
:10077000A6F5005110391ED0012918BF02291CD13D
:10078000092818BF0A2818D1287800281CBF9030E3
:10079000C4B212D10F4800684178491E11F0FF0120
:1007A000417008BF002408D00020FEF777F890F0D1
:1007B000010F06D001E00B2805D021460020FEF7EE
:1007C000D5F8002070BD2878002818BF9030C4B23A
:1007D000F3E700000412012070B5064614460D46EA
:1007E000104601F0FFFC240A3F2812D0A6F58060D5
:1007F000334E06380FD0172826D000F2F330B0F56C
:1008000000502BD003281FD0412200212046FCF7A6
:1008100007FF002070BD28780028FAD056F8241071
:100820008A89002AF5D09030C3B201212046FCF716
:1008300046FF56F824000028EBD1052040EA0420AA
:10084000002101F0E1FCE4E728780028E1D09030B5
:10085000C2B200212046FCF7E3FEDAE72878002840
:10086000D7D002212046FCF721FC0928D1D12878D5
:10087000112809D004DC012818BF0C2817D103E087
:10088000192818BF1A2812D156F8241091F84620BA
:1008900012F0200F0BD091F8550020F0020081F8E3
:1008A00055004FF002012046FCF776FEB1E7002824
:1008B00018BF9030C2B202212046FCF7B1FEA8E773
:1008C0001C07002070B515460C46104601F08AFC46
:1008D0002D0A3F281ED0104E002356F8250080898F
:1008E000042808BF0423A27821792846FCF7D4FE07
:1008F00056F82500828942B12078002818BF903030
:10090000C3B201212846FCF7DAFE22796188284625
:10091000FDF7C8F9002070BD1C07002070B50C461B
:100920004888FCF739FA0546FF2806D0FCF7E4FBB7
:1009300001462278284606F03BFB002070BD70B5CA
:100940000C464888FCF728FA0546FF2806D0FCF735
:10095000D3FB01462278284606F02AFB002070BD12
:10096000002918BF01291AD00E4A022902D00329F2
:1009700005D014E0016891604068D0600FE0016824
:1009800011604068506008490020135C11F800C0F5
:1009900043EA0C031354401CC0B20828F5D30020CE
:1009A0007047000024220120EDB201082DE9F04F2C
:1009B000002483B00F46154681460E2820D0B9F199
:1009C0000F0F77D08246B9F13E0F00F0EA8048461B
:1009D00000F04EFD060000F04E8170784FF0FF08E9
:1009E00010F0030B08BF4FF0040800F00381BBF1C7
:1009F000010F18BFBBF1020F00F0D98000F03BB926
:100A0000032FC0F03881B5F801B0584600F0FEFC65
:100A1000060000F03081B0784FF0FF08C0F3011AF3
:100A2000BAF1000F08BF4FF004082BD0BAF1010F44
:100A300018BFBAF1020F40F01E81B1684FF00000FC
:100A40004FF6FF790B7805F103023BB10B5C482BA5
:100A500031D0401CC0B20B5C002BF7D14846FCF7EC
:100A60009BF9A9F57F41FF3918BFFF2806D0BAF1DD
:100A7000010F0CBF0521012141EA0028B8F1FF0F49
:100A800000F0F980FF1E3804000CADF804001FD000
:100A9000D6F808C0BCF1000F08BF042418D0B07805
:100AA00010F0800F0BD00021BBB201AA0846E0472E
:100AB000C4B20DE037E01044B0F80090CEE700215A
:100AC000BBB201AA0846CDF800C000F0ECFF044616
:100AD000BDF804305A46414640F6010001F0CEFA16
:100AE0008046BDF8040000281CBFD6F808C0BCF141
:100AF000000F0AD0B07810F0800F0AD0BBB201AA64
:100B000005F103014046E047C4B2404601F0F0FA67
:100B1000B1E0BBB201AAE91C4046CDF800C000F02C
:100B2000C2FF0446F1E7042F78D15688304600F022
:100B30006DFC002872D080784FF0FF0CC0F30113D9
:100B4000002B08BF4FF0040C23D0012B18BF022B41
:100B500064D1544DF2B24FF0FF014FF0000005EBAD
:100B6000000898F81080904504D1014600226818CA
:100B7000027403E0401C10F0FF00F0D0FF2905D004
:100B8000012B0CBF0520012040EA012CBCF1FF0F16
:100B900071D03B463246614640F6020001F06EFAE3
:100BA00067E095F800A0504600F076FC12E7716807
:100BB00000204FF6FF720B783BB10B5C482B2ED018
:100BC000401CC0B20B5C002BF7D110460092FCF722
:100BD000E3F8009AA2F57F41FF3918BFFF2806D03D
:100BE000BBF1010F0CBF0521012141EA0028B8F13A
:100BF000FF0F40D00020ADF80400E7B1D6F804C0E4
:100C0000BCF1000F08BF042415D0B07850B100210A
:100C10003B4601AA0846E047C4B20CE02BE028445A
:100C20000288D2E700213B4601AA0846CDF800C061
:100C300000F039FF0446BDF80430B9F13E0F1ED074
:100C40005246414640F6030001F018FA8046BDF8CE
:100C5000040000281CBFD6F804C0BCF1000F07D068
:100C6000B078A0B13B4601AA29464046E047C4B24D
:100C7000404601F03DFA03B02046BDE8F08F002267
:100C8000414640F6040001F0F9F98046DFE73B46B3
:100C900001AA29464046CDF800C000F004FF0446F2
:100CA000E6E70000242201200A207047084810B51A
:100CB0000021016041608160C16001740321054829
:100CC000FFF74EFEBDE81040002000F063BD0000BD
:100CD00024220120E5B2010810B51380002818BFB6
:100CE000002902D01A46F0F7B5F9002010BD30B542
:100CF000054689B00C46104601F074FA042825D048
:100D000020788DF8000060788DF801006088ADF8DB
:100D1000020020798DF8040060798DF80500D4F880
:100D20000600CDF806006089ADF80A00A089ADF88C
:100D30001800E089ADF81A00208AADF81C00A07CEC
:100D40008DF81E0069462846FDF7BCFF09B000205B
:100D500030BD000070B516460C46104601F042FA50
:100D6000350A3F283BD0607811280AD005DCF8B15D
:100D7000012818BF0C2804D029E0192818BF1A2808
:100D800025D1184951F8251091F8462012F0200F6E
:100D90000BD091F8550020F0020081F855004FF07B
:100DA00002012846FCF7F8FB19E098B1903011E0F9
:100DB00006233246002140F6116001F05FF9A18858
:100DC0000180E18841802189818001F091F960787A
:100DD0000028EBD1C2B202212846FCF721FC0020FA
:100DE00070BD00001C07002070B515460C4610466B
:100DF00001F0F8F93F2810D008232A46002140F6D8
:100E00002C6001F03BF9218981806189C180A18832
:100E10000180E188418001F06BF9002070BD10B5C0
:100E20001380002818BF002902D01A46F0F712F9E3
:100E3000002010BD2DE9F04190460C46104601F00F
:100E4000D1F904284AD00020FDF7A2F94D4F172808
:100E500038D0182802D019286CD076E020780026E7
:100E600000281CBF9030C6B234D100203D68FDF789
:100E70009BF9042817D00020FDF796F901460723B7
:100E8000424640F6085001F0F9F8B5F80110A0F814
:100E90000310E9784171B4F801100180E1788170A4
:100EA0000121817143E07868A0B1B5F80100A7F88D
:100EB0001F00E87887F82100B4F80100B883E078D3
:100EC000B87707E020783D68002640B19030C6B280
:100ED000D02E0AD031460020FDF748FD35E0032230
:100EE000611CA81CF0F7E1F818B10020FDF7D6FC52
:100EF0002BE00020FDF758F901461623424640F644
:100F0000155001F0BBF8D5F802100160E988818026
:100F1000697805EB01118A68C0F80620CA68C0F834
:100F20000A200A69C0F80E204969C0F8121001F0C1
:100F3000DFF8CFE72078002500281CBF9030C5B22D
:100F400006D029460020FDF711FD0020BDE8F08104
:100F50000020FDF729F901461023424640F61850BB
:100F600001F08CF8D4F801100160D4F8051041604C
:100F7000D4F809108160D4F80D10C16001F0B8F800
:100F8000DFE700000412012070B505460C4610464C
:100F900001F028F9042803D021462846FDF792FEE7
:100FA000002070BD70B516460C464888FBF7F4FE6D
:100FB0000546FF281CD00121FCF778F80A2813D039
:100FC000052040EA05211E23324640F6166001F056
:100FD00055F80B210170A18941826168A2684161C5
:100FE000826101F085F803E00121284605F054FFF5
:100FF000002070BD30B585B010460C4601F0F2F807
:1010000004284CD00020FDF7C3F8182802D01A2875
:101010003AD044E020782D4D28B10020FDF7C4F8E7
:1010200004281DD027E02868B4F80110A0F80110AA
:10103000E178027901F03F011143C1700021009174
:10104000019102910391B0F80110ADF80010C07841
:101050008DF80200FDF792F8694607F047F81EE0A8
:10106000686840B12078002818BF9030C2B20C21C7
:101070000120FDF71DFF2078002818BF9030C1B275
:101080000020FDF773FC0AE02078002500281CBF33
:101090009030C5B206D029460020FDF767FC05B0A8
:1010A000002030BD0020FDF77FF801460823042210
:1010B00040F61A5000F0E2FFD4F801100160D4F8B5
:1010C0000510416001F014F8E5E70000041201206A
:1010D00070B516460D4641240020FDF759F8072843
:1010E00005D1287800281CBF9030C4B205D0214615
:1010F0000020FDF73BFC002070BD0020FDF754F8F8
:1011000001460123324640F6095000F0B7FF6978E6
:10111000017000F0EDFF0024E9E710B508780C46F7
:1011200018B92179608802F0ABF92078002818BF3F
:101130009030C1B20620FDF74FF9002010BD70B508
:1011400015460C46104601F04DF8042817D0002033
:10115000FDF72AF8014608232A4640F61F5000F002
:101160008DFFE18881802189C18061880180A1880B
:10117000418000F0BDFF21780020FDF7F7FB002043
:1011800070BD70B516460C46104601F02BF80428C9
:101190002DD00020FCF7FCFF0546232818BF222D88
:1011A00006D04FF041014FF00000FDF7DFFB1EE0DD
:1011B0002078A0B90020FCF7F7FF0146082332464B
:1011C00040F6225000F05AFF0570D4F80110C0F824
:1011D0000110B4F80510A0F8051000F089FF207880
:1011E000002818BF9030C1B20020FDF7BFFB0020DF
:1011F00070BD70B515460C46104600F0F3FF04288C
:1012000021D00020FCF7C4FF212804D04121002078
:10121000FDF7ACFB17E0207868B90020FCF7C4FFAD
:10122000014601232A4640F6215000F027FF61784D
:10123000017000F05DFF2078002818BF9030C1B227
:101240000020FDF793FB002070BD00002DE9F04168
:1012500014460E46104600F0C5FF250A3F2845D02B
:10126000412400212846FBF721FF042838D170785B
:10127000204F80B19030C4B257F8250090F8461046
:1012800011F0200F2CD0A12C24D01FDC912C18BFE2
:101290009C2C25D11EE04FF0000421462846FBF788
:1012A0001BFF052141EA05220146082340F608609C
:1012B00000F0E4FE57F82520317982F85510716866
:1012C0000160B168416000F013FF09E0A92C18BF6C
:1012D000AA2C05D190F8551021F0020180F8551084
:1012E00022464FF000012846FCF79AF90020BDE89D
:1012F000F08100001C07002070B515460C46104612
:1013000000F070FF042813D00020FCF74DFF0146C9
:1013100004232A4640F61E5000F0B0FE618801808A
:10132000A188418000F0E4FE21780020FDF71EFB3B
:10133000002070BD70B515460C46104600F052FFF7
:10134000042821D00020FCF723FF082804D04121E5
:101350000020FDF70BFB17E0207868B90020FCF7B0
:1013600023FF014601232A4640F60C5000F086FE7A
:101370006178017000F0BCFE2078002818BF903022
:10138000C1B20020FDF7F2FA002070BD70B515461D
:101390000C46104600F026FF3F281CD02A460E239C
:1013A000114640F60E6000F069FE0C492A0A51F819
:1013B000221091F8552042F0020281F855200921AF
:1013C0000170E1888180A18841802189C180618983
:1013D000018100F08DFE002070BD00001C07002080
:1013E00070B510460C4600F0FDFE05466088FBF720
:1013F000D3FC3F2D07D02178002918BF9031CAB205
:101400000021FCF70DF9002070BD000070B4844687
:101410000021CCF309054FEA9C24DFF850C00846B0
:101420000B460A461CF83260A64204D10CEBC202FD
:101430005388516803E0521C92B2062AF2D3002965
:101440001CBF0022002B9CBF70BC7047B1F800C0CD
:10145000CCF3090CAC4502D170BC08467047521C55
:1014600092B20C319A42F1D370BC7047F8B80108BF
:101470004FF0000C074A614612F83130834202D126
:1014800002EBC10C03E0491C89B20929F4D3604680
:101490007047000028B901084FF0000C074A614668
:1014A00012F83130834202D102EBC10C03E0491C37
:1014B00089B20929F4D360467047000070B9010869
:1014C00010B50C46132B17D101F090FF21780022A4
:1014D000002988BF094B0AD904EB4201B3F808C0C0
:1014E0008988521C6144198121789142F4D80028DE
:1014F00004BF032000F0A0FC002010BD3822012012
:1015000010B50422002140F6015000F001FE002039
:1015100010BD70B516460C46104600F063FE350A45
:101520003F2819D0207870B900212846FBF7D4FD58
:1015300001460223324640F6296000F09FFDA18853
:10154000018000F0D5FD2078002818BF9030C2B28D
:1015500000212846FCF764F8002070BD10B50F4844
:101560000C46D1F80110C161B4F8051001840020C7
:10157000FCF70EFE0328207808D0002818BF903012
:10158000C1B20520FCF728FF002010BD002818BFBD
:101590009030C1B20420FCF795FFF5E7041201205A
:1015A00010B508780C4618B9E188608801F068FF2A
:1015B0002078002818BF9030C1B20720FCF70CFF3C
:1015C000002010BD2DE9F04114460D46104600F0F4
:1015D00009FE260A3F2811D0412400213046FBF79E
:1015E00065FD082805D1287800281CBF9030C4B2BA
:1015F00007D0224600213046FCF712F80020BDE853
:10160000F081002421463046FBF766FD052141EAC2
:1016100006220B46014640F61D6000F02FFD0746EE
:10162000291DF4F7ADFE384600F062FDE1E770B524
:1016300015460C46104600F0D5FD04282ED000209B
:10164000FCF7A6FD052804D041210020FDF78EF906
:1016500024E02078D0B90020FCF7A6FD01460C2339
:101660002A4640F6075000F009FD61780170618854
:1016700081802189C18021794170E18841810821DF
:10168000817040F21F31018100F032FD2078002886
:1016900018BF9030C1B20020FDF768F9002070BD7E
:1016A0002DE9F04114460D46104600F09BFD260A38
:1016B0003F2811D0412700213046FBF7F7FC0328D3
:1016C00005D1287800281CBF9030C7B207D03A4611
:1016D00000213046FBF7A4FF0020BDE8F081002781
:1016E00039463046FBF7F8FC052141EA062201465F
:1016F000062340F6076000F0C1FC044628792071FB
:1017000028896080E8882080204600F0F1FC20795C
:101710000628DCD8044850F8260090F8551021F02F
:10172000020180F85510D2E71C07002070B514465E
:101730000D46104600F056FD260A3F2811D04124E0
:1017400000213046FBF7B2FC072805D12878002895
:101750001CBF9030C4B206D0224600213046FBF7B1
:101760005FFF002070BD002421463046FBF7B4FC2B
:10177000052141EA06220146012340F6096000F0F6
:101780007DFC2979017000F0B3FCE5E70C3800F02E
:1017900019B8000010B50A4C78B9002020606060CC
:1017A000A060E060206160612046F9F789FB04F1E8
:1017B0000800F9F785FB012020750520607510BD34
:1017C0004422012010B572B601460648F9F7ADFB78
:1017D00062B60448007D012818BF10BDBDE8104066
:1017E00000F028B84422012070B5114D2C6972B662
:1017F00001202875A088A0F60100072809D2DFE89B
:1018000000F008080808080804006069401F00F09C
:1018100021FB286918B10648F9F77EFB04462046EB
:1018200000F05EFC62B6BDE8704000F003B8000056
:10183000442201202DE9F84FDFF83CA100210A469F
:10184000DAF800500846002D08BFBDE8F88FCAF846
:101850001050DFF824C1AB88DCF800C0A3F50063AA
:101860000CF10C09053B02D0022B61D07AE02E89E5
:101870006889ADF8000005F1090800273046FFF738
:10188000C5FD04001CBFBDF80030002B3AD0D4F8D1
:1018900004C0BCF1000F08BF042733D0A07810F0BB
:1018A000400F05D049466A460846E047C7B229E0DE
:1018B00062466946484600F065F80746A078C0F3DE
:1018C0000110012804BFA06800281BD1F3B2616891
:1018D0004FF000004FF6FF720E2B14BF0F2B09F1D3
:1018E00003090B783BB10B5C482B1ED0401CC0B2E7
:1018F0000B5C002BF7D1A2F57F40FF3802D0E888BF
:101900001E494654310A88F8006088F80110BDF875
:10191000001088F80210002F18BF4FF00008414651
:1019200098F80200C21C01201CE048440288E2E74B
:10193000B9F8000099F802204FF47043D9F8081064
:10194000C0F30B0003EA0232024301F8042D120A2D
:101950004A70B9F804208A70120ACA704888001DBB
:1019600082B2022000238AF8143001B0044BBDE893
:10197000F04FFEF78FBB00004422012034220120EB
:10198000E91701082DE9F74F8346064601981446EA
:101990004FF000080088350000EB0B0A14BF4FF031
:1019A00001094FF0000927E000273038092818D82E
:1019B00020460078303887B214F8010F30380928F3
:1019C00098BF6FF02F010CD8204607EB87020078F4
:1019D00001EB4202104487B214F8010F3038092895
:1019E000F2D914F8010B42280DD048282CD04C28ED
:1019F00018BF4FF0030837D02078002848D0B8F13E
:101A0000000FD1D04BE0B9F1000F08D0701C504549
:101A10009CBF3078287002D94FF00108ECE76D1CAC
:101A2000761C012FE8D9B9F1000F08D0F019401E3B
:101A30005045F1D87A1E31462846EFF70BFBE819DE
:101A4000451EF019461ED7E7701C20F00100B9F1C1
:101A5000000F06D0811C5145DED801882970090A83
:101A60006970861CAD1CC7E7F01C20F00301B9F1BA
:101A7000000F0AD0081D5045CED808682870030A08
:101A80006B70030CAB70000EE8700E1D2D1DB3E7DC
:101A9000B8F1000F03D10199A5EB0B00088003B04A
:101AA0004046BDE8F08F2DE9FF5F00270298009EB9
:101AB0000E9D00880C4601EB030900EB060B002E7F
:101AC00016BF002C4FF0000A4FF0010A2AE0A0F1E7
:101AD00030004FF0000809281AD82846007830381E
:101AE0001FFA80F815F8010F3038092898BF6FF0F9
:101AF0002F010DD8284608EB8802007801EB42023E
:101B000010441FFA80F815F8010F30380928F1D970
:101B100015F8010B422814D0482841D04C2818BF92
:101B200003274FD0287808B1002FD0D04C4588BF6C
:101B3000012700980299301A088004B03846BDE8A1
:101B4000F09FBAF1000F0CD0601C484501D9012765
:101B5000E8E7701C58459CBF2078307001D90227F7
:101B6000E0E7641C761CB8F1010FDBD9BAF1000F75
:101B70000FD004EB0800401E4845E8D806EB0800EB
:101B8000401E5845EBD8A8F1010221463046EFF738
:101B900061FA06EB0800461E04EB0800441EC1E78C
:101BA000701C20F00100BAF1000F08D0A11C4945BB
:101BB000CDD8811C59459CBF21880180CFD8861C77
:101BC000A41CAFE7F01C20F00300BAF1000F0BD00B
:101BD000211D4945BBD8011D5945C0D82288B4F8FC
:101BE000011042EA01410160061D241D9AE770B50B
:101BF00015460C46104600F0F5FA2B0A3F2808D08F
:101C00002078002818BF9030C2B200211846FBF798
:101C100007FD002070BD10B5002211460220F2F72A
:101C2000D1FFF3F78BFA0120F4F77EFB0120F1F7E7
:101C300033FA01218803F3F787F80020F3F72AF934
:101C400000BF0420F3F7DCF90028FAD040F2FF309F
:101C5000F3F7EEFA0120F3F71DF910BD08B50020E7
:101C6000009003E000BF0098401C009000982D28D1
:101C7000F8DB08BD10B50B48007818B101200A49FF
:101C8000087010BDF4F72EFE10B1F9F79FF9F8E7D0
:101C900006F014FD10B904F0B5FCF2E7F9F7DEFC2C
:101CA00000BFEEE7D4000020DC0000201FB50121BA
:101CB0000920F2F763FE01211C48F1F7CBFB03A8D2
:101CC000F1F76DFD0820ADF80C0048208DF80F00ED
:101CD00003208DF80E0003A91548F1F7D5FC032168
:101CE0000120F1F797FB0820F1F72EFA01A8F1F790
:101CF0008FFA0820019000208DF808000C208DF844
:101D0000090001208DF80A0001A8F1F737FA09202F
:101D10008DF8000001208DF801008DF802008DF88B
:101D200003006846F2F758FC1FBD000000023000B7
:101D3000000C014010B5EEF74DFA04460948006862
:101D4000401C0849086000200749088007490880AE
:101D500007480068074908602046EEF73FFAF3F7A6
:101D6000C7FE10BD100000200A0000200C0000205B
:101D7000240000201400002010B500F02AFA80F0A2
:101D8000010010BD014601F0030070B96420B1FBF1
:101D9000F0F200FB121030B94FF4C870B1FBF0F252
:101DA00000FB121008B9012070470020FCE700007A
:101DB0000322042804D2034A02EB8000002241607F
:101DC000104670476012012072B6042807D20549F8
:101DD000012303FA00F00A6822EA0000086062B6F4
:101DE0007047000060120120014800687047000041
:101DF0006012012003480021016041608160C160E0
:101E0000016170476012012010B50A4C206800285B
:101E100008BF10BDB0FA80F0C0F11F00C0B204EBE3
:101E200080004068002818BF804720680028F1D152
:101E300010BD00006012012072B6042806D20449C9
:101E4000012303FA00F00A681043086062B6704785
:101E500060120120F0B44FF20F01002320F8041C9F
:101E600030F802CC021F194672B62A4E06EB8304E4
:101E700006EB4305A4692D8DA04227BF6719874251
:101E80005B1CDBB228BF2146042B01D20029EDD018
:101E900000204AF25A53002931D04C880C44944215
:101EA00011D14888604482B24A80486853189842E9
:101EB0002CD143881A444A8042684A60406800280E
:101EC00018BF816022E08A4215D24260906002EB26
:101ED0000C001380884209D1486850604868002887
:101EE00018BF82604888604450800FE051608A606B
:101EF000A2F802C00AE0084649680029CDD10021B5
:101F00004260C2E90110A2F802C0138062B6F0BCC0
:101F1000704700003012012070B50B4C0025A56100
:101F2000E56125626562A562E562FFF763FFA56072
:101F3000E560256065602561656100F0ABF9BDE88D
:101F4000704000F0C5BA00003012012030F8040CD7
:101F5000A0F50341383914BF01200020704700006C
:101F60002DE9F0410022C01C20F0030000F1040C18
:101F700015461646BCF10C0F38BF4FF00C0C72B66C
:101F8000284F681800F0030007EB80008369002BDE
:101F900018BF0CF10C0012D05C8864450CD3A04231
:101FA00004D9D3F80880B8F1000F05D01AB1B2F8FF
:101FB0000280A04500D91A465B68002BECD12AB1FB
:101FC00050880CF10C03984238BF8446681CC5B297
:101FD000042D02D2002AD4D000E05AB150886045C6
:101FE00010D1D2E901014860506800281CBF9168F7
:101FF00081600CE00CA0F4F7B7F94FF0F23001F07B
:102000007BFF0BE0A0EB0C0080B25080024448F252
:102010003830A2F802C022F8040B164662B63046E9
:10202000BDE8F08130120120657272340D0A0000A3
:1020300010B4CB1C104C23F0030C04EB8003C3F84A
:1020400018C072B6114421F00301A1EB0C01ACF8E9
:102050000210D3F818C04AF25A5104EB4000ACF811
:102060000010D3F818C00021CCF804109B699960C7
:10207000028562B610BC7047301201202DE9F04194
:102080000E4605461C461746022103F10C00FFF7D9
:1020900067FF4FF0FF3101608580C6800781448172
:1020A00000F10C0521462846EEF7EDFF2846BDE875
:1020B000F08100207047000010B50B4620F8063C68
:1020C000A0F10C0120F8042C72B60448F8F72DFF9B
:1020D00062B60020BDE81040FFF7AEBE301201200E
:1020E000FFF7B8BE50F80C0C401C18BF0120704719
:1020F00010B5A0F10C0172B60448F8F716FF62B6ED
:102100000020BDE81040FFF797BE0000301201200C
:102110002DE9F0410E4607461446002502210C2009
:10212000FFF71EFF691E01608780C680048145811C
:1021300000F10C0429462046EEF7A5FFA4F10C019E
:1021400072B60448F8F7F1FE62B60020BDE8F0412F
:10215000FFF772BE3012012030F8040C70472DE9F1
:10216000F041046890460E46074600259CB1414662
:102170002046B04758B12068002D0CBF3860286059
:10218000206800281ABF002020607D6003E02546FB
:102190002468002CEBD12046BDE8F0812DE9F04108
:1021A000046817460E468046002544B12146304655
:1021B000B847002804BF25462468F6D001E0C8F8D7
:1021C00004603460002D14BF2E60C8F80060BDE8C4
:1021D000F08110B5FFF708FE00280CBF0120002099
:1021E00010BD0000020AC3B20021FF200B2BBCBFB0
:1021F000044951F82310CB899342C4BF8868805C9E
:102200007047000074120120C2B200234FEA102C64
:102210000B2ABCBF124B53F82230DA896245D8BF73
:1022200070479A68624413788B4208BF704770B554
:102230000C4C117005462A460B4904F10800FFF7C3
:102240008EFF002808BF70BD72B6064B01461846C7
:10225000F8F76BFE62B60020FFF7EEFDEBE700003B
:1022600074120120301201205BAE0008002272B609
:102270000B2828BF032208D2054B53F820C0BCF11D
:10228000000F14BF042243F8201062B610467047B6
:102290007412012008480021016041608160C16022
:1022A000016141618161C1610162416281620349F1
:1022B0000020FFF77DBD00007412012019230108E2
:1022C0002DE9F041134F064600253C6814B9BDE8DE
:1022D000F08114D0A079B04218BF246809D1A0467B
:1022E0002468002241460B48F8F7C7FD4046FFF737
:1022F000F7FE002C04BF07F10800B868EAD1002DF2
:1023000006BF04460125BDE8F081002CE1D1BDE8FF
:10231000F0810000301201202DE9F04772B63F48ED
:10232000F8F7FAFD040062B63C4D69D04FF0FF307B
:1023300020602046FFF70AFE002861D1E288384B72
:10234000D1B2844653F82110A688100ACB89002BFD
:1023500018BF83423BDD0B684FF004084FF6FF7750
:10236000F3B1D1F808C0B1461CF8000003EBC0007F
:1023700083885B1E58BFD0F800C00CD43CF83300F3
:10238000484518BFB84204D108EBC3005CF800C050
:1023900003E05B1EF2D54FF0000CBCF1000F16D12C
:1023A0004868A0B18188B4464B1E58BF01680CD460
:1023B00031F83300604518BFB84204D108EBC300C0
:1023C00051F800C003E05B1EF2D54FF0000CBCF1E9
:1023D000000F08BF002004D004F10C01238930460F
:1023E000E04720B101280BD0022804D008E02046A5
:1023F000FFF776FE04E005F108002146F8F795FDA9
:1024000072B6286800280CBF0120002000281CBFDD
:102410000020FFF7D9FC62B6BDE8F087301201203A
:1024200074120120094A12696AB19388834204BF79
:10243000D3888B4203D01268002AF6D103E0002A29
:102440001CBF01207047002070470000301201209F
:1024500070B51C4D2C69002C08BF70BDA28882424B
:1024600004BFE2888A421DD105F11000F8F754FD3F
:102470002D69154E95B13168A8688847B16801206B
:1024800088477068AD688047401B20F07840B0F105
:10249000806F3CBF0120FFF7CFFC0BE0B16800204C
:1024A000884707E041EA0042084905F11000FFF7BC
:1024B00056FE0446002C08BF70BD2046BDE87040A3
:1024C000FFF7C8BC30120120E411012067AE0008FC
:1024D00001490120FFF76CBCDD24010870B50D4DEA
:1024E0000120FFF771FC286968B105F11000F8F7C9
:1024F00013FD0446C1888088FF22FFF709FE2046AD
:10250000FFF7A8FCECE704488168BDE870400020B4
:102510000847000030120120E41101202DE9F047A6
:10252000DFF8B49007461446D9F810000E464FF075
:102530000008B2F1806F28BF6FF07C4402D2002CFB
:1025400008BF012430B18188B94202BFC088B042BF
:102550004FF0010846EA0742204909F11000FFF751
:10256000FEFD050006D102210C20FFF7F9FC878053
:102570000546C6801A4E7068804720F078400444B3
:1025800024F07840A860174A294609F11000FFF7A7
:1025900005FEB8F1000F03D1D9F81000A8420CD104
:1025A000D9F81000002804BFB168002004D03168B9
:1025B00080688847B1680120884770688047001BA1
:1025C00020F07840B0F1806F28BFBDE8F08701208F
:1025D000BDE8F047FFF730BC3012012067AE0008BD
:1025E000E411012045AE00081FB501210520F2F7D6
:1025F000C5F903A8F1F7D3F80120ADF80C002820A5
:102600008DF80F0003208DF80E0003A91548F1F78F
:102610003BF800210846F0F7FDFE0120F0F794FD9D
:1026200001A8F0F7F5FD0120019000208DF80800C9
:1026300008208DF8090001208DF80A0001A8F0F7A4
:102640009DFD06208DF8000002208DF8010000207D
:102650008DF8020001208DF803006846F1F7BCFFF9
:102660001FBD00000008014010B504461D48006869
:1026700030B11D4803F0DCFC00201C49086010BD8F
:1026800001211B48F1F793F870B90020194908603F
:1026900019480068401C1849086000201349086068
:1026A000114803F0C5FCEAE71248006814301149EC
:1026B000086008460068B0F5FA6F00D2DFE70F48FF
:1026C0000068401C0D490860012006490860002090
:1026D00006490860044803F0ABFC094802F056FFC5
:1026E00000BFCCE7B4000020F8850020F8000020EF
:1026F00000080140E0000020E4000020E800002085
:102700005882002000207047F8B50C460546002688
:10271000FAF7F2FC01280CD0012141EA052205213B
:10272000A4F1080041EA0521FFF7C6FC0126304666
:10273000F8BD00200090034602466178284600F06C
:1027400019FEF4E770B50C4605460221FAF7AEFC17
:10275000092817D102212846FAF7B6FC617840789B
:1027600081420FD1A088002814BF482200220221F4
:102770002846FAF755FF052040EA052140F631606A
:10278000FFF766FE002070BD10B5A1F1080301241B
:10279000052144EA002241EA00211846FFF78CFC9B
:1027A000204610BD2DE9F0410746888800264C24BC
:1027B0000D46002808BF3C2406D0012808BF31245C
:1027C00002D0022808BF332400213846FAF76EFCF5
:1027D00009280CD100213846FAF776FC4078697850
:1027E000814204D1224600213846FAF719FF3046CB
:1027F000BDE8F08110B5A1F108030124052144EAE8
:10280000002241EA00211846FFF756FC204610BD81
:102810002DE9F84F4A4F8146012057F829608A4632
:1028200040EA0925002E7CD0294640F61320FFF708
:102830000FFE002456F8240028B1BAF1000F12D080
:102840000C38FFF74DFC601C10F0FF04F2D0F0686C
:10285000002818BFFFF7FEFA706800280CBF01209F
:10286000002078B35BE046200090354850F829807E
:10287000B8F1000FE7D0002CE5D1D8F80070C7B14F
:10288000A7F10C0B37F8041C06232A4640F6042057
:10289000FFF7F4FB397801700099417000278780B9
:1028A00005214180FFF724FC5846FFF719FCC8F8C2
:1028B00000702846FFF796FC20F001012846FFF73C
:1028C000A3FCC0E7FFE7301DF8F726FB0446BAF18A
:1028D000000F02BFA188A1F52060B0F1110014D152
:1028E0004FF0060B21894FF04608678A5B462A465F
:1028F00040F60420FFF7C2FB80F800B080F80180AA
:10290000002181804780FFF7F3FB2046FFF7A2FA02
:10291000706800280CBF012000200028D3D0084C8C
:1029200000E006E054F82900FFF794FA002044F88C
:1029300029002846BDE8F84F3F21FFF765BC00009D
:102940003007002010B51046140AFFF74BFC3F2853
:102950000AD001212046FAF7A9FB0C2804D1002255
:1029600001212046FAF75CFE002010BD70B5154627
:102970000C461046FFF736FC2D0A202818D00121FE
:102980002846FCF729FE0D2818BF0E2805D16278CD
:102990004FF001012846FDF72BF800212846FCF7EF
:1029A0001BFE122804D1627800212846FDF720F88A
:1029B000002070BD70B50646012040EA06200021C7
:1029C000FFF722FC00211420FFF7CAFA04001CBF05
:1029D00000210D4609D044F82150481C10F0FF0199
:1029E000F9D0201DF8F76CFAE560024840F826405F
:1029F00070BD0000300700202DE9F34F85B00D4673
:102A00004749059851F82070002F04BF07B0BDE872
:102A1000F08F7E68002E16BF002D4FF000084FF09B
:102A20000108B8F1000F4FD006F10C000390059893
:102A3000012141EA002A0020ADF8040039480221B2
:102A40008088401DFFF78CFA00F10509B088A0F5D9
:102A50002060113845D1039800F1040B418800290A
:102A600018BF01218DF8081002A90091811C4B4666
:102A700001AA584600F034F9040002D1BBF8000066
:102A800078BB31890623524640F60420FFF7F6FA58
:102A9000062101704470BBF8021041800021818042
:102AA000FFF726FB381DF8F737FA3046FFF718FB1B
:102AB0004FF00008ACB1A9F10500FFF7CBF9002DEC
:102AC00018BFB8F1000FB6D1786800280CBF0120FC
:102AD000002080F00101059807B0BDE8F04F00F03C
:102AE000D7BC0C23524640F607000599FFF7C6FAFB
:102AF00004460598FAF742F92080C4F80890BDF81A
:102B00000400A0809DF80800A0702046FEF73EFE5D
:102B100004480189491E0181681EC5B2CFE7000043
:102B20003007002038220120F8B51F4615460C4614
:102B30001046FFF757FB00264FEA152C3F2808BF29
:102B4000462304D02078052814BF43234223E0887D
:102B5000009021783A46604600F0D2FB3046F8BD3E
:102B60000020704710B5002818BF002408D00121AC
:102B70002046FFF74DFE601C10F0FF04F7D010BD9B
:102B800006490120FFF772FB0020054A014642F882
:102B90002010401C10F0FF00F9D010BD00B5010856
:102BA00030070020F8B51F4615460C461046FFF7C3
:102BB00019FB00264FEA152C3F2808BF462304D0F6
:102BC0002078042814BF43234223A0880090217852
:102BD0003A46604600F094FB3046F8BD70B50D46AD
:102BE00004999C464A318BB20121144641EA0021E6
:102BF000624640F61120FFF741FA062100F8061B55
:102C000020F8025B047070BD2DE9F05F8246334806
:102C100000250E4650F82A40A946E06830B134211C
:102C200000F80C1FFFF764FAC4F80C903788768818
:102C3000012040EA0A28042E1CBF052E062E20D0B3
:102C400042464FF033054FF04A03114640F612203A
:102C5000FFF714FAA0F8029000F8065B20F802696A
:102C600020F81099E060E068002818BF002D05D01A
:102C700000F10C00FFF73CFAC4F80C902846BDE8C0
:102C8000F09F052040EA0A2BFBF77CFAB8420DD3EF
:102C9000042E03D0052E08BFC34609E0032040EAF6
:102CA0000A2B5046FCF790FCB84201D23125DAE7F6
:102CB00007F14A0083B24246594640F61220FFF718
:102CC000DDF9A0F8029000F8069B20F8026920F8D0
:102CD0001079E060381D2082C5E700003007002031
:102CE0002DE9FF5F04460E984FF00009A2F800900E
:102CF00000788E4B16464946E0B19D882088854273
:102D000028BF0546201D0199039B2A4609880144D6
:102D10001846EEF79FF930882844308001980199D1
:102D20000088284408802088401B208004B0484642
:102D3000BDE8F09F2079039A21806188171D651DE9
:102D4000844604290CD0052904BF7949172210D0E4
:102D5000062912BF4FF0330976490F2209D0E5E763
:102D6000522808BF142002D0D22808BF152072496B
:102D70001F22002918BF90420FD251F82080B8F1CD
:102D8000000F0AD007F801CB20884FF0000B401C41
:102D900020803088401C308095E04FF03409C5E732
:102DA0004C282AD006DC412858D042280BD04B288A
:102DB00030D005E0522843D057280ED06C285CD084
:102DC0004FF034097DE015F8010B07F8010B20885E
:102DD000401C20803088401C4DE02188681C891CE4
:102DE0002180318820F00100891C851C31800088F9
:102DF0003870000A7870BF1C63E0681C20F0010086
:102E0000851C2088BB46801C20803088801C308038
:102E1000BF1C56E055F8040B47F8040B55F8040B9B
:102E200047F8040B55F8080B47F8080B55F8040C45
:102E300047F8040C208810302080308810301AE0C9
:102E400055F8040B47F8040B55F8040B47F8040B2E
:102E5000208808302080308808300CE055F8040BBA
:102E600047F8040B35F8020B27F8020B2088801D69
:102E700020803088801D308023E02C483188808875
:102E8000401A001F82B2681C20F0010518F8010FDB
:102E900035F802AB572806BF4FF6FF7000EA4A0A22
:102EA00042288DD1208852455044208038BF924618
:102EB000524629463846EEF7CDF8308855445044FE
:102EC000308008F1010898F8000020B1B9F1000F36
:102ED0003FF466AF2AE7B9F1000F7FF427AFBBF1EB
:102EE000000F06D03088001F8BF80000000A8BF816
:102EF0000100FBF747F92188884238BF4FF03109BC
:102F00000FD303980170090A41700398618881709A
:102F1000090AC1703088001D30802188081A001D00
:102F200020800199281B001F0880FFE6382201201D
:102F3000B8B9010814BA010850BA010838B51546E5
:102F40000C461046FFF74EF90346280A00253F2B92
:102F500025D0E188052902D0062905D01FE0211DD2
:102F6000FAF758FC05461AE013F0080F18BF0225BF
:102F700015D1217811B1342904D010E0211D04F0BD
:102F80007BFA0CE000210091052141EA00230A466A
:102F90000621FFF723FE0721417000F06DF8284657
:102FA00038BDF8B516460D461046FFF71BF900244C
:102FB000202826D02878360A10B1342810D020E0F6
:102FC00029463046F6F7CEF90446FF2819D129469E
:102FD0003046F4F7A5FE0446FF2808BF002410E0A1
:102FE0000320002740EA06230122042130460097EF
:102FF000FFF7F4FD4780297A41700421017100F048
:103000003BF82046F8BD38B515460C461046FFF78C
:10301000E9F84FEA152C00253F282BD0E388211D25
:103020000022052B04D0A3F14000402814D221E057
:10303000207860B133280FD0312814D04979C9B134
:10304000002300921A46604600F094F912E06046B0
:1030500000F06EF905460DE00092497902226046C3
:1030600000F088F906E000924979172301226046B2
:1030700000F080F9284638BD0838FFF739B800005D
:10308000F8B51F4615460C461046FFF7ABF800266C
:103090002D0A3F2808BF462304D02078062818BFF1
:1030A000432308D0E088009021783A46284600F073
:1030B00027F93046F8BD0848A4F10C0150F8250066
:1030C000001DF7F732FF01263146284600F0E0F9EF
:1030D00000206080EDE70000300700202DE9FF4F61
:1030E00083B00646DDE910A091464FF000080228A3
:1030F0001CD0B9F80000504538BF4FF03408C0F07C
:10310000F4800498311D5246008808440699EDF772
:10311000A1FF04980499008850440880B9F8000081
:10312000A0EB0A00A9F8000000F0DFB8069A002022
:10313000009032F8020B308032F8021B7180107858
:103140000429844610D0052907D0062906BF6949FD
:103150000F234FF0330810D0BFE0517800291CBF77
:103160006549172309D115E0522808BF142002D061
:10317000D22808BF152061491F23002918BF984293
:1031800008D251F820702FB1551C052486F804C0D0
:10319000701D76E04FF034089FE04C2916D006DC15
:1031A00041293BD042290BD04B2918D005E05229A8
:1031B00028D057290AD06C293BD04FF034085FE063
:1031C00015F8011B00F8011B611C25E0401C20F0D4
:1031D000010135F8022B881C0A80A11C1CE055F85F
:1031E000041B40F8041B55F8041B40F8041B55F859
:1031F000081B40F8081B55F8041C40F8041C04F197
:10320000100109E055F8041B40F8041B55F8041B95
:1032100040F8041B04F10801CCB231E055F8041B5E
:1032200040F8041B35F8021B20F8021BA11DCCB28C
:1032300026E0AAEB040101F0FF0B31880122091BF3
:103240000092091D401C17F8012F89B220F00100DF
:10325000572A0CBF4908422AAFD101704FEA112109
:10326000417000F102005A4629460190EDF7F2FE46
:1032700004EB0B00C4B23088801C308001985844A5
:103280007F1C397831B1B8F1000F03D1B9F80020B3
:10329000A24282D2B9F80010A14224BF3A78002A93
:1032A00003D1009A62B9A1420AD0708805287FF440
:1032B00071AF3088172888BF4FF031080DD869E703
:1032C000091BA9F800100499801B001F0988B8F198
:1032D000000F08440499088007D07088042818BF9C
:1032E000062802D006984079707107B04046BDE8C4
:1032F000F08F000014BA0108B8B9010850BA0108EB
:1033000070B50D469446012141EA00221E4606236F
:10331000614640F60420049CFEF7B0FE057046703E
:10332000002181804480BDE87040FEF7E1BE0000CE
:10333000F8B500250C79DFF838C02B462A461CF872
:103340003260A64204BF0CEBC2035B68521CD2B2CF
:10335000032AF4D31BB1091D9847054605E0002256
:1033600000924979134600F005F82846F8BD0000A0
:10337000CCBA01082DE9F8434FF0010899461646EA
:103380000D460027089C48EA002342460521009785
:10339000FFF724FC0221868009F0FF0C4FEA192375
:1033A000012E0CD0022E18BFC7800FD04570C288E6
:1033B00001EB42014180BDE8F843FFF75DBEA0F894
:1033C000068000F1080280F808C007E0C18080F89C
:1033D00008C0437200F10A028472230A5370E5E7C1
:1033E0000021FFF715BAFFF7E5BA00000148008990
:1033F000704700003822012010B5040003D10849AD
:103400000320FEF7D5FC0320FEF7DEFC0549002271
:1034100020460A604A608A60BDE81040FFF7A2BB00
:1034200029340108382201202DE9F0410320FEF75C
:10343000CBFC124E3568002D1CBF002401270DD196
:10344000BDE8F08107FA04F1294203D0C1B2204659
:10345000FFF7D2FA601C10F0FF0402D13089002877
:10346000F0D1306800281ABF30890028BDE8F0810B
:103470004FF00300BDE8F041FEF7DEBC382201202A
:10348000024A9080D18011817047000038220120CB
:1034900070B50A4D012202FA00F42868002908BF1D
:1034A000A04309D0204205D1288900281CBF032051
:1034B000FEF7C2FC28682043286070BD3822012036
:1034C00070B52DED068B05460E469FED470AF0EED2
:1034D000408A9FED450AB0EE409A9FED430AB0EE58
:1034E000408A9FED410AF0EE409A002435E005EB5A
:1034F000041090ED010AB8EEC00A30EE280AF0EE92
:10350000408A05EB0410D0ED020A05EB041090EDA3
:10351000021AB0EE490A00EE810AB0EE409A05EBBD
:103520000410D0ED030A05EB041090ED031AB0EE81
:10353000480A00EE810AB0EE408A05EB0410D0ED97
:10354000020A05EB041090ED031AB0EE690A00EED2
:10355000810AF0EE409A601C84B2B4F5167FC6D39F
:103560009FED220AC8EE800AF0EE608AB5EEC09A9E
:10357000F1EE10FA0EDDB5EEC08AF1EE10FA09DDBB
:1035800069EE080AB0EE600AF3F72AF8C9EE800A7D
:10359000C6ED080AB0EE680AF3F74CF9F7EE000A38
:1035A000B4EEE00AF1EE10FA1ADDB5EEC08AF1EEE3
:1035B00010FA15DD9FED0D0AC8EE000AB0EE60AA04
:1035C000B0EE4A0AF3F70CF8DFED090A20EE20AA64
:1035D000B0EE680AF3F72EF9CAEE000AC6ED040A47
:1035E000BDEC068B70BD000000000000000016441A
:1035F0000000C842002105E00448405C08B10020FA
:103600007047491C0529F7D30120F9E7F000002095
:1036100010B5F3F781FC18B9F3F7C0FC002010BD1A
:10362000F7F7A6F8F3F70EFDF3F7D8FA20B1F3F7A2
:1036300083FD4FF0FF30F2E7F3F73EFE40B9F3F7BA
:10364000AFFF28B9F3F706FF10B9F3F771F920B10E
:10365000F3F772FD4FF0FF30E1E70420F3F78EFD42
:103660000020DCE710B50446FFF7D2FF10BD70B5AF
:103670002DED028B05460C4662082146284602F0D5
:10368000CFFDB0EE408A04F0010020B1B0EE480A50
:10369000BDEC028B70BD0120C0EB540082B221460C
:1036A000284602F0BDFD30EE080AF6EE000A20EED4
:1036B000200AEDE72DE9F0472DED028B06460F4677
:1036C0009046994600243D4619E0B9F1000F06D016
:1036D00006EB051090ED000AB8EEC00A05E006EB17
:1036E000051090ED010AB8EEC00A2046611C8CB2AC
:1036F000174901EB800080ED000A681C85B2454542
:10370000E3DD04F0010028B162082146104802F010
:1037100087FD14E00120C0EB540082B221460C4822
:1037200002F07EFDF0EE408A62082146084802F071
:1037300077FD38EE800AF6EE000A20EE200AB0EEA1
:10374000408AF3F777F8BDEC028BBDE8F087000004
:1037500060A1002070B505460C46A200294612481B
:10376000EDF778FC2146104804F0FCFC04F0010061
:1037700030B160080C4901EB800090ED000A70BD8B
:103780000120C0EB5400084901EB800090ED000AD5
:10379000600801EB8000D0ED000A30EE200AF6EE62
:1037A000000A20EE200AEAE760A100202DE9F0419E
:1037B0002DED068B06460F46154698469FED6E0A80
:1037C000B0EE408A9FED6C0AF0EE408A9FED6A0AE7
:1037D000B0EE409A9FED680AF0EE409A9FED670ABE
:1037E000B0EE40AA002413E037B106EB041090EDD0
:1037F000000AB8EEC00A05E006EB041090ED010ADD
:10380000B8EEC00A30EE080AB0EE408A601C84B2FE
:10381000B4F5167FE8D39FED5A0AC8EE000AB0EE61
:10382000608AB0EE480AF3F705F8DFED560AB4EE09
:10383000E00AF1EE10FA08D84FF416612846EDF7C9
:1038400022FCBDEC068BBDE8F081002425E037B1F9
:1038500006EB041090ED000AB8EEC00A05E006EB96
:10386000041090ED010AB8EEC00AF0EE40AAB0EEE6
:10387000480AF2F7DFFF7AEEC80A80EE801A05EBFD
:10388000840080ED001A05EB840090ED000A30EE14
:10389000280AF0EE408A601C84B2B4F5167FD6D3B5
:1038A0009FED370AC8EE800AF0EE608A00241BE024
:1038B00000EE904AF8EE600A70EECA0AB0EE600AB6
:1038C00005EB8400D0ED000A30EEE81AF0EE490A6C
:1038D00040EE010AB0EE609AF0EE690A40EE000A8E
:1038E000F0EE609A601C84B2B4F5167FE0D3002439
:1038F0003CE0C9EE290A00EE104AB8EE400A30EE6C
:103900004A1AB0EE680A00EE810A05EB8400D0ED99
:10391000000A30EEC00A05EB840080ED000AB8F121
:10392000000F21D000EE104AB8EE400ADFED160A73
:1039300020EE200ADFED150A80EE201AF0EE41AAF3
:10394000B0EE6A0AEDF7D6FFF6EE000AB6EE001A00
:1039500041EE400A05EB840090ED000A20EE800A5B
:1039600005EB840080ED000A601C84B2B4F5167F7C
:10397000BFD300BF65E700000000000000C0954312
:1039800000001644CCBC8C2BDB0FC94000C0154492
:103990002DE9F04105460C4616461F463B46324689
:1039A0002146284600F094FFD4ED050A70EE600A27
:1039B00094ED061A80EE810ABDE8F08170B50546E7
:1039C0000C460D480068401C0B4908600222214645
:1039D0002846F7F7F1F90646A64206D107480068DF
:1039E000401C06490860012070BD05480068401C65
:1039F000034908600020F7E7640000206800002009
:103A00006C000020014A126910470000E4110120F7
:103A10002DE9F84FDFF878909346884682466E4647
:103A200004252F460024D9F80030324603213846B9
:103A300098473078FF2808BF022408D0B178EA1CE4
:103A40008D18D9F81010491E8D4288BF062434B94C
:103A50005045E6D1707800F005000428E1D1002C33
:103A600018BF00200ED198F800009DF8021088427F
:103A700038BF042408D3D9F800305A46F81C9847B8
:103A80009DF8020088F800002046BDE8F88F00008D
:103A9000A0120120F8B5064611480F460025C2685D
:103AA0009047104C10486A462060104860601048EB
:103AB0002761C4E902060421002000F007F904226E
:103AC0000C496846EDF7F1FA40B1A268002021697F
:103AD000904704216368074A002098472846F8BDAC
:103AE000E4110120A0120120CD3C0108D93C0108BD
:103AF000053A0108E4AF01082DE9F74FDFF8C4B13A
:103B0000ADF58B6D89464FF0000804260025DBF8E3
:103B1000003034460DF589620321304698479DF800
:103B20004814FF2908BF022509D09DF84A24E01C4B
:103B30001618DBF81000401E864288BF0625002DAF
:103B400062D004EB0900DBF81010801D88423FD9D9
:103B50004FF0000A04256E462F460024DBF80030A3
:103B60000DF24C420321384698479DF84C04FF283B
:103B700008BF022409D09DF84E04E91C4518DBF863
:103B80001000401E854288BF0624002C7AD0DBF846
:103B900008200020DBF8101090470421DBF80430E7
:103BA000494A00209847DBF804306A465146042011
:103BB000984708F10404DBF8101004EB0900C01C5E
:103BC000491E884282BF03200DF2644DBDE8F08F8C
:103BD000DBF804304946E01CDDF860249847DDF846
:103BE00058048DF8480406208DF849048DF84A944D
:103BF000DBF804300DF58962032120469847002048
:103C00000DF2644DBDE8F08F9DF8490400F0050207
:103C1000042A7FF47BAFDDF8582491422BD110F0B9
:103C2000020F26D0DBF800309DF84A140DF58062B3
:103C3000E01C98479DF84A244A450BD10DF5806158
:103C4000DDF86004EDF731FA002804BF0DF2644D91
:103C5000BDE8F08F9DF84904012120F004008DF8A3
:103C60005004DBF804300DF58A62601C98474DE77C
:103C700008E00520C4E79DF84A0408F1030100EBC1
:103C8000010843E79DF84D0400F0050004287FF487
:103C900063AF9DF84E040AF1030100EB010ABDF881
:103CA0004C0430809DF84E04B070F41CDBF80030FA
:103CB000F81C9DF84E14224698479DF84E040619AC
:103CC0004AE70000A0120120E4AF0108014B9B6904
:103CD00018470000E4110120014B5B691847000000
:103CE000E41101202DE9F0432DED048BE1B00646EF
:103CF0000F4690464FF000090025002435E0664845
:103D000000EB4410008806EB001090ED020A6248B8
:103D100000EB4410408806EB0010D0ED020A30EEB4
:103D2000600A41A800EB840080ED000A5A4800EBCD
:103D300044108079B8B141A800EB840090ED000AEE
:103D4000B5EEC00AF1EE10FA0DDB41A800EB8400DD
:103D500090ED000A4846411C01F0FF0921A901EB42
:103D6000800080ED000A601CC4B2BC42C7DBB9F120
:103D7000020F09D2002088F800009FED480A61B0C8
:103D8000BDEC048BBDE8F083494621A8FFF7E2FCB7
:103D9000B0EE408A002470E03F4800EB4410807988
:103DA000002868D041A800EB840090ED000AF5EEF1
:103DB000000A68EE200AB4EEE00AF1EE10FA5ADBCF
:103DC00041A800EB840090ED000AF0EE0C0A68EECA
:103DD000200AB4EEE00AF1EE10FA4CD82E4800EBBF
:103DE000441090ED020AB5EEC00AF1EE10FA42DD81
:103DF000294800EB44108288274800EB44100188D2
:103E000001233046FFF756FCF0EE408A224800EBD3
:103E100044108288204800EB44100188002330467B
:103E2000FFF748FCB0EE409A9FED1D0AF4EEC08A01
:103E3000F1EE10FA1EDD9FED1A0AB4EEC09AF1EE13
:103E400010FA17DD41A800EB8400D0ED000A80EEE7
:103E5000A80A114800EB441090ED021AC1EE090ABD
:103E600080EE201A2846691CCDB201A901EB800022
:103E700080ED001A00BF601CC4B2BC428CDB88F825
:103E80000050022D04D3294601A804F00BFD76E76B
:103E90009FED020A73E700009095002000000000EB
:103EA000CCBC8C2B08B56846EFF779FC00208DF868
:103EB000030001208DF802004FF6C840ADF8000065
:103EC00069460A48EFF7E0FB4FF43060ADF80000B8
:103ED00069460748EFF7D8FB4FF40050ADF80000F3
:103EE00069460448EFF7D0FB08BD0000000C014014
:103EF00000080140001001407047000030B51A4C26
:103F0000436824681919884215D04B889BB9174B10
:103F10001B6899420FD0164B1B688B4201D1144B82
:103F200018604B684360104B1B68C31A0E4D4C68F9
:103F30002D682C44A3600C4C836824681A198242B3
:103F400011D053887BB90A4B1B68834201D1084BBF
:103F50001A6043685360044B1B68D31A024D4468CF
:103F60002D682C44A36030BDFC0300200004002019
:103F7000040400204FF0FF31024801F02FFBF3F75B
:103F8000DBF800005882002029E04FF0FF31144890
:103F900001F024FB1348006800B120E012480068DB
:103FA00028B91248006808B1F3F7FEF917E00F4886
:103FB000006810B904F004FB11E00020F3F7A4F846
:103FC00000BF0848006830B90748006818B100F021
:103FD000E3FA0028F5D10020F3F7D0F800BFD4E7CA
:103FE00004390020B40000204800002038000020E0
:103FF0002DE9F0412DED048B07460D4616469FED49
:10400000200AB0EE408A9FED1E0AF0EE408A00249E
:104010000BE0334622462946384600F059FC30EE84
:10402000080AB0EE408A601C84B2642CF1D39FED84
:10403000150AC8EE000AB0EE608A002411E033468B
:1040400022462946384600F043FC30EE480AB0EEDE
:10405000409AB0EE680A09EE090AF0EE408A601C48
:1040600084B2642CEBD385ED058AB0EE680AF2F7D2
:10407000B7FA85ED060ABDEC048BBDE8F0810000BF
:10408000000000000000C8422DE9F84305460F4635
:104090000026688800F048F98046B8F1000F00D18A
:1040A00040268EB900240CE004EB4400214901EBCA
:1040B000C000C08A6988884201D1422603E0601CA2
:1040C000C4B2012CF0DB00BF8EBB002429E004EB5E
:1040D0004400184901EBC000C08AFF281FD105F138
:1040E000080000906B78AA8804EB4401DFF8449044
:1040F00009EBC100A91DD8F800C0E04706466EB91B
:10410000688804EB44014A4602EBC101C88204EB13
:104110004400114601EBC000808A388003E0601C37
:10412000C4B2012CD3DB00BF012C00D14B2630469A
:10413000BDE8F883CC1101202DE9F04105460E467B
:10414000002414E004EB44010B4A02EBC101C88ACD
:1041500000F0EAF8074647B104EB4401064A02EBD7
:10416000C10032462946FB689847601CC4B2012C46
:10417000E8DBBDE8F0810000CC11012070B50546F8
:10418000002413E004EB44010A4A02EBC101C88A8F
:1041900000F0CAF806463EB104EB4401054B03EBC0
:1041A000C1002946B2689047601CC4B2012CE9DB0B
:1041B00070BD0000CC11012010B502460020002186
:1041C0000FE001EB4103094C04EBC303DB8A93428C
:1041D00005D101EB410304EBC303186903E04B1C59
:1041E000D9B20129EDDB00BF10BD0000CC110120C8
:1041F00030B50146FF230C0AC9B200220FE002EBE2
:1042000042000A4D05EBC000C08A884205D102EB8E
:10421000420005EBC000838A03E0501CC2B2012AB1
:10422000EDDB00BF43EA042030BD0000CC110120CB
:1042300070B50546002D3ED1002439E0002004EB86
:104240004401384A02EBC1010861A01D04EB44019E
:1042500002EBC1018882FF2004EB440102EBC101A3
:10426000C882002004EB440102EBC101486004EB6A
:10427000440102EBC101886004EB440102EBC1017F
:10428000C88104EB440102EBC101888104EB4401C5
:1042900042F8310004EB4402224B03EBC20104EB71
:1042A000440203EBC202107DFDF7E0FF601CC4B2C4
:1042B000012CC3DB34E0002430E004EB4401194A54
:1042C00002EBC101C88A00F02FF8064636B104EBB4
:1042D0004402144B03EBC20071688847FF2004EBD3
:1042E0004401104A02EBC101C882002004EB4401E2
:1042F00002EBC101486004EB440102EBC10188609C
:1043000004EB440102EBC101C88104EB440102EB60
:10431000C101087DFDF7D4FF601CC4B2012CCCDBC9
:1043200070BD0000CC11012070B504460025E0B23C
:10433000432803D104F026FE054600E000BF00BF7D
:10434000284670BD02465388C3F30E005388DB0B2A
:104350000BB140EA0120704710B501F0E1FE0948B9
:10436000007830B1002007490870F6F71DFD01F014
:10437000D7FE0548007820B1002003490870ECF70B
:10438000E6F910BD4D0000202407002001700A0A44
:1043900042700A0C82700A0EC2707047F8B504466B
:1043A0000F4615461E46002000908DF800408DF8FF
:1043B00002508DF8036004236A463946802000F0DD
:1043C00077F8F8BD30B589B0044604A8F2F7F2FBDF
:1043D00000200190029003908DF8040002208DF8D7
:1043E00005009DF81A008DF806009DF810008DF864
:1043F0000700BDF81200C0B28DF80800BDF8120029
:1044000000128DF809009DF8150008B1012000E0A8
:1044100000209DF8141009B1022100E0002108439A
:104420009DF8171009B1042100E0002108439DF810
:10443000181009B1082100E0002108439DF8191067
:1044400009B1102100E0002108438DF80A009DF811
:104450001B008DF80B00BDF81C00C0B28DF80C00DD
:10446000BDF81C00000A8DF80D000A2301AA2146A0
:10447000302000F01DF801208DF8040002208DF896
:1044800005000A490DF10600FFF780FFF2F720FC56
:10449000054629460DF10A00FFF778FF0A2301AA15
:1044A0002146302000F004F809B030BD090926206B
:1044B000F0B587B004460D4616461F46182101A8E0
:1044C000ECF7E1FD00208DF804000DF106003B46FD
:1044D0003246294600902046EEF724FA8DF8050072
:1044E0009DF8050020B101A800F03EF807B0F0BD2E
:1044F0000020FBE730B591B005460AA8F2F79EFF11
:1045000004A80A99FFF742FF05A80B99FFF73EFFA1
:1045100006A80C99FFF73AFF07A80D99FFF736FF99
:1045200008A80E99FFF732FF09A80F99FFF72EFF91
:10453000002415E08DF8044003208DF8050004A840
:1045400000EBC4000168CDF806104068CDF80A0001
:104550000A2301AA29462220FFF7AAFF601CC4B241
:10456000032CE7D311B030BD10B5044608480068ED
:1045700000B10CB9002010BD16222146054800F0FC
:10458000EDFD08B10020F6E7F5F786FE0120F2E721
:1045900050000020CC41002070B5EFF745FD00F041
:1045A000200090B130480068401C2F4908602F4817
:1045B0000068401C2D4908600420F2F733FCEFF737
:1045C00069FAFDF7B7FB002070BDEFF74BFC04461E
:1045D0000CB1402C01D90020F6E70120F2F794FD40
:1045E00004EB440222491420F5F7BAFE40B114202E
:1045F00001F090FB064631461E4800F0EFFF90B1F7
:10460000F5F788FE08B1F5F767FE0120F2F7B6FD71
:1046100015480068401C14490860EFF73BFAFDF7A5
:1046200089FB0020D0E70120F2F7A8FD12480068BE
:10463000401C114908602023104A21460C48EFF71E
:1046400055FC054625B129460C4804F051F808E010
:10465000022C06D304480068401C03490860FDF79B
:1046600069FB0120B0E70000280000204400002082
:104670004437002024390020340000200438002072
:1046800094B03FE04FF0FF33502269461E4800F0DF
:10469000B7FC00B136E09DF8000018B901A8F2F7A8
:1046A000E9FF2EE09DF80000012802D1FBF70EFE85
:1046B00027E09DF80000022802D1FBF74FFE20E022
:1046C0009DF80000032814D1FBF748FEF7F760F8C7
:1046D000B8B91C210D48ECF7D6FC4FF444300B4917
:1046E00048610B480B49086000210520F2F7B4F936
:1046F00007E09DF80000042803D1BDF80200FBF795
:1047000041FE00BFBEE70000D8890020E48F0020F2
:1047100000F004081401002010B504462068401C75
:1047200040B10E212046F6F709FDE189884201D10A
:10473000012010BD0020FCE72DE9F041254D264E5B
:104740004FF000081C212548ECF79DFC4FF4443045
:104750002249486122492868884205D1A88880B248
:10476000012801D1A84608E01D493068884204D1DB
:10477000B08880B2012800D1B046B8F1000F01D155
:10478000BDE8F0811549D8F80800086000240FE062
:10479000144800EB04173846FFF7BEFF00B90AE0E3
:1047A00014B938680D49886038680C49C860641CC1
:1047B000B4F5445FECD300BF0848446020010749CA
:1047C000086108460069074908440749086000BFB6
:1047D000D6E7000000E0040800E80408E48F0020A9
:1047E000314E475200F00408140100202DE9FF4F1C
:1047F0002DED028B81B00E469946DDE911B4002003
:10480000207000255CE036F81500042803D936F83E
:104810001500001F00E000201FFA80FA36F815008E
:10482000401DB0F5167F03D236F81500401D01E09B
:104830004FF4167080B200905746781C1FFA80F82B
:104840002CE0B9F1000F10D04146109A0398F7F709
:10485000F8FCB0EE408A3946109A0398F7F7F1FC5D
:10486000B4EEC08AF1EE10FA13DCB9F1000F11D1E9
:104870004146109A0398F7F7E4FCB0EE408A3946B7
:10488000109A0398F7F7DDFCB4EEC08AF1EE10FA47
:1048900000D2474608F101001FFA80F800988045D1
:1048A000CFDB207828B12078401E3BF81000B842BA
:1048B00004D02178481C20702BF81170681CC5B2F8
:1048C000059885429FDB01B0BDEC028BBDE8FF8FF0
:1048D0002DE9F0472DED048B82460C4616461F4607
:1048E000A0882188401A00EE100AF8EEC00A00EEF7
:1048F000106AB8EE400A20EE800ADFED200A80EE52
:10490000201AB0EE418ABCEEC80A10EE100A85B239
:10491000681C1FFA80F8A0882188401A1FFA80F9C5
:1049200000EE105AB8EE400A38EE400AF0EE408A27
:10493000C84500DDC8462088284481B23A46504622
:10494000F7F77FFCB0EE409A2088404481B23A46A7
:104950005046F7F776FCF0EE409A2088284481B262
:104960003A465046F7F76DFC79EEC00AB0EE490AB8
:1049700008EEA00ABDEC048BBDE8F0870000C6423B
:104980001CB514200A214FF400630022CDE9001069
:10499000044905A000F0B0FF0446204601F012F9DA
:1049A0001CBD0000653601086D61696E00000000E5
:1049B00010B5EBF70FFC044604480088401C00B219
:1049C000024908802046EBF709FC10BD780400205E
:1049D00010B5EBF7FFFB04460C480088401E00B200
:1049E0000A4908800846B0F9000000280ADC0020C7
:1049F00008802046EBF7F2FB0548006828B100F07C
:104A000011FD02E02046EBF7E9FB10BD7804002021
:104A10007C04002070B5054605B970BD00BF1A487A
:104A2000006818B1284618490968884700BF174828
:104A30000068854203D316480068854200D3ECE73E
:104A4000A5F10C044FF0FF31124800F0C7FD002023
:104A500060804FF4F55020800F480068844201D2F6
:104A60000D480460094960680968611A401A0B49D9
:104A70000968081A094908602046FFF73FFA054807
:104A800000F084FD00BFC8E7F8030020FC0300200D
:104A900000040020680D0120040400200C04002004
:104AA00070B54FF4A060EFF7CFFDF0F7E3FEF1F73C
:104AB00081F81D4800684FF47A72B0FBF2F1481E8D
:104AC000B0F1807F00D31BE0481E4FF0E022506120
:104AD00050170F22002804DB13071C0E134B1C5425
:104AE00006E013071D0E124B00F00F04241F1D5586
:104AF00000BF00204FF0E02290610720106100BF4E
:104B00000C49A1F5005000F029FE0948E430006886
:104B100040F080700649E43108600748006840F0C2
:104B200001000549086070BD0000002000E400E0BD
:104B300018ED00E0D80A0120001000E02DE9F04156
:104B4000044604F12805271D0648006840B12846A0
:104B500004490968884706460EB9BDE8F08100BFE0
:104B600000BFFEE7C8040020F0B504460D46164617
:104B7000301D20F0070044380146002203E00D4FAD
:104B800041F82270521C112AF9D34D624FF0000CEB
:104B9000C1F828C0C1F82CC0C1F830C0C1F834C079
:104BA0008B63CC634FF0807CC1F840C000270F605E
:104BB000F0BD0000EFBEADDE10B5EBF70BFB044619
:104BC00008480078401C0749087000BF0648006884
:104BD00010B105480068804700BF2046EBF7FEFA99
:104BE00010BD0000F0030020E803002010B5EBF733
:104BF000F1FA044608480078401E0749087000BFD3
:104C00000648006810B105480068804700BF20468C
:104C1000EBF7E4FA10BD0000F0030020EC030020E5
:104C200070B504462068A0F11405284600F078FF0E
:104C3000002070BD2DE9F04105460C469046204607
:104C400000F0D6FFB8F1000F03D0B8F1010F23D167
:104C500005E004F11401284600F048F81CE02E6835
:104C60000FE0A6F1140794F8350097F83510884244
:104C700006DA04F1140107F1140000F037F802E03D
:104C80003668AE42EDD100BFAE4204D104F114014A
:104C9000284600F02BF800BF00BF0020BDE8F081DF
:104CA00010B5044604F1140000F002F8002010BD15
:104CB0004060006070474060006070474060006086
:104CC00070470268516002680A600160486070477E
:104CD0000268516002680A600160486070470268BB
:104CE000516002680A600160486070474268116064
:104CF00042684A604160086070470146086888421F
:104D000001D1012070470020FCE701460868884275
:104D100001D1012070470020FCE7D0E9002151605B
:104D2000D0E900121160406000607047D0E90021B6
:104D30005160D0E9001211604060006070470000CF
:104D40002DE9F041054615B90020BDE8F081E81CC9
:104D500020F0030554480068854201D90020F4E79B
:104D60000C2D00D20C254FF0FF31504800F036FCDE
:104D70004F4800684F490968461A8AE04D48006864
:104D80008419608800287CD106F10C006168081A3B
:104D9000A8427AD306F10C006168091A05F11800DF
:104DA000814230D306F10C0000EB05084148006851
:104DB00000EB08074FF4F5503880002078806068D9
:104DC0007860BE60C4F8048001206080364879684D
:104DD00000680C30814205D036497868096808447B
:104DE000C0F808803448016805F10C0008443249D5
:104DF0000860324800680968884219D22E48006865
:104E00002E49086014E0012060802A496068096822
:104E1000611A401A28490968084427490860274848
:104E200000680968884203D2234800682349086063
:104E30004FF4F55020801E480068844212D107E0EC
:104E40001B48006840681B49096808441849086005
:104E500017480068408828B1154800681849096853
:104E60008842EDD1114800F091FB00BF1548006861
:104E700028B1294604F10C00124A1268904700BF7D
:104E800000E002E004F10C005FE70A4800683044EB
:104E9000466805480068401BB0423FF66FAF0348C4
:104EA00000F074FB002050E708040020680D01208A
:104EB00004040020FC0300200C0400201004002047
:104EC00000040020F40300202DE9F0410F461646AF
:104ED00004463D463346102B28D305F0030C04F05E
:104EE00003084CEA080CBCF1000F1FD121462A46EA
:104EF00010E052F804CB41F804CB52F804CB41F84F
:104F000004CB52F804CB41F804CB52F804CB41F85F
:104F100004CB103B102BECD204E052F804CB41F848
:104F200004CB1B1F042BF8D20C46154603E015F8E2
:104F300001CB04F801CBB3F1000CA3F10103F6D1CE
:104F4000BDE8F081F0B50C460546E6B2042A15D35B
:104F500000F0030797B9014646EA062343EA0343F4
:104F600004E008C108C108C108C1103A102AF8D2EB
:104F700001E008C1121F042AFBD20D4601E005F82A
:104F8000016B171EA2F10102F9D1F0BD2DE9F05F0E
:104F900004460F4690469946DDE90AAB3A4606219B
:104FA000204600F0FFF984F809B02046FFF778FEAC
:104FB000C4F81C8009F1030020F003002084208C39
:104FC000001DBAFBF0F060840020A062E062206364
:104FD000002608E0208C001DE16906FB0015206B0F
:104FE00028602563761C608CB042F3DC0020A0842E
:104FF00004F13400FFF75CFE0020BDE8F09F0000E4
:105000002DE9FF4704460F4690464FF0000900F097
:10501000B1FD054600BF4F48006818B120464D4914
:105020000968884700BFEBF7D5F88246A08C48B9DD
:10503000039838B95046EBF7D1F86FF0010004B08F
:10504000BDE8F0873CE000202863039830B9504663
:10505000EBF7C4F86FF001002863F0E7627A2946A5
:1050600004F11400FFF7E6FD039800280CDD00F0C2
:105070006DFE814603AA002105F14C0000F0E6FE1A
:1050800005F14C0000F034FF5046EBF7A7F800F0B4
:10509000C9F9286B08B1286BD1E7EBF79BF882467A
:1050A000039800280CDD00F051FEA0EB09090398DD
:1050B000A0EB090003900398002801DA0020039078
:1050C000A08C0028BFD0A66A3068A062E06AB04217
:1050D00001D10020E062A08C401EA0845046EBF776
:1050E0007DF8208C404501D2208C00E040460246ED
:1050F000311D3846FFF7E8FEEBF76CF88246206B6F
:105100003060266304F13400FFF7F7FD98B904F12D
:105110003400FFF785FD5046EBF760F800BF0E48FE
:10512000006818B120460C490968884700BF00F0A4
:1051300079F9002083E75046EBF750F800BF0648A6
:10514000006818B1204604490968884700BF00205C
:1051500075E700006C0400207004002070B5044660
:105160000D461646002332462946204600F002F836
:1051700070BD00002DE9FF47044689469046208C0B
:10518000404504D24FF0FF3004B0BDE8F08700275F
:1051900000F0F0FC064600BF4048006818B1204609
:1051A0003E490968884700BFEBF714F88246256B33
:1051B0003DB9039828B95046EBF710F86FF002009C
:1051C000E2E739E000203063039828B95046EBF756
:1051D00005F86FF00200D7E7627A314604F1340037
:1051E000FFF728FD039800280CDD00F0AFFD07460F
:1051F00003AA002106F14C0000F028FE06F14C0045
:1052000000F076FE5046EAF7E9FF00F00BF9306B4C
:1052100008B1306BB8E7EAF7DDFF82460398002853
:105220000ADD00F093FDC71B0398C01B0390039891
:10523000002801DA00200390206B051EC2D02868E8
:1052400020635046EAF7CAFF0020286042464946DC
:10525000281DFFF739FEEAF7BDFF8246E06A08B174
:10526000E06A0560E562A06A00B9A562A08C401CF6
:10527000A08404F11400FFF740FD50B904F11400BC
:10528000FFF7CEFC5046EAF7A9FF00F0CBF800206C
:105290007AE75046EAF7A2FF002075E77404002081
:1052A0002DE9F04106460F46304600F067F8054606
:1052B000E868FFF745FD044614B90020BDE8F08119
:1052C00000212046EA68FFF73DFE2672002060724A
:1052D00008223946204600F027FA00BF0A48006835
:1052E00018B1204608490968884700BFEAF772FFED
:1052F000804604F10C01281DFFF7E3FC4046EAF765
:105300006DFF2046DAE700006404002070B5044613
:1053100000BF0C48006818B120460A490968884750
:1053200000BF00202072EAF755FF054604F10C008B
:10533000FFF7F3FC2846EAF751FF2046FFF76AFB28
:1053400070BD00006804002070B5044600BF0A4824
:10535000006818B1204608490968884700BF002046
:105360002072EAF737FF054604F10C00FFF7D5FC81
:105370002846EAF733FF70BD68040020024600218A
:105380000AE0074800EB01100078904203D104487E
:1053900000EB01107047491C0529F2DB0020F9E7FA
:1053A000140400202DE9F04704460D4690460026DF
:1053B0002846FFF7E3FF0746FFF7FAFA7E6802E0A8
:1053C000A6F10C003668381D8642F9D1FFF700FBC4
:1053D00045F08000207208224146204600F0A4F9E2
:1053E00000BF0A48006818B1204608490968884784
:1053F00000BFEAF7EFFE814604F10C01381DFFF70C
:1054000060FC4846EAF7EAFEBDE8F0876404002045
:105410000146087A00F0800008B1012070470020A2
:10542000FCE700002DE9F041EAF7D4FE07461D48ED
:10543000008888BB1C480068F1F706F9461E1B4827
:1054400050F83600A0F1140419480068844222D0B4
:1054500018490E7016480568046000BF16480068B9
:1054600020B121462846144A1268904700BF1348CD
:10547000007850B904F11C0105F11C00EAF7B1FEF7
:105480003846EAF7ABFEBDE8F08104F11C0105F1F6
:105490001C00EAF7A6FE00BF3846EAF79FFE00BFF1
:1054A000F1E700007804002084040020880D01202A
:1054B0007C0400208004002090040020F0030020E1
:1054C00070B50446EAF786FE054614F8340F20F05E
:1054D0000F0040F0010020706278343C0A4B03EB6F
:1054E000C20004F114014268116042684A604160E0
:1054F000086000BF0549A06B0968084303490860BC
:105500002846EAF76BFE70BD880D01208404002058
:1055100070B50446EAF75EFE054604F11400D0E9D2
:1055200000215160D0E9001211604060006000BFAE
:1055300094F83510094A02EBC1000168814201D19B
:10554000012100E0002129B10548A16B00688843D2
:10555000034908602846EAF741FE70BD880D012026
:10556000840400202DE9F04104460D4616461F46EE
:105570002A4602212046FFF715FF2046FFF790FB41
:10558000A68367720020BDE8F081000070B5044674
:1055900000BF1148006818B120460F4909688847C4
:1055A00000BF0025EAF716FE064604F11400FFF7D7
:1055B000A4FB28B904F11400FFF732FB012502E037
:1055C000A08B401CA0833046EAF708FE012D01D1D4
:1055D000FFF728FF002070BD7404002073B5054656
:1055E00000BF2448006818B1284622490968884746
:1055F00000BFEAF7EFFD0646A88B002806DDA88B62
:10560000401EA8833046EAF7E9FD28E0019828B952
:105610003046EAF7E3FD6FF001007CBD00F0AAFA26
:105620000446002020636A7A214605F11400FFF742
:1056300001FB0198002809DD01AA002104F14C00BA
:1056400000F004FC04F14C0000F052FC3046EAF794
:10565000C5FDFFF7E7FE206B08B1206BDDE700BF5B
:105660000548006818B1284603490968884700BF03
:105670000020D2E76C040020700400207047000076
:1056800070B500F063FB0646FFF792F92348056802
:105690003DE0A5F11404A06A301A6FF00041884281
:1056A00034D200BF1E48006818B120461C49096862
:1056B000884700BF2D682046F1F793F8FFF788F977
:1056C000D4E90710884700F041FB064600BF1548A3
:1056D000006818B1204613490968884700BFFFF7E2
:1056E00067F9607A00F0020058B1607A00F00100BA
:1056F00038B1607A20F001006072204600F0F8FBBB
:1057000005E0607A20F00100607200E002E00348EA
:105710008542BED100BFFFF75BF970BDA804002031
:10572000B0040020B404002070B50346A2B11846AE
:105730000C4600BF14F8016B00F8016B3EB902E0A3
:10574000002500F8015B551E2A1EF9D102E0551E06
:105750002A1EEFD100BF00BF184670BD2DE9F041F1
:1057600007468846F81C20F0030528F00306182E8B
:1057700008D9A6F11800A84204D3701B18381C4998
:10578000086001E0BDE8F0811A48056004684FF444
:10579000F5502080164800680C3060600020A06042
:1057A00060801449606809680844134908604FF430
:1057B000F5500968088001200F49096848800C48A5
:1057C00000680C300C4909684860094800680C30D2
:1057D0000949096888600023012208A10948FFF7E8
:1057E000C1FE044800680849086000BFCAE700001D
:1057F00008040020FC03002000040020686561709C
:1058000000000000680D01200404002010B50020F5
:105810000B490880002405E00A4901EBC400FFF7AA
:105820004AFA641C202CF7DB1F200749087000206F
:1058300006490860064908600648FFF73CFA10BDB3
:1058400078040020880D0120800400207C040020C2
:10585000840400208804002070B508480068F0F730
:10586000F3FE451E064850F83500A0F11404054823
:10587000046004F11C00EAF7FAFC70BD8404002007
:10588000880D01207C04002010B5002405E00449A7
:1058900001EBC400FFF712FA641C002CF7D010BD16
:1058A000A00400201FB5002405E00D4901EBC40051
:1058B000FFF704FA641C002CF7D00A200421CA0167
:1058C000084BCDE90032CDE902100023064A07A1BA
:1058D000084800F001F9074800F074F91FBD000006
:1058E000A8040020080F01206D5C010874696D6533
:1058F00072000000880E01202DE9FF5F06460F466A
:1059000090461D46DDE90EAB31460120FFF7C8FC8D
:105910008146B9F1000F03D1002004B0BDE8F09F2B
:105920002846FFF70DFA044624B94846FFF7EEFC77
:105930000020F2E743463A46314648468DE8300CAF
:10594000F0F7E0FE4846E8E710B50446204600F0D0
:1059500017F910BD70B512480468EAF73BFC05461C
:105960002046FFF7D5FD042084F8340004F14C00F4
:1059700000F088FA2046FFF74BFD012805D1A06F03
:1059800018B92046FFF7E0FC04E004F114010548D3
:10599000FFF79EF92846EAF721FCFFF743FD70BDAB
:1059A0007C040020880400200FE0002408E0074861
:1059B00050F8240018B1054951F824008047641CB0
:1059C000042CF4D300F004F800BFEEE7580D0120DA
:1059D00070B53AE0EAF7FEFB0546F0F777FE30B324
:1059E0001D480068A0F1140404F11400D0E900215E
:1059F0005160D0E9001211604060006000BFFEF706
:105A0000D7FFA06F10B12046A16F88472046FFF74F
:105A1000FFFC012808D12046FFF796FCFEF7D8FFCF
:105A20002846EAF7DBFB70BDFEF7D2FF03E028460D
:105A3000EAF7D4FBF7E72846EAF7D0FBA06AFEF7BF
:105A4000E9FF2046FFF762FC00BFF0F73FFE0028A9
:105A5000C0D100BFE7E70000880400201FB5202068
:105A60001F210201074BCDE90032CDE902100023CE
:105A7000054A06A1074800F02FF8064800F0A2F8F2
:105A80001FBD0000580B0120A95901087469646CFE
:105A900065000000D80A01202DE9F04105466FF0AD
:105AA0000207EAF797FB0646002409E0094850F888
:105AB000240020B9074840F82450002702E0641C65
:105AC000042CF3D300BF3046EAF788FB3846BDE824
:105AD000F0810000580D01202DE9FF5F05460C46BE
:105AE00016461F46DDE910ABDDE90E89224601218D
:105AF0002846FFF757FC3B463246214628468DE8AC
:105B0000000FF0F7FFFD04B0BDE8F09F70B504464C
:105B1000204600F0FFF80546284600F031F870BD39
:105B200070B5044694F8340000F00F00022802D04B
:105B30004FF0FF3070BDEAF74DFB054604F114004D
:105B4000FFF7F4F804F14C0000F072FA2846EAF787
:105B500045FB2046FFF7B4FC00BF0548006818B1BC
:105B6000204603490968884700BF0020E2E700009B
:105B70009804002001480068704700007C04002061
:105B800031B5EAF727FB05460D480468204600F0CA
:105B90002FF86A46002104F14C0000F057F904F197
:105BA0004C0000F0A5F92846EAF718FBFFF73AFC8D
:105BB000206B801C08B900202063002038BD000045
:105BC0007C04002010B504463434A07860706178FD
:105BD000012088406060022004F834092046FFF765
:105BE0009FFFFFF7C7FF08B1FFF71CFC002010BDA7
:105BF00070B5044694F8340000F00F00012802D07C
:105C00004FF0FF3070BDEAF7E5FA054694F834002E
:105C100020F00F0040F0020084F834002046FFF727
:105C200077FC04F14C0000F003FA2846EAF7D6FAB4
:105C300000BF0548006818B1204603490968884735
:105C400000BF0020DEE700009404002070B5044689
:105C500025466FF00100286305F11400FFF766F890
:105C60002846FFF72DFCFFF7DDFB70BD1CE00F4859
:105C700000F02FF90446601C38B9FFF77BFF05469A
:105C8000FFF7B6FFFFF7CEFB0CE000F05FF805462C
:105C9000601B6FF00041884203D2641B2046FFF76F
:105CA00053FE00BFFFF7ECFCE1E70000A804002072
:105CB00070B5EAF78FFA05461448046894F8340082
:105CC00000F00F0001281CD1D4E90510814218D042
:105CD00004F11400FFF72AF894F835200C4B03EB7D
:105CE000C20004F114014268116042684A604160D8
:105CF000086000BF2846EAF771FAFFF793FB00201F
:105D000070BD2846EAF76AFA0020F9E77C04002013
:105D1000880D01200146002902DA4FF0FF3014E01F
:105D20004FF47A7291FBF2F24FF47A7302FB03F0B4
:105D30001A4691FBF2F302FB13124FF47A735A43A3
:105D400002F2E73292FBF3F2104470470148006818
:105D500070470000E403002010B50A480068401CAA
:105D600008490860FFF706FF0446A06C401EA064C7
:105D7000A06C18B9606CA064FFF79AFF00F012F8ED
:105D800010BD0000E403002070B50446EAF722FAD3
:105D90000546034804602846EAF720FA70BD000073
:105DA000E403002070B5FFF7D1FF0546EAF712FAC9
:105DB00006463AE022480068A0F11404A06A281AB6
:105DC0006FF0004188422FD200BF1E48006818B112
:105DD00020461C490968884700BF2046F0F701FDAE
:105DE000D4E907108847FFF7B1FF054600BF164802
:105DF000006818B1204614490968884700BF607AD6
:105E000000F0020058B1607A00F0010038B1607A09
:105E100020F001006072204600F06AF805E0607A28
:105E200020F00100607200E004E00548FEF76DFF1D
:105E30000028BFD000BF3046EAF7D0F970BD00009F
:105E4000A0040020B0040020B4040020034649B19F
:105E5000012904D0022908D0032910D10AE0586A88
:105E600010600CE01068586209E0587A20F00200D7
:105E7000587204E0587A40F00200587200BF00BF28
:105E80000020704770B50446EAF7A4F9054620469D
:105E9000F0F7A7FC2846EAF7A1F92046FFF754FAE5
:105EA000002070BD2DE9F84307460C4615461E46F6
:105EB000DDE9088922460A213846FFF773FA43468E
:105EC000324629463846CDF80090F0F769FCBDE827
:105ED000F88370B504462046FEF717FF10B14FF067
:105EE000FF3070BD2068A0F11405A86AF9E7000032
:105EF0002DE9F8430546EAF76DF980462846F0F7A4
:105F000070FC687A20F0010068724046EAF766F992
:105F100000BF4248006818B12846404909688847D0
:105F200000BFFFF713FF696A0844A862EAF752F955
:105F30008046687A00F0040008B1394E00E0394E1E
:105F4000009600242AE019E05DF82420116814224C
:105F500002EBC402881A826AAB6AD21A00D108E046
:105F6000826AAB6AD21A6FF000439A4200D20CE008
:105F700000BF5DF8240000684DF824005DF824009F
:105F800006EBC40149688842DED100BF2CB15DF840
:105F900024000830611C4DF82100641C002CD2D074
:105FA00021480068401C204908600846076805F140
:105FB00014010098FEF793FE022412E007F003009C
:105FC00060B9C4F1010305F1140202EBC301C4F18D
:105FD00001025DF82200FEF782FE00E003E0BF0848
:105FE000641C012CEAD900BF687A40F00100687295
:105FF0004046EAF7F3F8687A00F0040058B10B481D
:1060000090F8340000F00F00012804D00748FFF793
:1060100087FDFFF707FA0020BDE8F8837004002031
:10602000A8040020A0040020B8040020880E01204D
:1060300070B50446607A00F0010010B94FF0FF30EF
:1060400070BD00BF0B48006818B1204609490968B7
:10605000884700BFEAF7BEF805462046F0F7C1FBC7
:106060002846EAF7BBF8607A20F001006072002051
:10607000E6E70000740400200246914201D3881A2A
:1060800070470248801A0844FAE700000080510176
:106090001CB500BF01A90020EEF7E8FFEEF7DCFF1A
:1060A000C4B269460020EEF7E1FF9DF804009DF8B8
:1060B00000108842EED19DF805009DF8011088423D
:1060C000E8D19DF806009DF802108842E2D19DF8C3
:1060D00000004FF4616110FB01F09DF80110C1EB6D
:1060E000011100EB81009DF802100844C4F1FF018A
:1060F00001EB00201CBD10B5EAF76CF8FEF7D0FCF0
:10610000FFF7BCFAFFF7C0FBFFF780FBFEF738FC98
:10611000FFF7C8FBFFF7A2FCFFF79EFB002010BDB6
:1061200010B500240CE0F4F743FE09480068401C59
:1061300007490860FBF720FE00B903E0601CC4B209
:10614000402CF0D300BFFBF717FE0249087010BDCA
:10615000540000205800002010B50020F1F7A2FFE5
:106160000020F8F769F80020F9F722FEBDE810409A
:106170000020FDF741B910B50120F1F793FF012090
:10618000F8F75AF80120F9F713FEBDE81040012096
:10619000FDF732B901460020012902D0022902D1BF
:1061A00002E0024800E000BF00BF704708AF0108EE
:1061B00010B54FF480611448FDF76CFCFBF7ACFEA2
:1061C000BC2212490020FBF733FF4FF40072104944
:1061D0000120FBF72DFF4FF400720E490220FBF760
:1061E00027FF4FF420620C490320FBF721FF012019
:1061F000FFF7D0FF01460020F9F738FEFAF756FD09
:10620000BDE81040FFF7A8BF00C80108EC1201204C
:10621000B4130120C0150120CC170120FBF7F4BDF9
:10622000F0B503460D460024681E86B200BF214625
:106230003046371B04EB570703EB870797ED000A3F
:10624000F0EE400A34E001E04F1CB9B203EB8107E5
:1062500097ED001AB4EEE01AF1EE10FAF4D303E071
:1062600000B90AE0471EB8B203EB800797ED001AA9
:10627000B4EEE01AF1EE10FAF2DC00BF814216DC57
:1062800003EB810797ED000A03EB800797ED001AF7
:1062900003EB810787ED001A03EB800787ED000A07
:1062A0004F1CB9B210B1471EB8B200E002E000BF07
:1062B0008142C8DD00BF824201DC064608E08A4216
:1062C00001DB0C4604E003EB820797ED000AF0BD0A
:1062D000ADE7000030B595B004460D46502101A849
:1062E000EAF7D1FE8DF80440ADF80650502201A91E
:1062F0000448FEF733FF10B1012015B030BD002077
:10630000FBE70000D889002010B586B00446F3F7FB
:10631000FBFE10B10A48006808B906B010BD01A91B
:106320002046ECF739FA142101A8FDF747FB10B11C
:10633000002003490860FFF7F3FE00BFEDE700000F
:106340007800002030B585B005460C4669462846E1
:10635000ECF788FA14216846FDF730FB08B905B060
:1063600030BD2078401C2070FFF7DAFE20781E2810
:106370000CD3FFF7D5FE69462868ECF70DFA142117
:106380006846FDF71BFB08B10020207000BFE6E760
:10639000F0B589B00446F3F7B7FE00B10CB909B007
:1063A000F0BD207820B96178A01CFDF707FBF6E767
:1063B000207801282AD16078102827D1A61C002532
:1063C00020E08DF8045002208DF80500A01C00EBA1
:1063D000C5000168CDF806104068CDF80A0004A891
:1063E0000090B1880A2301AA2320ECF79BFA074604
:1063F000394604A8FDF7E2FA00B905E0FFF790FE80
:10640000681CC5B2022DDCD300BF00BF00BFC6E7C9
:106410002DE9F047C6B007468A4614461D4656A1E8
:1064200003C9439142908DF809712046E11704EBAE
:1064300011610912A4EB0121C9B28DF80C11E11709
:1064400004EB1161090A8DF80D11062142A8EAF743
:10645000B3F8052144A8EAF7E4F8804608F10F00F4
:1064600018B9404646B0BDE8F0879DF810010428F1
:1064700002D19DF8140110B16FF00A00F2E7002676
:10648000FC2103A8EAF7FFFD3D48006802908DF863
:106490000970B14638E0FA2000FB194086B2FA2EA6
:1064A0000DDBFA208DF80B0000FB09A1024603A8C2
:1064B000EAF7D0FDFE2102A8EAF77EF80EE0F0B27E
:1064C0008DF80B00A01B00EB0A01324603A8EAF787
:1064D000C1FD301D81B202A8EAF76EF8052144A87B
:1064E000EAF79FF8804608F10F0008B94046B9E77F
:1064F0009DF81001042802D19DF8140110B16FF02D
:106500000A00AFE709F1010909EB4900C0EBC91026
:10651000B4EB400FBFDC1BA103C9CDE900018DF82E
:1065200001702846E91705EB11610912A5EB01215D
:10653000C9B28DF80410E91705EB1161090A8DF84D
:10654000051006216846EAF737F8052144A8EAF75E
:1065500068F8804608F10F0008B9404682E79DF8C8
:106560001001042802D19DF8140110B16FF00A0047
:1065700078E7002076E7000001BBF1020000000090
:1065800068AF010801BBF302000000001FB50FA1B6
:1065900003C9CDE90201062102A8EAF70DF8052199
:1065A0006846EAF73EF8044604F10F0010B92046A9
:1065B00004B010BD9DF80000042802D19DF804002D
:1065C00010B16FF00A00F3E70020F1E701EEF102ED
:1065D0000000000010B5044608480068A04200D141
:1065E00010BD064804600CB1032000E004200449FB
:1065F00088722046F0F7CCFE00BFF1E708010020CA
:10660000248600200E48006820F004000C49086031
:1066100000BF00BF00BFBFF34F8F00BF00BF00BF70
:1066200030BF00BF00BF00BFBFF36F8F00BF00BF10
:1066300000BF04480068401C024908607047000021
:1066400010ED00E0C40000202DE9F8430F46044699
:10665000F6F752FDDFF800810646002558F82400C1
:106660004FF01B0990F84010C91F072928BFBDE84B
:10667000F883DFE801F004180E28262657000821C9
:1066800080F840103A4631462046BDE8F84300F015
:1066900087BA0A2180F840103A4631462046BDE8C4
:1066A000F84300F07DBA3A460321204600F012FF7D
:1066B000002E08BFBDE8F8830C2058F8241081F89C
:1066C0004000BDE8F8838DF800500069102239467B
:1066D0003E30EAF7EAFC90B104208DF800006A46EB
:1066E0000521204600F0F6FE9DF80000012340F051
:1066F00060023146204600F043FDBDE8F883012EDC
:1067000018BFBDE8F88358F824000421006900F19F
:106710001E02204600F0DEFE58F8240080F840906B
:10672000BDE8F8832046F6F71BFA102804D23D5442
:10673000401CC0B21028FAD358F82400002E80F86C
:10674000409008BFBDE8F8833A462046BDE8F843CC
:10675000012101F0EDB800001C07002070B42CA34B
:1067600085B093E838108DE838100F23CC1811F855
:1067700003C014F8014C4FEA4C0C4CEAD41C02F84C
:1067800003C05B1E13F0FF03F0D10B785B001370A6
:10679000C97B11F0800F0CD0944663466C460021F3
:1067A0005D5C665C75400CF80150491CC9B210294B
:1067B000F6D3002819BFD37B0F2005B070BC08BFEB
:1067C0007047115C02EB000C49001CF801CC41EA57
:1067D000DC111154401E10F0FF00F2D1107840007F
:1067E000107013F0800F02BF05B070BC70471146E7
:1067F0006B46002011F800C01C5C8CEA040C02F807
:1068000000C0401CC0B21028F4D305B070BC704763
:1068100087000000000000000000000000000000F1
:10682000F0B4224A0346214E52F82320012056F8A4
:10683000233012691B6992F814C0D47EDE7E1F7D5E
:106840000CEA040492F815C0157F07EA06061F7FBC
:106850000CEA050C5B7D957C03EA070315F0010F3C
:1068600046EA03031CBF557E15F0010F02D0002B32
:1068700008BF002013F0010318BF012382F8503035
:10688000012918BF022903D113F0FF0F08BF002010
:1068900003291EBF0429F0BC704744EA0C0111F023
:1068A000040F08BF0020F0BC704700001C07002048
:1068B000084910B551F8201000240A69D17C927E55
:1068C000914228BF1146072924BF0124F6F756F943
:1068D000204610BD1C070020027900210C2A39D265
:1068E000DFE802F03806063A3A243A3A3A3A3A2BC6
:1068F0004279042A0BD8C27912F0070F1CBF02F0AC
:106900000702012A06D0042A18BF052A02D04FF038
:106910000A0121E08279002A18BF012AF7D1007A02
:10692000A0F107000A2828BF062115E04279521E6F
:106930000E2A24BF082242710EE0407910F0070FA2
:106940001CBF00F00700012806D0042818BF052846
:1069500002D0DCE74FF007010846704770B5174AD0
:106960000446002552F8240090F83F1011F0020F61
:1069700021D0818F40F6B833994208BF012517D046
:106980004FF6FF7C0CEA4101818752F824009942BE
:106990000DD38387052040EA04221E23002140F600
:1069A0001560FBF76BFB08210170FBF7A1FB0925C4
:1069B000204600F095FB284670BD00001C07002013
:1069C00070B50D4D044655F8240090F83F0010F0C6
:1069D000010F08BF70BD052040EA042140F6326077
:1069E000FBF736FD55F8240090F83F1021F0010127
:1069F00080F83F1070BD00001C07002010B5174B39
:106A0000044653F8240090F84020052A18D0062A9E
:106A100018BF10BD00690A68C0F826204968C0F890
:106A20002A1053F82410072081F840002046F6F77A
:106A300063FB01462046BDE81040012200F066B924
:106A400000690A68C0F81E204968C0F82210204674
:106A5000BDE81040062100F007BA00001C07002026
:106A60000A68C0F805204A68C0F809208A68C0F89A
:106A70000D20C968C0F81110704710B504460020F9
:106A80006071F7F717FB0168C4F806108088608111
:106A900010BD0A68C0F805204A68C0F809208A6855
:106AA000C0F80D20C968C0F8111070470A88C2806C
:106AB000D1F80220D1F806108260C16070470A68E0
:106AC000C0F805204A68C0F809208A68C0F80D207F
:106AD000C968C0F8111070470978417170470A6899
:106AE000C0F805204A68C0F809208A68C0F80D205F
:106AF000C968C0F8111070470A68C0F80520898875
:106B0000A0F8091070470A68C0F805208988A0F825
:106B1000091070470978417170470A68C0F805206C
:106B20004A68C0F809208A68C0F80D20C968C0F812
:106B30001110704770B51D46044671B10A4E1A20F7
:106B400056F8241081F840000121204600F0F0FEA4
:106B500056F8240080F83E5070BDBDE87040002219
:106B6000114600F0E5BE00001C07002010B50C46E1
:106B7000052141EA00220A23002140F61760FBF7B5
:106B80007DFA218A0180D4F81210D4F81620C0F8BA
:106B90000210C0F80620BDE81040FBF7A9BA0000BB
:106BA0002DE9F043044689B0002091460090019001
:106BB0000290039000294DD000212046F6F7CCF832
:106BC000016800918088ADF8040001212046F6F7A5
:106BD000C3F80168CDF806108088ADF80A00274890
:106BE00004AA50F82400016968460D684E688F6851
:106BF000D1F80C80002119F8013010F801C083EAA7
:106C00000C035354491CC9B21029F4D3052040EA9F
:106C100004222123042140F61750FBF72FFA1921F3
:106C20000170C0F80150C0F80560C0F80970C0F8E4
:106C30000D800499C0F811100599C0F81510069937
:106C4000C0F819100799C0F81D10FBF751FA09B0E8
:106C5000BDE8F08301212046F6F77EF80168009137
:106C60008088ADF8040000212046F6F775F8016829
:106C7000CDF806108088ADF80A00B0E71C070020A8
:106C80002DE9F047804620484FF01909154650F885
:106C900028001F468A46046980F84090052040EA93
:106CA00008222123042140F61750FBF7E7F9064696
:106CB00080F8009051464046F6F782F801460020E1
:106CC0000A68C6F801204A68C6F805208A68C6F82E
:106CD0000920C968C6F80D1006F111012A5C3B5C59
:106CE0005A400A54401CC0B21028F7D33046FBF774
:106CF000FFF92079401E20716088102834BF0020E1
:106D000010386080BDE8F0871C07002070B506468B
:106D10003B4884B0002350F826001546002904693A
:106D200000930193029303934ED001213046F6F76E
:106D300013F880798DF8000000213046F6F70CF842
:106D400080798DF8010001218DF802102169CDF8BC
:106D50000310A18AADF8071002208DF80900D4F8BD
:106D60001700CDF80A00B4F81B00ADF80E0005209E
:106D700040EA06222123042140F61750FBF77EF952
:106D8000192101702168C0F801106168C0F8051070
:106D9000A168C0F80910E168C0F80D10002D00F1DD
:106DA000110214BF04F11E0304F12E03EC464FF050
:106DB000000118D05C5C1CF801506C405454491C14
:106DC000C9B21029F6D317E000213046F5F7C4FF09
:106DD00080798DF8000001213046F5F7BDFF8079FC
:106DE0008DF80100AFE75C5C1CF801506C40545416
:106DF000491CC9B21029F6D3FBF77AF904B070BD6B
:106E00001C0700202DE9F0410446F5F7D9FF15498C
:106E10000568466851F824108768D0F80C8018205F
:106E200081F84000052040EA04222123042140F695
:106E30001750FBF723F919210170C0F80150C0F871
:106E40000560C0F80970C0F80D800021C0F811106D
:106E5000C0F81510C0F81910C0F81D10BDE8F041B9
:106E6000FBF746B91C0700200A4A10B552F820204B
:106E7000012382F84010052141EA0022042140F656
:106E80001950FBF7FBF81A210170BDE81040FBF721
:106E90002FB900001C0700202DE9F0411E4A0029EF
:106EA00052F820C0DCF81040D4F81E70D4F82280CC
:106EB000D4F82E30D4F832201CBF1E46154625D0FB
:106EC0000D218CF84010052141EA002221230421E4
:106ED00040F61750FBF7D2F8192101702168C0F86D
:106EE00001106168C0F80510A168C0F80910E168D8
:106EF000C0F80D10C0F81160C0F81550C0F8197036
:106F0000C0F81D80BDE8F041FBF7F2B83E464546AB
:106F10001F469046D4E700001C070020224B30B4E7
:106F200053F820104FF0000C09694A7C012A02BF77
:106F30000A7E012A022210D08A7C12F0040F02BFBE
:106F40004A7E12F0040F81F84EC008D0CA7D174D5A
:106F50000C7C02EB82022A44A25C81F84E2053F89A
:106F600020100A6992F84E10002908BF82F84FC01D
:106F700005D0012912BF0229042182F84F1053F8CD
:106F800020000069817C11F0010F19BF417E11F0D2
:106F9000010F30BC704790F84F1041F0010180F8AC
:106FA0004F1030BC704700001C070020F5B20108EC
:106FB0002DE9F0413E4E0446154656F824000F4692
:106FC00090F840001A281FD01B2818BFBDE8F08198
:106FD000002208212046F6F7CDFC002F204652D093
:106FE00056F8202001211269537D92F81CC003EA53
:106FF0000C0382F8513056F820300E2283F84020DE
:10700000BDE8F04100F074BF002208212046F6F7E9
:10701000B1FC0027062D08BFD2222AD0112D08BFAF
:10702000D32226D0222D08BFD42222D0082D08BF7B
:1070300098221ED056F824000123002180F84070C9
:10704000052040EA042240F61960FBF717F80546D0
:107050002046F6F7F3F82046F5F72EF92870284673
:10706000FBF746F83A462046BDE8F0410121F6F725
:10707000D7BA56F82400012180F840702046BDE8B8
:10708000F041F6F7CDBA56F8202000211269537D61
:1070900092F81CC003EA0C0382F8513056F82030F5
:1070A000122283F84020BDE8F04100F0C5BE000088
:1070B0001C070020094B0246012053F8222000291A
:1070C00012690CBF917D517F92F84E20002A18BFA3
:1070D0007047022914BF0429002070471C070020B4
:1070E00070B5114E044656F8240090F83F0010F099
:1070F000020F4FF0050040EA042504D0294640F66F
:107100003360FBF7A5F956F824002946828F40F634
:107110003360FBF703FA56F8240090F83F1041F073
:10712000020180F83F1070BD1C0700202DE9F041DE
:107130000C4605460026F5F7DFFF1049074651F8D3
:10714000250090F84020112A14D12268426162681B
:107150008261A268C261E268026251F825100020D3
:10716000224648630A21284600F0B4F939462846E9
:1071700000F0BEFE3046BDE8F08100001C07002094
:107180007FB504469DF808001D4600283AD002AAA3
:107190000321204600F012FC002D1CBF2046FFF703
:1071A0009FFF002201212046F6F73AFA184D0026EB
:1071B00055F82400006920B1FAF74CFE55F8240078
:1071C000066155F8240090F83F0010F0010F0ED032
:1071D000052141EA042140F63260FBF739F955F800
:1071E000240090F83F1021F0010180F83F1055F87D
:1071F00024000022022180F840602046F6F7BAFB06
:1072000004B070BD00220221204600F0D7FBC8E781
:107210001C0700202DE9F04117460E4604460025C4
:10722000F5F76AFF80460C4850F8240090F84000BB
:1072300010280DD132460821204600F04BF93A467D
:107240000921204600F046F94146204600F050FE54
:107250002846BDE8F08100001C070020F0B583B08F
:107260000C4605460026F5F747FF0746174850F835
:10727000250090F840000F2824D12846F5F770FC2F
:10728000102838BF002104D22154401CC0B210285D
:10729000FAD3208AADF80000D4F81200D4F8161002
:1072A000CDF80200CDF8061022460621284600F04F
:1072B00011F96A460721284600F00CF9394628469C
:1072C00000F016FE03B03046F0BD00001C070020A1
:1072D00070B50C46054602215220FAF741FE0A4ECF
:1072E00056F8251008615221E9F7CDFE56F8250021
:1072F000216800690161A18881822846BDE870404B
:10730000002100F0C5BB00001C0700202DE9F0475C
:1073100017468A4680460025F5F7EEFE012863D120
:10732000DFF8D09059F82800016990F8400001F189
:107330001704E61F022857D1BAF1000F57D038685A
:107340002060B888A080B879A071F7F707F818B95D
:10735000A07820F00800A0707878002802BF70782C
:107360000128022540D04046FFF7A2FA002808BFB6
:10737000062539D0B9794046FFF752FA002836D0B1
:107380004046FFF7CBFD01214046FFF793FE002862
:1073900008BF032528D0A07810F0070F19BF00F010
:1073A000070004280020207108D02079317900EAF4
:1073B000010020716079717900EA01006071224654
:1073C0004FF00201404600F085F859F828000169A5
:1073D00091F84E10002904BF0B2180F8401003D013
:1073E0000421404600F054FB2846BDE8F0870825FC
:1073F000FAE700001C0700202DE9F0411D4F05466B
:10740000002657F825001446884690F840000328C7
:1074100018BF04282AD12846F5F76EFEB8F1000FF0
:107420001CD057F82510226809690A6062684A6012
:10743000A2688A60E268CA60C0B157F8250090F877
:107440004010032904BF0B2180F840100ED00429FE
:107450000CD105212846FFF707FD07E057F8250066
:10746000006990F84E00012808BF01263046BDE8AB
:10747000F08100001C07002038B505460C46084680
:10748000FFF72AFA8DF80000C8B1072808BF38BDF9
:107490006A460521284600F01DF82079012814BF0E
:1074A0000B2838BD2846F5F727FE9DF80020014639
:1074B00042F0600201232846FFF762FE38BD2079C2
:1074C000034951F8202021462846904738BD000046
:1074D0008CB501082DE9F843DFF888800446914611
:1074E00058F824000E4690F83F0010F0010F4FF0BE
:1074F000050040EA04250CD0294640F63260FAF730
:10750000A7FF58F8240090F83F1021F0010180F8FF
:107510003F10002000902B46324606212046FBF704
:107520005DFB11490746001F51F826204946904748
:107530003846FBF7A1FD0B2E14BF052EBDE8F883DE
:107540004FF47A72294640F63260FAF7E7FF58F8AE
:10755000240090F83F1041F0010180F83F10BDE891
:10756000F88300001C07002050B5010810B5044640
:107570000E4850F8240090F84020132A18BF10BD80
:107580000069D1F805200260D1F809204260D1F8E5
:107590000D208260D1F81110C1602046F5F7ACFDD6
:1075A00001462046BDE8104000F046BC1C07002004
:1075B00010B50446144886B050F8240090F84020D6
:1075C000162A1CBF06B010BDD1F8062004924A89C5
:1075D000ADF8142049798DF8161000696A460168E3
:1075E00000914168019181680291C0680390052172
:1075F000204600F0E3F92046F5F77EFD01462046DF
:1076000000F01AFC06B010BD1C07002010B504469F
:107610000E4850F8240090F84020152A18BF10BDDD
:107620000069D1F805200260D1F809204260D1F844
:107630000D208260D1F81110C1602046F5F75CFD85
:1076400001462046BDE8104000F0F6BB1C070020B4
:1076500010B50446174888B050F8240090F8402030
:10766000142A1CBF08B010BDCA88ADF810208A6863
:10767000C968CDF81220CDF8161000690168009194
:107680004168019181680291C06803902046F5F736
:1076900067FA8DF81A006A460721204600F08EF935
:1076A0002046F5F729FD0146204600F0C5FB08B04D
:1076B00010BD00001C07002070B50C460546F5F70C
:1076C0001BFD002808BF70BD1B4850F8252092F80C
:1076D00040300B2B19D0032B18BF70BD1269D4F8A2
:1076E0000510C2F83E10D4F80910C2F84210D4F8C0
:1076F0000D10C2F84610D4F81110C2F84A1050F814
:107700002500042180F8401070BD1269D4F80500EE
:107710000521C2F83E00D4F80900C2F84200D4F8AE
:107720000D00C2F84600D4F81100C2F84A002846FD
:10773000BDE87040FFF798BB1C07002038B5044631
:10774000487940F070008DF800000B4850F8240094
:10775000006950B12046F5F7CFFC014600239DF8A3
:1077600000202046FFF70CFD38BD6A460321204665
:1077700000F024F938BD00001C07002010B5164B9E
:10778000044653F824201069002808BF10BD92F861
:1077900040200C2A18BF10BDD1F80520C0F82E20BB
:1077A000D1F80920C0F83220D1F80D20C0F83620D9
:1077B000D1F81110C0F83A1053F82410092081F8BC
:1077C00040002046F5F798FC01462046BDE81040F1
:1077D0000022FFF79BBA00001C07002070B582B0A2
:1077E0000C460546F5F788FC01281CBF02B070BDA9
:1077F0002846FFF7B3F88DF8000050B109281CBFE8
:1078000002B070BD6A4605212846FFF763FE02B04C
:1078100070BD204850F82500006900281CBF02B048
:1078200070BDF6F78BFD052630B9F6F797FD0028F9
:1078300008BF8DF80060E5D0E07910F0080F02D1A4
:10784000F6F77CFDD0B146EA052108230A4640F64A
:107850001260FAF713FC0A210170D4F80510C0F881
:107860000110B4F80910A0F80510FAF741FC9DF8D2
:107870000000002804BF02B070BDC3E763208DF88C
:10788000040003208DF80000014601AA284600F0FC
:1078900095F8ECE71C070020F5F72EBCF5F72CBC9B
:1078A00010B504460A4850F8240090F84000172804
:1078B00018BF10BD4A1D0621204600F07FF8204663
:1078C000F5F71AFC01462046BDE8104000F0B4BAB6
:1078D0001C07002073B505461448002450F8250005
:1078E00090F83F0010F0040F18BF452419D110F094
:1078F000020F18BF692414D19DF8040010F0080F7E
:1079000007D0F6F72BFD78B19DF8040010F0080FB2
:1079100002D1F6F713FD38B101AA0B212846FFF773
:10792000D9FD02B0204670BD6324FAE71C07002091
:1079300070B51446064611B30146122342F21A02EC
:1079400040F60500FAF79AFB05463046F5F716FAB9
:1079500028802168C5F802106168C5F80610A16882
:10796000C5F80A10E168C5F80E102846F9F70EFFB1
:107970003046BDE8704001220821F5F7FBBF014603
:10798000022342F21B0240F60500FAF777FB044699
:107990003046F5F7F3F920802046F9F7F7FE9622F6
:1079A00001213046F5F73CFE0349002051F826102E
:1079B00081F8400070BD00001C0700202DE9F04157
:1079C0000646154605200F4640EA06221E230021E2
:1079D00040F61560FAF752FB04460770B81E2B49B3
:1079E00006284ED2DFE800F006034D1F3319287831
:1079F000A07046E051F82600056995F84F00A07088
:107A000095F85000E0703046F5F718FC95F85020D6
:107A1000A1783046F4F76EFC33E01C222946A01C06
:107A2000E9F718FB2DE02868C4F802006868C4F87C
:107A30000600A868C4F80A00E868C4F80E002869BF
:107A4000C4F81200A88AE082A87D207619E0286890
:107A5000C4F802006868C4F80600A868C4F80A0000
:107A6000E868C4F80E0051F826002A6842626A6885
:107A70008262AA68C262EA68026351F82610002096
:107A800088632046BDE8F041FAF732BB1C070020AE
:107A90002DE9F0472F4F0646894657F82600212347
:107AA00000210569052040EA062240F61360FAF736
:107AB000E5FA044680F800904FF00208B9F1080F8B
:107AC00042D2DFE809F0044141411841120DA87C7F
:107AD00000F01F00607057F8260080F8408033E007
:107AE0003046F5F73DF860702EE057F8261011206B
:107AF00081F8400028E0687C012801BF287E012829
:107B0000002060701BD03046F5F7F6FA01210028FE
:107B1000E87D09D0002818BF01280CD0042804BF34
:107B2000287C022807D008E0022818BF042804D1C6
:107B3000287C022801D0617001E084F8018057F8A8
:107B40002610032081F840002046BDE8F047FAF7F0
:107B5000CFBA00001C0700202DE9F0470C4605466F
:107B60004FF00008474602211620FAF7F9F9364E81
:107B70004FF0010956F8251008610021C0F80510E2
:107B8000C0F80910C0F80D10C0F81110207817289F
:107B900022D06088A4F10801475C01212846F5F74E
:107BA000BBFA874238BF4FF0D10844D360886FF0EA
:107BB000100101EB4000C11700EBD16056F8251011
:107BC00009EB60100969087156F825106088096989
:107BD0000838012748801FE000212846F5F79CFA65
:107BE0006188020A214408704A70020C8A70000EF3
:107BF000C87060884FF0FF3101EB4000C11700EB07
:107C0000D16056F8251009EB60100969087156F823
:107C1000251060880969488056F8250000690179B7
:107C200001290BD04188A4F10C028B18421D394662
:107C30002846FFF725F84046BDE8F0873946284634
:107C4000FFF7E0F8F7E700001C0700202DE9F047F8
:107C50000F4688B005460121F5F736FA027804464A
:107C6000172A0CBF00260126DFF8C88158F8250026
:107C700090F84010182916D019291CBF08B0BDE88B
:107C8000F08701690B79002B4BD0012B7DD0488800
:107C9000A4F10C01431808B03A4631462846BDE825
:107CA000F047FEF7EDBF01694988102930D023D293
:107CB0004FF0000100910191029103910069E946A2
:107CC00004F104014288C2F110004844E9F7C2F906
:107CD00058F82510802004AA09694988C1F11001CB
:107CE000494401F8010C39460120FEF737FD6A4688
:107CF00004A9104600F0A2F958F825006B46314659
:107D00000069421D2846FEF7BBFF08B0BDE8F087BA
:107D100004AA39460020FEF721FD221D04A9684669
:107D2000E8E74FF0000A172A0DD06088211F0144B0
:107D3000082207F10800E9F7B8F9002818BF4FF04A
:107D4000D10A0DD05AE0618801F10802615C4163FB
:107D500058F825001FFA82F9416B491C41630DE078
:107D6000B4F8029058F82500A4F1080119F80110A0
:107D7000816358F82500816B491C8163052040EA26
:107D8000052208231646002100E03FE040F61C6073
:107D9000FAF774F9804601212846F5F79DF909F1B3
:107DA00004018BB2014632464FF46360FAF766F97C
:107DB000064620783070A6F802906288211D301D9A
:107DC000E9F748F92078172806D16088311D084462
:107DD000B9680160F96841603046FAF789F9002115
:107DE0002846F5F799F9C8F8000001212846F5F76B
:107DF00093F9C8F804004046FAF77AF908B05246F9
:107E00002846BDE8F0470121F5F70ABC3868C1F8FB
:107E100005007868C1F80900B868C1F80D00F86875
:107E2000C1F8110008B031462846BDE8F047FEF71A
:107E3000E9BF00001C070020F0B42C4C54F820309F
:107E400093F840C01A69ACF11205062D10D2DFE894
:107E500005F00F030A050A0A142000E0162083F833
:107E60004000F0BC70474FF0120C83F840C004E0B3
:107E7000BCF1120F1CBFF0BC704792F8513013F0E8
:107E8000010F09D054F82000132180F8401092F817
:107E9000510020F001000BE013F0020F0CD054F859
:107EA0002000152180F8401092F8510020F00200C7
:107EB00082F85100F0BC704713F0040F0CD054F856
:107EC0002000172180F8401092F8510020F00400A3
:107ED00082F85100F0BC704721B1F0BC00231A4673
:107EE000FFF74EB9F0BC002100F08CB81C07002051
:107EF0002DE9F041424E05460F4656F8251091F8FF
:107F000040000C690E2809D00F2819BF102811282D
:107F10000E2081F8400018BFBDE8F0814FF0110835
:107F200094F8510010F0010F0FD000F0FE0084F81B
:107F300051004FF007012846FFF7AAFD56F825101B
:107F40000F2081F84000BDE8F08110F0020F23D02F
:107F500020F0020084F85100F6F78EF810F0040FBC
:107F60000BD04FF005012846FFF792FD56F825107B
:107F7000102081F84000BDE8F081F6F7FFF80246D6
:107F800008212846FFF7A6FAF6F794F802460921D9
:107F90002846FFF79FFA0FE010F0040F14D020F0EE
:107FA000040084F8510056F825004FF0060180F8CF
:107FB00040802846FFF76CFD56F8250090F84000F9
:107FC0000E28ADD0BDE8F08197B1284656F82010B4
:107FD0000A69137DD17E194082F8511056F820109D
:107FE000122281F840203946BDE8F041FFF724BF56
:107FF00039462846BDE8F04100231A46FFF7C0B8CD
:108000001C0700200C4B30B453F8202000291269C3
:1080100007BF92F814C0D47E92F815C0147F0CEA02
:10802000040C82F851C053F820300E2283F840200F
:1080300030BCFFF75DBF00001C07002010B4002318
:1080400011F803C0D45C8CEA040C00F803C05B1C7C
:10805000DBB2102BF4D310BC704710B500240028FD
:1080600018BF402805D0C02818BF6A2401D0204678
:1080700010BD002342F21802194640F60500F9F738
:10808000FDFFF9F783FBF2E710B5002342F2180277
:10809000194640F60500F9F7F1FFBDE81040F9F781
:1080A00075BB30B585B000250095B0F80320ADF85C
:1080B000002040790C468DF8020042F2170220237E
:1080C00029469010F9F7DAFF216801606168416084
:1080D000A1688160E168C1600099016145618561C5
:1080E000C56105B0BDE83040F9F750BB70B50C462E
:1080F000054642F21702202300219010F9F7BEFF37
:108100002A6802606A684260A9688160E968C160A3
:108110002168016161684161A1688161E168C161B3
:10812000BDE87040F9F732BB70B50C46054642F227
:108130001702202300219010F9F7A0FF2A6802609F
:108140006A684260A9688160E968C160216801616C
:1081500061684161A1688161E168C161BDE8704009
:10816000F9F714BB10B50B46012223E000EB8204A3
:10817000D4ED000AB0EE600A11460AE04C1E00EB96
:108180008404D4ED000A00EB8104C4ED000A4C1E07
:10819000A1B249B14C1E00EB8404D4ED000AF4EE08
:1081A000C00AF1EE10FAE9DC00EB810484ED000A6C
:1081B000511C8AB29A42D9DB10BD000010B5F0EE16
:1081C000400AF5EEC00AF1EE10FA02DC9FED280A33
:1081D00010BD9FED281AB6EE000A00EE810ABCEE33
:1081E000C00A10EE101A244A12688A4202D8B3EE6E
:1081F0000E0AEDE7204AD2F818218A4202D39FEDF9
:108200001F0AE5E700202DE01B4A52F820208A4291
:1082100026D3194B421C53F822208A4220D81A46F2
:1082200052F820301446421C54F822209A1A00EECC
:10823000102AF8EE401A224652F82020521A00EE78
:10824000102AB8EE400A80EE211A00EE100AB8EEAD
:10825000400AF3EE0E1A30EE210A31EE000AB7E7BB
:10826000421CD0B24628CFD39FED010AB0E70000F0
:108270000000000000247449CC9101080000C842AD
:1082800096B0D4E04FF0FF33082214A96848FCF7F9
:10829000B7FE00B1CBE06748006800B1C7E0EEF779
:1082A0007BFC00B9C3E00220EEF72EFF4C2101A8B1
:1082B000E8F7E9FE149801905F4914A8EEF776FFFD
:1082C00078B901A95C48EDF785FB01A800F0BEF87C
:1082D0004C2201A95948E8F7BDFE01205849086021
:1082E0000EE058480068401C564908605448006831
:1082F00030B14C22514901A8E8F7ACFE1498019026
:10830000EEF7E6FC0290EDF787F88DF84A000020C2
:10831000ADF84C009DF8450020B19DF8460008B12D
:10832000642008E09DF8450010B99DF8460008B1AA
:108330003C2000E014208DF84B009DF8450010B95A
:108340009DF8460008B1012000E000208DF84800AB
:108350003D4901980860029848609DED030A08466F
:1083600080ED020A9DED040A80ED030A9DED050AE9
:1083700080ED040A9DED060A80ED050A9DED070AD1
:1083800080ED060A9DED080A80ED070A9DED090AB9
:1083900080ED080A9DED0A0A80ED090A9DED0B0AA1
:1083A00080ED0A0A9DED0C0A80ED0B0A9DED0D0A89
:1083B00080ED0C0A9DED0E0A80ED0D0A9DED0F0A71
:1083C00080ED0E0A9DED100A80ED0F0A9DF8440025
:1083D00081F840009DF8450081F841009DF8460075
:1083E00081F842009DF8470081F843009DF848005D
:1083F00081F844009DF8490081F845009DF84A0045
:1084000081F846009DF84B0081F84700BDF84C000C
:10841000A1F848000748006828B901A8EEF7DCFA7F
:1084200001A8EFF755F80220EEF7A8FE00BF29E7F4
:1084300044390020B40000200C4C00208C71002036
:108440009400002090000020C04B002070B52DED5E
:10845000028B044694ED060AB0EE408A94F841007F
:1084600078B1B3EE0E0AB4EEC08AF1EE10FA08DB72
:108470009FED470AB4EEC08AF1EE10FA01D8012050
:1084800000E000200546FDB900204249086042494D
:10849000087042480078FF2804D240480078401C09
:1084A0003E4908703E48006838B13C4800780A28C8
:1084B00003D83C4890ED000A01E09FED3B0A84EDB3
:1084C000020ABDEC028B70BD0020344908703148AF
:1084D000006878B13548D0ED000A78EE600AB0EE59
:1084E000600AEEF7B4F9F1EE040AB4EEE00AF1EE38
:1084F00010FA09D82848007802280BD226480078BC
:10850000401C2549087005E001202349087000201F
:1085100027490860254880ED008A01201D49086030
:108520001D48007802280BD21D48006818B11D486C
:1085300090ED000A01E09FED1C0A84ED020AC0E7FD
:108540001B48006830B91B4880ED008A012018499B
:1085500008600CE0174890ED000ADFED170A20EEE6
:10856000200ADFED160A00EE880A80ED000A1148A5
:1085700090ED000A0B4880ED000A012008490860D0
:10858000084890ED000A84ED020A00BF99E7000058
:1085900000004843A8000020A4000020A5000020FF
:1085A000B0000020A0000020000000009800002083
:1085B000AC0000209C0000203333333F9A99993E51
:1085C00010B52E48006890B9F2F740F93220FDF757
:1085D0009DFAEAF777FA2A490870ECF72FFF10B1F5
:1085E0000320EEF71FFC01202449086004E0F1F7A6
:1085F00069FE3220FDF78AFA0120EEF763FC0020C5
:108600002049088020490860F9F794FB002412E013
:108610001E480068401C1D490860EBF73BFC00B990
:108620000BE01B480068401C194908606420FDF7F6
:108630006DFA601CC4B2032CEAD300BF032C06D130
:108640000220EEF7EFFB00201249086010BDF9F799
:108650002DFBEBF7F3FC18B100200E490860F5E79D
:1086600001200D49086008210C48EBF7A0F810B96B
:108670000B48FCF78BFF0120E8E7000020000020FA
:1086800004000020180000201C0000203C000020F6
:10869000400000204800002038000020000C01406D
:1086A0000439002006E04FF0FF310348FCF796FF45
:1086B00000F090F9F7E700003886002010B50A486E
:1086C000006878B9FAF796FF60B1EEF7DFFD48B1C0
:1086D000EEF750FA30B101210448EBF768F808B919
:1086E000012010BD0020FCE7B4000020000801407C
:1086F0007FB505460E460024B9E005EBC40090EDB9
:10870000011AB8EEC11AF0EE410A55F8340001EE34
:10871000100AB8EEC11AB0EE410A02A903A8EDF79B
:1087200009FA55480068401C5349086055F8340060
:108730005249534A128801EB0211086005EBC4004C
:1087400040684E494E4A128801EB021148609DED87
:10875000030A4A484A49098800EB011080ED020AE1
:108760009DED020A45484649098800EB011080ED5D
:10877000030A43480088401C4FF44071B0FBF1F2FB
:1087800001FB12003E4908803E480088B0F5407F5A
:1087900004D23C480088401C3A4908803A48008886
:1087A000401C39490880394800884FF6FF718842DB
:1087B00004D236480088401C34490880EEF778FA25
:1087C00040B105EBC40255F8340051682A4A1268DA
:1087D000EEF780F91BE02E4800684B302C4908600A
:1087E0000846006800902B480068019008226946FE
:1087F0002948FCF7B3FC20B128480068401C2749F1
:108800000860214800884B381F49088000BFEEF7F8
:10881000C3F930B1EEF73EFA18B91B4800884B286F
:10882000D9D2EEF7B9F900B3EEF734FAE8B11C4843
:108830000068D0B91548008840F2EE21884214D370
:108840000D480068009013480068019008226946AE
:108850001148FCF783FC20B110480068401C0F4908
:10886000086001200E49086000BF601CC4B2B44219
:10887000FFF643AF7FBD0000240000204407002026
:10888000080000200A0000200C0000201800002032
:108890001400002010000020443900202C0000208B
:1088A0001C0000202DE9F0412DED028B07460C46FF
:1088B0004FF0000826469FED140AB0EE408A21468C
:1088C0003846FFF74FFC052C03D34FF00108601E1C
:1088D000C6B2454609E007EB850090ED000A30EE90
:1088E000080AB0EE408A681CC5B2B542F3DBA6EBBD
:1088F000080000EE100AF8EEC00A88EE200ABDEC6F
:10890000028BBDE8F0810000000000002DE9F05F5F
:1089100007460C4615462E48B7FBF0F6B7FBF0F1BC
:1089200000FB117840F2B2794FF0010A05E0A6EBA6
:108930000B0609F101001FFA80F94846F9F722FAFF
:1089400010B14FF4B77001E040F26D108346B042B1
:10895000EDD908E051464846F2F778FC361A0AF19C
:10896000010000F0FF0A51464846F2F76FFCB042A2
:10897000F0D92046ECF786FAA9F5FA60E07084F8A1
:1089800001A0701CA0701248B7FBF0F0C01C0721BA
:10899000B0FBF1F201FB1200401C20702846ECF7FE
:1089A00055FC4FF46160B8FBF0F028704FF4616043
:1089B000B8FBF0F100FB11803C21B0FBF1F06870D6
:1089C0003C20B8FBF0F100FB1180A870BDE8F09FDF
:1089D0008051010070B52F48007928B92D48007AE0
:1089E00020B12C48407A08B1012000E00020054663
:1089F00075B90020FDF7EEFD2648007A08B1022087
:108A000000E001202349887201202349086070BDDD
:108A100020484088012806D11E48007918B9012055
:108A2000FDF7D8FDF3E7EEF753F9044604B9EEE796
:108A30001948006830B119480460002018490860DE
:108A4000154908601748006838B115480068201AB1
:108A50000A2802D30020FDF7BDFD12480068B0B916
:108A60000E480068844212D30C4800680C49086024
:108A700000BF084840880949096808440749086058
:108A800008460068A042F4D90120FDF7A3FD00BF0D
:108A9000BDE70000248600200C010020000100201A
:108AA000040100200801002002461089431898B2F2
:108AB000704710B502461389FF20994201DDCC1A98
:108AC000E0B210BD2DE9F04105460E4617462C696F
:108AD000606820B16068F9F7BDF900206060A88A7D
:108AE0000021F9F791FB0021E173BDE8F08110B599
:108AF0000A4601690024CC7310BD00002DE9F05F27
:108B000083460D4690461E462C48006808B1022058
:108B100000E0002082464046F9F764FB0746002F3C
:108B200048D126480068002844D04320FBF744FB86
:108B30000446A07A00F0020002280ED0012342462B
:108B4000314644F20730F9F799FA81468C2089F8CA
:108B500000004846F9F7CCFA29E0698801F10800DD
:108B60000121F9F7FDF960600020616848706068D4
:108B70008680134890F820006168C8710120616800
:108B8000087029782046FFF78FFF61684880A87831
:108B90006168887161688A7901F10800291DE8F728
:108BA00059FA01214046F9F72FFB00F046F84FF043
:108BB000000A00BF5046BDE8F09F0000D40400202A
:108BC0002411012070B504462569686810B16868F1
:108BD000F9F740F9002020612846F9F73BF970BD0C
:108BE0002DE9F04782460C4617461E464FF089088D
:108BF0002078F4F7C3F84FF6FF7188420BD043207A
:108C0000FBF7DAFA81466178227809F10C00815489
:108C10004FF0000800BF02233A46314644F20130CB
:108C2000F9F72CFA05462078287085F80180284647
:108C3000F9F75EFA0020BDE8F0872DE9F041432006
:108C4000FBF7BAFA044601266068407888BB002129
:108C50002046FBF777FB07466068807900F1080340
:108C60006068C079032202EB00213A464FF441606C
:108C7000F9F704FA054660680078012801D013204E
:108C800000E01220287060688079E8806068408881
:108C9000A880EA88606800F1080105F10800E8F79B
:108CA000D9F92846F9F724FA0120616848700026AE
:108CB00000BF7EB300212046FBF744FB6168898832
:108CC00088421AD000212046FBF73CFB0746626829
:108CD00091881278012A02D144F2073201E044F26D
:108CE0000932104601233A46F9F7C8F90546002033
:108CF00028702846F9F7FCF900BF6068F9F7AAF870
:108D00000020606000212046FBF71CFB0546002187
:108D1000F9F77AFABDE8F0812DE9F04782460C4672
:108D200017461D464320FBF747FA804621884046F8
:108D3000FFF7BFFE814606233A46294640F6184013
:108D4000F9F79CF90646208830803046F9F7D0F9CB
:108D50000020BDE8F0872DE9F04105460E46174694
:108D600098464320FBF728FA0446606808B1FFF7ED
:108D700064FF0020BDE8F0812DE9F04FADF2044D15
:108D80000C4617461E464320FBF716FA824600257E
:108D9000A84621885046FFF78CFE8146B9F1030FA3
:108DA00000D000BF4FF0060800BF00BFAB1D3A4621
:108DB000314640F61440F9F761F98346ABF80250AA
:108DC0002A4601A90BF10500E8F744F92088ABF821
:108DD00000008BF804805846F9F78AF900200DF25C
:108DE000044DBDE8F08F00002DE9FE4F0C46914682
:108DF0001E464320FBF7E0F901904FF00008C24601
:108E00004FEA162B21880198FFF753FE0746A088EA
:108E1000B0F5806F02DD4FF08D0832E0022F02D0F6
:108E2000032F2AD111E0A188A01DF3F79FF902902A
:108E30002548006840B1A2883B46A11D0320DFF809
:108E400088C0DCF800C0E0471AE0608810B14FF03D
:108E5000070811E0A088022802D04FF00D080BE0AF
:108E6000A179E07941EA00203B46012211460090B9
:108E7000584600F08BF8804602E04FF0060800BF2D
:108E800000BF04234A46314640F61640F9F7F6F88B
:108E900005462088288085F802802846F9F728F9B9
:108EA000B8F1000F0CD1032F0AD1A279E17942EA7F
:108EB0000121012900D100E000210846F1F738F92D
:108EC0005046BDE8FE8F0000D80400202DE9F04791
:108ED0008EB004460E4690461F46DDF858A020216D
:108EE00006A8E8F7D0F80F2005904FF00009BDF86C
:108EF000140000BF00BF00BF059007F01E001F4A0E
:108F0000A18A0023CDE90031CDE90220042305AA7E
:108F10004FF6E7613046EFF703F98146B9F1000FEC
:108F200027D101212020F9F71BF80546256130885B
:108F3000288107F0010010B14FF4004000E000204C
:108F400040EA08002880A08A68804320E08201204F
:108F5000E08105F11000A060094860609AF8000007
:108F6000688100206860E860A08A0021F9F74CF968
:108F700000BF48460EB0BDE8F087000038950108F4
:108F80009895010800487047589501082DE9F04769
:108F900081468A4615461E46089C4320FBF70CF97D
:108FA00080460027AC4203D014B18020BDE8F08792
:108FB00008F10C0084553846F8E700002DE9F0412F
:108FC00004460D461646104F10E01048008800F485
:108FD000706010B9781E071E08D10D4806700B4846
:108FE00000880C4908800020BDE8F0812146074830
:108FF0001438EAF783FC08B1012000E00020A84201
:10900000E3D10120F0E70000A086010014540040E5
:109010002C0100203401002010B546F2A81407E00E
:10902000E7F72FFA012800D110BD3220F2F7D4FA69
:10903000201EA4F101018CB2F2D100BFF4E70000C0
:1090400033B581B004460020009012480568012223
:1090500002A92046EDF736F9012269462046EDF7D0
:109060003BF80C480068854207D19DF800009DF848
:109070000810884201D101203EBD074804709DF8C8
:109080000800064908709DF8000005490870002096
:10909000F2E7000030010020680100206901002093
:1090A0006A01002000B589B0FF22202101A8E7F75E
:1090B000E3FF0D4801900D4802900D4800680390B1
:1090C0000B4880680490102101A8F2F737F805904A
:1090D000202201A90748F3F7BFF8202201A906487A
:1090E000F3F7BAF809B000BD314E47520100100045
:1090F000E48F002000E0040800E804083EB50446C0
:109100000848406800900748C068019002940C220B
:1091100069460548F3F7A0F80C2269460348F3F7BF
:109120009BF83EBDE48F002014E0040814E8040816
:109130000000000000000000010203040607080907
:1091400000000000010203040102030406070809ED
:1091500001020406080A0C102020202020202020D4
:10916000010002000400060008000A000C001000C4
:10917000200040008000000100010001000100010A
:109180001F1C1F1E1F1E1F1F1E1F1E1F0000D0079B
:10919000E803F401FA00640032000A0031CC320026
:1091A00033003400354036003700380039003A00CB
:1091B0003B003C003D003E003F00410044004600B3
:1091C000470148005000510054005800A7821A007F
:1091D000B5461A005C161A00B5E0190075B71900FB
:1091E000108019008F4C190019191900F2DB1800B2
:1091F0007AB6180080731800BC441800580C180088
:109200008BDF17008BA61700387017006835170022
:109210000906170036CC16009A9216001264160042
:10922000883016004104160050C61500678F1500DF
:109230007D5715001F22150014EC140008BE140001
:1092400040841400ED501400BD161400E8DD130036
:10925000D9A91300C96A13004934130095FF1200FD
:109260009BBF1200AF8B1200935B1200B91E12005D
:10927000CFEA1100F5AE110098731100C032110051
:1092800099F8100046AF1000287410003D2A100015
:10929000FCE90F003E9D0F004F580F00280B0F00F8
:1092A00086BA0E0020730E0035140E0009C40D009E
:1092B0008B6B0D00340F0D0025B00C008A510C0093
:1092C000E9E70B0075820B0094170B0081A90A00D7
:1092D000FE360A0034BC0900F83F0900FEBA080057
:1092E0004C350800EFAD0700157E7C5C646A655C58
:1092F000555356616F665048434240434B5F757DFE
:10930000524407AE112240566C7C85863D198D1B58
:10931000063446798D909046678097AF809FAECB9C
:109320002F0064A5B511D01100000100020001005A
:10933000030001000200010004000100020001001E
:10934000030001000200010005000100020001000D
:1093500003000100020001000400010002000100FE
:1093600003000100020001000600010002000100EC
:1093700003000100020001000400010002000100DE
:1093800003000100020001000500010002000100CD
:1093900003000100020001000400010002000100BE
:1093A00003000100020001000700010002000100AB
:1093B000030001000200010004000100020001009E
:1093C000030001000200010005000100020001008D
:1093D000030001000200010004000100020001007E
:1093E000030001000200010006000100020001006C
:1093F000030001000200010004000100020001005E
:10940000030001000200010005000100020001004C
:10941000030001000200010004000100020001003D
:109420000300010002000100303132333435363799
:109430003839616263646566003031323334353601
:1094400037383941424344454600000000000000DF
:10945000209501081407002007000100F17500089D
:10946000FFFF000063750008130E0000A9C4000888
:10947000150E000055C40008170E000035CC00087A
:10948000190E000019CC00086094010805000000C6
:10949000FFFF0000A97B0008010F00000178000811
:1094A000010D00005FDD0008000D0000A17800083C
:1094B0000A0E0000B3CE00080C0E000039D70008D9
:1094C000010E0000B9C90008000E0000497800082C
:1094D000030E0000F9CA00081C0D0000B9E60008E0
:1094E0001A0D0000B97A00080C0D000089E8000888
:1094F000080D000079E80008090D000081E8000867
:10950000090E000065E80008020C0000E5F1000803
:10951000110E0000DDD400080F0E00005D78000879
:109520009094010812000000FFFF00006D76000813
:10953000289501080100000000280002000000003A
:109540000328000200000000C1FE00140080000398
:109550000229000A00000002CD8E0108C58B010817
:10956000EF8A0108C58A010800430000E18B010869
:1095700006430000FD8A0108170C0000198D010840
:10958000150C0000E98D0108130C0000798D01080D
:10959000000C0000578D01086895010806000000C6
:1095A00000116E0000000000000000008101C301F6
:1095B0003900000000000000000000000000000072
:1095C00000000000FFFFFFFF70B500200C49498834
:1095D0000C4A8B181A880C499B1C002413252D0259
:1095E0000C54401CA842FBDB0020002A04DD1C5C5C
:1095F0000C54401C9042FADB04488047002070BDA8
:109600000048002002480020003500200B340100F3
:10961000E0091FB5002400981D2843D201007944B9
:10962000097949188F440E13401A254040404040A4
:109630004040402A40404040404040304035383B68
:10964000404040000198C0B200F067F92CE0029859
:10965000C1B20198C0B200F054F825E00698C3B238
:10966000039882B20298C1B20198C0B200F013F917
:109670001AE00198C0B200F0AAF815E00198C0B253
:1096800000F027FA04460FE0019880B200F001F9DB
:109690000AE000F078FA07E000F057FB04E000F081
:1096A0007CFB01E00024E443204604B010BD03B479
:1096B0000148019001BD3D28000003B4014801901C
:1096C00001BD9929000003B40148019001BD0101C9
:1096D000000003B40148019001BD214E010003B414
:1096E0000148019001BD9128000003B40148019098
:1096F00001BDD13A010003B40148019001BD855B71
:109700000000F0B582B002460A4357D04322120649
:1097100053680124640423435360CA07D20F96465A
:109720008A07D30F4A07D40F0A07D20F0192CA063D
:10973000D20F00928A06D20F94464A06D50FCE0960
:10974000204A116803277F05B94312691E4F3A402A
:10975000002806D0012809D00127BF05022803D020
:109760003943002806D01BE03943FAE701277F057B
:109770003943F6E7300310436A0110436246D202D0
:109780001043009AD2011043019A92011043A202A1
:1097900010435A021043724612021043094A1061E4
:1097A00008480160432000064168012252049143A9
:1097B000064A1278D207920B1143416002B0F0BD05
:1097C00000000000C04303E0FFFF3A600020F8B54E
:1097D000FA284DD800244320000641680127BF0322
:1097E000394341604268B9000A4342602148056834
:1097F000491C0D4305601F4EC820B0471F498868AB
:10980000384388600E46F0680004C70F1A490120EB
:10981000884720461A49641C884201D8002FF2D09C
:10982000184805401348056001204003B060F06807
:10983000154908407168144A11400143716030684D
:109840003F21890288433060432109064A6801208C
:10985000800382430E480078C007C00F83031A4379
:109860004A604A6801231B049A43000402434A6089
:10987000F8BD00004052A53C00000000C051102778
:109880000000FEFFFEFF3F3F0000C0C0FFFF3A6048
:10989000002070470000F8B517460A2836D8432044
:1098A00000064268012149030A43426029267606E0
:1098B000B56874680120FFF7FAFE39460320FFF708
:1098C000FCFEB068C00F0028FBD03068012189027F
:1098D00008433060692070610D4F386B08210843E0
:1098E00038630B4901208847396B0820814339636D
:1098F000B560746043200006416801225203914321
:10990000054A1278D207920C11434160F8BD40001D
:109910008045A53C00003A600020F0B40A287ED8BB
:1099200043221206516801239B04194351604424C9
:109930008721C9050C60584C4C6151689943574BBD
:109940001B78DB07DB0F9C04214351605549012440
:109950000C618B21544DC9054D63D56808263543EC
:10996000D560514D0326EE600626D6600526CE63EF
:109970008E687608F03E8E60CE6876085D36CE60E2
:109980000E6976080E614E6976084E618E6976081A
:109990008E61CE697608CE610E6A76080E624E6AD6
:1099A00076084E628E6A76088E62CE6A7608CE623D
:1099B0002C616C62AC633D490C603D4C4C610C6A9F
:1099C00064080C6251686C03214351601125AD0697
:1099D00029680226002802D0B143296003E0314300
:1099E0004808400028605068D904A04308435060EC
:1099F000506801252D04284350605068A910084381
:109A000050602D482C49416181683F24A4052143C1
:109A100081600024C46029498161294E00E039E059
:109A200031681E27B9433160816AFE03B143AE003D
:109A30008919816250681904A8430843506050682E
:109A4000A91088439903084350605068E9100843FF
:109A5000506029204006056A2D092D010835056250
:109A6000194DC560506888435903084350605168D8
:109A7000B000014351602825A321C9050D60124D96
:109A80002D888D62516881431805014351600F484C
:109A900004830470F0BC70470000FF7F00003A6050
:109AA0000020400000434902000040008045800043
:109AB00080451E02000003003C00000040520800E8
:109AC00008000000C051CC3463024C600020F867ED
:109AD0000020F1B582B024480068019043273F067A
:109AE00078680121C90308437860204E1420B047EC
:109AF000204D6868C007C00F002400280BD101204A
:109B0000B0476868C007C00F21461A4A641C9142DA
:109B100001D80028F3D00120B047AC68174D286861
:109B2000201A00D54042012811DD0298002804D0F7
:109B300064212046FFF7C7FD03E00A212046FFF716
:109B4000C2FD01460E48FFF7BEFD01902C6078680B
:109B50000121C90388430A490978C907090C084348
:109B60007860019803B0F0BD000054600020A53C6F
:109B70000000000040441027000060600020004802
:109B8000E8013A600020F8B55B4880475B4E3078CA
:109B9000552801D1FFF79DFD4324240660688025E8
:109BA0002843606056484168012211434160892181
:109BB000C9058A6B520852008A634368082213431E
:109BC00043608B6B93438B63C3695B085B00C3612A
:109BD0003378552B02D0662B19D024E0494BDE6830
:109BE0002E43DE601F68474E37775F687777DE6801
:109BF000AE43DE60C3691343C361086A4008400096
:109C00000862606801214902884360600BE0C36913
:109C10009343C3610A6A042082430A626068012197
:109C2000C9028843606060683849A8430978C90759
:109C3000090E084360603548804701216068890447
:109C4000084360603348804733488168DF22114011
:109C5000816031480078AA281CD1304D288B401CE7
:109C600080B228832F490968884213D9A0688007E9
:109C700010D1287801280DD12B490020884780B2C7
:109C80002A492A4A4118914201D2294908600020F4
:109C900028832870A120C005016B02229143114343
:109CA00001630121026B8A430A430263016B0426AC
:109CB000B143314301631F4D68681F4C800004D5D8
:109CC0000820A04768688000FAD41C4D0F20686007
:109CD0000120A047072068600420A0470620686094
:109CE0008B211748C9050860174801693143016194
:109CF00030BFF8BD0000393800006460002040002B
:109D0000804400004045E07F00203A600020194078
:109D10000100959C0000400000432C600020F86783
:109D2000002058600020D53A00009F92FFFF3F1F9F
:109D300000005460002080008045A53C00004000E9
:109D400080452603000000ED00E010B50F480078C4
:109D5000AA2812D10F480D4C0068218B401E814269
:109D60000BD9432000068068800706D120780028A0
:109D700003D100F018F90120207006490869FB2280
:109D80001040086130BF10BD00002C600020F86753
:109D900000205860002000ED00E0F8B56F4F0F2064
:109DA00078608B24E4052068012149028843206003
:109DB0006B488047012080F31088786B0006000E06
:109DC00005D0FFF78CFC66488047FFF78EFC654D99
:109DD000E868800603D5A86820210843A86087208A
:109DE000C0058168C907FCD043263606706801218A
:109DF0008904884370600D207860FFF77CFC5A4925
:109E0000800006D420680822104320600120884783
:109E100001E0012088475548804755488024007854
:109E200055280BD15448C1682143C16053490A7F6A
:109E30000260497F4160C168A143C160504F142056
:109E4000B8474F4880478920C005016A02229143E4
:109E5000016271688022114371607168520111437F
:109E60007160716852011143716046490A69A32308
:109E70001A430A610A6803235B059A430A60316A40
:109E8000490949011E31316240498B6840229343A0
:109E90008B60C36B9343C3634B6993434B614A68C5
:109EA000520852004A60826B52085200826308696D
:109EB000400840000861354C20681C218843103060
:109EC000206020680121084320600120B847A06875
:109ED0000028FCD02F4880472F49888620684008FA
:109EE000400020600A20B84720681C2188430830C1
:109EF000206020680121084320600120B847A06845
:109F00000028FCD00A20B8472248804723494863EC
:109F100020684008400020601148804771681F4851
:109F200080240078A143C007C00FC20111437160B3
:109F30007168620191430203114371607168A2026A
:109F40009143400401437160002080F3108814485D
:109F500080472869A0432861F8BD40008045F13B57
:109F60000100392A00004000004359440100C9346F
:109F700001006460002000004045E07F0020A53C17
:109F80000000A94D01000000C043400080440000D3
:109F9000405169220000F8670020C07F00203A602D
:109FA00000202535010010B4432212065168012417
:109FB000E403214351600C4B1968002803D00320AF
:109FC0000006014304E001200006814340000143F4
:109FD000196050680649A0430978C907090C08436D
:109FE000506010BC002070470000000040443A6000
:109FF00000200011DA0100000000000000008101D3
:10A00000C301390000000000000000000000000053
:10A010000000000000001B20A0031FB582B00898BC
:10A02000009002A80FC8014CA04706B010BD013532
:10A0300000200898002801D00120029000206085AF
:10A0400001480047000031EE000000000000000061
:10A050000000000000000000000000000000000000
:10A0600000000000000000000000000000000000F0
:10A070000000107D082801D3052010750298817911
:10A08000012001430298817101480047000001F856
:10A0900000000000000000000000000000000000C0
:10A0A00000000000000000000000000000000000B0
:10A0B000000007488047022D05D10648804700BFB1
:10A0C00000BF054880470021039A04989047034841
:10A0D00000475D4A0100E94A0100734A0100534C00
:10A0E000010000000000000000000000000000006F
:10A0F0000000034801682822114350229143016067
:10A1000070470000C0520000000000000000000086
:10A11000000000000000000000000000000000003F
:10A12000000000000000000000000000000000002F
:10A130000000034801685022114328229143016026
:10A1400070470000C0520000000000000000000046
:10A1500000000000000000000000000000000000FF
:10A1600000000000000000000000000000000000EF
:10A17000000006488047022D03D105488047054866
:10A1800080470021039A0498904705B0F0BD5D4ACE
:10A190000100C14E0100734A0100000000000000F0
:10A1A00000000000000000000000000000000000AF
:10A1B000000000213046A84703480188002901D14A
:10A1C00002488047F8BD0A100020474E01000022D7
:10A1D000800CFF7F0000F94B09001B5409001D5C37
:10A1E000090051640900B46B090019750900DF7B8F
:10A1F0000900FE820900318D0900699109002A9D3C
:10A200000900ADA009004AAD09001DB509001EBD39
:10A210000900000000000000000000000000000035
:10A22000000000000000000000000000000000002E
:10A2300000000446204610BD00005C5601000049A5
:10A240000847014E0020F3F7B0FD7C20005B029030
:10A25000002500200190012080F31088606C00210F
:10A2600081F3108826466036002863D021464431A9
:10A270000A9110882046443000F015F80546204623
:10A28000083000F010F8451920461C3000F00BF89B
:10A290004019C1B2002903D04034A08FF9F773FDF3
:10A2A00070BD0121E1E700490847E94F002080F334
:10A2B0001088012181F31088C16880688A888088AD
:10A2C0000749C00041180648D2001018C28CD20BB2
:10A2D000D2030A43C284002080F3108870476604CA
:10A2E000000040448050004908475550002011901C
:10A2F000808FE3189BB2938460304175184610BC80
:10A30000704700200020407D002800D001207047C9
:10A31000000010B40246224BA83207293BD20C00A1
:10A320007C4424792419A7441D2C312227031800CA
:10A330001D49002202920192089A002A03D1AA79AB
:10A340005206520EAA71A28F5A2381485A431018FE
:10A35000008CC00B089B5B1E184205D10898004872
:10A360000047414800207CE00E20804BD2185084EA
:10A3700001202CD90298401A40014009404226E0B1
:10A380007D20C00123E077E00298081A40014009CF
:10A3900090421CD90298401A40014009404216E000
:10A3A000029800200148004700009D460100C01BA4
:10A3B00040010088081880B2917DFEF732FC01460A
:10A3C0000198016661781148414301982139C165BE
:10A3D00075606089B884049A012050756088F8859A
:10A3E000049A60781075004800478148002000BF3B
:10A3F00000000BD8B04209D34032D28C521E944593
:10A4000004D12E464036B08A814238D0052007F06C
:10A41000A4F800282DD000BF00BF00BF00BF00BFC0
:10A4200000BF00BF00BF00BF00BF00BF0000FF2093
:10A4300022230919416000480047C1480020039ABF
:10A440000498904705B0F0BD00008C6700201027ED
:10A450000000001000200303000018100020FF037C
:10A460000000FFB5FFB082B007460C461646002537
:10A47000304806D0DD2804D0EE2802D003206073D7
:10A4800070BD607CF12806D0F22804D0F32802D0F9
:10A490000220607370BD0020607370BD0000181052
:10A4A00000200A10002000480047E1540020708876
:10A4B0000028EDF708FD01210B20EDF766FD10BD2A
:10A4C00000000048004739550020002802D00878D5
:10A4D00001281AD00878022817D000280ED00128A9
:10A4E0000CD0F0F779FF002808D000F016F83220E1
:10A4F000EFF710BD000080E100E000E100E002485D
:10A50000016828229143016070470000C052004852
:10A510000047014900200048004741490020024807
:10A52000016850229143016070470000C052F2E779
:10A53000000000000000000000000000000000001B
:10A540000000000000000100000000000000010009
:10A55000000000000000FFFFFFFFFF030000FF00FE
:10A560003C1F00000000012000008D7E0000022042
:10A5700000000748806A8047304605B0F0BD0026DD
:10A58000FAE75467002040008050B46700200000C4
:10A590000004C46700200049084799550020816ADB
:10A5A0007D200002814202D3081A012200E0401AF5
:10A5B000002A04D06043EBF7BCFC201A03E06043A0
:10A5C000EBF7B7FC0019064B596809188A08940084
:10A5D000091B59604101081A801810BD00002C6049
:10A5E0000020B467002000490847095600207D215B
:10A5F000806AF0B58DB004466C4904A888477C2079
:10A60000005B0390002500200290012080F3108859
:10A61000606C002181F310882646603600286BD0DC
:10A62000214644310C9128390B9164310A9181887B
:10A63000CA005E495118C98CC90B00295CD00121A0
:10A6400081F31088006801905A490C9888470746A2
:10A65000E069002803D00020002802D008E0012093
:10A66000FAE753490B988847002801D05249884798
:10A67000002080F31088B8884D49C0004018C28C73
:10A68000D20BD203C284B88807281ED2307E401E67
:10A690003076012080F31088206B002813D0002032
:10A6A000002805D00A98FB21807908400A99887112
:10A6B000414938468847002080F310883F4A397B5B
:10A6C0000398904715E00120EAE709280FD9C00058
:10A6D0004018008D000A0090394938468847002804
:10A6E00007D00098002804D06D1CEDB201E06D1C6D
:10A6F000EDB2019800289AD1039807280ED0002DBA
:10A700000CD0012080F31088307E401B3076002072
:10A7100080F310882B4A294603989047012080F344
:10A7200010882848234F0990B8470446002080F33A
:10A730001088200036D01F4EE0880399884212D13D
:10A74000072807D0A17A0091204FE37A227B218944
:10A75000B84705E01E4B217920892A469847029088
:10A760002046B04703E01A4A214604A8904701203A
:10A7700080F310880F4909988847044620000CD1BF
:10A780000498002803D00020002802D005E0012012
:10A79000FAE7104A04A909989047002080F310882E
:10A7A000002CC9D102980DB0F0BDB9390000404469
:10A7B0008050493A00000194000065B800006157DC
:10A7C000000061B70000B461002085B7000091224D
:10A7D00001006B3A0000133A0000F1B50024154D5A
:10A7E000164E012080F310880098A847002181F3BD
:10A7F0001088002817D081880A460A3A462A14D2BF
:10A80000C9008919098D0F0A012181F310880B49AC
:10A810008847002803D0002F01D0641CE4B2002038
:10A8200080F31088DDE72046F8BDC91F4929D8D339
:10A8300004498847D5E7493A0000404480506157B1
:10A84000000001940000F1B592B0129840301190D0
:10A85000808F0E90129808300D90129830300C9026
:10A86000129844300B9000200A9001250C9804683F
:10A87000002C03D00020002802D093E00120FAE74A
:10A880000E98C100F94808181090C08CC00B002821
:10A890006ED00E98F64980000F900858A030467987
:10A8A0000120710719D5002C17D0F14FB00607D53C
:10A8B000207BB847800701D4002006E0012004E097
:10A8C000207BB847C00703D00120002802D004E055
:10A8D0000020FAE72468002CE8D1002862D0E54B7C
:10A8E000002221460C989847A668E34A09A93046F9
:10A8F0009047002856D1A088DC4FC000C019408D79
:10A90000DF494118002008AA1279002A06DD325CCE
:10A910000A54401C08AA12799042F8DBD949A06871
:10A920008847D2490F980858A0304079C00703D013
:10A9300008A90879001D099008A801791098028DCE
:10A940000902D2B20A43028503211098028D8A437C
:10A950000A4302851198808F0021C000C019C1846C
:10A960000B980068002804D00020002803D010E0D5
:10A9700018E00120F9E70B98A1884068CA00C14996
:10A9800080885118C000C019C28CD20BD2030A4370
:10A99000C284BD4A21460B98904712986030017ED0
:10A9A000491C01761198808F072808D20E998A00D9
:10A9B000AF498958A0314979490700D500250D993B
:10A9C000096800291FD000212A468A4377D007282A
:10A9D00076D2AF49AE488847099000200890119878
:10A9E000808F8100A2484058A0304079C007C00F36
:10A9F00007900D980668002E09D00D993068086000
:10AA0000002802D003E00121DEE70D994860002E06
:10AA10007DD0002006901298039006A80490079F0E
:10AA2000099B05970825755F002002900190012081
:10AA300000901198428E8446D4B2012029460931F3
:10AA400089B2059F002F01D0091D89B2C9000831C4
:10AA500089B267463F8E8F4205D2503F79050C0E72
:10AA6000A24200D2D4B2A54201DD640864002146AE
:10AA70006F1A621C974205DB0919401CC0B26F1A9D
:10AA80009742F9DA984201D9002534E00499087018
:10AA9000814F81497E48884701460098002812D09E
:10AAA00000200090B07A8007800F012809D0022092
:10AAB0008872F068C28802928088019009E062E0A2
:10AAC00058E00120F4E7012088720298001980B252
:10AAD0000290A54201DDCC7200E0CD720198C880E1
:10AAE00002980881281B05B2002D22DC0122059B5B
:10AAF0000398B8470125002D20D06846007E0899AC
:10AB00000918C9B208910999081A80B200E035E025
:10AB100009901298C06900281AD01298006A06603D
:10AB2000129806620020306008980A2813D9002580
:10AB300024E00022059B0398B847AAE70D98006817
:10AB4000002801D10D994E6030600D98066015E027
:10AB50001298C661E4E70D980668002E06D00D999C
:10AB600030680860002801D10D994860002E00D09F
:10AB70004FE703E04A4A0D990B989047002D02D009
:10AB800048490D9888470B980068002803D000209A
:10AB9000002802D04BE00120FAE71198808F0728A7
:10ABA00045D212988030C078042840D13B493748BC
:10ABB000884700283BD0828800212B4BD200D21836
:10ABC00051858188C900C9188A8D5404640C0022FB
:10ABD0008C858188C900C9180C8DE4B20C858188E8
:10ABE0000124C900C9180D8DAD08AD0025430D85A0
:10ABF0008188C900C918CC8CE40BE403CC840B9980
:10AC000084884968E5001F4C89882C19C900C91837
:10AC1000CB8CDB0BDB032343CB840B990968002926
:10AC20000DD00B99496808600B99486002600B9839
:10AC30000068002806D00021002905D03CE00B99CF
:10AC40000860F1E70121F7E700280AD0074A818868
:10AC5000C9008918C98CC90B002924D000680028B4
:10AC6000F5D1002826D027E00000404480505C61E8
:10AC70000020DDAF00001B3900009D0301000040F3
:10AC8000805001940000660400006B3A0000E0610F
:10AC90000020BF3A00006D000100493A0000133A5D
:10ACA0000000B93900008188CA000749511889B2EB
:10ACB0000A91D6E700200A900A990E985A2250432A
:10ACC000034A8018818413B0F0BD66040000804000
:10ACD0008050F8B5002410480078002815D10F489E
:10ACE00080470F4E0A20B0473707F86905052D0D3C
:10ACF000002D0AD01420B047F8690005000DA842C5
:10AD000004D90546641C642CF4D3F8BD0349012022
:10AD1000087004490870F8BD0000011000205D4A69
:10AD20000100A53C00000010002010B50520000720
:10AD3000C06901050F48007803D0012813D002280C
:10AD400011D0002808D0012806D0022804D00948D4
:10AD50008047094932208847094904208847084824
:10AD60008047002010BD074904208847012010BDFE
:10AD7000000018100020E94A0100A53C0000114421
:10AD80000100734A010059440100F0B40023184C3B
:10AD9000A56B18497D2209681202914202D38A1AD2
:10ADA000012300E0521A06465643F2135143711A2A
:10ADB0001E264E434F10F6198F11F61949127118BD
:10ADC000CE13002B01D0801A00E010184219910810
:10ADD0008D00521B002B04D04301181A4018801B11
:10ADE00003E04301181A40188019A263F0BC7047B1
:10ADF0000000806700205460002010B4002314215C
:10AE000002464A4311497D2409682402A14202D91D
:10AE1000091B012300E0611A484381004118880A98
:10AE20000C0C00194C0C00194C0D00194C0E00199B
:10AE3000C90F4018C008002B01D0101801E0101AEB
:10AE4000401E401E10BC70470000546000204E564B
:10AE50004453010606EFAB2668846602060A4E5A82
:10AE6000383830315631410003060100070602F43C
:10AE7000010C0602F40108060100090601000A0699
:10AE800004000000000B060196230601960D060241
:10AE9000DC030E0602DC030F06029001100604001C
:10AEA000C2010011060101120601011306029002FF
:10AEB00014060260001506010816060103170601B4
:10AEC00029180602DC05190602E204200601002109
:10AED000060101220601002406044202600925063B
:10AEE000011126060100270601032D060100280690
:10AEF00002F62D2906010835060108370601AA05C4
:10AF00000602340000000000AB050008FB05000845
:10AF1000A5050008A705000837B6000811B6000807
:10AF2000F1B5000803B60008FDB500080BB600082F
:10AF300005B6000841A900084E5A5F424C45000082
:10AF40004E5A5F424C45000009FF6052572D424C5B
:10AF500045007830300000000000000000000000D4
:10AF6000000000000000000001BBF2000000000033
:10AF700074B101082A070020400001000000000011
:10AF800044B201082B070020050001000028000240
:10AF9000000000000328000200000000002A000258
:10AFA000008020000328000200000000012A0002A7
:10AFB000008002000328000200000000042A0002B2
:10AFC000008008000328000200000000A62A0002FA
:10AFD0000080010000000000A4B201082C0700203E
:10AFE000210001004E5644530002030002000008F5
:10AFF0000C00030000040C00030000400C000300E0
:10B000000010C00006000020300006000200000012
:10B010009994000804000000DD8F0008060000007D
:10B02000398E000808000000B599000810000000E3
:10B03000C99700080A000000C19C00080C0000002D
:10B040000D9700080E000000859B000852000000CC
:10B05000639E000812000000B99E0008D2000000A4
:10B06000539F000816000000DD940008180000003F
:10B07000118C0008040E000079CA0008020E0000BE
:10B0800035C90008050E000049CF0008090C000072
:10B09000E9F70008000C000075F400080E0E00002F
:10B0A000A1D30008100E0000E5D20008120A00002B
:10B0B0003D2F0108310E000031D90008120E0000AA
:10B0C0000DC40008140E00004DC30008160E000049
:10B0D000D1CB0008180E000099CB00081A0E000012
:10B0E000D5D500082F0E000049D80008040A00003A
:10B0F000452901081A0D000051E00008180D000054
:10B10000C5F00008000D0000FBDB0008320E000057
:10B11000B9D80008330E000085D80008150C0000CF
:10B1200059FC0008170C000051F20008130C000035
:10B13000D1F800080B0E0000E5CD00080D0E000050
:10B14000E5D60008010800003DD100080208000013
:10B150003DD10008040800003DD1000803080000AC
:10B160003DD10008280E000069D700082B0E000012
:10B17000B5D7000874B0010820000000FFFF0000F0
:10B180005BDD0008020D0000C5E80008030D0000AB
:10B19000B9DB0008040D00007DEA0008050D000081
:10B1A00029EA0008060D0000BDE000080B0D0000B4
:10B1B00001F10008140D000005E90008160D00005B
:10B1C00021E00008170D000085F00008190D0000AF
:10B1D00085F000080D0D000025ED00080E0D0000A3
:10B1E00065EE0008290D0000BDE30008000D000019
:10B1F0004FDC00082B0D0000D5D900081B0D000006
:10B20000E5E60008260D000099ED000801080000A1
:10B21000D1E1000802080000D1E1000804080000A4
:10B22000D1E10008200D000049E70008230D0000CF
:10B2300031EC0008240D00006DE30008250D00002E
:10B2400095E300087CB1010819000000010C000022
:10B250007DF50008140C0000A1F70008160C000092
:10B26000D1FB0008180C0000F9F10008100C0000D8
:10B2700085FA00081D0C000035FB0008150C0000C5
:10B2800031FD0008130C000091F90008000E0000C9
:10B290008DC70008120A0000A32F0108040A00004D
:10B2A0006D2901084CB201080B0000000100FFFFEE
:10B2B00000000000F8B401082D0700200200010082
:10B2C0000028000200000000032800020000000027
:10B2D000052A0022000004000229000A00000200E2
:10B2E0000003040002FFFFFFFFFF1F0000006004D7
:10B2F00000F8074002000001000100000100010108
:10B300000101000100000000000101010001000036
:10B3100003000000E17C0008051400002D1701085F
:10B3200015200000C51501087B0C0000131501084D
:10B330007C0C0000EF1B010822200000E113010833
:10B340001A200000B32001081B200000B3200108D0
:10B3500006040000D90701081D040000D9070108F0
:10B3600016200000D907010813200000D9070108A2
:10B37000040000004D12010803000000550D0108F3
:10B38000060000008D13010807000000E90D010808
:10B3900005000000A50F010805000000C508010810
:10B3A0000C000000A116010857000000AB040108C2
:10B3B000080000001D090108300000003F090108D5
:10B3C00001000000A5270108120000000527010860
:10B3D0001300000045270108030C00003106010896
:10B3E000010C0000310601080120000031060108AF
:10B3F000022000001B11010805100000A115010822
:10B4000000000000011501081420000031060108A9
:10B41000011000002F160108091000005D15010839
:10B42000242000003106010823200000F912010841
:10B430002F2000003F1101080F20000035130108E4
:10B4400011200000590701081220000059070108C7
:10B450001020000059070108062000005D050108C2
:10B46000082000005D050108092000005D050108B5
:10B470000A2000005D05010805200000C90401083C
:10B4800032FC0000C904010807200000D1100108A7
:10B4900017200000350E010818200000F50F0108E4
:10B4A0002A200000F31101082B200000831101085D
:10B4B0002C200000831101082D200000B106010896
:10B4C0002E200000B106010827200000B106010867
:10B4D00028200000B106010829200000B10601085B
:10B4E00001000000EF0C01080A000000890F0108AC
:10B4F000FFFF0000ABFD0008F0B4010801000000F0
:10B500000000000048B50108340700204000010099
:10B51000FFFF0000612B0108110A000081300108C3
:10B520000D0A0000A52B01080F0A0000292B0108B5
:10B5300003080000C114010806080000D90301082F
:10B54000120A00000730010810B5010807000000CA
:10B5500000000000F96A0108076B0108BF6A0108D2
:10B56000DF6A0108D96A0108616A0108AD6A010849
:10B57000936A01087B6A01081B6B0108156B0108BF
:10B5800000000000000000000000000000000000BB
:10B59000DD77010899780108B97601087D770108FF
:10B5A0003D7701086D750108517601080D76010897
:10B5B000B1750108A17801089D780108000000001C
:10B5C00000000000000000001B04110228BB01085D
:10B5D000000000000604110324BB01080000000065
:10B5E0001D04110228BB010800000000010C000826
:10B5F0002CBB010834BB0108030C00000000000054
:10B6000034BB0108080C110228BB010838BB010833
:10B610002D0C110324BB010830BB0108310C0001C3
:10B6200034BB010834BB0108330C00073CBB0108E4
:10B6300034BB0108350C401EA90C010834BB0108BD
:10B640007B0C110228BB010844BB01087C0C1104CF
:10B6500048BB010838BB0108630C00082CBB01087B
:10B6600034BB010801100000000000005CBB0108B1
:10B6700002100000000000004CBB01080310000095
:10B680000000000058BB0108051000000000000089
:10B6900064BB0108091000000000000054BB010851
:10B6A0000514110228BB010830BB01080120020863
:10B6B0002CBB010834BB010802200200000000007E
:10B6C00030BB0108032002000000000058BB010845
:10B6D00005200206B0BB010834BB01080620020F9A
:10B6E000B4BB010834BB01080720020000000000C1
:10B6F000CCBB0108082002206CBB010834BB010848
:10B70000092002206CBB010834BB01080A20020199
:10B7100034BB010834BB01080B200207C4BB01087D
:10B7200034BB01080C200202CCBB010834BB010869
:10B730000D200219D8BB0108000000000E200200F5
:10B740000000000034BB01080F20020000000000D0
:10B75000CCBB0108102002000000000034BB01082F
:10B760001120020754BB010834BB01081220020754
:10B7700054BB010834BB01081320130EE8BB0108B9
:10B78000000000001420020580BB010834BB010842
:10B790001520130228BB010878BB010816201302EC
:10B7A00028BB0108000000001720022090BB010800
:10B7B00098BB0108182002000000000058BB0108D7
:10B7C0001920131CA0BB0108000000001A2013124E
:10B7D000A8BB010838BB01081B20130228BB0108C5
:10B7E00038BB01081C2002000000000058BB010803
:10B7F0001D20020134BB010834BB01081E200203D6
:10B80000C0BB010834BB01081F200200000000007B
:10B8100038BB01082020130EE8BB010838BB010823
:10B820002120130324BB010838BB01082220130682
:10B83000ECBB010838BB0108232002000000000017
:10B8400044BB01082420020448BB010834BB0108A2
:10B850002F20020000000000D0BB01082720022793
:10B8600084BB010834BB01082820020754BB01082F
:10B8700034BB0108292002000000000034BB01088D
:10B880002A20020000000000CCBB01082B20020788
:10B8900054BB010854BB01082C20020754BB01080B
:10B8A00054BB01082D20020134BB010834BB010840
:10B8B0002E20020228BB010834BB0108252002000B
:10B8C00000000000000000002620024074BB0108B8
:10B8D0000000000011FC080134BB010834BB010862
:10B8E00012FC080000000000F0BB010832FC080652
:10B8F000B0BB010834BB010801000300C8B5010852
:10B9000003000A00ECB501080400050064B6010854
:10B9100005000100A0B6010808002E00ACB6010821
:10B920003F000300D4B801080501000030BB010846
:10B930000801000030BB01080C01000064BB0108D5
:10B940001000000034BB01081101000028BB0108F1
:10B950001302000044BB01081A00000034BB0108B8
:10B960003001000038BB01085701000028BB010866
:10B970000100000010BC010802000100D90C010800
:10B980000301000024BC010804010000F8BB010809
:10B99000050100001CBC0108060100002CBC0108C8
:10B9A000070100002CBC01080A00000000BC0108CF
:10B9B0000B0001001F0E01080000000088BC0108F8
:10B9C0000000000000000000000000000000000077
:10B9D0006CBC01086CBC0108000000000000000005
:10B9E0000000000000000000000000000000000057
:10B9F0000000000000000000000000000000000047
:10BA000074BC010868BC01087CBC01087CBC01084E
:10BA10006CBC01080000000038BC010838BC0108FB
:10BA200060BC010860BC010834BB010860BC0108AF
:10BA300064BC010860BC010834BC010860BC01089A
:10BA400034BB0108000000000000000000000000FE
:10BA50000000000040BC010894BC010894BC01082F
:10BA600084BC010844BC010848BC01085CBC010856
:10BA700050BC010844BC010894BC01085CBC01082E
:10BA800084BC01085CBC010890BC01085CBC0108D6
:10BA900050BC010844BC010858BC010898BC01080E
:10BAA00058BC010858BC010850BC010850BC010832
:10BAB00034BB010898BC01080000000058BC010814
:10BAC0000000000058BC010898BC010801000000FB
:10BAD000F5270108120000000927010813000000E3
:10BAE00089270108000000000030F13D0070643E2D
:10BAF0000000A33E0090CF3E0090F83E00400F3F74
:10BB000000E0203F0000000015B78337CDE37B380D
:10BB10000EE1C53860F69138AF5F0F38E1BC3E38B2
:10BB200023F4473948420000480000003842000032
:10BB30004248420042000000424800004842484853
:10BB400000000000424848004848000042363442A5
:10BB50000000000042364200423842004242484261
:10BB60004848000042484248480000004233314201
:10BB70000000000036344200424835420000000018
:10BB80003542000042364231364231364200000032
:10BB90003136423136420000423136420000000068
:10BBA00048384248313642004831364200000000F1
:10BBB00036420000484842424236424242000000BB
:10BBC00042424200424848424200000042420000D5
:10BBD00042484848480000004848424236424248ED
:10BBE00048484848480000004848484848484800F5
:10BBF000424848484C000000424248384200000099
:10BC00004242484242364236423642484848420062
:10BC1000424248424236424848484200424838423E
:10BC2000480000004242484848480000424848480E
:10BC30004848000042410000424242424242000065
:10BC400042574200426C42005757576C4200000076
:10BC500057576C4200000000576C42006C420000D5
:10BC60004B00000057520000424C5700424C5757BF
:10BC700000000000424C575757570000424C57579E
:10BC800057575700575700004257576C570000004E
:10BC90006C57000057000000000008000010100062
:10BCA00000021800001220000004280000143000D8
:10BCB0000006380000164000000848000018500038
:10BCC000000A5800001A6000000C6800001C700098
:10BCD000000E7800001E80000008880040109000D0
:10BCE000400298004012A0004004A8004014B00098
:10BCF0004006B8004016C0004008C8004018D000F8
:10BD0000400AD800401AE000400CE800401CF00057
:10BD1000400EF800401E00010008080180101001CC
:10BD20008002180180122001800428018014300153
:10BD300080063801801640018008480180185001B3
:10BD4000800A5801801A6001800C6801801C700113
:10BD5000800E7801801E800140088801C01090018B
:10BD6000C0029801C012A001C004A801C014B00113
:10BD7000C006B801C016C001C008C801C018D00173
:10BD8000C00AD801C01AE001C00CE801C01CF001D3
:10BD9000C00EF801C01E00020008080200111002C7
:10BDA00000031802001320020005280200153002CB
:10BDB000000738020017400200094802001950022B
:10BDC000000B5802001B6002000D6802001D70028B
:10BDD000000F7802001F8002800888024011900244
:10BDE000400398024013A0024005A8024015B0028B
:10BDF0004007B8024017C0024009C8024019D002EB
:10BE0000400BD802401BE002400DE802401DF0024A
:10BE1000400FF802401F0003400808038011100380
:10BE20008003180380132003800528038015300346
:10BE300080073803801740038009480380195003A6
:10BE4000800B5803801B6003800D6803801D700306
:10BE5000800F7803801F8003C0088803C0119003FF
:10BE6000C0039803C013A003C005A803C015B00306
:10BE7000C007B803C017C003C009C803C019D00366
:10BE8000C00BD803C01BE003C00DE803C01DF003C6
:10BE9000C00FF803C01F00040010080408101004AD
:10BEA0000011180408122004081028040814300493
:10BEB0000806380408164004080848040818500406
:10BEC000080A5804081A6004080C6804081C700466
:10BED000080E7804081E8004001888044810900496
:10BEE000001998044812A0040818A8044814B004C3
:10BEF0004806B8044816C0044808C8044818D004C6
:10BF0000480AD804481AE004480CE804481CF00425
:10BF1000480EF804481E000540100805881010055A
:10BF2000401118058812200548102805881430058E
:10BF30008806380588164005880848058818500581
:10BF4000880A5805881A6005880C6805881C7005E1
:10BF5000880E7805881E800540188805C810900551
:10BF600040199805C812A0054818A805C814B005BE
:10BF7000C806B805C816C005C808C805C818D00541
:10BF8000C80AD805C81AE005C80CE805C81CF005A1
:10BF9000C80EF805C81E0006801008060811100615
:10BFA0008011180608132006881028060815300688
:10BFB00008073806081740060809480608195006F9
:10BFC000080B5806081B6006080D6806081D700659
:10BFD000080F7806081F800680188806481190060A
:10BFE000801998064813A0068818A8064815B006B8
:10BFF0004807B8064817C0064809C8064819D006B9
:10C00000480BD806481BE006480DE806481DF00618
:10C01000480FF806481F0007C010080788111007CE
:10C02000C011180788132007C81028078815300783
:10C030008807380788174007880948078819500774
:10C04000880B5807881B6007880D6807881D7007D4
:10C05000880F7807881F8007C0188807C8119007C5
:10C06000C0199807C813A007C818A807C815B007B3
:10C07000C807B807C817C007C809C807C819D00734
:10C08000C80BD807C81BE007C80DE807C81DF00794
:10C09000C80FF807C81F0808101010084008180833
:10C0A00010122008001128081014300880113808D8
:10C0B0001016480810185008100A5808101A60087E
:10C0C000100C6808101C7008100E7808101E8008EC
:10C0D000000A880850109008000B98085012A00819
:10C0E000080AA8085014B008080BB8085016C00871
:10C0F000100AC8085018D008500AD808501AE0088A
:10C10000500CE808501CF008500EF808501E0809A2
:10C1100090101009800918099012200900192809A7
:10C12000901430098019380990164009000B48090D
:10C1300090185009900A5809901A6009900C6809E3
:10C14000901C7009900E7809901E8009400A880999
:10C15000D0109009400B9809D012A009480AA809EC
:10C16000D014B009480BB809D016C009500AC80944
:10C17000D018D009D00AD809D01AE009D00CE809A3
:10C18000D01CF009D00EF809D01E080A1011180AA8
:10C190001013200A4011280A1015300AC011380A5D
:10C1A0001017480A1019500A100B580A101B600A81
:10C1B000100D680A101D700A100F780A101F880AE7
:10C1C0005011900A800B980A5013A00A5011A80A27
:10C1D0005015B00A880BB80A5017C00A800BC80A5D
:10C1E0005019D00A500BD80A501BE00A500DE80A2B
:10C1F000501DF00A500FF80A501F080B9011180B31
:10C200009013200B4019280B9015300BC019380BD8
:10C210009017480B9019500B900B580B901B600B0C
:10C22000900D680B901D700B900F780B901F880B72
:10C23000D011900BC00B980BD013A00B5019A80B6A
:10C24000D015B00BC80BB80BD017C80BD019D80B32
:10C25000D01BE00BD00DE80BD01DF00BD00FF80B6E
:10C26000D01F000C0012080C1810100C0013180C32
:10C270001812200C0812280C1814300C0813380C53
:10C280001816400C1012480C1818500C1013580CAB
:10C29000181A600C1812680C181C700C180E780C08
:10C2A000181E800C001A880C5810900C001B980C5B
:10C2B0005812A00C081AA80C5814B00C081BB80C83
:10C2C0005816C00C101AC80C5818D00C101BD80CDB
:10C2D000581AE00C181AE80C581CF00C580EF80C00
:10C2E000581E000D4012080D9810100D4013180D27
:10C2F0009812200D4812280D9814300D4813380D4F
:10C300009816400D5012480D9818500D5013580DA6
:10C31000981A600D5812680D981C700D980E780DC3
:10C32000981E800D401A880DD810900D401B980D56
:10C33000D812A00D481AA80DD814B00D481BB80D7E
:10C34000D816C00D501AC80DD818D00D501BD80DD6
:10C35000D81AE00D581AE80DD81CF00DD80EF80DBB
:10C36000D81E000E8012080E1811100E8013180E21
:10C370001813200E8812280E1815300E8813380E48
:10C380001817400E9012480E1819500E9013580EA0
:10C39000181B600E9812680E181D700E180F780E7C
:10C3A000181F800E801A880E5811900E801B980E50
:10C3B0005813A00E881AA80E5815B00E881BB80E78
:10C3C0005817C00E901AC80E5819D00E901BD80ED0
:10C3D000581BE00E981AE80E581DF00E580FF80E74
:10C3E000581F000FC012080F9811100FC013180F1C
:10C3F0009813200FC812280F9815300FC813380F44
:10C400009817400FD012480F9819500FD013580F9B
:10C41000981B600FD812680F981D700F980F780F37
:10C42000981F800FC01A880FD811900FC01B980F4B
:10C43000D813A00FC81AA80FD815B00FC81BB80F73
:10C44000D817C00FD01AC80FD819D00FD01BD80FCB
:10C45000D81BE00FD81AE80FD81DF00FD81BF80F23
:10C46000D81F08102010101040101810201228108B
:10C470002014301088103810201640100011481079
:10C480002018501040115810201A6010081268101F
:10C49000201C701088127810201E80100012881046
:10C4A00008129010401298106012A0102012A810CC
:10C4B0006014B0106012B8106016C0100013C810DD
:10C4C0006018D0104013D810601AE0101812E8104D
:10C4D000601CF0109812F810601E08112012101144
:10C4E00040111811A012201108182811A0143011A1
:10C4F00088183811A0164811A0185811A01A6011F8
:10C50000081A6811A01C7011881A7811A01E8011D9
:10C51000101288111812901150129811E012A011E7
:10C520001818A811E014B0119818B811E016C0112D
:10C530001013C811E018D0115013D811E01AE011EF
:10C54000181AE811E01CF011981AF811E01E0012F8
:10C550000018081208181012401818122013201280
:10C560002018281220153012601838122017401297
:10C57000001948122019501240195812201B60123D
:10C5800020196812201D7012C8127812201F801204
:10C59000001A8812081A9012401A98126013A012FA
:10C5A000201AA8126015B012601AB8126017C012D3
:10C5B000001BC8126019D012401BD812601BE01279
:10C5C000201BE812601DF012601BF812601F0013A0
:10C5D000101808131818101350181813A01320134C
:10C5E00048182813A0153013C8183813A017401383
:10C5F00010194813A019501350195813A01B601399
:10C60000481A6813A01D7013C81A7813A01F80134E
:10C61000101A8813181A9013501A9813E013A013C5
:10C620005818A813E015B013D818B813E017C013A2
:10C63000101BC813E019D013501BD813E01BE013D4
:10C64000581AE813E01DF013D81AF813E01F081465
:10C65000201410140015181420153014081538145F
:10C660002816401400154814281850141015581492
:10C67000281A601420156814281C701418157814D2
:10C68000281E8014001C8814201C9014001D98146F
:10C69000201DA014081CA814281CB014081DB814D0
:10C6A0006816C014101CC8146818D014101DD814B3
:10C6B000681AE014181CE814681CF014181DF8140B
:10C6C000681E081520151015401518156015201541
:10C6D00028182815281C301548153815A81648158F
:10C6E000A8185815A81A6015281A6815A81C7015DE
:10C6F000A81A7815A81E8015401C8815601C901576
:10C70000401D9815601DA015481CA815681CB01583
:10C71000481DB815E816C015501CC815E818D015E6
:10C72000501DD815E81AE015581CE815E81CF0153E
:10C73000581DF815E81E0016001C0816081C1016D7
:10C74000401C1816481C2016201C2816281C3016C1
:10C75000601C381628174016001D48162819501658
:10C76000401D5816281B6016201D6816281D7016BF
:10C77000601D7816281F8016801C8816A01C901635
:10C78000801D9816A01DA016881CA816A81CB016FF
:10C79000881DB8166817C016901CC8166819D016E0
:10C7A000901DD816681BE016981CE816681DF01638
:10C7B000981DF816681F0017101C0817181C101772
:10C7C000501C1817581C201768182817681C301799
:10C7D000E8183817A8174017101D4817A819501740
:10C7E000501D5817A81B6017681A6817A81D7017E6
:10C7F000E81A7817A81F8017C01C8817E01C90172C
:10C80000C01D9817E01DA017C81CA817E81CB0177A
:10C81000C81DB817E817C017D01CC817E819D017DB
:10C82000D01DD817E81BE017D81CE817E81DF01733
:10C83000D81DF817E81F181860183018481838184D
:10C84000601C5818301A6818301C7018181A78189C
:10C85000301E8018001A8818081A9018001B9818A3
:10C860006019A018201AA818281AB018201BB81888
:10C87000601DC018101AC818181AD018101BD81824
:10C88000701AE018301AE818701CF018581AF818C6
:10C89000701E081920191819601A2819081D301956
:10C8A00088193819881D4819201B5819B01A6019A1
:10C8B000081B6819B01C7019881B7819B01E8019E4
:10C8C000401A8819481A9019401B9819601BA01922
:10C8D000601AA819181DB019601BB819981DC01945
:10C8E000501AC819581AD019501BD819F01AE01943
:10C8F000181BE819F01CF019981BF819F01E381ACB
:10C90000701C581A301B681A301D701A181B781AC0
:10C91000301F901AC01A981AC81AB01AE01AB81A1A
:10C92000E81AC01A801BC81A881BD01AC01BD81A54
:10C93000701BE01AA01BE81A701DF01AE01BF81A11
:10C94000701F281B481D381BC81D481B601B581B27
:10C95000B01B681BB01D701BC81B781BB01F901B41
:10C96000C01B981BC81BA81B581DB01BE01BB81B85
:10C97000D81DD81BF01BE81BF01DF81BF01F081C6E
:10C98000201C181C301C381C681C481C601C581CBF
:10C99000701C781C381E801C001E881C201E901CD9
:10C9A000001F981C201FA01C081EA81C281EB01CBD
:10C9B000081FB81C281FC01C101EC81C301ED01C0D
:10C9C000101FD81C301FE01C181EE81C381EF01C5D
:10C9D000181FF81C781E081D201D181D301D381D3D
:10C9E000A81D481D601D581D701D681D281F781D3D
:10C9F000B81E801D401E881D601E901D401F981D82
:10CA0000601FA01D481EA81D681EB01D481FB81D30
:10CA1000681FC01D501EC81D701ED01D501FD81D80
:10CA2000701FE01D581EE81D781EF01D581FF81DD0
:10CA3000F81E081E201E181E301E481E601E581E9E
:10CA4000701E781E381F881EA01E901E801F981E04
:10CA5000A01FB01E881FB81EA81FC01E801FC81EA2
:10CA6000881FD01E901FD81EB01FE01EA01FE81EFA
:10CA7000A81FF01E981FF81E781F081F201F181FE0
:10CA8000301F481F601F581F701F781FB81F881F56
:10CA9000A01F901FC01F981FE01FB01FC81FB81F06
:10CAA000E81FC81FE01FD81FF01F08000002100079
:10CAB0004000180040022000800028008002300062
:10CAC000C0003800C00240000001480000035000D0
:10CAD000400158004003600080016800800370003E
:10CAE000C0017800C00380000002880008029000A6
:10CAF000000398004802A0000802A8008802B000C5
:10CB0000C800B800C802C0000801C8000803D0006F
:10CB10004801D8004803E0008801E8008803F000DD
:10CB2000C801F800C80308011002100140011801F3
:10CB30005002200100032801900230014801380111
:10CB4000D0024801100358015003600190016801B0
:10CB500090037001D0017801D00380014002880168
:10CB600018029001400398015802A0014802A80150
:10CB70009802B0014803B801D802C0015002C801B0
:10CB80001803D0015003D8015803E0015802E8010E
:10CB90009803F0015803F801D8030802200210029C
:10CBA0004002180260022802A0023002600238022D
:10CBB000E0024002000348022003500240035802F2
:10CBC0006003600220036802A00370026003780221
:10CBD000E0038802A002900280039802A003B00242
:10CBE0008803B802E802C0028003C8022803D0020A
:10CBF0009003D8026803E002A003E802A803F00251
:10CC00009803F802E8030803200310034003180305
:10CC10006003280388033003600338039803480344
:10CC20006003580370036803B0037803F0038803BC
:10CC3000A0039003C0039803E003B003C803B80344
:10CC4000E803C803E003D803F0030800400018001D
:10CC5000480010004000280050002000400038002C
:10CC60005800300048005800680048006000680024
:10CC70007000080000101000002018000030200094
:10CC8000000228000012300000223800003240006C
:10CC900000044800001450000024580000346000D4
:10CCA000000668000016700000267800003680003C
:10CCB0000008880000189000002898000038A000A4
:10CCC000000AA800001AB000002AB800003AC0000C
:10CCD000000CC800001CD000002CD800003CE00074
:10CCE000000EE800001EF000002EF800003E0001DB
:10CCF00000040801401010014020180140302001BC
:10CD000040022801401230014022380140324001E7
:10CD1000400448014014500140245801403460014F
:10CD200040066801401670014026780140368001B7
:10CD30004008880140189001402898014038A0011F
:10CD4000400AA801401AB001402AB801403AC00187
:10CD5000400CC801401CD001402CD801403CE001EF
:10CD6000400EE801401EF001402EF801403E000256
:10CD70000008080280101002802018028030200273
:10CD80008002280280123002802238028032400263
:10CD900080044802801450028024580280346002CB
:10CDA0008006680280167002802678028036800233
:10CDB0008008880280189002802898028038A0029B
:10CDC000800AA802801AB002802AB802803AC00203
:10CDD000800CC802801CD002802CD802803CE0026B
:10CDE000800EE802801EF002802EF802803E0003D2
:10CDF000000C0803C0101003C0201803C03020032B
:10CE0000800C2803C0123003C0223803C032400314
:10CE1000C0044803C0145003C0245803C034600346
:10CE2000C0066803C0167003C0267803C0368003AE
:10CE3000C0088803C0189003C0289803C038A00316
:10CE4000C00AA803C01AB003C02AB803C03AC0037E
:10CE5000C00CC803C01CD003C02CD803C03CE003E6
:10CE6000C00EE803C01EF003C02EF803C03E080445
:10CE7000001110040021180400312004000C2804C3
:10CE80000013300400233804003340040005480434
:10CE9000001550040025580400356004000768049C
:10CEA0000017700400277804003780040009880404
:10CEB00000199004002998040039A004000BA8046C
:10CEC000001BB004002BB804003BC004000DC804D4
:10CED000001DD004002DD804003DE004000FE8043C
:10CEE000001FF004002FF804003F08054011100552
:10CEF0004021180540312005000D2805401330055C
:10CF00004023380540334805401550054025580555
:10CF100040356005400768054017700540277805D3
:10CF2000403780054009880540199005402998053B
:10CF30004039A005400BA805401BB005402BB805A3
:10CF4000403BC005400DC805401DD005402DD8050B
:10CF5000403DE005400FE805401FF005402FF80573
:10CF6000403F000640080806801110068021180680
:10CF700080312006C008280680133006802338063A
:10CF80008033400640094806801550068025580623
:10CF9000803560068007680680177006802778064F
:10CFA00080378006800988068019900680299806B7
:10CFB0008039A006800BA806801BB006802BB8061F
:10CFC000803BC006800DC806801DD006802DD80687
:10CFD000803DE006800FE806801FF006802FF806EF
:10CFE000803F0007400C0807C0111007C021180738
:10CFF000C0312007C00C2807C0133007C0233807F2
:10D00000C0334007400D4807C0155007C0255807DA
:10D01000C0356007C0076807C0177007C0277807CA
:10D02000C0378007C0098807C0199007C029980732
:10D03000C039A007C00BA807C01BB007C02BB8079A
:10D04000C03BC007C00DC807C01DD007C02DD80702
:10D05000C03DE007C00FE807C01FF007C02FF8076A
:10D06000C03F000800100808081010080820180821
:10D0700008302008801028080812300808223808D4
:10D0800008324008001148080814500808245808BD
:10D0900008346008801168080816700808267808A7
:10D0A000083680080810880808189008082898088A
:10D0B0000838A008080AA808081AB008082AB808FA
:10D0C000083AC008080CC808081CD008082CD80862
:10D0D000083CE008080EE808081EF008082EF808CA
:10D0E000083E0009001408094810100948201809D2
:10D0F000483020098014280948123009482238098C
:10D100004832400900154809481450094824580974
:10D11000483460098015680948167009482678095E
:10D120004836800908148809481890094828980941
:10D130004838A009480AA809481AB009482AB80975
:10D14000483AC009480CC809481CD009482CD809DD
:10D15000483CE009480EE809481EF009482EF80945
:10D16000483E000A0018080A8810100A8820180A89
:10D170008830200A8018280A8812300A8822380A43
:10D180008832400A0019480A8814500A8824580A2C
:10D190008834600A8019680A8816700A8826780A16
:10D1A0008836800A0818880A8818900A8828980AF9
:10D1B0008838A00A8818A80A881AB00A882AB80AE3
:10D1C000883AC00A880CC80A881CD00A882CD80A59
:10D1D000883CE00A880EE80A881EF00A882EF80AC1
:10D1E000883E000B001C080BC810100BC820180B41
:10D1F000C830200B801C280BC812300BC822380BFB
:10D20000C832400B001D480BC814500BC824580BE3
:10D21000C834600B801D680BC816700BC826780BCD
:10D22000C836800B081C880BC818900BC828980BB0
:10D23000C838A00B881CA80BC81AB00BC82AB80B9A
:10D24000C83AC00BC80CC80BC81CD00BC82CD80BD4
:10D25000C83CE00BC80EE80BC81EF00BC82EF80B3C
:10D26000C83E000C4010080C0811100C0821180CC6
:10D270000831200CC010280C0813300C0823380C7F
:10D280000833400C4011480C0815500C0825580C68
:10D290000835600CC011680C0817700C0827780C52
:10D2A0000837800C4810880C0819900C0829980C35
:10D2B0000839A00CC810A80C081BB00C082BB80C1F
:10D2C000083BC00C080DC80C081DD00C082DD80C4C
:10D2D000083DE00C080FE80C081FF00C082FF80CB4
:10D2E000083F000D4014080D4811100D4821180D7D
:10D2F0004831200DC014280D4813300D4823380D37
:10D300004833400D4015480D4815500D4825580D1F
:10D310004835600DC015680D4817700D4827780D09
:10D320004837800D4814880D4819900D4829980DEC
:10D330004839A00DC814A80D481BB00D482BB80DD6
:10D34000483BC00D4815C80D481DD00D482DD80DBF
:10D35000483DE00D480FE80D481FF00D482FF80D2F
:10D36000483F000E4018080E8811100E8821180E34
:10D370008831200EC018280E8813300E8823380EEE
:10D380008833400E4019480E8815500E8825580ED7
:10D390008835600EC019680E8817700E8827780EC1
:10D3A0008837800E4818880E8819900E8829980EA4
:10D3B0008839A00EC818A80E881BB00E882BB80E8E
:10D3C000883BC00E4819C80E881DD00E882DD80E77
:10D3D000883DE00E880FE80E881FF00E882FF80EAB
:10D3E000883F000F401C080FC811100FC821180FEC
:10D3F000C831200FC01C280FC813300FC823380FA6
:10D40000C833400F401D480FC815500FC825580F8E
:10D41000C835600FC01D680FC817700FC827780F78
:10D42000C837800F481C880FC819900FC829980F5B
:10D43000C839A00FC81CA80FC81BB00FC82BB80F45
:10D44000C83BC00F481DC80FC81DD00FC82DD80F2E
:10D45000C83DE00FC81DE80FC81FF00FC82FF80F18
:10D46000C83F0010002008101010101010201810D5
:10D470001030201080202810101230101022381088
:10D480001032401000214810101450101024581071
:10D49000103460108021681010167010102678105B
:10D4A000103680100820881010189010102898103E
:10D4B0001038A0108820A810101AB010102AB81028
:10D4C000103AC0100821C810101CD010102CD81011
:10D4D000103CE0108821E810101EF010102EF810FB
:10D4E000103E0011002408111024101150201811B2
:10D4F0005030201180242811501230115022381140
:10D500005032401100254811501450115024581128
:10D510005034601180256811501670115026781112
:10D5200050368011082488115018901150289811F5
:10D530005038A0118824A811501AB011502AB811DF
:10D54000503AC0110825C811501CD011502CD811C8
:10D55000503CE0118825E811501EF011502EF811B2
:10D56000503E0012002808121028101290201812A5
:10D5700090302012802828129012301290223812F7
:10D5800090324012002948129014501290245812E0
:10D5900090346012802968129016701290267812CA
:10D5A00090368012082888129018901290289812AD
:10D5B0009038A0128828A812901AB012902AB81297
:10D5C000903AC0120829C812901CD012902CD81280
:10D5D000903CE0128829E812901EF012902EF8126A
:10D5E000903E0013002C0813102C1013D020181399
:10D5F000D0302013802C2813902C3013D0223813D5
:10D60000D0324013002D4813D0145013D024581397
:10D61000D0346013802D6813D0167013D026781381
:10D62000D0368013082C8813D0189013D028981364
:10D63000D038A013882CA813D01AB013D02AB8134E
:10D64000D03AC013082DC813D01CD013D02CD81337
:10D65000D03CE013882DE813D01EF013D02EF81321
:10D66000D03E00144020081450201014102118142B
:10D6700010312014C0202814D02030141023381466
:10D68000103340144021481410155014102558141C
:10D6900010356014C0216814101770141027781406
:10D6A00010378014482088141019901410299814E9
:10D6B0001039A014C820A814101BB014102BB814D3
:10D6C000103BC0144821C814101DD014102DD814BC
:10D6D000103DE014C821E814101FF014102FF814A6
:10D6E000103F00154024081550241015502118151E
:10D6F00050312015C0242815D0243015502338155A
:10D7000050334015402548155015501550255815D3
:10D7100050356015C02568155017701550277815BD
:10D7200050378015482488155019901550299815A0
:10D730005039A015C824A815501BB015502BB8158A
:10D74000503BC0154825C815501DD015502DD81573
:10D75000503DE015C825E815501FF015502FF8155D
:10D76000503F001640280816502810169021181611
:10D7700090312016C0282816D0283016902338164D
:10D7800090334016402948165029501690255816B7
:10D7900090356016C0296816901770169027781675
:10D7A0009037801648288816901990169029981658
:10D7B0009039A016C828A816901BB016902BB81642
:10D7C000903BC0164829C816901DD016902DD8162B
:10D7D000903DE016C829E816901FF016902FF81615
:10D7E000903F0017402C0817502C1017D021181705
:10D7F000D0312017C02C2817D02C3017D023381741
:10D80000D0334017402D4817502D5017D0255817AA
:10D81000D0356017C02D6817D0177017D02778172C
:10D82000D0378017482C8817D0199017D02998170F
:10D83000D039A017C82CA817D01BB017D02BB817F9
:10D84000D03BC017482DC817D01DD017D02DD817E2
:10D85000D03DE017C82DE817D01FF017D02FF817CC
:10D86000D03F001800300818103010181820181871
:10D8700018302018803028189030301818223818A6
:10D880001832401800314818103150181824581810
:10D89000183460188031681890317018182678187C
:10D8A00018368018083088181830901818289818DA
:10D8B0001838A0188830A818181AB018182AB818DC
:10D8C000183AC0180831C818181CD018182CD818C5
:10D8D000183CE0188831E818181EF018182EF818AF
:10D8E000183E00190034081910341019582018195E
:10D8F000583020198034281990343019582238199A
:10D900005832401900354819103550195824581903
:10D91000583460198035681990357019582678196F
:10D9200058368019083488191834901958289819CD
:10D930005838A0198834A819581AB019582AB81993
:10D94000583AC0190835C819581CD019582CD8197C
:10D95000583CE0198835E819581EF019582EF81966
:10D96000583E001A0038081A1038101A9820181A51
:10D970009830201A8038281A9038301A9822381A8D
:10D980009832401A0039481A1039501A9824581AF7
:10D990009834601A8039681A9039701A9826781A63
:10D9A0009836801A0838881A1838901A9828981AC1
:10D9B0009838A01A8838A81A9838B01A982AB81A2D
:10D9C000983AC01A0839C81A981CD01A982CD81A34
:10D9D000983CE01A8839E81A981EF01A982EF81A1E
:10D9E000983E001B003C081B103C101BD820181B45
:10D9F000D830201B803C281B903C301BD822381B81
:10DA0000D832401B003D481B103D501BD824581BEA
:10DA1000D834601B803D681B903D701BD826781B56
:10DA2000D836801B083C881B183C901BD828981BB4
:10DA3000D838A01B883CA81B983CB01BD82AB81B20
:10DA4000D83AC01B083DC81BD81CD01BD82CD81BEB
:10DA5000D83CE01B883DE81BD81EF01BD82EF81BD5
:10DA6000D83E001C4030081C5030101C1821181CD7
:10DA70001831201CC030281CD030301C1823381C12
:10DA80001833401C4031481C5031501C1825581C7C
:10DA90001835601CC031681CD031701C1827781CE8
:10DAA0001837801C4830881C5830901C1829981C46
:10DAB0001839A01CC830A81CD830B01C182BB81CB2
:10DAC000183BC01C4831C81C181DD01C182DD81C70
:10DAD000183DE01CC831E81C181FF01C182FF81C5A
:10DAE000183F001D4034081D5034101D5821181DCA
:10DAF0005831201DC034281DD034301D5823381D06
:10DB00005833401D4035481D5035501D5825581D6F
:10DB10005835601DC035681DD035701D5827781DDB
:10DB20005837801D4834881D5834901D5829981D39
:10DB30005839A01DC834A81DD834B01D582BB81DA5
:10DB4000583BC01D4835C81D5835D01D582DD81D0F
:10DB5000583DE01DC835E81D581FF01D582FF81D11
:10DB6000583F001E4038081E5038101E9821181EBD
:10DB70009831201EC038281ED038301E9823381EF9
:10DB80009833401E4039481E5039501E9825581E63
:10DB90009835601EC039681ED039701E9827781ECF
:10DBA0009837801E4838881E5838901E9829981E2D
:10DBB0009839A01EC838A81ED838B01E982BB81E99
:10DBC000983BC01E4839C81E5839D01E982DD81E03
:10DBD000983DE01EC839E81E981FF01E982FF81EC9
:10DBE000983F001F403C081F503C101FD821181FB1
:10DBF000D831201FC03C281FD03C301FD823381FED
:10DC0000D833401F403D481F503D501FD825581F56
:10DC1000D835601FC03D681FD03D701FD827781FC2
:10DC2000D837801F483C881F583C901FD829981F20
:10DC3000D839A01FC83CA81FD83CB01FD82BB81F8C
:10DC4000D83BC01F483DC81F583DD01FD82DD81FF6
:10DC5000D83DE01FC83DE81FD83DF01FD82FF81F62
:10DC6000D83F082080201020202018202030282095
:10DC700080283020202238202032402000214820D7
:10DC8000C0205020202458202034602010246820F8
:10DC9000C0287020202678202036882080309020D0
:10DCA000202898202038A0200830A8208038B020D4
:10DCB000202AB820203AC0200821C820C030D02017
:10DCC000202CD820203CE0200831E820C038F0206B
:10DCD000202EF820203E0021002408218021102140
:10DCE000102418216030202120242821802930216F
:10DCF000602238216032402100254821C021502176
:10DD0000602458216034602150246821C02970218A
:10DD10006026782160368021082488218031902176
:10DD2000602898216038A0210834A8218039B021CA
:10DD3000602AB821603AC0210825C821C031D0210D
:10DD4000602CD821603CE0210835E821C039F02161
:10DD5000602EF821603E0022003008228030102220
:10DD600008301822A03020221030282288283022A3
:10DD7000A0223822A032402240304822C030502217
:10DD8000A0245822A034602250306822C828702273
:10DD9000A0267822A0368022203088228830902247
:10DDA000A0289822A038A0221830A8228838B022B3
:10DDB000A02AB822A03AC0226030C822C830D0229F
:10DDC000A02CD822A03CE0221831E822C838F0224A
:10DDD000A02EF822A03E002300310823803110231A
:10DDE00008311823E03020231031282388293023DC
:10DDF00018313823E032402340314823C0315023CA
:10DE0000E0245823E034602350316823C82970236C
:10DE1000E0267823E0368023182488238831902355
:10DE2000E0289823E038A0231834A8238839B023A9
:10DE3000E02AB823E03AC0231825C823C831D023EC
:10DE4000E02CD823E03CE0231835E823C839F02340
:10DE5000E02EF823E03E08248024102420241824F7
:10DE600020312824802C30241031382420334024C1
:10DE700000254824C024502420255824203560241F
:10DE800010256824C02C702420277824203788246B
:10DE900080349024202998242039A0244830A824B4
:10DEA000803CB024202BB824203BC0240825C82463
:10DEB000C034D024202DD824203DE0244831E8244B
:10DEC000C03CF024202FF824203F08258025102571
:10DED0002025182560312825802D30255031382502
:10DEE00060334825C02550256025582560356825B4
:10DEF000C02D7025602778256037882580359025CE
:10DF0000602998256039A0254834A825803DB02592
:10DF1000602BB825603BC825C035D025602DD8259D
:10DF2000603DE0254835E825C03DF025602FF82507
:10DF3000603F002600340826803410260834182656
:10DF4000A031202610342826882C30261834382674
:10DF5000A033402640344826C03450264834582642
:10DF6000A035602650346826C82C7026A027782655
:10DF7000A03780262034882688349026A029982629
:10DF8000A039A0265830A826883CB026A02BB82659
:10DF9000A03BC0266034C826C834D026A02DD82681
:10DFA000A03DE0265831E826C83CF026A02FF826F0
:10DFB000A03F00270035082780351027083518278F
:10DFC000E031202710352827882D302718353827AD
:10DFD000E033402740354827C0355027483558277B
:10DFE000E035602750356827C82D7027E02778274F
:10DFF000E03780272035882788359027E029982723
:10E00000E039A0275834A827883DB027E02BB8274F
:10E01000E03BC0276035C827C835D027E02DD8277A
:10E02000E03DE0275835E827C83DF027E02FF827E6
:10E03000E03F082820281028802818282830282881
:10E04000902830288828382828324028002C482852
:10E05000202C5028802C582828346028082C682828
:10E06000D0287028882C782828368828903098283E
:10E070002838A0282830A8289038B028282AB8287E
:10E08000283AC028102CC828D030D028282CD828CE
:10E09000283CE028182CE828D038F028282EF8282A
:10E0A000283E0029002C0829082C1029102C18299A
:10E0B00068302029202C282990293029D03038296F
:10E0C00068324029402C4829602C5029C02C5829FE
:10E0D00068346029482C6829D0297029C82C7829EF
:10E0E00068368029802C882990319029282C9829FD
:10E0F0006838A0292834A8299039B029682AB82975
:10E10000683AC029502CC829D031D029682CD82988
:10E11000683CE029582CE829D039F029682EF829E4
:10E12000683E002A0038082A2038102A8038182A29
:10E13000A830202A0838282A2838302A8838382A4F
:10E14000A832402A003C482A203C502A803C582AC9
:10E15000A834602A083C682A283C702A883C782A1F
:10E16000A836802A1038882A9830902A9038982A21
:10E17000A838A02A1838A82A9838B02A9838B82A77
:10E18000A83AC02A103CC82AD830D02AA82CD82AAD
:10E19000A83CE02A183CE82AD838F02AA82EF82A09
:10E1A000A83E002B4038082B6038102BC038182BA5
:10E1B000E830202B4838282B6838302BC838382BCB
:10E1C000E832402B403C482B603C502BC03C582B45
:10E1D000E834602B483C682B683C702BC83C782B9B
:10E1E000E836802B5038882B9831902BD038982BDC
:10E1F000E838A02B5838A82B9839B02BD838B82B32
:10E20000E83AC02B503CC82BD831D02BE82CD82B67
:10E21000E83CE02B583CE82BD839F02BE82EF82BC3
:10E22000E83E082C202C102C802C182C2831282C6F
:10E23000902C302C9031382C2833402C002D482C39
:10E24000202D502C802D582C2835602C082D682C22
:10E25000D02C702C882D782C2837882C9034982C32
:10E260002839A02C6830A82C903CB02C6838B82CE9
:10E27000283BC02C102DC82CD034D02C282DD82CC5
:10E28000283DE02C182DE82CD03CF02C282FF82C21
:10E29000283F082D202D102D802D182D6831282D78
:10E2A000902D302DD031382D6833482D602D502DD4
:10E2B000C02D582D6835682DD02D702DC82D782D86
:10E2C0006837882D9035982D6839A02D6834A82D91
:10E2D000903DB02D683CB82D683BC82DD035D82D69
:10E2E000683DE02D6835E82DD03DF02D682FF82DE4
:10E2F000683F002E0039082E2039102E8039182E44
:10E30000A831202E0839282E2839302E8839382E69
:10E31000A833402E003D482E203D502E803D582EE3
:10E32000A835602E083D682E283D702E883D782E39
:10E33000A837802E1039882E9834902E9039982E38
:10E34000A839A02E1839A82E983CB02E9839B82E8E
:10E35000A83BC02E103DC82ED834D02E903DD82ECC
:10E36000A83DE02E183DE82ED83CF02EA82FF82E20
:10E37000A83F002F4039082F6039102FC039182FBF
:10E38000E831202F4839282F6839302FC839382FE5
:10E39000E833402F403D482F603D502FC03D582F5F
:10E3A000E835602F483D682F683D702FC83D782FB5
:10E3B000E837802F5039882F9835902FD039982FF3
:10E3C000E839A02F5839A82F983DB02FD839B82F49
:10E3D000E83BC02F503DC82FD835D02FD03DD82F87
:10E3E000E83DE02F583DE82FD83DF02FD83DF82FDD
:10E3F000E83F18303030383030324030003148306B
:10E4000008315030103158303034603020316830AD
:10E41000283170301834783030368830A030983059
:10E420003038A830A038B0308838B830303AC030F2
:10E430008031C830E030D0309031D830303CE030DE
:10E440008831E830E038F0308839F830303E00313B
:10E4500000340831083410311034183118342031A8
:10E460002034283128343031303438317032403162
:10E47000003548310835503110355831703460312D
:10E480002035683128357031583478317036803114
:10E4900080348831A0319031903498317038A03177
:10E4A0008834A831A039B031883CB831703AC031D5
:10E4B0008035C831E031D0319035D831703CE03111
:10E4C0008835E831E039F031883DF831703E00326E
:10E4D0000038083280381032083818328838203234
:10E4E000103828329038303218383832B032403252
:10E4F00040384832C038503248385832B034603230
:10E5000050386832D038703258387832B03680326D
:10E5100020388832A038903228389832B038A0326B
:10E520003038A832A838B0329838B832B03AC03251
:10E530006038C832E038D0326838D832B03CE03287
:10E540007038E832E838F0329839F832B03E0033AB
:10E5500000390833803910330839183388392033AB
:10E5600010392833903930331839383398394033DB
:10E5700040394833C039503348395833F034603368
:10E5800050396833D039703358397833F0368033A6
:10E5900020398833A039903328399833F038A033A4
:10E5A0009834A833A839B033983CB833F03AC03324
:10E5B0006039C833E039D0336839D833F03CE033C0
:10E5C0009835E833E839F033983DF833F03E1834A5
:10E5D0003034383418394034003548340835503434
:10E5E000103558343035603420356834283570346F
:10E5F0001835783430378834A03498343039A8341A
:10E60000A03CB034C838B834303BC0348035C8344E
:10E61000E034D0349035D834303DE0348835E834B7
:10E62000E03CF034C839F834303F183530353835EF
:10E63000583958357035783570378835A035983564
:10E640007039A835A03DB035C83CB835703BC835E9
:10E65000E035D835703DE835E03DF035C83DF8355A
:10E66000703F0036003C0836803C1036083C1836B7
:10E67000883C2036103C2836903C3036183C3836E2
:10E68000983C4036403C4836C03C5036483C5836B2
:10E69000C83C6036503C6836D03C7036583C7836C2
:10E6A000B0378036203C8836A03C9036283C9836DF
:10E6B000B039A036303CA836A83CB036D838B83689
:10E6C000B03BC036603CC836E03CD036683CD836FB
:10E6D000B03DE036703CE836E83CF036D839F836E4
:10E6E000B03F0037003D0837803D1037083D1837F0
:10E6F000883D2037103D2837903D3037183D38375A
:10E70000983D4037403D4837C03D5037483D583729
:10E71000C83D6037503D6837D03D7037583D783739
:10E72000F0378037203D8837A03D9037283D983717
:10E73000F039A037303DA837A83DB037D83CB837BE
:10E74000F03BC037603DC837E03DD037683DD83733
:10E75000F03DE037703DE837E83DF037D83DF83719
:10E76000F03F383898384038003948380839503840
:10E7700010395838183960382039683828397038D5
:10E7800030397838983CA838B038B838383AC0387A
:10E790008039C8388839D0389039D838383CE03892
:10E7A000A039E838F038F838383EF038A839003960
:10E7B000003C0839083C1039103C1839183C203905
:10E7C000203C2839283C3039303C3839383C4039F5
:10E7D000003D4839083D5039103D5839183D6039E1
:10E7E000203D6839283D7039303D7839D83C803932
:10E7F000803C8839883C9039903C9839983CA039C5
:10E80000A03CA839B039B839783AB039A83CC039F9
:10E81000803DC839883DD039903DD839783CE039C1
:10E82000A03DE839F039F839783EF039A83D083A8A
:10E83000103A103A203A183A303A203A803A283AB8
:10E84000903A303AA03A383AB03A403A003B483A27
:10E85000103B503A203B583A303B603A803B683A94
:10E86000903B703AA03B783AB03B883AA03A983A4D
:10E87000B03AA83AB03AC03A083BC83A183BD03A46
:10E88000283BD83AB83CE03A883BE83A983BF03A23
:10E89000A83BF83AB83E003B003E083B103E103B18
:10E8A000203E183B303E203B803E283B903E303B94
:10E8B000A03E383BB03E403B003F483B103F503B02
:10E8C000203F583B303F603B803F683B903F703B70
:10E8D000A03F783BB03F803B083E883B183E903BD2
:10E8E000283E983B383EA03B883EA83B983EB03B34
:10E8F000A83EB83BB83EC03B083FC83B183FD03BA2
:10E90000283FD83BF83CE03B883FE83B983FF03B52
:10E91000A83FF83BF83E383C983C403C003D483C22
:10E92000083D503C103D583C183D603C203D683C43
:10E93000283D703C303D783C983DA83CB03CB83C0C
:10E94000B03EC03C803DC83C883DD03C903DD83C6A
:10E95000383DE03CA03DE83CF03CF03CA83DF83CB4
:10E96000383F383D983D783DD83DA83DB03DB83D55
:10E97000B03FE83DF03D083E803EF83D783F103E18
:10E98000803E183E883E203E803E283E903E303EEF
:10E99000883E383E983E403E003F483E203F503E35
:10E9A000803F583EA03F603E083F683E283F703E93
:10E9B000883F783EA83F883EA03E983EA83EC03E95
:10E9C000103FA83EB03EC83E303FD03E903FD83EBC
:10E9D000B03FE03E183FE83E383FF03E983F083FEA
:10E9E000803FF83EB83F103F803F183F883F203FB0
:10E9F000803F283F903F303F883F383F983F483F17
:10EA0000503F503F603F583F703F603FC03F683FBE
:10EA1000D03F703FE03F783FF03F883FA03F983FB6
:10EA2000A83FA83FB03FD83FF03FC83FE03FE83F96
:10EA3000F03F08000002100000041800000620004B
:10EA400040002800400230004004380040064000EA
:10EA5000800048008002500080045800800660005A
:10EA6000C0006800C0027000C0047800C0068000CA
:10EA70000001880000039000000598000007A00036
:10EA80004001A8004003B0004005B8004007C000A6
:10EA90008001C8008003D0008005D8008007E00016
:10EAA000C001E800C003F000C005F800C007000185
:10EAB00000020801080210010804180108062001DC
:10EAC000800228014802300148043801480640010C
:10EAD000000348018802500188045801880660013B
:10EAE00080036801C8027001C8047801C80680016B
:10EAF0000802880108039001080598010807A00191
:10EB00008802A8014803B0014805B8014807C001C0
:10EB10000803C8018803D0018805D8018807E001EF
:10EB20008803E801C803F001C805F801C807080216
:10EB30001002000200041002100418021006200245
:10EB4000800428025002300250043802500640026D
:10EB5000000548029002500290045802900660029C
:10EB600080056802D0027002D0047802D0068002CC
:10EB70000804880210039002100598021007A002F2
:10EB80008804A8025003B0025005B8025007C00222
:10EB90000805C8029003D0029005D8029007E00251
:10EBA0008805E802D003F002D005F802D007000380
:10EBB00000060803100610031804180318062003A3
:10EBC0008006280390063003580438035806400393
:10EBD0000007480310075003980458039806600381
:10EBE0008007680390077003D8047803D806800371
:10EBF0000806880318069003180598031807A00351
:10EC00008806A8039806B0035805B8035807C00340
:10EC10000807C8031807D0039805D8039807E0032E
:10EC20008807E8039807F003D805F803D807080415
:10EC300080041004200418042006280480053004F1
:10EC40006004380460064004000648048804500448
:10EC5000A0045804A0066004100668048805700427
:10EC6000E0047804E00688048006900420059804F7
:10EC70002007A0040806A8048007B0046005B804B3
:10EC80006007C0042006C8048806D004A005D80484
:10EC9000A007E0041806E8048807F004E005F8047B
:10ECA000E007080520051005800518052806280539
:10ECB00090053005880538056806400500074805B9
:10ECC0002007500580075805A80660050807680555
:10ECD0009805700588077805E80688059006980568
:10ECE0002807A0052806A8059007B0052807B8053D
:10ECF0006807C0051007C8059806D0059007D80515
:10ED0000A807E0051807E8059807F0059807F80533
:10ED1000E807180630063806700640060007480661
:10ED20008007500608075806B006600610076806F8
:10ED30009007700618077806F0068806A006980661
:10ED40003007A806A007B0068807B8067007C006F7
:10ED50002007C806A007D0062807D806B007E00697
:10ED60003007E806A807F0069807F806F0074807F6
:10ED70005007380798075007600758077007600763
:10ED8000C0076807D0077807F0077007E007B807E3
:10ED9000F007A807B007D807F007C807E007E8079B
:10EDA000F00708004000100080001800C00020009C
:10EDB000400028004800300088003800C8004000AB
:10EDC0008000480050005800D000500090006000C3
:10EDD000C0006800D000700098007800D80088005B
:10EDE000C0009000A000A800D0009800E000B00093
:10EDF000D000B800E800D800F000C800E000E8004B
:10EE0000F000080000101000002018000030200062
:10EE100000402800005030000060380000704000C2
:10EE2000000248000012500000225800003260002A
:10EE3000004268000052700000627800007280009A
:10EE40000004880000149000002498000034A00002
:10EE50000044A8000054B0000064B8000074C00072
:10EE60000006C8000016D0000026D8000036E000DA
:10EE70000046E8000056F0000066F8000076000149
:10EE800000080801001810010028180100382001AE
:10EE9000004828010058300100683801007840011E
:10EEA000000A4801001A5001002A5801003A600186
:10EEB000004A6801005A7001006A7801007A8001F6
:10EEC000000C8801001C9001002C9801003CA0015E
:10EED000004CA801005CB001006CB801007CC001CE
:10EEE000000EC801001ED001002ED801003EE00136
:10EEF000004EE801005EF001006EF801007E08029D
:10EF000040101002402018024030200240402802E9
:10EF100040503002406038024070480240125002B7
:10EF20004022580240326002404268024052700261
:10EF300040627802407280024004880240149002CD
:10EF4000402498024034A0024044A8024054B00239
:10EF50004064B8024074C0024006C8024016D002A5
:10EF60004026D8024036E0024046E8024056F00211
:10EF70004066F8024076000340080803401810037A
:10EF800040281803403820034048280340583003E5
:10EF90004068380340784003400A4803401A500351
:10EFA000402A5803403A6003404A6803405A7003BD
:10EFB000406A7803407A8003400C8803401C900329
:10EFC000402C9803403CA003404CA803405CB00395
:10EFD000406CB803407CC003400EC803401ED00301
:10EFE000402ED803403EE003404EE803405EF0036D
:10EFF000406EF803407E080480101004802018043E
:10F000008030200480402804805030048060380420
:10F0100080704804801250048022580480326004BA
:10F020008042680480527004806278048072880490
:10F0300080149004802498048034A0048044A804A0
:10F040008054B0048064B8048074C0048006C8048E
:10F050008016D0048026D8048036E0048046E80478
:10F060008056F0048066F804807600058008080564
:10F07000801810058028180580382005804828054C
:10F08000805830058068380580784005800A48053A
:10F09000801A5005802A5805803A6005804A680524
:10F0A000805A7005806A7805807A8005800C880512
:10F0B000801C9005802C9805803CA005804CA805FC
:10F0C000805CB005806CB805807CC005800EC805EA
:10F0D000801ED005802ED805803EE005804EE805D4
:10F0E000805EF005806EF805807E0806C010100670
:10F0F000C0201806C0302006C0402806C050300688
:10F10000C0603806C0704806C0125006C0225806BB
:10F11000C0326006C0426806C0527006C0627806FF
:10F12000C0728806C0149006C0249806C034A00699
:10F13000C044A806C054B006C064B806C074C8066F
:10F14000C016D006C026D806C036E006C046E8067F
:10F15000C056F006C066F806C0760007C00808076B
:10F16000C0181007C0281807C0382007C048280753
:10F17000C0583007C0683807C0784007C00A480741
:10F18000C01A5007C02A5807C03A6007C04A68072B
:10F19000C05A7007C06A7807C07A8007C00C880719
:10F1A000C01C9007C02C9807C03CA007C04CA80703
:10F1B000C05CB007C06CB807C07CC007C00EC807F1
:10F1C000C01ED007C02ED807C03EE007C04EE807DB
:10F1D000C05EF007C06EF807C07E08080011100876
:10F1E000002118080031200800412808005130088B
:10F1F00000613808007148080013500800235808BF
:10F200000033600800436808005370080063780802
:10F210000073880800159008002598080035A0089C
:10F220000045A8080055B0080065B8080075C80872
:10F230000017D0080027D8080037E0080047E80882
:10F240000057F0080067F80800770809001910094E
:10F2500000291809003920090049280900593009F6
:10F260000069380900794009000B4809001B500962
:10F27000002B5809003B6009004B6809005B7009CE
:10F28000006B7809007B8009000D8809001D90093A
:10F29000002D9809003DA009004DA809005DB009A6
:10F2A000006DB809007DC009000FC809001FD00912
:10F2B000002FD809003FE009004FE809005FF0097E
:10F2C000006FF809007F080A4011100A4021180A4F
:10F2D0004031200A4041280A4051300A4061380A32
:10F2E0004071480A4013500A4023580A4033600ACC
:10F2F0004043680A4053700A4063780A4073880AA2
:10F300004015900A4025980A4035A00A4045A80AB1
:10F310004055B00A4065B80A4075C80A4017D00A7F
:10F320004027D80A4037E00A4047E80A4057F00A29
:10F330004067F80A4077080B4019100B4029180B5A
:10F340004039200B4049280B4059300B4069380B9D
:10F350004079480B401B500B402B580B403B600B37
:10F36000404B680B405B700B406B780B407B800B15
:10F37000400D880B401D900B402D980B403DA00B7D
:10F38000404DA80B405DB00B406DB80B407DC00BED
:10F39000400FC80B401FD00B402FD80B403FE00B55
:10F3A000404FE80B405FF00B406FF80B407F080CBC
:10F3B0008011100C8021180C8031200C8041280C09
:10F3C0008051300C8061380C8071480C8013500CD7
:10F3D0008023580C8033600C8043680C8053700C81
:10F3E0008063780C8073880C8015900C8025980CB5
:10F3F0008035A00C8045A80C8055B00C8065B80CF9
:10F400008075C80C8017D00C8027D80C8037E00C92
:10F410008047E80C8057F00C8067F80C8077080D67
:10F420008019100D8029180D8039200D8049280D74
:10F430008059300D8069380D8079480D801B500D42
:10F44000802B580D803B600D804B680D805B700DEC
:10F45000806B780D807B880D801D900D802D980D20
:10F46000803DA00D804DA80D805DB00D806DB80D64
:10F47000807DC00D800FC80D801FD00D802FD80D4E
:10F48000803FE00D804FE80D805FF00D806FF80D3C
:10F49000807F080EC011100EC021180EC031200E42
:10F4A000C041280EC051300EC061380EC071480EE8
:10F4B000C013500EC023580EC033600EC043680EF8
:10F4C000C053700EC063780EC073880EC015900EC6
:10F4D000C025980EC035A00EC045A80EC055B00E70
:10F4E000C065B80EC075C80EC017D00EC027D80EA4
:10F4F000C037E00EC047E80EC057F00EC067F80EE8
:10F50000C077080FC019100FC029180FC039200F7D
:10F51000C049280FC059300FC069380FC079480F53
:10F52000C01B500FC02B580FC03B600FC04B680F63
:10F53000C05B700FC06B780FC07B880FC01D900F31
:10F54000C02D980FC03DA00FC04DA80FC05DB00FDB
:10F55000C06DB80FC07DC80FC01FD00FC02FD80F0F
:10F56000C03FE00FC04FE80FC05FF00FC06FF80F53
:10F57000C07F1010082018100830201008402810F4
:10F5800008503010086038100870481008125010E9
:10F590000822581008326010084268100852701093
:10F5A00008627810087288100814901008249810C7
:10F5B0000834A0100844A8100854B0100864B8100B
:10F5C0000874C8100816D0100826D8100836E010A5
:10F5D0000846E8100856F0100866F810087608117A
:10F5E0000818101108281811083820110848281187
:10F5F000085830110868381108784811081A501155
:10F60000082A5811083A6011084A6811085A7011FE
:10F61000086A7811087A8811081C9011082C981132
:10F62000083CA011084CA811085CB011086CB81176
:10F63000087CC811081ED011082ED811083EE01110
:10F64000084EE811085EF011086EF811087E1012DD
:10F6500048201812483020124840281248503012D2
:10F6600048603812487050124822581248326012CE
:10F6700048426812485270124862781248728812E2
:10F6800048149012482498124834A0124844A812F2
:10F690004854B0124864B8124874C8124816D012C0
:10F6A0004826D8124836E0124846E8124856F0126A
:10F6B0004866F8124876081348181013482818139B
:10F6C00048382013484828134858301348683813DE
:10F6D00048784813481A5013482A5813483A601378
:10F6E000484A6813485A7013486A7813487A88134E
:10F6F000481C9013482C9813483CA013484CA8135E
:10F70000485CB013486CB813487CC813481ED0132B
:10F71000482ED813483EE013484EE813485EF013D5
:10F72000486EF813487E101488201814883020146E
:10F730008840281488503014886038148870501419
:10F7400088225814883260148842681488527014D1
:10F750008862781488729014882498148834A014CD
:10F760008844A8148854B0148864B8148874C814E1
:10F770008816D0148826D8148836E0148846E814F1
:10F780008856F0148866F8148876081588181015BD
:10F790008828181588382015884828158858301565
:10F7A0008868381588784815881A5015882A581599
:10F7B000883A6015884A6815885A7015886A7815DD
:10F7C000887A8815881C9015882C9815883CA01577
:10F7D000884CA815885CB015886CB815887CC8154D
:10F7E000881ED015882ED815883EE015884EE8155D
:10F7F000885EF015886EF815887E1016C8201816D9
:10F80000C8302016C8402816C8503016C8603816B0
:10F81000C8705016C8225816C8326016C8426816FA
:10F82000C8527016C8627816C8729016C824981606
:10F83000C834A016C844A816C854B016C864B81670
:10F84000C874D016C826D816C836E016C846E816BA
:10F85000C856F016C866F816C8760817C8181017E4
:10F86000C8281817C8382017C8482817C85830178C
:10F87000C8683817C8784817C81A5017C82A5817C0
:10F88000C83A6017C84A6817C85A7017C86A781704
:10F89000C87A8817C81C9017C82C9817C83CA0179E
:10F8A000C84CA817C85CB017C86CB817C87CC81774
:10F8B000C81ED017C82ED817C83EE017C84EE81784
:10F8C000C85EF017C86EF817C87E101808211818FF
:10F8D00008312018084128180851301808613818D4
:10F8E000087150180823581808336018084368181E
:10F8F000085370180863781808739018082598182A
:10F900000835A0180845A8180855B0180865B81893
:10F910000875D0180827D8180837E0180847E818DD
:10F920000857F0180867F8180877101908291819E7
:10F93000083920190849281908593019086938194F
:10F9400008794819081B5019082B5819083B6019E9
:10F95000084B6819085B7019086B7819087B8819BF
:10F96000081D9019082D9819083DA019084DA819CF
:10F97000085DB019086DB819087DC819081FD0199D
:10F98000082FD819083FE019084FE819085FF01947
:10F99000086FF819087F101A4821181A4831201AE0
:10F9A0004841281A4851301A4861381A4871501A8B
:10F9B0004823581A4833601A4843681A4853701A43
:10F9C0004863781A4873901A4825981A4835A01A3F
:10F9D0004845A81A4855B01A4865B81A4875D01A4B
:10F9E0004827D81A4837E01A4847E81A4857F01A03
:10F9F0004867F81A4877101B4829181B4839201BFC
:10FA00004849281B4859301B4869381B4879501B06
:10FA1000482B581B483B601B484B681B485B701BBE
:10FA2000486B781B487B881B481D901B482D981BF2
:10FA3000483DA01B484DA81B485DB01B486DB81B36
:10FA4000487DC81B481FD01B482FD81B483FE01BD0
:10FA5000484FE81B485FF01B486FF81B487F101C9D
:10FA60008821181C8831201C8841281C8851301C92
:10FA70008861381C8871501C8823581C8833601C8E
:10FA80008843681C8853701C8863781C8873901C9A
:10FA90008825981C8835A01C8845A81C8855B01C52
:10FAA0008865B81C8875D01C8827D81C8837E01C4E
:10FAB0008847E81C8857F01C8867F81C8877101D59
:10FAC0008829181D8839201D8849281D8859301D0E
:10FAD0008869381D8879501D882B581D883B601D0A
:10FAE000884B681D885B701D886B781D887B901D16
:10FAF000882D981D883DA01D884DA81D885DB01DCE
:10FB0000886DB81D887DC81D881FD01D882FD81D01
:10FB1000883FE01D884FE81D885FF01D886FF81D45
:10FB2000887F101EC821181EC831201EC841281EFB
:10FB3000C851301EC861381EC871501EC823581ED7
:10FB4000C833601EC843681EC853701EC863781E41
:10FB5000C873901EC825981EC835A01EC845A81E8B
:10FB6000C855B01EC865B81EC875D01EC827D81E97
:10FB7000C837E01EC847E81EC857F01EC867F81E01
:10FB8000C877101FC829181FC839201FC849281F47
:10FB9000C859301FC869381FC879501FC82B581F53
:10FBA000C83B601FC84B681FC85B701FC86B781FBD
:10FBB000C87B901FC82D981FC83DA01FC84DA81F07
:10FBC000C85DB01FC86DB81FC87DD01FC82FD81F13
:10FBD000C83FE01FC84FE81FC85FF01FC86FF81F7D
:10FBE000C87F1820103020201040282010503020CE
:10FBF00010603820107050201022582010326020E1
:10FC000010426820105270201062782010729020EC
:10FC1000102498201034A0201044A8201054B020A4
:10FC20001064B8201074D0201026D8201036E020A0
:10FC30001046E8201056F0201066F82010761021AB
:10FC40001028182110382021104828211058302160
:10FC50001068382110785021102A5821103A60215C
:10FC6000104A6821105A7021106A7821107A902168
:10FC7000102C9821103CA021104CA821105CB02120
:10FC8000106CB821107CD021102ED821103EE0211C
:10FC9000104EE821105EF021106EF821107E18221F
:10FCA00050302022504028225050302250603822BC
:10FCB00050705822503260225042682250527022B6
:10FCC0005062782250729022502498225034A02200
:10FCD0005044A8225054B0225064B8225074D0220C
:10FCE0005026D8225036E0225046E8225056F022C4
:10FCF0005066F822507610235028182350382023BD
:10FD000050482823505830235068382350785023C7
:10FD1000502A5823503A6023504A6823505A70237F
:10FD2000506A7823507A9023502C9823503CA0237B
:10FD3000504CA823505CB023506CB823507CD02387
:10FD4000502ED823503EE023504EE823505EF0233F
:10FD5000506EF823507E18249030202490402824A0
:10FD60009050302490603824907058249032602451
:10FD70009042682490527024906278249072982463
:10FD80009034A0249044A8249054B0249064B824C3
:10FD90009074D0249026D8249036E0249046E8240D
:10FDA0009056F0249066F824907610259028182517
:10FDB000903820259048282590583025906838257F
:10FDC00090785025902A5825903A6025904A6825C9
:10FDD000905A7025906A7825907A9025902C9825D5
:10FDE000903CA025904CA825905CB025906CB8253F
:10FDF000907CD025902ED825903EE025904EE82589
:10FE0000905EF025906EF825907E1826D030202642
:10FE1000D0402826D0503026D0603826D0705826C2
:10FE2000D0326026D0426826D0527026D062782622
:10FE3000D0729826D034A026D044A826D054B0261C
:10FE4000D064B826D074D826D036E026D046E8262E
:10FE5000D056F026D066F826D0761027D02818275E
:10FE6000D0382027D0482827D0583027D0683827C6
:10FE7000D0785027D02A5827D03A6027D04A682710
:10FE8000D05A7027D06A7827D07A9027D02C98271C
:10FE9000D03CA027D04CA827D05CB027D06CB82786
:10FEA000D07CD027D02ED827D03EE027D04EE827D0
:10FEB000D05EF027D06EF827D07E18281031202889
:10FEC0001041282810513028106138281071582806
:10FED0001033602810436828105370281063782866
:10FEE000107398281035A0281045A8281055B02860
:10FEF0001065B8281075D8281037E0281047E82872
:10FF00001057F0281067F828107718291039202981
:10FF10001049282910593029106938291079502999
:10FF2000102B5829103B6029104B6829105B702951
:10FF3000106B7829107B9029102D9829103DA0294D
:10FF4000104DA829105DB029106DB829107DD02959
:10FF5000102FD829103FE029104FE829105FF02911
:10FF6000106FF829107F182A5031202A5041282A72
:10FF70005051302A5061382A5071582A5033602A23
:10FF80005043682A5053702A5063782A5073982A35
:10FF90005035A02A5045A82A5055B02A5065B82A95
:10FFA0005075D82A5037E02A5047E82A5057F02A8F
:10FFB0005067F82A5077182B5039202B5049282B9E
:10FFC0005059302B5069382B5079582B503B602BAF
:10FFD000504B682B505B702B506B782B507B902BC9
:10FFE000502D982B503DA02B504DA82B505DB02B81
:10FFF000506DB82B507DD02B502FD82B503FE02B7D
:020000040802F0
:10000000504FE82B505FF02B506FF82B507F182C7F
:100010009031202C9041282C9051302C9061382C1C
:100020009071582C9033602C9043682C9053702C16
:100030009063782C9073982C9035A02C9045A82C28
:100040009055B02C9065B82C9075D82C9037E02C3A
:100050009047E82C9057F02C9067F82C9077182D4B
:100060009039202D9049282D9059302D9069382DA8
:100070009079582D903B602D904B682D905B702DA2
:10008000906B782D907B982D903DA02D904DA82DB4
:10009000905DB02D906DB82D907DD02D902FD82DE6
:1000A000903FE02D904FE82D905FF02D906FF82D50
:1000B000907F182ED031202ED041282ED051302EB6
:1000C000D061382ED071582ED033602ED043682E98
:1000D000D053702ED063782ED073982ED035A02EAA
:1000E000D045A82ED055B02ED065B82ED075D82EBC
:1000F000D037E02ED047E82ED057F02ED067F82E1C
:10010000D077182FD039202FD049282FD059302F11
:10011000D069382FD079582FD03B602FD04B682F23
:10012000D05B702FD06B782FD07B982FD03DA02F35
:10013000D04DA82FD05DB02FD06DB82FD07DD82F47
:10014000D03FE02FD04FE82FD05FF02FD06FF82FA7
:10015000D07F2030184028301850303018603830A8
:1001600018705830183260301842683018527030A9
:1001700018627830187298301834A0301844A830BB
:100180001854B0301864B8301874D8301836E030CD
:100190001846E8301856F0301866F83018761831DE
:1001A000183820311848283118583031186838313B
:1001B00018785831183A6031184A6831185A703135
:1001C000186A7831187A9831183CA031184CA83147
:1001D000185CB031186CB831187CD831183EE03159
:1001E000184EE831185EF031186EF831187E203262
:1001F0005840283258503032586038325870603287
:100200005842683258527032586278325872983276
:100210005834A0325844A8325854B0325864B832D6
:100220005874D8325836E0325846E8325856F032D0
:100230005866F832587618335838203358482833DF
:10024000585830335868383358785833583A6033F0
:10025000584A6833585A7033586A7833587A983302
:10026000583CA033584CA833585CB033586CB83362
:10027000587CD833583EE033584EE833585EF0335C
:10028000586EF833587E20349840283498503034D3
:10029000986038349870603498426834985270345A
:1002A000986278349872A0349844A8349854B03442
:1002B0009864B8349874D8349836E0349846E83462
:1002C0009856F0349866F834987618359838203572
:1002D0009848283598583035986838359878583582
:1002E000983A6035984A6835985A7035986A7835E2
:1002F000987A9835983CA035984CA835985CB035DC
:10030000986CB835987CD835983EE035984EE835ED
:10031000985EF035986EF835987E2036D8402836AD
:10032000D8503036D8603836D8706036D842683603
:10033000D8527036D8627836D872A036D844A836EB
:10034000D854B036D864B836D874E036D846E836D3
:10035000D856F036D866F836D8761837D8382037D9
:10036000D8482837D8583037D8683837D8785837E9
:10037000D83A6037D84A6837D85A7037D86A783749
:10038000D87A9837D83CA037D84CA837D85CB03743
:10039000D86CB837D87CD837D83EE037D84EE83755
:1003A000D85EF037D86EF837D87E20381841283814
:1003B0001851303818613838187160381843683867
:1003C00018537038186378381873A0381845A8384F
:1003D0001855B0381865B8381875E0381847E83837
:1003E0001857F0381867F83818772039184928391D
:1003F000185930391869383918795839183B603923
:10040000184B6839185B7039186B7839187B983934
:10041000183DA039184DA839185DB039186DB83994
:10042000187DD839183FE039184FE839185FF0398E
:10043000186FF839187F203A5841283A5851303A05
:100440005861383A5871603A5843683A5853703A8C
:100450005863783A5873A03A5845A83A5855B03A74
:100460005865B83A5875E03A5847E83A5857F03A5C
:100470005867F83A5877203B5849283B5859303B41
:100480005869383B5879603B584B683B585B703B28
:10049000586B783B587B983B583DA03B584DA83B48
:1004A000585DB03B586DB83B587DD83B583FE03B5A
:1004B000584FE83B585FF03B586FF83B587F203C63
:1004C0009841283C9851303C9861383C9871603C88
:1004D0009843683C9853703C9863783C9873A03C70
:1004E0009845A83C9855B03C9865B83C9875E03C58
:1004F0009847E83C9857F03C9867F83C9877203D3F
:100500009849283D9859303D9869383D9879603D23
:10051000984B683D985B703D986B783D987BA03D0B
:10052000984DA83D985DB03D986DB83D987DD83DFB
:10053000983FE03D984FE83D985FF03D986FF83D5B
:10054000987F203ED841283ED851303ED861383E71
:10055000D871603ED843683ED853703ED863783E29
:10056000D873A03ED845A83ED855B03ED865B83E11
:10057000D875E03ED847E83ED857F03ED867F83EF9
:10058000D877203FD849283FD859303FD869383FDD
:10059000D879603FD84B683FD85B703FD86B783FC5
:1005A000D87BA03FD84DA83FD85DB03FD86DB83FAD
:1005B000D87DE03FD84FE83FD85FF03FD86FF83F95
:1005C000D87F284020503040206038402070604064
:1005D0002042684020527040206278402072A04043
:1005E0002044A8402054B0402064B8402074E0402B
:1005F0002046E8402056F0402066F8402076204112
:1006000020482841205830412068384120786041F6
:10061000204A6841205A7041206A7841207AA041DE
:10062000204CA841205CB041206CB841207CE041C6
:10063000204EE841205EF041206EF841207E2842A5
:100640006050304260603842607068426052704270
:10065000606278426072A0426044A8426054B04236
:100660006064B8426074E0426046E8426056F0421E
:100670006066F84260762043604828436058304303
:100680006068384360786043604A6843605A7043EA
:10069000606A7843607AA043604CA843605CB043D2
:1006A000606CB843607CE043604EE843605EF043BA
:1006B000606EF843607E2844A0503044A060384407
:1006C000A0706844A0527044A0627844A072A8440C
:1006D000A054B044A064B844A074E044A046E844E8
:1006E000A056F044A066F844A0762045A0482845CE
:1006F000A0583045A0683845A0786045A04A6845B4
:10070000A05A7045A06A7845A07AA045A04CA8459B
:10071000A05CB045A06CB845A07CE045A04EE84583
:10072000A05EF045A06EF845A07E2846E050304619
:10073000E0603846E0706846E0527046E062784615
:10074000E072A846E054B046E064B846E074E8467B
:10075000E056F046E066F846E0762047E048284755
:10076000E0583047E0683847E0786047E04A68473B
:10077000E05A7047E06A7847E07AA047E04CA84723
:10078000E05CB047E06CB847E07CE047E04EE8470B
:10079000E05EF047E06EF847E07E284820513048A0
:1007A0002061384820716848205370482063784899
:1007B0002073A8482055B0482065B8482075E848FF
:1007C0002057F0482067F8482077284920593049B9
:1007D0002069384920796049204B6849205B70497D
:1007E000206B7849207BA049204DA849205DB04965
:1007F000206DB849207DE049204FE849205FF0494D
:10080000206FF849207F284A6051304A6061384A99
:100810006071684A6053704A6063784A6073A84A9E
:100820006055B04A6065B84A6075E84A6057F04A5A
:100830006067F84A6077284B6059304B6069384BE5
:100840006079684B605B704B606B784B607BA04B52
:10085000604DA84B605DB04B606DB84B607DE04B68
:10086000604FE84B605FF04B606FF84B607F284C47
:10087000A051304CA061384CA071684CA053704C12
:10088000A063784CA073A84CA055B04CA065B84CA0
:10089000A075E84CA057F04CA067F84CA077284D05
:1008A000A059304DA069384DA079684DA05B704DBE
:1008B000A06B784DA07BA84DA05DB04DA06DB84D4C
:1008C000A07DE04DA04FE84DA05FF04DA06FF84D2A
:1008D000A07F284EE051304EE061384EE071684E06
:1008E000E053704EE063784EE073A84EE055B04E92
:1008F000E065B84EE075E84EE057F04EE067F84E20
:10090000E077284FE059304FE069384FE079684F81
:10091000E05B704FE06B784FE07BA84FE05DB04F3D
:10092000E06DB84FE07DE84FE05FF04FE06FF84FCB
:10093000E07F30502860385028706850285270503E
:10094000286278502872A8502854B0502864B850B3
:100950002874E8502856F0502866F8502876285118
:10096000285830512868385128786851285A7051D1
:10097000286A7851287AA851285CB051286CB8515F
:10098000287CE851285EF051286EF851287E3052BC
:100990006860385268707052686278526872A85203
:1009A0006854B0526864B8526874E8526856F0529D
:1009B0006866F85268762853685830536868385328
:1009C00068786853685A7053686A7853687AA8538D
:1009D000685CB053686CB853687CE853685EF05349
:1009E000686EF853687E3054A8603854A87070540C
:1009F000A8627854A872B054A864B854A874E85493
:100A0000A856F054A866F854A8762855A85830552A
:100A1000A8683855A8786855A85A7055A86A7855B6
:100A2000A87AA855A85CB055A86CB855A87CE8551C
:100A3000A85EF055A86EF855A87E3056E860385686
:100A4000E8707056E8627856E872B056E864B856B6
:100A5000E874F056E866F856E8762857E8583057B4
:100A6000E8683857E8786857E85A7057E86A78575E
:100A7000E87AA857E85CB057E86CB857E87CE857C4
:100A8000E85EF057E86EF857E87E3058286138582D
:100A900028717058286378582873B0582865B8585A
:100AA0002875F0582867F858287730592869385938
:100AB00028796859285B7059286B7859287BA85980
:100AC000285DB059286DB859287DE859285FF0593C
:100AD000286FF859287F305A6861385A6871705AFF
:100AE0006863785A6873B05A6865B85A6875F05A7E
:100AF0006867F85A6877305B6869385B6879705B5B
:100B0000686B785B687BA85B685DB05B686DB85BA1
:100B1000687DE85B685FF05B686FF85B687F305CFE
:100B2000A861385CA871705CA863785CA873B05C3D
:100B3000A865B85CA875F05CA867F85CA877305D1C
:100B4000A869385DA879705DA86B785DA87BB05DF9
:100B5000A86DB85DA87DE85DA85FF05DA86FF85D41
:100B6000A87F305EE861385EE871705EE863785EA9
:100B7000E873B05EE865B85EE875F05EE867F85E59
:100B8000E877305FE869385FE879705FE86B785F35
:100B9000E87BB05FE86DB85FE87DF05FE86FF85F15
:100BA000E87F386030707060306278603072B060BA
:100BB0003064B8603074F0603066F8603076306170
:100BC0003068386130787061306A7861307AB0614D
:100BD000306CB861307CF061306EF861307E386224
:100BE000707078627072B0627064B8627074F06233
:100BF0007066F8627076306370683863707870631E
:100C0000706A7863707AB063706CB863707CF063FC
:100C1000706EF863707E3864B0707864B072B864D7
:100C2000B074F064B066F864B0763065B06838656A
:100C3000B0787065B06A7865B07AB065B06CB86548
:100C4000B07CF065B06EF865B07E3866F07078669E
:100C5000F072B866F074F866F0763067F06838675E
:100C6000F0787067F06A7867F07AB067F06CB86710
:100C7000F07CF067F06EF867F07E38683071786865
:100C80003073B8683075F8683077386930797069D2
:100C9000306B7869307BB069306DB869307DF06950
:100CA000306FF869307F386A7071786A7073B86A2B
:100CB0007075F86A7077386B7079786B707BB06B91
:100CC000706DB86B707DF06B706FF86B707F386C07
:100CD000B071786CB073B86CB075F86CB077386D73
:100CE000B079786DB07BB86DB07DF06DB06FF86D98
:100CF000B07F386EF071786EF073B86EF075F86E84
:100D0000F077386FF079786FF07BB86FF07DF86F1F
:100D1000F07F78703872B8703874F870387638713F
:100D200038787871387AB871387CF871387EB87252
:100D30007874F8727876387378787873787AB873CC
:100D4000787CF873787EF874B8763875B8787875EA
:100D5000B87AB875B87CF875B87E3877F87878774F
:100D6000F87AB877F87CF877F87E7879387BB879B4
:100D7000387DF879387FB87B787DF87B787FF87D8F
:100D8000B87F0800000210000004180000062000D0
:100D900000082800000A3000000C3800000E48004F
:100DA00040025000400458004006600040086800BF
:100DB000400A7000400C7800400E880080029000CD
:100DC000800498008006A0008008A800800AB00077
:100DD000800CB800800EC800C002D000C004D8004B
:100DE000C006E000C008E800C00AF000C00CF8002F
:100DF000C00E0801000310010005180100072001C2
:100E000000092801000B3001000D3801000F4801D6
:100E10004003500140055801400760014009680146
:100E2000400B7001400D7801400F88018003900154
:100E3000800598018007A0018009A801800BB001FE
:100E4000800DB801800FC801C003D001C005D801D2
:100E5000C007E001C009E801C00BF001C00DF801B6
:100E6000C00F100208041802080620020808280211
:100E7000080A3002080C3802080E500248045802D2
:100E80004806600248086802480A7002480C780266
:100E9000480E9002880498028806A0028808A802DA
:100EA000880AB002880CB802880ED002C804D802A2
:100EB000C806E002C808E802C80AF002C80CF80236
:100EC000C80E1003080518030807200308092803A3
:100ED000080B3003080D3803080F5003480558036A
:100EE0004807600348096803480B7003480D7803FE
:100EF000480F9003880598038807A0038809A80372
:100F0000880BB003880DB803880FD003C805D80339
:100F1000C807E003C809E803C80BF003C80DF803CD
:100F2000C80F18041006200410082804100A300402
:100F3000100C3804100E5804500660045008680461
:100F4000500A7004500C7804500E98049006A004C7
:100F50009008A804900AB004900CB804900ED8042D
:100F6000D006E004D008E804D00AF004D00CF8045D
:100F7000D00E18051007200510092805100B3005A4
:100F8000100D3805100F5805500760055009680509
:100F9000500B7005500D7805500F98059007A0056F
:100FA0009009A805900BB005900DB805900FD805D5
:100FB000D007E005D009E805D00BF005D00DF80505
:100FC000D00F200618082806180A3006180C380614
:100FD000180E600658086806580A7006580C7806FD
:100FE000580EA0069808A806980AB006980CB806ED
:100FF000980EE006D808E806D80AF006D80CF806DD
:10100000D80E200718092807180B3007180D3807C5
:10101000180F600758096807580B7007580D7807B4
:10102000580FA0079809A807980BB007980DB807A4
:10103000980FE007D809E807D80BF007D80DF80794
:10104000D80F2808200A3008200C3808200E68081D
:10105000600A7008600C7808600EA808A00AB00842
:10106000A00CB808A00EE808E00AF008E00CF808A8
:10107000E00E2809200B3009200D3809200F6809DF
:10108000600B7009600D7809600FA809A00BB0090A
:10109000A00DB809A00FE809E00BF009E00DF80970
:1010A000E00F300A280C380A280E700A680C780AFB
:1010B000680EB00AA80CB80AA80EF00AE80CF80AE4
:1010C000E80E300B280D380B280F700B680D780BCD
:1010D000680FB00BA80DB80BA80FF00BE80DF80BBC
:1010E000E80F380C300E780C700EB80CB00EF80CFF
:1010F000F00E380D300F780D700FB80DB00FF80DE1
:10110000F00F08004000100080001800C000200010
:10111000000128004001300080013800C00150006B
:1011200088005800C800600008016800480170008D
:1011300088017800C8019800D000A0001001A80024
:101140005001B0009001B800D001E0001801E800A3
:101150005801F0009801F800D80128016001300121
:10116000A0013801E0017001A8017801E801B8018F
:10117000F001000000040000081A02089ABC0108EF
:101180000807000080000000083A0208AACA010807
:10119000D000000010000000083E02084ACC010800
:1011A0001400000000080000883E020872CC01080C
:1011B000E00E000000010000887E020832EA01080B
:1011C000B80100002000000088860208A2ED010896
:1011D00030000000001000008887020802EE0108BD
:1011E000C00F00000002000088070308820D0208FB
:1011F000C001000040000000881703080211020827
:101200003800000000000000920E493CB10AC93CC1
:101210002BC3163D2EFB483D752B7B3D04A9963D07
:1012200080B6AF3D36BDC83D2FBCE13D73B2FA3D3F
:1012300087CF093E8340163EB5AB223EA2102F3E1B
:10124000CF6E3B3EC2C5473E0115543E135C603E27
:101250007F9A6C3ECCCF783EC07D823E938E883E96
:10126000229A8E3E32A0943E86A09A3EE59AA03EF7
:10127000128FA63ED47CAC3EEF63B23E2A44B83E09
:10128000491DBE3E15EFC33E53B9C93ECA7BCF3E92
:101290004136D53E80E8DA3E4F92E03E7533E63E79
:1012A000BBCBEB3EEA5AF13ECBE0F63E275DFC3E7F
:1012B000E4E7003F3D9C033F824B063F9BF5083F20
:1012C0006B9A0B3FDA390E3FCDD3103F2A68133F9C
:1012D000D9F6153FC07F183FC6021B3FD17F1D3F87
:1012E000CBF61F3F9967223F25D2243F5636273F32
:1012F0001594293F4AEB2B3FDE3B2E3FBB85303F09
:10130000C9C8323FF304353F233A373F4268393F7B
:101310003B8F3B3FF9AE3D3F67C73F3F70D8413FF2
:1013200001E2433F03E4453F65DE473F12D1493FB9
:10133000F8BB4B3F029F4D3F207A4F3F3D4D513F01
:101340004918533F31DB543FE595563F5348583FCA
:101350006AF2593F1A945B3F532D5D3F05BE5E3FD5
:101360002146603F97C5613F5A3C633F59AA643F9D
:10137000880F663FD86B673F3CBF683FA7096A3F4D
:101380000C4B6B3F5E836C3F93B26D3F9ED86E3FBC
:1013900073F56F3F0809713F5213723F4714733F53
:1013A000DD0B743F0BFA743FC6DE753F07BA763F1C
:1013B000C58B773FF853783F9812793F9DC7793FA7
:1013C00002737A3FBE147B3FCDAC7B3F283B7C3F12
:1013D000C9BF7C3FAC3A7D3FCCAB7D3F23137E3F02
:1013E000B0707E3F6DC47E3F580E7F3F6D4E7F3F95
:1013F000AB847F3F0FB17F3F97D37F3F43EC7F3F6D
:1014000011FB7F3F0000803F11FB7F3F43EC7F3F9C
:1014100097D37F3F0FB17F3FAB847F3F6D4E7F3FC0
:10142000580E7F3F6DC47E3FB0707E3F23137E3FDA
:10143000CCAB7D3FAC3A7D3FC9BF7C3F283B7C3F76
:10144000CDAC7B3FBE147B3F02737A3F9DC7793F93
:101450009812793FF853783FC58B773F07BA763FAC
:10146000C6DE753F0BFA743FDD0B743F4714733FC4
:101470005213723F0809713F73F56F3F9ED86E3F5C
:1014800093B26D3F5E836C3F0C4B6B3FA7096A3F85
:101490003CBF683FD86B673F880F663F59AA643FDF
:1014A0005A3C633F97C5613F2146603F05BE5E3FA2
:1014B000532D5D3F1A945B3F6AF2593F5348583FA2
:1014C000E595563F31DB543F4918533F3D4D513F61
:1014D000207A4F3F029F4D3FF8BB4B3F12D1493F0F
:1014E00065DE473F03E4453F01E2433F70D8413F9B
:1014F00067C73F3FF9AE3D3F3B8F3B3F4268393FB7
:10150000233A373FF304353FC9C8323FBB85303FEC
:10151000DE3B2E3F4AEB2B3F1594293F5636273FA3
:1015200025D2243F9967223FCBF61F3FD17F1D3F35
:10153000C6021B3FC07F183FD9F6153F2A68133FEC
:10154000CDD3103FDA390E3F6B9A0B3F9BF5083F26
:10155000824B063F3D9C033FE4E7003F275DFC3E96
:10156000CBE0F63EEA5AF13EBBCBEB3E7533E63EAE
:101570004F92E03E80E8DA3E4136D53ECA7BCF3E10
:1015800053B9C93E15EFC33E491DBE3E2A44B83E7D
:10159000EF63B23ED47CAC3E128FA63EE59AA03EED
:1015A00086A09A3E32A0943E229A8E3E938E883E2A
:1015B000C07D823ECCCF783E7F9A6C3E135C603E0D
:1015C0000115543EC2C5473ECF6E3B3EA2102F3E92
:1015D000B5AB223E8340163E87CF093E73B2FA3D3B
:1015E0002FBCE13D36BDC83D80B6AF3D04A9963D58
:1015F000752B7B3D2EFB483D2BC3163DB10AC93CE4
:10160000920E493C00000000920E49BCB10AC9BCD0
:101610002BC316BD2EFB48BD752B7BBD04A996BD03
:1016200080B6AFBD36BDC8BD2FBCE1BD73B2FABD3B
:1016300087CF09BE834016BEB5AB22BEA2102FBE17
:10164000CF6E3BBEC2C547BE011554BE135C60BE23
:101650007F9A6CBECCCF78BEC07D82BE938E88BE92
:10166000229A8EBE32A094BE86A09ABEE59AA0BEF3
:10167000128FA6BED47CACBEEF63B2BE2A44B8BE05
:10168000491DBEBE15EFC3BE53B9C9BECA7BCFBE8E
:101690004136D5BE80E8DABE4F92E0BE7533E6BE75
:1016A000BBCBEBBEEA5AF1BECBE0F6BE275DFCBE7B
:1016B000E4E700BF3D9C03BF824B06BF9BF508BF1C
:1016C0006B9A0BBFDA390EBFCDD310BF2A6813BF98
:1016D000D9F615BFC07F18BFC6021BBFD17F1DBF83
:1016E000CBF61FBF996722BF25D224BF563627BF2E
:1016F000159429BF4AEB2BBFDE3B2EBFBB8530BF05
:10170000C9C832BFF30435BF233A37BF426839BF77
:101710003B8F3BBFF9AE3DBF67C73FBF70D841BFEE
:1017200001E243BF03E445BF65DE47BF12D149BFB5
:10173000F8BB4BBF029F4DBF207A4FBF3D4D51BFFD
:10174000491853BF31DB54BFE59556BF534858BFC6
:101750006AF259BF1A945BBF532D5DBF05BE5EBFD1
:10176000214660BF97C561BF5A3C63BF59AA64BF99
:10177000880F66BFD86B67BF3CBF68BFA7096ABF49
:101780000C4B6BBF5E836CBF93B26DBF9ED86EBFB8
:1017900073F56FBF080971BF521372BF471473BF4F
:1017A000DD0B74BF0BFA74BFC6DE75BF07BA76BF18
:1017B000C58B77BFF85378BF981279BF9DC779BFA3
:1017C00002737ABFBE147BBFCDAC7BBF283B7CBF0E
:1017D000C9BF7CBFAC3A7DBFCCAB7DBF23137EBFFE
:1017E000B0707EBF6DC47EBF580E7FBF6D4E7FBF91
:1017F000AB847FBF0FB17FBF97D37FBF43EC7FBF69
:1018000011FB7FBF000080BF11FB7FBF43EC7FBF98
:1018100097D37FBF0FB17FBFAB847FBF6D4E7FBFBC
:10182000580E7FBF6DC47EBFB0707EBF23137EBFD6
:10183000CCAB7DBFAC3A7DBFC9BF7CBF283B7CBF72
:10184000CDAC7BBFBE147BBF02737ABF9DC779BF8F
:10185000981279BFF85378BFC58B77BF07BA76BFA8
:10186000C6DE75BF0BFA74BFDD0B74BF471473BFC0
:10187000521372BF080971BF73F56FBF9ED86EBF58
:1018800093B26DBF5E836CBF0C4B6BBFA7096ABF81
:101890003CBF68BFD86B67BF880F66BF59AA64BFDB
:1018A0005A3C63BF97C561BF214660BF05BE5EBF9E
:1018B000532D5DBF1A945BBF6AF259BF534858BF9E
:1018C000E59556BF31DB54BF491853BF3D4D51BF5D
:1018D000207A4FBF029F4DBFF8BB4BBF12D149BF0B
:1018E00065DE47BF03E445BF01E243BF70D841BF97
:1018F00067C73FBFF9AE3DBF3B8F3BBF426839BFB3
:10190000233A37BFF30435BFC9C832BFBB8530BFE8
:10191000DE3B2EBF4AEB2BBF159429BF563627BF9F
:1019200025D224BF996722BFCBF61FBFD17F1DBF31
:10193000C6021BBFC07F18BFD9F615BF2A6813BFE8
:10194000CDD310BFDA390EBF6B9A0BBF9BF508BF22
:10195000824B06BF3D9C03BFE4E700BF275DFCBE92
:10196000CBE0F6BEEA5AF1BEBBCBEBBE7533E6BEAA
:101970004F92E0BE80E8DABE4136D5BECA7BCFBE0C
:1019800053B9C9BE15EFC3BE491DBEBE2A44B8BE79
:10199000EF63B2BED47CACBE128FA6BEE59AA0BEE9
:1019A00086A09ABE32A094BE229A8EBE938E88BE26
:1019B000C07D82BECCCF78BE7F9A6CBE135C60BE09
:1019C000011554BEC2C547BECF6E3BBEA2102FBE8E
:1019D000B5AB22BE834016BE87CF09BE73B2FABD37
:1019E0002FBCE1BD36BDC8BD80B6AFBD04A996BD54
:1019F000752B7BBD2EFB48BD2BC316BDB10AC9BCE0
:101A0000920E49BC000000800000803F00000000F2
:101A1000C4FE7F3F890FC93B11FB7F3F900E493CBD
:101A2000E6F47F3FB6C9963C43EC7F3FB00AC93C21
:101A300029E17F3FB949FB3C98D37F3F2CC3163D3A
:101A40008FC37F3F07E02F3D0FB17F3F2FFB483D06
:101A5000189C7F3F6814623DAB847F3F742B7B3DB5
:101A6000C76A7F3F0A208A3D6D4E7F3F05A9963D9C
:101A70009D2F7F3F8C30A33D580E7F3F80B6AF3DFA
:101A80009DEA7E3FC33ABC3D6DC47E3F36BDC83D36
:101A9000C99B7E3FB93DD53DB0707E3F2EBCE13D38
:101AA00023437E3F7638EE3D24137E3F73B2FA3DEA
:101AB000B1E07D3F0295033ECCAB7D3F86CF093E32
:101AC00074747D3FB708103EAC3A7D3F8340163EAC
:101AD00073FE7C3FDE761C3EC9BF7C3FB6AB223E28
:101AE000B07E7C3FFCDE283E283B7C3FA2102F3E90
:101AF00031F57B3F9840353ECDAC7B3FCF6E3B3ED2
:101B0000FC617B3F379B413EBE147B3FC2C5473ED5
:101B100016C57A3F60EE4D3E02737A3F0115543E82
:101B2000841E7A3F97395A3E9DC7793F135C603EC9
:101B30004E6E793F667C663E9812793F7F9A6C3E86
:101B40007BB4783F51B6723EF853783FCCCF783EA5
:101B500010F1773FE1E67E3EC58B773FC07D823E48
:101B60001724773FCE86853E07BA763F938E883E10
:101B7000974D763F07958B3EC6DE753F229A8E3E87
:101B8000976D753FDD9D913E0BFA743F31A0943EF9
:101B90002284743F17A1973EDD0B743F86A09A3EC6
:101BA0003F91733F789E9D3E4714733FE59AA03E58
:101BB000F894723FC595A33E5213723F128FA63E12
:101BC000578F713FC486A93E0809713FD47CAC3E53
:101BD0006680703F3A71AF3E73F56F3FEF63B23E80
:101BE00030686F3FEC54B53E9ED86E3F2A44B83EF5
:101BF000BE466E3FA031BB3E93B26D3F4A1DBE3E16
:101C00001D1C6D3F1E07C13E5E836C3F15EFC33E3A
:101C100058E86B3F29D5C63E0C4B6B3F53B9C93EC4
:101C20007BAB6A3F8B9BCC3EA7096A3FCA7BCF3E0A
:101C30009165693F095AD23E3CBF683F4136D53E67
:101C4000A816683F6B10D83ED86B673F80E8DA3E35
:101C5000CCBE663F79BEDD3E880F663F4F92E03EC8
:101C60000B5E653FFA63E33E59AA643F7533E63E77
:101C700073F4633FB700E93E5A3C633FBBCBEB3E96
:101C80001082623F7994EE3E98C5613FEA5AF13E78
:101C9000F206613F071FF43E2146603FCBE0F63E6F
:101CA00027835F3F2DA0F93E05BE5E3F275DFC3ECA
:101CB000BEF65D3FB217FF3E532D5D3FE4E7003FA8
:101CC000C7615C3FB142023F1A945B3F3D9C033FBA
:101CD00050C45A3F84F4043F6AF2593F824B063F96
:101CE0006A1E593F36A1073F5348583F9BF5083FAE
:101CF0002670573FAD480A3FE595563F6B9A0B3F1C
:101D000093B9553FD0EA0C3F31DB543FDA390E3FEF
:101D1000C3FA533F84870F3F4918533FCDD3103F39
:101D2000C633523FB01E123F3D4D513F2A68133F0C
:101D3000AF64503F39B0143F1F7A4F3FD9F6153F7B
:101D4000908D4E3F073C173F029F4D3FC07F183F8D
:101D500079AE4C3F00C2193FF8BB4B3FC6021B3F58
:101D60007FC74A3F0C421C3F12D1493FD17F1D3FE4
:101D7000B3D8483F12BC1E3F65DE473FCBF61F3F3E
:101D80002AE2463FF92F213F03E4453F9967223F6E
:101D9000F5E3443FA99D233F00E2433F25D2243F82
:101DA00029DE423F0A05263F70D8413F5636273F7D
:101DB000DAD0403F0566283F67C73F3F1594293F6B
:101DC0001BBC3E3F82C02A3FF9AE3D3F4AEB2B3F52
:101DD00003A03C3F69142D3F3B8F3B3FDE3B2E3F32
:101DE000A47C3A3FA5612F3F4268393FBB85303F15
:101DF0001652383F1DA8313F233A373FC9C8323FFA
:101E00006C20363FBCE7333FF304353FF304353FE6
:101E1000BCE7333F6C20363FC9C8323F233A373FD7
:101E20001DA8313F1652383FBB85303F4268393FCD
:101E3000A5612F3FA47C3A3FDE3B2E3F3B8F3B3FCB
:101E400069142D3F03A03C3F4AEB2B3FF9AE3D3FC9
:101E500082C02A3F1BBC3E3F1594293F67C73F3FC6
:101E60000566283FDAD0403F5636273F70D8413FBD
:101E70000A05263F29DE423F25D2243F00E2433FA8
:101E8000A99D233FF5E3443F9967223F03E4453F83
:101E9000F92F213F2AE2463FCBF61F3F65DE473F41
:101EA00012BC1E3FB3D8483FD17F1D3F12D1493FDE
:101EB0000C421C3F7FC74A3FC6021B3FF8BB4B3F4B
:101EC00000C2193F79AE4C3FC07F183F029F4D3F83
:101ED000073C173F908D4E3FD9F6153F1F7A4F3F75
:101EE00039B0143FAF64503F2A68133F3D4D513F16
:101EF000B01E123FC633523FCDD3103F4918533F57
:101F000084870F3FC3FA533FDA390E3F31DB543F2A
:101F1000D0EA0C3F93B9553F6B9A0B3FE595563F7E
:101F2000AD480A3F2670573F9BF5083F5348583F3E
:101F300036A1073F6A1E593F824B063F6AF2593F5E
:101F400084F4043F50C45A3F3D9C033F1A945B3FC6
:101F5000B142023FC7615C3FE4E7003F532D5D3F64
:101F6000B217FF3EBEF65D3F275DFC3E05BE5E3FFD
:101F70002DA0F93E27835F3FCBE0F63E2146603F30
:101F8000071FF43EF206613FEA5AF13E98C5613FF1
:101F90007994EE3E1082623FBBCBEB3E5A3C633FEE
:101FA000B700E93E73F4633F7533E63E59AA643FD8
:101FB000FA63E33E0B5E653F4F92E03E880F663F5B
:101FC00079BEDD3ECCBE663F80E8DA3ED86B673F27
:101FD0006B10D83EA816683F4136D53E3CBF683FDF
:101FE000095AD23E9165693FCA7BCF3EA7096A3F35
:101FF0008B9BCC3E7BAB6A3F53B9C93E0C4B6B3FCE
:1020000029D5C63E58E86B3F15EFC33E5E836C3F53
:102010001E07C13E1D1C6D3F4A1DBE3E93B26D3F63
:10202000A031BB3EBE466E3F2A44B83E9ED86E3FAE
:10203000EC54B53E30686F3FEF63B23E73F56F3FCF
:102040003A71AF3E6680703FD47CAC3E0809713F68
:10205000C486A93E578F713F128FA63E5213723F1E
:10206000C595A33EF894723FE59AA03E4714733F8E
:10207000789E9D3E3F91733F86A09A3EDD0B743F54
:1020800017A1973E2284743F31A0943E0BFA743F0F
:10209000DD9D913E976D753F229A8E3EC6DE753F5F
:1020A00007958B3E974D763F938E883E07BA763FD5
:1020B000CE86853E1724773FC07D823EC58B773F15
:1020C000E1E67E3E10F1773FCCCF783EF853783F83
:1020D00051B6723E7BB4783F7F9A6C3E9812793F3E
:1020E000667C663E4E6E793F135C603E9DC7793FCD
:1020F00097395A3E841E7A3F0115543E02737A3F47
:1021000060EE4D3E16C57A3FC2C5473EBE147B3FCA
:10211000379B413EFC617B3FCF6E3B3ECDAC7B3F6E
:102120009840353E31F57B3FA2102F3E283B7C3F47
:10213000FCDE283EB07E7C3FB6AB223EC9BF7C3F72
:10214000DE761C3E73FE7C3F8340163EAC3A7D3FFC
:10215000B708103E74747D3F86CF093ECCAB7D3FFF
:102160000295033EB1E07D3F73B2FA3D24137E3FFA
:102170007638EE3D23437E3F2EBCE13DB0707E3F7E
:10218000B93DD53DC99B7E3F36BDC83D6DC47E3F40
:10219000C33ABC3D9DEA7E3F80B6AF3D580E7F3FBF
:1021A0008C30A33D9D2F7F3F05A9963D6D4E7F3F0F
:1021B0000A208A3DC76A7F3F742B7B3DAB847F3FFB
:1021C0006814623D189C7F3F2FFB483D0FB17F3F55
:1021D00007E02F3D8FC37F3F2CC3163D98D37F3F31
:1021E000B949FB3C29E17F3FB00AC93C43EC7F3F42
:1021F000B6C9963CE6F47F3F900E493C11FB7F3F09
:10220000890FC93BC4FE7F3F000000000000803FF3
:10221000890FC9BBC4FE7F3F900E49BC11FB7F3FB5
:10222000B6C996BCE6F47F3FB00AC9BC43EC7F3F19
:10223000B949FBBC29E17F3F2CC316BD98D37F3F32
:1022400007E02FBD8FC37F3F2FFB48BD0FB17F3FFE
:10225000681462BD189C7F3F742B7BBDAB847F3FAD
:102260000A208ABDC76A7F3F05A996BD6D4E7F3F94
:102270008C30A3BD9D2F7F3F80B6AFBD580E7F3FF2
:10228000C33ABCBD9DEA7E3F36BDC8BD6DC47E3F2E
:10229000B93DD5BDC99B7E3F2EBCE1BDB0707E3F30
:1022A0007638EEBD23437E3F73B2FABD24137E3FE2
:1022B000029503BEB1E07D3F86CF09BECCAB7D3F2A
:1022C000B70810BE74747D3F834016BEAC3A7D3FA4
:1022D000DE761CBE73FE7C3FB6AB22BEC9BF7C3F20
:1022E000FCDE28BEB07E7C3FA2102FBE283B7C3F88
:1022F000984035BE31F57B3FCF6E3BBECDAC7B3FCA
:10230000379B41BEFC617B3FC2C547BEBE147B3FCD
:1023100060EE4DBE16C57A3F011554BE02737A3F7A
:1023200097395ABE841E7A3F135C60BE9DC7793FC1
:10233000667C66BE4E6E793F7F9A6CBE9812793F7E
:1023400051B672BE7BB4783FCCCF78BEF853783F9D
:10235000E1E67EBE10F1773FC07D82BEC58B773F40
:10236000CE8685BE1724773F938E88BE07BA763F08
:1023700007958BBE974D763F229A8EBEC6DE753F7F
:10238000DD9D91BE976D753F31A094BE0BFA743FF1
:1023900017A197BE2284743F86A09ABEDD0B743FBE
:1023A000789E9DBE3F91733FE59AA0BE4714733F50
:1023B000C595A3BEF894723F128FA6BE5213723F0A
:1023C000C486A9BE578F713FD47CACBE0809713F4B
:1023D0003A71AFBE6680703FEF63B2BE73F56F3F78
:1023E000EC54B5BE30686F3F2A44B8BE9ED86E3FED
:1023F000A031BBBEBE466E3F4A1DBEBE93B26D3F0E
:102400001E07C1BE1D1C6D3F15EFC3BE5E836C3F32
:1024100029D5C6BE58E86B3F53B9C9BE0C4B6B3FBC
:102420008B9BCCBE7BAB6A3FCA7BCFBEA7096A3F02
:10243000095AD2BE9165693F4136D5BE3CBF683F5F
:102440006B10D8BEA816683F80E8DABED86B673F2D
:1024500079BEDDBECCBE663F4F92E0BE880F663FC0
:10246000FA63E3BE0B5E653F7533E6BE59AA643F6F
:10247000B700E9BE73F4633FBBCBEBBE5A3C633F8E
:102480007994EEBE1082623FEA5AF1BE98C5613F70
:10249000071FF4BEF206613FCBE0F6BE2146603F67
:1024A0002DA0F9BE27835F3F275DFCBE05BE5E3FC2
:1024B000B217FFBEBEF65D3FE4E700BF532D5D3FA0
:1024C000B14202BFC7615C3F3D9C03BF1A945B3FB2
:1024D00084F404BF50C45A3F824B06BF6AF2593F8E
:1024E00036A107BF6A1E593F9BF508BF5348583FA6
:1024F000AD480ABF2670573F6B9A0BBFE595563F14
:10250000D0EA0CBF93B9553FDA390EBF31DB543FE7
:1025100084870FBFC3FA533FCDD310BF4918533F31
:10252000B01E12BFC633523F2A6813BF3D4D513F04
:1025300039B014BFAF64503FD9F615BF1F7A4F3F73
:10254000073C17BF908D4E3FC07F18BF029F4D3F85
:1025500000C219BF79AE4C3FC6021BBFF8BB4B3F50
:102560000C421CBF7FC74A3FD17F1DBF12D1493FDC
:1025700012BC1EBFB3D8483FCBF61FBF65DE473F36
:10258000F92F21BF2AE2463F996722BF03E4453F66
:10259000A99D23BFF5E3443F25D224BF00E2433F7A
:1025A0000A0526BF29DE423F563627BF70D8413F75
:1025B000056628BFDAD0403F159429BF67C73F3F63
:1025C00082C02ABF1BBC3E3F4AEB2BBFF9AE3D3F4A
:1025D00069142DBF03A03C3FDE3B2EBF3B8F3B3F2A
:1025E000A5612FBFA47C3A3FBB8530BF4268393F0D
:1025F0001DA831BF1652383FC9C832BF233A373FF2
:10260000BCE733BF6C20363FF30435BFF304353FDE
:102610006C2036BFBCE7333F233A37BFC9C8323FCF
:10262000165238BF1DA8313F426839BFBB85303FC5
:10263000A47C3ABFA5612F3F3B8F3BBFDE3B2E3FC3
:1026400003A03CBF69142D3FF9AE3DBF4AEB2B3FC1
:102650001BBC3EBF82C02A3F67C73FBF1594293FBE
:10266000DAD040BF0566283F70D841BF5636273FB5
:1026700029DE42BF0A05263F00E243BF25D2243FA0
:10268000F5E344BFA99D233F03E445BF9967223F7B
:102690002AE246BFF92F213F65DE47BFCBF61F3F39
:1026A000B3D848BF12BC1E3F12D149BFD17F1D3FD6
:1026B0007FC74ABF0C421C3FF8BB4BBFC6021B3F43
:1026C00079AE4CBF00C2193F029F4DBFC07F183F7B
:1026D000908D4EBF073C173F1F7A4FBFD9F6153F6D
:1026E000AF6450BF39B0143F3D4D51BF2A68133F0E
:1026F000C63352BFB01E123F491853BFCDD3103F4F
:10270000C3FA53BF84870F3F31DB54BFDA390E3F22
:1027100093B955BFD0EA0C3FE59556BF6B9A0B3F76
:10272000267057BFAD480A3F534858BF9BF5083F36
:102730006A1E59BF36A1073F6AF259BF824B063F56
:1027400050C45ABF84F4043F1A945BBF3D9C033FBE
:10275000C7615CBFB142023F532D5DBFE4E7003F5C
:10276000BEF65DBFB217FF3E05BE5EBF275DFC3EF5
:1027700027835FBF2DA0F93E214660BFCBE0F63E28
:10278000F20661BF071FF43E98C561BFEA5AF13EE9
:10279000108262BF7994EE3E5A3C63BFBBCBEB3EE6
:1027A00073F463BFB700E93E59AA64BF7533E63ED0
:1027B0000B5E65BFFA63E33E880F66BF4F92E03E53
:1027C000CCBE66BF79BEDD3ED86B67BF80E8DA3E1F
:1027D000A81668BF6B10D83E3CBF68BF4136D53ED7
:1027E000916569BF095AD23EA7096ABFCA7BCF3E2D
:1027F0007BAB6ABF8B9BCC3E0C4B6BBF53B9C93EC6
:1028000058E86BBF29D5C63E5E836CBF15EFC33E4B
:102810001D1C6DBF1E07C13E93B26DBF4A1DBE3E5B
:10282000BE466EBFA031BB3E9ED86EBF2A44B83EA6
:1028300030686FBFEC54B53E73F56FBFEF63B23EC7
:10284000668070BF3A71AF3E080971BFD47CAC3E60
:10285000578F71BFC486A93E521372BF128FA63E16
:10286000F89472BFC595A33E471473BFE59AA03E86
:102870003F9173BF789E9D3EDD0B74BF86A09A3E4C
:10288000228474BF17A1973E0BFA74BF31A0943E07
:10289000976D75BFDD9D913EC6DE75BF229A8E3E57
:1028A000974D76BF07958B3E07BA76BF938E883ECD
:1028B000172477BFCE86853EC58B77BFC07D823E0D
:1028C00010F177BFE1E67E3EF85378BFCCCF783E7B
:1028D0007BB478BF51B6723E981279BF7F9A6C3E36
:1028E0004E6E79BF667C663E9DC779BF135C603EC5
:1028F000841E7ABF97395A3E02737ABF0115543E3F
:1029000016C57ABF60EE4D3EBE147BBFC2C5473EC2
:10291000FC617BBF379B413ECDAC7BBFCF6E3B3E66
:1029200031F57BBF9840353E283B7CBFA2102F3E3F
:10293000B07E7CBFFCDE283EC9BF7CBFB6AB223E6A
:1029400073FE7CBFDE761C3EAC3A7DBF8340163EF4
:1029500074747DBFB708103ECCAB7DBF86CF093EF7
:10296000B1E07DBF0295033E24137EBF73B2FA3DF2
:1029700023437EBF7638EE3DB0707EBF2EBCE13D76
:10298000C99B7EBFB93DD53D6DC47EBF36BDC83D38
:102990009DEA7EBFC33ABC3D580E7FBF80B6AF3DB7
:1029A0009D2F7FBF8C30A33D6D4E7FBF05A9963D07
:1029B000C76A7FBF0A208A3DAB847FBF742B7B3DF3
:1029C000189C7FBF6814623D0FB17FBF2FFB483D4D
:1029D0008FC37FBF07E02F3D98D37FBF2CC3163D29
:1029E00029E17FBFB949FB3C43EC7FBFB00AC93C3A
:1029F000E6F47FBFB6C9963C11FB7FBF900E493C01
:102A0000C4FE7FBF890FC93B000080BF00000000EB
:102A1000C4FE7FBF890FC9BB11FB7FBF900E49BCAD
:102A2000E6F47FBFB6C996BC43EC7FBFB00AC9BC11
:102A300029E17FBFB949FBBC98D37FBF2CC316BD2A
:102A40008FC37FBF07E02FBD0FB17FBF2FFB48BDF6
:102A5000189C7FBF681462BDAB847FBF742B7BBDA5
:102A6000C76A7FBF0A208ABD6D4E7FBF05A996BD8C
:102A70009D2F7FBF8C30A3BD580E7FBF80B6AFBDEA
:102A80009DEA7EBFC33ABCBD6DC47EBF36BDC8BD26
:102A9000C99B7EBFB93DD5BDB0707EBF2EBCE1BD28
:102AA00023437EBF7638EEBD24137EBF73B2FABDDA
:102AB000B1E07DBF029503BECCAB7DBF86CF09BE22
:102AC00074747DBFB70810BEAC3A7DBF834016BE9C
:102AD00073FE7CBFDE761CBEC9BF7CBFB6AB22BE18
:102AE000B07E7CBFFCDE28BE283B7CBFA2102FBE80
:102AF00031F57BBF984035BECDAC7BBFCF6E3BBEC2
:102B0000FC617BBF379B41BEBE147BBFC2C547BEC5
:102B100016C57ABF60EE4DBE02737ABF011554BE72
:102B2000841E7ABF97395ABE9DC779BF135C60BEB9
:102B30004E6E79BF667C66BE981279BF7F9A6CBE76
:102B40007BB478BF51B672BEF85378BFCCCF78BE95
:102B500010F177BFE1E67EBEC58B77BFC07D82BE38
:102B6000172477BFCE8685BE07BA76BF938E88BE00
:102B7000974D76BF07958BBEC6DE75BF229A8EBE77
:102B8000976D75BFDD9D91BE0BFA74BF31A094BEE9
:102B9000228474BF17A197BEDD0B74BF86A09ABEB6
:102BA0003F9173BF789E9DBE471473BFE59AA0BE48
:102BB000F89472BFC595A3BE521372BF128FA6BE02
:102BC000578F71BFC486A9BE080971BFD47CACBE43
:102BD000668070BF3A71AFBE73F56FBFEF63B2BE70
:102BE00030686FBFEC54B5BE9ED86EBF2A44B8BEE5
:102BF000BE466EBFA031BBBE93B26DBF4A1DBEBE06
:102C00001D1C6DBF1E07C1BE5E836CBF15EFC3BE2A
:102C100058E86BBF29D5C6BE0C4B6BBF53B9C9BEB4
:102C20007BAB6ABF8B9BCCBEA7096ABFCA7BCFBEFA
:102C3000916569BF095AD2BE3CBF68BF4136D5BE57
:102C4000A81668BF6B10D8BED86B67BF80E8DABE25
:102C5000CCBE66BF79BEDDBE880F66BF4F92E0BEB8
:102C60000B5E65BFFA63E3BE59AA64BF7533E6BE67
:102C700073F463BFB700E9BE5A3C63BFBBCBEBBE86
:102C8000108262BF7994EEBE98C561BFEA5AF1BE68
:102C9000F20661BF071FF4BE214660BFCBE0F6BE5F
:102CA00027835FBF2DA0F9BE05BE5EBF275DFCBEBA
:102CB000BEF65DBFB217FFBE532D5DBFE4E700BF98
:102CC000C7615CBFB14202BF1A945BBF3D9C03BFAA
:102CD00050C45ABF84F404BF6AF259BF824B06BF86
:102CE0006A1E59BF36A107BF534858BF9BF508BF9E
:102CF000267057BFAD480ABFE59556BF6B9A0BBF0C
:102D000093B955BFD0EA0CBF31DB54BFDA390EBFDF
:102D1000C3FA53BF84870FBF491853BFCDD310BF29
:102D2000C63352BFB01E12BF3D4D51BF2A6813BFFC
:102D3000AF6450BF39B014BF1F7A4FBFD9F615BF6B
:102D4000908D4EBF073C17BF029F4DBFC07F18BF7D
:102D500079AE4CBF00C219BFF8BB4BBFC6021BBF48
:102D60007FC74ABF0C421CBF12D149BFD17F1DBFD4
:102D7000B3D848BF12BC1EBF65DE47BFCBF61FBF2E
:102D80002AE246BFF92F21BF03E445BF996722BF5E
:102D9000F5E344BFA99D23BF00E243BF25D224BF72
:102DA00029DE42BF0A0526BF70D841BF563627BF6D
:102DB000DAD040BF056628BF67C73FBF159429BF5B
:102DC0001BBC3EBF82C02ABFF9AE3DBF4AEB2BBF42
:102DD00003A03CBF69142DBF3B8F3BBFDE3B2EBF22
:102DE000A47C3ABFA5612FBF426839BFBB8530BF05
:102DF000165238BF1DA831BF233A37BFC9C832BFEA
:102E00006C2036BFBCE733BFF30435BFF30435BFD6
:102E1000BCE733BF6C2036BFC9C832BF233A37BFC7
:102E20001DA831BF165238BFBB8530BF426839BFBD
:102E3000A5612FBFA47C3ABFDE3B2EBF3B8F3BBFBB
:102E400069142DBF03A03CBF4AEB2BBFF9AE3DBFB9
:102E500082C02ABF1BBC3EBF159429BF67C73FBFB6
:102E6000056628BFDAD040BF563627BF70D841BFAD
:102E70000A0526BF29DE42BF25D224BF00E243BF98
:102E8000A99D23BFF5E344BF996722BF03E445BF73
:102E9000F92F21BF2AE246BFCBF61FBF65DE47BF31
:102EA00012BC1EBFB3D848BFD17F1DBF12D149BFCE
:102EB0000C421CBF7FC74ABFC6021BBFF8BB4BBF3B
:102EC00000C219BF79AE4CBFC07F18BF029F4DBF73
:102ED000073C17BF908D4EBFD9F615BF1F7A4FBF65
:102EE00039B014BFAF6450BF2A6813BF3D4D51BF06
:102EF000B01E12BFC63352BFCDD310BF491853BF47
:102F000084870FBFC3FA53BFDA390EBF31DB54BF1A
:102F1000D0EA0CBF93B955BF6B9A0BBFE59556BF6E
:102F2000AD480ABF267057BF9BF508BF534858BF2E
:102F300036A107BF6A1E59BF824B06BF6AF259BF4E
:102F400084F404BF50C45ABF3D9C03BF1A945BBFB6
:102F5000B14202BFC7615CBFE4E700BF532D5DBF54
:102F6000B217FFBEBEF65DBF275DFCBE05BE5EBFED
:102F70002DA0F9BE27835FBFCBE0F6BE214660BF20
:102F8000071FF4BEF20661BFEA5AF1BE98C561BFE1
:102F90007994EEBE108262BFBBCBEBBE5A3C63BFDE
:102FA000B700E9BE73F463BF7533E6BE59AA64BFC8
:102FB000FA63E3BE0B5E65BF4F92E0BE880F66BF4B
:102FC00079BEDDBECCBE66BF80E8DABED86B67BF17
:102FD0006B10D8BEA81668BF4136D5BE3CBF68BFCF
:102FE000095AD2BE916569BFCA7BCFBEA7096ABF25
:102FF0008B9BCCBE7BAB6ABF53B9C9BE0C4B6BBFBE
:1030000029D5C6BE58E86BBF15EFC3BE5E836CBF43
:103010001E07C1BE1D1C6DBF4A1DBEBE93B26DBF53
:10302000A031BBBEBE466EBF2A44B8BE9ED86EBF9E
:10303000EC54B5BE30686FBFEF63B2BE73F56FBFBF
:103040003A71AFBE668070BFD47CACBE080971BF58
:10305000C486A9BE578F71BF128FA6BE521372BF0E
:10306000C595A3BEF89472BFE59AA0BE471473BF7E
:10307000789E9DBE3F9173BF86A09ABEDD0B74BF44
:1030800017A197BE228474BF31A094BE0BFA74BFFF
:10309000DD9D91BE976D75BF229A8EBEC6DE75BF4F
:1030A00007958BBE974D76BF938E88BE07BA76BFC5
:1030B000CE8685BE172477BFC07D82BEC58B77BF05
:1030C000E1E67EBE10F177BFCCCF78BEF85378BF73
:1030D00051B672BE7BB478BF7F9A6CBE981279BF2E
:1030E000667C66BE4E6E79BF135C60BE9DC779BFBD
:1030F00097395ABE841E7ABF011554BE02737ABF37
:1031000060EE4DBE16C57ABFC2C547BEBE147BBFBA
:10311000379B41BEFC617BBFCF6E3BBECDAC7BBF5E
:10312000984035BE31F57BBFA2102FBE283B7CBF37
:10313000FCDE28BEB07E7CBFB6AB22BEC9BF7CBF62
:10314000DE761CBE73FE7CBF834016BEAC3A7DBFEC
:10315000B70810BE74747DBF86CF09BECCAB7DBFEF
:10316000029503BEB1E07DBF73B2FABD24137EBFEA
:103170007638EEBD23437EBF2EBCE1BDB0707EBF6E
:10318000B93DD5BDC99B7EBF36BDC8BD6DC47EBF30
:10319000C33ABCBD9DEA7EBF80B6AFBD580E7FBFAF
:1031A0008C30A3BD9D2F7FBF05A996BD6D4E7FBFFF
:1031B0000A208ABDC76A7FBF742B7BBDAB847FBFEB
:1031C000681462BD189C7FBF2FFB48BD0FB17FBF45
:1031D00007E02FBD8FC37FBF2CC316BD98D37FBF21
:1031E000B949FBBC29E17FBFB00AC9BC43EC7FBF32
:1031F000B6C996BCE6F47FBF900E49BC11FB7FBFF9
:10320000890FC9BBC4FE7FBF00000080000080BFE3
:10321000890FC93BC4FE7FBF900E493C11FB7FBFA5
:10322000B6C9963CE6F47FBFB00AC93C43EC7FBF09
:10323000B949FB3C29E17FBF2CC3163D98D37FBF22
:1032400007E02F3D8FC37FBF2FFB483D0FB17FBFEE
:103250006814623D189C7FBF742B7B3DAB847FBF9D
:103260000A208A3DC76A7FBF05A9963D6D4E7FBF84
:103270008C30A33D9D2F7FBF80B6AF3D580E7FBFE2
:10328000C33ABC3D9DEA7EBF36BDC83D6DC47EBF1E
:10329000B93DD53DC99B7EBF2EBCE13DB0707EBF20
:1032A0007638EE3D23437EBF73B2FA3D24137EBFD2
:1032B0000295033EB1E07DBF86CF093ECCAB7DBF1A
:1032C000B708103E74747DBF8340163EAC3A7DBF94
:1032D000DE761C3E73FE7CBFB6AB223EC9BF7CBF10
:1032E000FCDE283EB07E7CBFA2102F3E283B7CBF78
:1032F0009840353E31F57BBFCF6E3B3ECDAC7BBFBA
:10330000379B413EFC617BBFC2C5473EBE147BBFBD
:1033100060EE4D3E16C57ABF0115543E02737ABF6A
:1033200097395A3E841E7ABF135C603E9DC779BFB1
:10333000667C663E4E6E79BF7F9A6C3E981279BF6E
:1033400051B6723E7BB478BFCCCF783EF85378BF8D
:10335000E1E67E3E10F177BFC07D823EC58B77BF30
:10336000CE86853E172477BF938E883E07BA76BFF8
:1033700007958B3E974D76BF229A8E3EC6DE75BF6F
:10338000DD9D913E976D75BF31A0943E0BFA74BFE1
:1033900017A1973E228474BF86A09A3EDD0B74BFAE
:1033A000789E9D3E3F9173BFE59AA03E471473BF40
:1033B000C595A33EF89472BF128FA63E521372BFFA
:1033C000C486A93E578F71BFD47CAC3E080971BF3B
:1033D0003A71AF3E668070BFEF63B23E73F56FBF68
:1033E000EC54B53E30686FBF2A44B83E9ED86EBFDD
:1033F000A031BB3EBE466EBF4A1DBE3E93B26DBFFE
:103400001E07C13E1D1C6DBF15EFC33E5E836CBF22
:1034100029D5C63E58E86BBF53B9C93E0C4B6BBFAC
:103420008B9BCC3E7BAB6ABFCA7BCF3EA7096ABFF2
:10343000095AD23E916569BF4136D53E3CBF68BF4F
:103440006B10D83EA81668BF80E8DA3ED86B67BF1D
:1034500079BEDD3ECCBE66BF4F92E03E880F66BFB0
:10346000FA63E33E0B5E65BF7533E63E59AA64BF5F
:10347000B700E93E73F463BFBBCBEB3E5A3C63BF7E
:103480007994EE3E108262BFEA5AF13E98C561BF60
:10349000071FF43EF20661BFCBE0F63E214660BF57
:1034A0002DA0F93E27835FBF275DFC3E05BE5EBFB2
:1034B000B217FF3EBEF65DBFE4E7003F532D5DBF90
:1034C000B142023FC7615CBF3D9C033F1A945BBFA2
:1034D00084F4043F50C45ABF824B063F6AF259BF7E
:1034E00036A1073F6A1E59BF9BF5083F534858BF96
:1034F000AD480A3F267057BF6B9A0B3FE59556BF04
:10350000D0EA0C3F93B955BFDA390E3F31DB54BFD7
:1035100084870F3FC3FA53BFCDD3103F491853BF21
:10352000B01E123FC63352BF2A68133F3D4D51BFF4
:1035300039B0143FAF6450BFD9F6153F1F7A4FBF63
:10354000073C173F908D4EBFC07F183F029F4DBF75
:1035500000C2193F79AE4CBFC6021B3FF8BB4BBF40
:103560000C421C3F7FC74ABFD17F1D3F12D149BFCC
:1035700012BC1E3FB3D848BFCBF61F3F65DE47BF26
:10358000F92F213F2AE246BF9967223F03E445BF56
:10359000A99D233FF5E344BF25D2243F00E243BF6A
:1035A0000A05263F29DE42BF5636273F70D841BF65
:1035B0000566283FDAD040BF1594293F67C73FBF53
:1035C00082C02A3F1BBC3EBF4AEB2B3FF9AE3DBF3A
:1035D00069142D3F03A03CBFDE3B2E3F3B8F3BBF1A
:1035E000A5612F3FA47C3ABFBB85303F426839BFFD
:1035F0001DA8313F165238BFC9C8323F233A37BFE2
:10360000BCE7333F6C2036BFF304353FF30435BFCE
:103610006C20363FBCE733BF233A373FC9C832BFBF
:103620001652383F1DA831BF4268393FBB8530BFB5
:10363000A47C3A3FA5612FBF3B8F3B3FDE3B2EBFB3
:1036400003A03C3F69142DBFF9AE3D3F4AEB2BBFB1
:103650001BBC3E3F82C02ABF67C73F3F159429BFAE
:10366000DAD0403F056628BF70D8413F563627BFA5
:1036700029DE423F0A0526BF00E2433F25D224BF90
:10368000F5E3443FA99D23BF03E4453F996722BF6B
:103690002AE2463FF92F21BF65DE473FCBF61FBF29
:1036A000B3D8483F12BC1EBF12D1493FD17F1DBFC6
:1036B0007FC74A3F0C421CBFF8BB4B3FC6021BBF33
:1036C00079AE4C3F00C219BF029F4D3FC07F18BF6B
:1036D000908D4E3F073C17BF1F7A4F3FD9F615BF5D
:1036E000AF64503F39B014BF3D4D513F2A6813BFFE
:1036F000C633523FB01E12BF4918533FCDD310BF3F
:10370000C3FA533F84870FBF31DB543FDA390EBF12
:1037100093B9553FD0EA0CBFE595563F6B9A0BBF66
:103720002670573FAD480ABF5348583F9BF508BF26
:103730006A1E593F36A107BF6AF2593F824B06BF46
:1037400050C45A3F84F404BF1A945B3F3D9C03BFAE
:10375000C7615C3FB14202BF532D5D3FE4E700BF4C
:10376000BEF65D3FB217FFBE05BE5E3F275DFCBEE5
:1037700027835F3F2DA0F9BE2146603FCBE0F6BE18
:10378000F206613F071FF4BE98C5613FEA5AF1BED9
:103790001082623F7994EEBE5A3C633FBBCBEBBED6
:1037A00073F4633FB700E9BE59AA643F7533E6BEC0
:1037B0000B5E653FFA63E3BE880F663F4F92E0BE43
:1037C000CCBE663F79BEDDBED86B673F80E8DABE0F
:1037D000A816683F6B10D8BE3CBF683F4136D5BEC7
:1037E0009165693F095AD2BEA7096A3FCA7BCFBE1D
:1037F0007BAB6A3F8B9BCCBE0C4B6B3F53B9C9BEB6
:1038000058E86B3F29D5C6BE5E836C3F15EFC3BE3B
:103810001D1C6D3F1E07C1BE93B26D3F4A1DBEBE4B
:10382000BE466E3FA031BBBE9ED86E3F2A44B8BE96
:1038300030686F3FEC54B5BE73F56F3FEF63B2BEB7
:103840006680703F3A71AFBE0809713FD47CACBE50
:10385000578F713FC486A9BE5213723F128FA6BE06
:10386000F894723FC595A3BE4714733FE59AA0BE76
:103870003F91733F789E9DBEDD0B743F86A09ABE3C
:103880002284743F17A197BE0BFA743F31A094BEF7
:10389000976D753FDD9D91BEC6DE753F229A8EBE47
:1038A000974D763F07958BBE07BA763F938E88BEBD
:1038B0001724773FCE8685BEC58B773FC07D82BEFD
:1038C00010F1773FE1E67EBEF853783FCCCF78BE6B
:1038D0007BB4783F51B672BE9812793F7F9A6CBE26
:1038E0004E6E793F667C66BE9DC7793F135C60BEB5
:1038F000841E7A3F97395ABE02737A3F011554BE2F
:1039000016C57A3F60EE4DBEBE147B3FC2C547BEB2
:10391000FC617B3F379B41BECDAC7B3FCF6E3BBE56
:1039200031F57B3F984035BE283B7C3FA2102FBE2F
:10393000B07E7C3FFCDE28BEC9BF7C3FB6AB22BE5A
:1039400073FE7C3FDE761CBEAC3A7D3F834016BEE4
:1039500074747D3FB70810BECCAB7D3F86CF09BEE7
:10396000B1E07D3F029503BE24137E3F73B2FABDE2
:1039700023437E3F7638EEBDB0707E3F2EBCE1BD66
:10398000C99B7E3FB93DD5BD6DC47E3F36BDC8BD28
:103990009DEA7E3FC33ABCBD580E7F3F80B6AFBDA7
:1039A0009D2F7F3F8C30A3BD6D4E7F3F05A996BDF7
:1039B000C76A7F3F0A208ABDAB847F3F742B7BBDE3
:1039C000189C7F3F681462BD0FB17F3F2FFB48BD3D
:1039D0008FC37F3F07E02FBD98D37F3F2CC316BD19
:1039E00029E17F3FB949FBBC43EC7F3FB00AC9BC2A
:1039F000E6F47F3FB6C996BC11FB7F3F900E49BCF1
:103A0000C4FE7F3F890FC9BB0000803F000000005B
:103A10000FB17F3F2FFB483D6DC47E3F36BDC83D93
:103A2000AC3A7D3F8340163EBE147B3FC2C5473E45
:103A3000F853783FCCCF783E0BFA743F31A0943ED8
:103A40000809713FD47CAC3E5E836C3F15EFC33EEA
:103A5000D86B673F80E8DA3E98C5613FEA5AF13E8D
:103A60001A945B3F3D9C033F31DB543FDA390E3FF4
:103A7000029F4D3FC07F183F03E4453F9967223FB7
:103A8000F9AE3D3F4AEB2B3FF304353FF304353F9E
:103A90004AEB2B3FF9AE3D3F9967223F03E4453F98
:103AA000C07F183F029F4D3FDA390E3F31DB543F54
:103AB0003D9C033F1A945B3FEA5AF13E98C5613F33
:103AC00080E8DA3ED86B673F15EFC33E5E836C3FFC
:103AD000D47CAC3E0809713F31A0943E0BFA743F90
:103AE000CCCF783EF853783FC2C5473EBE147B3FEB
:103AF0008340163EAC3A7D3F36BDC83D6DC47E3F27
:103B00002FFB483D0FB17F3F000000000000803FC9
:103B10002FFB48BD0FB17F3F36BDC8BD6DC47E3F92
:103B2000834016BEAC3A7D3FC2C547BEBE147B3F44
:103B3000CCCF78BEF853783F31A094BE0BFA743FD7
:103B4000D47CACBE0809713F15EFC3BE5E836C3FE9
:103B500080E8DABED86B673FEA5AF1BE98C5613F8C
:103B60003D9C03BF1A945B3FDA390EBF31DB543FF3
:103B7000C07F18BF029F4D3F996722BF03E4453FB6
:103B80004AEB2BBFF9AE3D3FF30435BFF304353F9D
:103B9000F9AE3DBF4AEB2B3F03E445BF9967223F97
:103BA000029F4DBFC07F183F31DB54BFDA390E3F53
:103BB0001A945BBF3D9C033F98C561BFEA5AF13E32
:103BC000D86B67BF80E8DA3E5E836CBF15EFC33EFB
:103BD000080971BFD47CAC3E0BFA74BF31A0943E8F
:103BE000F85378BFCCCF783EBE147BBFC2C5473EEA
:103BF000AC3A7DBF8340163E6DC47EBF36BDC83D26
:103C00000FB17FBF2FFB483D000080BF00000000C8
:103C10000FB17FBF2FFB48BD6DC47EBF36BDC8BD91
:103C2000AC3A7DBF834016BEBE147BBFC2C547BE43
:103C3000F85378BFCCCF78BE0BFA74BF31A094BED6
:103C4000080971BFD47CACBE5E836CBF15EFC3BEE8
:103C5000D86B67BF80E8DABE98C561BFEA5AF1BE8B
:103C60001A945BBF3D9C03BF31DB54BFDA390EBFF2
:103C7000029F4DBFC07F18BF03E445BF996722BFB5
:103C8000F9AE3DBF4AEB2BBFF30435BFF30435BF9C
:103C90004AEB2BBFF9AE3DBF996722BF03E445BF96
:103CA000C07F18BF029F4DBFDA390EBF31DB54BF52
:103CB0003D9C03BF1A945BBFEA5AF1BE98C561BF31
:103CC00080E8DABED86B67BF15EFC3BE5E836CBFFA
:103CD000D47CACBE080971BF31A094BE0BFA74BF8E
:103CE000CCCF78BEF85378BFC2C547BEBE147BBFE9
:103CF000834016BEAC3A7DBF36BDC8BD6DC47EBF25
:103D00002FFB48BD0FB17FBF00000080000080BFC7
:103D10002FFB483D0FB17FBF36BDC83D6DC47EBF90
:103D20008340163EAC3A7DBFC2C5473EBE147BBF42
:103D3000CCCF783EF85378BF31A0943E0BFA74BFD5
:103D4000D47CAC3E080971BF15EFC33E5E836CBFE7
:103D500080E8DA3ED86B67BFEA5AF13E98C561BF8A
:103D60003D9C033F1A945BBFDA390E3F31DB54BFF1
:103D7000C07F183F029F4DBF9967223F03E445BFB4
:103D80004AEB2B3FF9AE3DBFF304353FF30435BF9B
:103D9000F9AE3D3F4AEB2BBF03E4453F996722BF95
:103DA000029F4D3FC07F18BF31DB543FDA390EBF51
:103DB0001A945B3F3D9C03BF98C5613FEA5AF1BE30
:103DC000D86B673F80E8DABE5E836C3F15EFC3BEF9
:103DD0000809713FD47CACBE0BFA743F31A094BE8D
:103DE000F853783FCCCF78BEBE147B3FC2C547BEE8
:103DF000AC3A7D3F834016BE6DC47E3F36BDC8BD24
:103E00000FB17F3F2FFB48BD0000803F0000000046
:103E10005E836C3F15EFC33EF304353FF304353F3B
:103E200015EFC33E5E836C3F000000000000803F42
:103E300015EFC3BE5E836C3FF30435BFF304353F1B
:103E40005E836CBF15EFC33E000080BF0000000022
:103E50005E836CBF15EFC3BEF30435BFF30435BFFB
:103E600015EFC3BE5E836CBF00000080000080BF02
:103E700015EFC33E5E836CBFF304353FF30435BFDB
:103E80005E836C3F15EFC3BE0000803F0000000062
:103E9000B1FF7F3FC70F493BC4FE7F3F890FC93B3E
:103EA00039FD7F3F59CB163C11FB7F3F900E493CBB
:103EB0004AF87F3F4B517B3CE6F47F3FB6C9963CC6
:103EC000E3F07F3F69EAAF3C43EC7F3FB00AC93C77
:103ED00005E77F3F7B2AE23C29E17F3FB949FB3C74
:103EE000AFDA7F3F2F340A3D98D37F3F2CC3163D76
:103EF000E2CB7F3FCC51233D8FC37F3F07E02F3D77
:103F00009EBA7F3FD56D3C3D0FB17F3F2FFB483DB3
:103F1000E3A67F3F0E88553D189C7F3F6814623DA5
:103F2000B1907F3F38A06E3DAB847F3F742B7B3DCB
:103F300008787F3F0ADB833DC76A7F3F0A208A3DBE
:103F4000E95C7F3FB464903D6D4E7F3F05A9963D8F
:103F5000543F7F3FF9EC9C3D9D2F7F3F8C30A33D2C
:103F6000491F7F3FBA73A93D580E7F3F80B6AF3DD2
:103F7000C9FC7E3FDAF8B53D9DEA7E3FC33ABC3DC1
:103F8000D4D77E3F397CC23D6DC47E3F36BDC83D2F
:103F900069B07E3FB7FDCE3DC99B7E3FB93DD53D63
:103FA0008B867E3F377DDB3DB0707E3F2EBCE13D92
:103FB000385A7E3F9AFAE73D23437E3F7638EE3DFE
:103FC000722B7E3FC075F43D24137E3F73B2FA3DE1
:103FD00038FA7D3F4577003EB1E07D3F0295033ED4
:103FE0008CC67D3F6EB2063ECCAB7D3F86CF093E90
:103FF0006E907D3F4AEC0C3E74747D3FB708103ED6
:10400000DE577D3FCA24133EAC3A7D3F8340163EC7
:10401000DD1C7D3FE05B193E73FE7C3FDE761C3E7F
:104020006CDF7C3F7B911F3EC9BF7C3FB6AB223E1D
:104030008A9F7C3F8CC5253EB07E7C3FFCDE283EBF
:104040003A5D7C3F04F82B3E283B7C3FA2102F3E7C
:104050007A187C3FD428323E31F57B3F9840353E7C
:104060004DD17B3FEC57383ECDAC7B3FCF6E3B3ED6
:10407000B2877B3F3E853E3EFC617B3F379B413EA6
:10408000AB3B7B3FB9B0443EBE147B3FC2C5473E0D
:1040900037ED7A3F4FDA4A3E16C57A3F60EE4D3E25
:1040A000599C7A3FF101513E02737A3F0115543E0B
:1040B00010497A3F8F27573E841E7A3F97395A3EE0
:1040C0005EF3793F1A4B5D3E9DC7793F135C603EBE
:1040D000439B793F836C633E4E6E793F667C663EC0
:1040E000C040793FBA8B693E9812793F7F9A6C3E07
:1040F000D6E3783FB2A86F3E7BB4783F51B6723EAC
:104100008684783F5AC3753EF853783FCCCF783ECB
:10411000D122783FA4DB7B3E10F1773FE1E67E3E83
:10412000B7BE773FC0F8803EC58B773FC07D823EEB
:104130003A58773F7002843E1724773FCE86853EFB
:104140005BEF763FDA0A873E07BA763F938E883E6A
:104150001B84763FF8118A3E974D763F07958B3E3C
:104160007A16763FC0178D3EC6DE753F229A8E3E88
:104170007BA6753F2C1C903E976D753FDD9D913E53
:104180001D34753F351F933E0BFA743F31A0943EAA
:1041900062BF743FD220963E2284743F17A1973E9F
:1041A0004B48743FFE20993EDD0B743F86A09A3E3B
:1041B000D9CE733FAF1F9C3E3F91733F789E9D3E8B
:1041C0000E53733FDF1C9F3E4714733FE59AA03E9A
:1041D000EBD4723F8718A23EF894723FC595A33E78
:1041E0007054723F9F12A53E5213723F128FA63E2B
:1041F0009FD1713F1F0BA83E578F713FC486A93EC8
:104200007A4C713F0102AB3E0809713FD47CAC3E51
:1042100002C5703F3CF7AD3E6680703F3A71AF3EDD
:10422000373B703FCBEAB03E73F56F3FEF63B23E72
:104230001BAF6F3FA5DCB33E30686F3FEC54B53E1B
:10424000B0206F3FC3CCB63E9ED86E3F2A44B83EE6
:10425000F88F6E3F1EBBB93EBE466E3FA031BB3EDF
:10426000F2FC6D3FAFA7BC3E93B26D3F4A1DBE3E10
:10427000A1676D3F6F92BF3E1D1C6D3F1E07C13E83
:1042800007D06C3F557BC23E5E836C3F15EFC33E4B
:1042900024366C3F5C62C53E58E86B3F29D5C63E6C
:1042A000FB996B3F7C47C83E0C4B6B3F53B9C93EF3
:1042B0008CFB6A3FAE2ACB3E7BAB6A3F8B9BCC3EEE
:1042C000D95A6A3FEA0BCE3EA7096A3FCA7BCF3E66
:1042D000E4B7693F2AEBD03E9165693F095AD23E67
:1042E000AE12693F67C8D33E3CBF683F4136D53EFA
:1042F000396B683F99A3D63EA816683F6B10D83E2D
:1043000087C1673FB97CD93ED86B673F80E8DA3E0A
:104310009915673FC153DC3ECCBE663F79BEDD3E9A
:104320007167663FA928DF3E880F663F4F92E03EE7
:1043300010B7653F6AFBE13E0B5E653FFA63E33E03
:104340007904653FFECBE43E59AA643F7533E63EEF
:10435000AC4F643F5D9AE73E73F4633FB700E93EBC
:10436000AC98633F8166EA3E5A3C633FBBCBEB3E71
:104370007BDF623F6330ED3E1082623F7994EE3E18
:104380001A24623FFBF7EF3E98C5613FEA5AF13EBF
:104390008A66613F43BDF23EF206613F071FF43E6D
:1043A000CFA6603F3580F53E2146603FCBE0F63E2C
:1043B000E9E45F3FC840F83E27835F3F2DA0F93E08
:1043C000DB205F3FF7FEFA3E05BE5E3F275DFC3E09
:1043D000A65A5E3FBBBAFD3EBEF65D3FB217FF3E3A
:1043E0004D925D3F063A003F532D5D3FE4E7003FAD
:1043F000D1C75C3F7395013FC7615C3FB142023F4B
:1044000034FB5B3F9FEF023F1A945B3F3D9C033FB1
:10441000792C5B3F8948043F50C45A3F84F4043FE1
:10442000A05B5A3F2CA0053F6AF2593F824B063FE2
:10443000AD88593F86F6063F6A1E593F36A1073FB1
:10444000A1B3583F924B083F5348583F9BF5083F54
:104450007FDC573F4E9F093F2670573FAD480A3FCC
:104460004803573FB7F10A3FE595563F6B9A0B3F1C
:10447000FE27563FC9420C3F93B9553FD0EA0C3F47
:10448000A44A553F81920D3F31DB543FDA390E3F4C
:104490003B6B543FDBE00E3FC3FA533F84870F3F33
:1044A000C789533FD52D103F4918533FCDD3103FF7
:1044B00049A6523F6B79113FC633523FB01E123F9F
:1044C000C2C0513F9AC3123F3D4D513F2A68133F2E
:1044D00037D9503F5F0C143FAF64503F39B0143FA1
:1044E000A8EF4F3FB753153F1F7A4F3FD9F6153FFF
:1044F00017044F3F9F99163F908D4E3F073C173F43
:1045000089164E3F12DE173F029F4D3FC07F183F76
:10451000FD264D3F0F21193F79AE4C3F00C2193F98
:1045200078354C3F93621A3FF8BB4B3FC6021B3FA6
:10453000FA414B3F99A21B3F7FC74A3F0C421C3FA9
:10454000874C4A3F1FE11C3F12D1493FD17F1D3F9D
:104550002155493F221E1E3FB3D8483F12BC1E3F83
:10456000CA5B483F9F591F3F65DE473FCBF61F3F61
:104570008560473F9393203F2AE2463FF92F213F32
:104580005463463FFBCB213F03E4453F9967223FFD
:104590003964453FD302233FF5E3443FA99D233FC0
:1045A0003763443F1A38243F00E2433F25D2243F7B
:1045B0005160433FCB6B253F29DE423F0A05263F32
:1045C000895B423FE39D263F70D8413F5636273FE7
:1045D000E154413F61CE273FDAD0403F0566283F96
:1045E0005C4C403F41FD283F67C73F3F1594293F42
:1045F000FC413F3F802A2A3F1BBC3E3F82C02A3FEE
:10460000C5353E3F1B562B3FF9AE3D3F4AEB2B3F96
:10461000B8273D3F0F802C3F03A03C3F69142D3F3E
:10462000D9173C3F59A82D3F3B8F3B3FDE3B2E3FE8
:1046300029063B3FF7CE2E3FA47C3A3FA5612F3F92
:10464000ACF2393FE6F32F3F4268393FBB85303F3C
:1046500065DD383F2217313F1652383F1DA8313FE4
:1046600055C6373FAA38323F233A373FC9C8323F91
:104670007FAD363F7A58333F6C20363FBCE7333F3F
:10468000E792353F8F76343FF304353FF304353FEF
:104690008F76343FE792353FBCE7333F6C20363F9F
:1046A0007A58333F7FAD363FC9C8323F233A373F50
:1046B000AA38323F55C6373F1DA8313F1652383F02
:1046C0002217313F65DD383FBB85303F4268393FB7
:1046D000E6F32F3FACF2393FA5612F3FA47C3A3F70
:1046E000F7CE2E3F29063B3FDE3B2E3F3B8F3B3F25
:1046F00059A82D3FD9173C3F69142D3F03A03C3FDB
:104700000F802C3FB8273D3F4AEB2B3FF9AE3D3F92
:104710001B562B3FC5353E3F82C02A3F1BBC3E3F48
:10472000802A2A3FFC413F3F1594293F67C73F3FFE
:1047300041FD283F5C4C403F0566283FDAD0403FB2
:1047400061CE273FE154413F5636273F70D8413F65
:10475000E39D263F895B423F0A05263F29DE423F13
:10476000CB6B253F5160433F25D2243F00E2433FBE
:104770001A38243F3763443FA99D233FF5E3443F64
:10478000D302233F3964453F9967223F03E4453F05
:10479000FBCB213F5463463FF92F213F2AE2463F9E
:1047A0009393203F8560473FCBF61F3F65DE473F31
:1047B0009F591F3FCA5B483F12BC1E3FB3D8483FBA
:1047C000221E1E3F2155493FD17F1D3F12D1493F37
:1047D0001FE11C3F874C4A3F0C421C3F7FC74A3FAA
:1047E00099A21B3FFA414B3FC6021B3FF8BB4B3F10
:1047F00093621A3F78354C3F00C2193F79AE4C3F67
:104800000F21193FFD264D3FC07F183F029F4D3FAE
:1048100012DE173F89164E3F073C173F908D4E3FE3
:104820009F99163F17044F3FD9F6153F1F7A4F3F08
:10483000B753153FA8EF4F3F39B0143FAF64503F17
:104840005F0C143F37D9503F2A68133F3D4D513F0D
:104850009AC3123FC2C0513FB01E123FC633523FEF
:104860006B79113F49A6523FCDD3103F4918533FB2
:10487000D52D103FC789533F84870F3FC3FA533F5D
:10488000DBE00E3F3B6B543FDA390E3F31DB543FE8
:1048900081920D3FA44A553FD0EA0C3F93B9553F52
:1048A000C9420C3FFE27563F6B9A0B3FE595563F9A
:1048B000B7F10A3F4803573FAD480A3F2670573FBC
:1048C0004E9F093F7FDC573F9BF5083F5348583FB9
:1048D000924B083FA1B3583F36A1073F6A1E593F8C
:1048E00086F6063FAD88593F824B063F6AF2593F34
:1048F0002CA0053FA05B5A3F84F4043F50C45A3FAC
:104900008948043F792C5B3F3D9C033F1A945B3FF1
:104910009FEF023F34FB5B3FB142023FC7615C3F08
:104920007395013FD1C75C3FE4E7003F532D5D3FE6
:10493000063A003F4D925D3FB217FF3EBEF65D3F27
:10494000BBBAFD3EA65A5E3F275DFC3E05BE5E3FFC
:10495000F7FEFA3EDB205F3F2DA0F93E27835F3F45
:10496000C840F83EE9E45F3FCBE0F63E2146603FB9
:104970003580F53ECFA6603F071FF43EF206613F4B
:1049800043BDF23E8A66613FEA5AF13E98C5613FF7
:10499000FBF7EF3E1A24623F7994EE3E1082623FAD
:1049A0006330ED3E7BDF623FBBCBEB3E5A3C633F67
:1049B0008166EA3EAC98633FB700E93E73F4633F1B
:1049C0005D9AE73EAC4F643F7533E63E59AA643FBB
:1049D000FECBE43E7904653FFA63E33E0B5E653F40
:1049E0006AFBE13E10B7653F4F92E03E880F663F9D
:1049F000A928DF3E7167663F79BEDD3ECCBE663FCB
:104A0000C153DC3E9915673F80E8DA3ED86B673FBB
:104A1000B97CD93E87C1673F6B10D83EA816683F66
:104A200099A3D63E396B683F4136D53E3CBF683FBF
:104A300067C8D33EAE12693F095AD23E9165693FBD
:104A40002AEBD03EE4B7693FCA7BCF3EA7096A3F55
:104A5000EA0BCE3ED95A6A3F8B9BCC3E7BAB6A3F7A
:104A6000AE2ACB3E8CFB6A3F53B9C93E0C4B6B3F21
:104A70007C47C83EFB996B3F29D5C63E58E86B3F43
:104A80005C62C53E24366C3F15EFC33E5E836C3FCF
:104A9000557BC23E07D06C3F1E07C13E1D1C6D3FBB
:104AA0006F92BF3EA1676D3F4A1DBE3E93B26D3F00
:104AB000AFA7BC3EF2FC6D3FA031BB3EBE466E3F91
:104AC0001EBBB93EF88F6E3F2A44B83E9ED86E3F5B
:104AD000C3CCB63EB0206F3FEC54B53E30686F3F5C
:104AE000A5DCB33E1BAF6F3FEF63B23E73F56F3F84
:104AF000CBEAB03E373B703F3A71AF3E6680703FC5
:104B00003CF7AD3E02C5703FD47CAC3E0809713F16
:104B10000102AB3E7A4C713FC486A93E578F713F6C
:104B20001F0BA83E9FD1713F128FA63E5213723FBA
:104B30009F12A53E7054723FC595A33EF894723FF4
:104B40008718A23EEBD4723FE59AA03E4714733F0C
:104B5000DF1C9F3E0E53733F789E9D3E3F91733FF7
:104B6000AF1F9C3ED9CE733F86A09A3EDD0B743FAB
:104B7000FE20993E4B48743F17A1973E2284743F14
:104B8000D220963E62BF743F31A0943E0BFA743F30
:104B9000351F933E1D34753FDD9D913E976D753FEA
:104BA0002C1C903E7BA6753F229A8E3EC6DE753F3A
:104BB000C0178D3E7A16763F07958B3E974D763F10
:104BC000F8118A3E1B84763F938E883E07BA763F63
:104BD000DA0A873E5BEF763FCE86853E1724773F25
:104BE0007002843E3A58773FC07D823EC58B773F46
:104BF000C0F8803EB7BE773FE1E67E3E10F1773FDA
:104C0000A4DB7B3ED122783FCCCF783EF853783F6F
:104C10005AC3753E8684783F51B6723E7BB4783F66
:104C2000B2A86F3ED6E3783F7F9A6C3E9812793FE8
:104C3000BA8B693EC040793F667C663E4E6E793FD6
:104C4000836C633E439B793F135C603E9DC7793F15
:104C50001A4B5D3E5EF3793F97395A3E841E7A3F88
:104C60008F27573E10497A3F0115543E02737A3F11
:104C7000F101513E599C7A3F60EE4D3E16C57A3F98
:104C80004FDA4A3E37ED7A3FC2C5473EBE147B3FFE
:104C9000B9B0443EAB3B7B3F379B413EFC617B3F21
:104CA0003E853E3EB2877B3FCF6E3B3ECDAC7B3FE9
:104CB000EC57383E4DD17B3F9840353E31F57B3F38
:104CC000D428323E7A187C3FA2102F3E283B7C3FEE
:104CD00004F82B3E3A5D7C3FFCDE283EB07E7C3FF4
:104CE0008CC5253E8A9F7C3FB6AB223EC9BF7C3F28
:104CF0007B911F3E6CDF7C3FDE761C3E73FE7C3F6B
:104D0000E05B193EDD1C7D3F8340163EAC3A7D3FA3
:104D1000CA24133EDE577D3FB708103E74747D3FB2
:104D20004AEC0C3E6E907D3F86CF093ECCAB7D3F7A
:104D30006EB2063E8CC67D3F0295033EB1E07D3FDC
:104D40004577003E38FA7D3F73B2FA3D24137E3F2B
:104D5000C075F43D722B7E3F7638EE3D23437E3F97
:104D60009AFAE73D385A7E3F2EBCE13DB0707E3F57
:104D7000377DDB3D8B867E3FB93DD53DC99B7E3F70
:104D8000B7FDCE3D69B07E3F36BDC83D6DC47E3FA8
:104D9000397CC23DD4D77E3FC33ABC3D9DEA7E3FBD
:104DA000DAF8B53DC9FC7E3F80B6AF3D580E7F3F77
:104DB000BA73A93D491F7F3F8C30A33D9D2F7F3F94
:104DC000F9EC9C3D543F7F3F05A9963D6D4E7F3FDA
:104DD000B464903DE95C7F3F0A208A3DC76A7F3F0B
:104DE0000ADB833D08787F3F742B7B3DAB847F3F9C
:104DF00038A06E3DB1907F3F6814623D189C7F3FA4
:104E00000E88553DE3A67F3F2FFB483D0FB17F3F06
:104E1000D56D3C3D9EBA7F3F07E02F3D8FC37F3F5E
:104E2000CC51233DE2CB7F3F2CC3163D98D37F3F2F
:104E30002F340A3DAFDA7F3FB949FB3C29E17F3F80
:104E40007B2AE23C05E77F3FB00AC93C43EC7F3F49
:104E500069EAAF3CE3F07F3FB6C9963CE6F47F3F9A
:104E60004B517B3C4AF87F3F900E493C11FB7F3F02
:104E700059CB163C39FD7F3F890FC93BC4FE7F3FAC
:104E8000C70F493BB1FF7F3F000000000000803F9B
:104E9000C70F49BBB1FF7F3F890FC9BBC4FE7F3F2E
:104EA00059CB16BC39FD7F3F900E49BC11FB7F3FAB
:104EB0004B517BBC4AF87F3FB6C996BCE6F47F3FB6
:104EC00069EAAFBCE3F07F3FB00AC9BC43EC7F3F67
:104ED0007B2AE2BC05E77F3FB949FBBC29E17F3F64
:104EE0002F340ABDAFDA7F3F2CC316BD98D37F3F66
:104EF000CC5123BDE2CB7F3F07E02FBD8FC37F3F67
:104F0000D56D3CBD9EBA7F3F2FFB48BD0FB17F3FA3
:104F10000E8855BDE3A67F3F681462BD189C7F3F95
:104F200038A06EBDB1907F3F742B7BBDAB847F3FBB
:104F30000ADB83BD08787F3F0A208ABDC76A7F3FAE
:104F4000B46490BDE95C7F3F05A996BD6D4E7F3F7F
:104F5000F9EC9CBD543F7F3F8C30A3BD9D2F7F3F1C
:104F6000BA73A9BD491F7F3F80B6AFBD580E7F3FC2
:104F7000DAF8B5BDC9FC7E3FC33ABCBD9DEA7E3FB1
:104F8000397CC2BDD4D77E3F36BDC8BD6DC47E3F1F
:104F9000B7FDCEBD69B07E3FB93DD5BDC99B7E3F53
:104FA000377DDBBD8B867E3F2EBCE1BDB0707E3F82
:104FB0009AFAE7BD385A7E3F7638EEBD23437E3FEE
:104FC000C075F4BD722B7E3F73B2FABD24137E3FD1
:104FD000457700BE38FA7D3F029503BEB1E07D3FC4
:104FE0006EB206BE8CC67D3F86CF09BECCAB7D3F80
:104FF0004AEC0CBE6E907D3FB70810BE74747D3FC6
:10500000CA2413BEDE577D3F834016BEAC3A7D3FB7
:10501000E05B19BEDD1C7D3FDE761CBE73FE7C3F6F
:105020007B911FBE6CDF7C3FB6AB22BEC9BF7C3F0D
:105030008CC525BE8A9F7C3FFCDE28BEB07E7C3FAF
:1050400004F82BBE3A5D7C3FA2102FBE283B7C3F6C
:10505000D42832BE7A187C3F984035BE31F57B3F6C
:10506000EC5738BE4DD17B3FCF6E3BBECDAC7B3FC6
:105070003E853EBEB2877B3F379B41BEFC617B3F96
:10508000B9B044BEAB3B7B3FC2C547BEBE147B3FFD
:105090004FDA4ABE37ED7A3F60EE4DBE16C57A3F15
:1050A000F10151BE599C7A3F011554BE02737A3FFB
:1050B0008F2757BE10497A3F97395ABE841E7A3FD0
:1050C0001A4B5DBE5EF3793F135C60BE9DC7793FAE
:1050D000836C63BE439B793F667C66BE4E6E793FB0
:1050E000BA8B69BEC040793F7F9A6CBE9812793FF7
:1050F000B2A86FBED6E3783F51B672BE7BB4783F9C
:105100005AC375BE8684783FCCCF78BEF853783FBB
:10511000A4DB7BBED122783FE1E67EBE10F1773F73
:10512000C0F880BEB7BE773FC07D82BEC58B773FDB
:10513000700284BE3A58773FCE8685BE1724773FEB
:10514000DA0A87BE5BEF763F938E88BE07BA763F5A
:10515000F8118ABE1B84763F07958BBE974D763F2C
:10516000C0178DBE7A16763F229A8EBEC6DE753F78
:105170002C1C90BE7BA6753FDD9D91BE976D753F43
:10518000351F93BE1D34753F31A094BE0BFA743F9A
:10519000D22096BE62BF743F17A197BE2284743F8F
:1051A000FE2099BE4B48743F86A09ABEDD0B743F2B
:1051B000AF1F9CBED9CE733F789E9DBE3F91733F7B
:1051C000DF1C9FBE0E53733FE59AA0BE4714733F8A
:1051D0008718A2BEEBD4723FC595A3BEF894723F68
:1051E0009F12A5BE7054723F128FA6BE5213723F1B
:1051F0001F0BA8BE9FD1713FC486A9BE578F713FB8
:105200000102ABBE7A4C713FD47CACBE0809713F41
:105210003CF7ADBE02C5703F3A71AFBE6680703FCD
:10522000CBEAB0BE373B703FEF63B2BE73F56F3F62
:10523000A5DCB3BE1BAF6F3FEC54B5BE30686F3F0B
:10524000C3CCB6BEB0206F3F2A44B8BE9ED86E3FD6
:105250001EBBB9BEF88F6E3FA031BBBEBE466E3FCF
:10526000AFA7BCBEF2FC6D3F4A1DBEBE93B26D3F00
:105270006F92BFBEA1676D3F1E07C1BE1D1C6D3F73
:10528000557BC2BE07D06C3F15EFC3BE5E836C3F3B
:105290005C62C5BE24366C3F29D5C6BE58E86B3F5C
:1052A0007C47C8BEFB996B3F53B9C9BE0C4B6B3FE3
:1052B000AE2ACBBE8CFB6A3F8B9BCCBE7BAB6A3FDE
:1052C000EA0BCEBED95A6A3FCA7BCFBEA7096A3F56
:1052D0002AEBD0BEE4B7693F095AD2BE9165693F57
:1052E00067C8D3BEAE12693F4136D5BE3CBF683FEA
:1052F00099A3D6BE396B683F6B10D8BEA816683F1D
:10530000B97CD9BE87C1673F80E8DABED86B673FFA
:10531000C153DCBE9915673F79BEDDBECCBE663F8A
:10532000A928DFBE7167663F4F92E0BE880F663FD7
:105330006AFBE1BE10B7653FFA63E3BE0B5E653FF3
:10534000FECBE4BE7904653F7533E6BE59AA643FDF
:105350005D9AE7BEAC4F643FB700E9BE73F4633FAC
:105360008166EABEAC98633FBBCBEBBE5A3C633F61
:105370006330EDBE7BDF623F7994EEBE1082623F08
:10538000FBF7EFBE1A24623FEA5AF1BE98C5613FAF
:1053900043BDF2BE8A66613F071FF4BEF206613F5D
:1053A0003580F5BECFA6603FCBE0F6BE2146603F1C
:1053B000C840F8BEE9E45F3F2DA0F9BE27835F3FF8
:1053C000F7FEFABEDB205F3F275DFCBE05BE5E3FF9
:1053D000BBBAFDBEA65A5E3FB217FFBEBEF65D3F2A
:1053E000063A00BF4D925D3FE4E700BF532D5D3F9D
:1053F000739501BFD1C75C3FB14202BFC7615C3F3B
:105400009FEF02BF34FB5B3F3D9C03BF1A945B3FA1
:10541000894804BF792C5B3F84F404BF50C45A3FD1
:105420002CA005BFA05B5A3F824B06BF6AF2593FD2
:1054300086F606BFAD88593F36A107BF6A1E593FA1
:10544000924B08BFA1B3583F9BF508BF5348583F44
:105450004E9F09BF7FDC573FAD480ABF2670573FBC
:10546000B7F10ABF4803573F6B9A0BBFE595563F0C
:10547000C9420CBFFE27563FD0EA0CBF93B9553F37
:1054800081920DBFA44A553FDA390EBF31DB543F3C
:10549000DBE00EBF3B6B543F84870FBFC3FA533F23
:1054A000D52D10BFC789533FCDD310BF4918533FE7
:1054B0006B7911BF49A6523FB01E12BFC633523F8F
:1054C0009AC312BFC2C0513F2A6813BF3D4D513F1E
:1054D0005F0C14BF37D9503F39B014BFAF64503F91
:1054E000B75315BFA8EF4F3FD9F615BF1F7A4F3FEF
:1054F0009F9916BF17044F3F073C17BF908D4E3F33
:1055000012DE17BF89164E3FC07F18BF029F4D3F66
:105510000F2119BFFD264D3F00C219BF79AE4C3F88
:1055200093621ABF78354C3FC6021BBFF8BB4B3F96
:1055300099A21BBFFA414B3F0C421CBF7FC74A3F99
:105540001FE11CBF874C4A3FD17F1DBF12D1493F8D
:10555000221E1EBF2155493F12BC1EBFB3D8483F73
:105560009F591FBFCA5B483FCBF61FBF65DE473F51
:10557000939320BF8560473FF92F21BF2AE2463F22
:10558000FBCB21BF5463463F996722BF03E4453FED
:10559000D30223BF3964453FA99D23BFF5E3443FB0
:1055A0001A3824BF3763443F25D224BF00E2433F6B
:1055B000CB6B25BF5160433F0A0526BF29DE423F22
:1055C000E39D26BF895B423F563627BF70D8413FD7
:1055D00061CE27BFE154413F056628BFDAD0403F86
:1055E00041FD28BF5C4C403F159429BF67C73F3F32
:1055F000802A2ABFFC413F3F82C02ABF1BBC3E3FDE
:105600001B562BBFC5353E3F4AEB2BBFF9AE3D3F86
:105610000F802CBFB8273D3F69142DBF03A03C3F2E
:1056200059A82DBFD9173C3FDE3B2EBF3B8F3B3FD8
:10563000F7CE2EBF29063B3FA5612FBFA47C3A3F82
:10564000E6F32FBFACF2393FBB8530BF4268393F2C
:10565000221731BF65DD383F1DA831BF1652383FD4
:10566000AA3832BF55C6373FC9C832BF233A373F81
:105670007A5833BF7FAD363FBCE733BF6C20363F2F
:105680008F7634BFE792353FF30435BFF304353FDF
:10569000E79235BF8F76343F6C2036BFBCE7333F8F
:1056A0007FAD36BF7A58333F233A37BFC9C8323F40
:1056B00055C637BFAA38323F165238BF1DA8313FF2
:1056C00065DD38BF2217313F426839BFBB85303FA7
:1056D000ACF239BFE6F32F3FA47C3ABFA5612F3F60
:1056E00029063BBFF7CE2E3F3B8F3BBFDE3B2E3F15
:1056F000D9173CBF59A82D3F03A03CBF69142D3FCB
:10570000B8273DBF0F802C3FF9AE3DBF4AEB2B3F82
:10571000C5353EBF1B562B3F1BBC3EBF82C02A3F38
:10572000FC413FBF802A2A3F67C73FBF1594293FEE
:105730005C4C40BF41FD283FDAD040BF0566283FA2
:10574000E15441BF61CE273F70D841BF5636273F55
:10575000895B42BFE39D263F29DE42BF0A05263F03
:10576000516043BFCB6B253F00E243BF25D2243FAE
:10577000376344BF1A38243FF5E344BFA99D233F54
:10578000396445BFD302233F03E445BF9967223FF5
:10579000546346BFFBCB213F2AE246BFF92F213F8E
:1057A000856047BF9393203F65DE47BFCBF61F3F21
:1057B000CA5B48BF9F591F3FB3D848BF12BC1E3FAA
:1057C000215549BF221E1E3F12D149BFD17F1D3F27
:1057D000874C4ABF1FE11C3F7FC74ABF0C421C3F9A
:1057E000FA414BBF99A21B3FF8BB4BBFC6021B3F00
:1057F00078354CBF93621A3F79AE4CBF00C2193F57
:10580000FD264DBF0F21193F029F4DBFC07F183F9E
:1058100089164EBF12DE173F908D4EBF073C173FD3
:1058200017044FBF9F99163F1F7A4FBFD9F6153FF8
:10583000A8EF4FBFB753153FAF6450BF39B0143F07
:1058400037D950BF5F0C143F3D4D51BF2A68133FFD
:10585000C2C051BF9AC3123FC63352BFB01E123FDF
:1058600049A652BF6B79113F491853BFCDD3103FA2
:10587000C78953BFD52D103FC3FA53BF84870F3F4D
:105880003B6B54BFDBE00E3F31DB54BFDA390E3FD8
:10589000A44A55BF81920D3F93B955BFD0EA0C3F42
:1058A000FE2756BFC9420C3FE59556BF6B9A0B3F8A
:1058B000480357BFB7F10A3F267057BFAD480A3FAC
:1058C0007FDC57BF4E9F093F534858BF9BF5083FA9
:1058D000A1B358BF924B083F6A1E59BF36A1073F7C
:1058E000AD8859BF86F6063F6AF259BF824B063F24
:1058F000A05B5ABF2CA0053F50C45ABF84F4043F9C
:10590000792C5BBF8948043F1A945BBF3D9C033FE1
:1059100034FB5BBF9FEF023FC7615CBFB142023FF8
:10592000D1C75CBF7395013F532D5DBFE4E7003FD6
:105930004D925DBF063A003FBEF65DBFB217FF3E17
:10594000A65A5EBFBBBAFD3E05BE5EBF275DFC3EEC
:10595000DB205FBFF7FEFA3E27835FBF2DA0F93E35
:10596000E9E45FBFC840F83E214660BFCBE0F63EA9
:10597000CFA660BF3580F53EF20661BF071FF43E3B
:105980008A6661BF43BDF23E98C561BFEA5AF13EE7
:105990001A2462BFFBF7EF3E108262BF7994EE3E9D
:1059A0007BDF62BF6330ED3E5A3C63BFBBCBEB3E57
:1059B000AC9863BF8166EA3E73F463BFB700E93E0B
:1059C000AC4F64BF5D9AE73E59AA64BF7533E63EAB
:1059D000790465BFFECBE43E0B5E65BFFA63E33E30
:1059E00010B765BF6AFBE13E880F66BF4F92E03E8D
:1059F000716766BFA928DF3ECCBE66BF79BEDD3EBB
:105A0000991567BFC153DC3ED86B67BF80E8DA3EAB
:105A100087C167BFB97CD93EA81668BF6B10D83E56
:105A2000396B68BF99A3D63E3CBF68BF4136D53EAF
:105A3000AE1269BF67C8D33E916569BF095AD23EAD
:105A4000E4B769BF2AEBD03EA7096ABFCA7BCF3E45
:105A5000D95A6ABFEA0BCE3E7BAB6ABF8B9BCC3E6A
:105A60008CFB6ABFAE2ACB3E0C4B6BBF53B9C93E11
:105A7000FB996BBF7C47C83E58E86BBF29D5C63E33
:105A800024366CBF5C62C53E5E836CBF15EFC33EBF
:105A900007D06CBF557BC23E1D1C6DBF1E07C13EAB
:105AA000A1676DBF6F92BF3E93B26DBF4A1DBE3EF0
:105AB000F2FC6DBFAFA7BC3EBE466EBFA031BB3E81
:105AC000F88F6EBF1EBBB93E9ED86EBF2A44B83E4B
:105AD000B0206FBFC3CCB63E30686FBFEC54B53E4C
:105AE0001BAF6FBFA5DCB33E73F56FBFEF63B23E74
:105AF000373B70BFCBEAB03E668070BF3A71AF3EB5
:105B000002C570BF3CF7AD3E080971BFD47CAC3E06
:105B10007A4C71BF0102AB3E578F71BFC486A93E5C
:105B20009FD171BF1F0BA83E521372BF128FA63EAA
:105B3000705472BF9F12A53EF89472BFC595A33EE4
:105B4000EBD472BF8718A23E471473BFE59AA03EFC
:105B50000E5373BFDF1C9F3E3F9173BF789E9D3EE7
:105B6000D9CE73BFAF1F9C3EDD0B74BF86A09A3E9B
:105B70004B4874BFFE20993E228474BF17A1973E04
:105B800062BF74BFD220963E0BFA74BF31A0943E20
:105B90001D3475BF351F933E976D75BFDD9D913EDA
:105BA0007BA675BF2C1C903EC6DE75BF229A8E3E2A
:105BB0007A1676BFC0178D3E974D76BF07958B3E00
:105BC0001B8476BFF8118A3E07BA76BF938E883E53
:105BD0005BEF76BFDA0A873E172477BFCE86853E15
:105BE0003A5877BF7002843EC58B77BFC07D823E36
:105BF000B7BE77BFC0F8803E10F177BFE1E67E3ECA
:105C0000D12278BFA4DB7B3EF85378BFCCCF783E5F
:105C1000868478BF5AC3753E7BB478BF51B6723E56
:105C2000D6E378BFB2A86F3E981279BF7F9A6C3ED8
:105C3000C04079BFBA8B693E4E6E79BF667C663EC6
:105C4000439B79BF836C633E9DC779BF135C603E05
:105C50005EF379BF1A4B5D3E841E7ABF97395A3E78
:105C600010497ABF8F27573E02737ABF0115543E01
:105C7000599C7ABFF101513E16C57ABF60EE4D3E88
:105C800037ED7ABF4FDA4A3EBE147BBFC2C5473EEE
:105C9000AB3B7BBFB9B0443EFC617BBF379B413E11
:105CA000B2877BBF3E853E3ECDAC7BBFCF6E3B3ED9
:105CB0004DD17BBFEC57383E31F57BBF9840353E28
:105CC0007A187CBFD428323E283B7CBFA2102F3EDE
:105CD0003A5D7CBF04F82B3EB07E7CBFFCDE283EE4
:105CE0008A9F7CBF8CC5253EC9BF7CBFB6AB223E18
:105CF0006CDF7CBF7B911F3E73FE7CBFDE761C3E5B
:105D0000DD1C7DBFE05B193EAC3A7DBF8340163E93
:105D1000DE577DBFCA24133E74747DBFB708103EA2
:105D20006E907DBF4AEC0C3ECCAB7DBF86CF093E6A
:105D30008CC67DBF6EB2063EB1E07DBF0295033ECC
:105D400038FA7DBF4577003E24137EBF73B2FA3D1B
:105D5000722B7EBFC075F43D23437EBF7638EE3D87
:105D6000385A7EBF9AFAE73DB0707EBF2EBCE13D47
:105D70008B867EBF377DDB3DC99B7EBFB93DD53D60
:105D800069B07EBFB7FDCE3D6DC47EBF36BDC83D98
:105D9000D4D77EBF397CC23D9DEA7EBFC33ABC3DAD
:105DA000C9FC7EBFDAF8B53D580E7FBF80B6AF3D67
:105DB000491F7FBFBA73A93D9D2F7FBF8C30A33D84
:105DC000543F7FBFF9EC9C3D6D4E7FBF05A9963DCA
:105DD000E95C7FBFB464903DC76A7FBF0A208A3DFB
:105DE00008787FBF0ADB833DAB847FBF742B7B3D8C
:105DF000B1907FBF38A06E3D189C7FBF6814623D94
:105E0000E3A67FBF0E88553D0FB17FBF2FFB483DF6
:105E10009EBA7FBFD56D3C3D8FC37FBF07E02F3D4E
:105E2000E2CB7FBFCC51233D98D37FBF2CC3163D1F
:105E3000AFDA7FBF2F340A3D29E17FBFB949FB3C70
:105E400005E77FBF7B2AE23C43EC7FBFB00AC93C39
:105E5000E3F07FBF69EAAF3CE6F47FBFB6C9963C8A
:105E60004AF87FBF4B517B3C11FB7FBF900E493CF2
:105E700039FD7FBF59CB163CC4FE7FBF890FC93B9C
:105E8000B1FF7FBFC70F493B000080BF000000008B
:105E9000B1FF7FBFC70F49BBC4FE7FBF890FC9BB1E
:105EA00039FD7FBF59CB16BC11FB7FBF900E49BC9B
:105EB0004AF87FBF4B517BBCE6F47FBFB6C996BCA6
:105EC000E3F07FBF69EAAFBC43EC7FBFB00AC9BC57
:105ED00005E77FBF7B2AE2BC29E17FBFB949FBBC54
:105EE000AFDA7FBF2F340ABD98D37FBF2CC316BD56
:105EF000E2CB7FBFCC5123BD8FC37FBF07E02FBD57
:105F00009EBA7FBFD56D3CBD0FB17FBF2FFB48BD93
:105F1000E3A67FBF0E8855BD189C7FBF681462BD85
:105F2000B1907FBF38A06EBDAB847FBF742B7BBDAB
:105F300008787FBF0ADB83BDC76A7FBF0A208ABD9E
:105F4000E95C7FBFB46490BD6D4E7FBF05A996BD6F
:105F5000543F7FBFF9EC9CBD9D2F7FBF8C30A3BD0C
:105F6000491F7FBFBA73A9BD580E7FBF80B6AFBDB2
:105F7000C9FC7EBFDAF8B5BD9DEA7EBFC33ABCBDA1
:105F8000D4D77EBF397CC2BD6DC47EBF36BDC8BD0F
:105F900069B07EBFB7FDCEBDC99B7EBFB93DD5BD43
:105FA0008B867EBF377DDBBDB0707EBF2EBCE1BD72
:105FB000385A7EBF9AFAE7BD23437EBF7638EEBDDE
:105FC000722B7EBFC075F4BD24137EBF73B2FABDC1
:105FD00038FA7DBF457700BEB1E07DBF029503BEB4
:105FE0008CC67DBF6EB206BECCAB7DBF86CF09BE70
:105FF0006E907DBF4AEC0CBE74747DBFB70810BEB6
:10600000DE577DBFCA2413BEAC3A7DBF834016BEA7
:10601000DD1C7DBFE05B19BE73FE7CBFDE761CBE5F
:106020006CDF7CBF7B911FBEC9BF7CBFB6AB22BEFD
:106030008A9F7CBF8CC525BEB07E7CBFFCDE28BE9F
:106040003A5D7CBF04F82BBE283B7CBFA2102FBE5C
:106050007A187CBFD42832BE31F57BBF984035BE5C
:106060004DD17BBFEC5738BECDAC7BBFCF6E3BBEB6
:10607000B2877BBF3E853EBEFC617BBF379B41BE86
:10608000AB3B7BBFB9B044BEBE147BBFC2C547BEED
:1060900037ED7ABF4FDA4ABE16C57ABF60EE4DBE05
:1060A000599C7ABFF10151BE02737ABF011554BEEB
:1060B00010497ABF8F2757BE841E7ABF97395ABEC0
:1060C0005EF379BF1A4B5DBE9DC779BF135C60BE9E
:1060D000439B79BF836C63BE4E6E79BF667C66BEA0
:1060E000C04079BFBA8B69BE981279BF7F9A6CBEE7
:1060F000D6E378BFB2A86FBE7BB478BF51B672BE8C
:10610000868478BF5AC375BEF85378BFCCCF78BEAB
:10611000D12278BFA4DB7BBE10F177BFE1E67EBE63
:10612000B7BE77BFC0F880BEC58B77BFC07D82BECB
:106130003A5877BF700284BE172477BFCE8685BEDB
:106140005BEF76BFDA0A87BE07BA76BF938E88BE4A
:106150001B8476BFF8118ABE974D76BF07958BBE1C
:106160007A1676BFC0178DBEC6DE75BF229A8EBE68
:106170007BA675BF2C1C90BE976D75BFDD9D91BE33
:106180001D3475BF351F93BE0BFA74BF31A094BE8A
:1061900062BF74BFD22096BE228474BF17A197BE7F
:1061A0004B4874BFFE2099BEDD0B74BF86A09ABE1B
:1061B000D9CE73BFAF1F9CBE3F9173BF789E9DBE6B
:1061C0000E5373BFDF1C9FBE471473BFE59AA0BE7A
:1061D000EBD472BF8718A2BEF89472BFC595A3BE58
:1061E000705472BF9F12A5BE521372BF128FA6BE0B
:1061F0009FD171BF1F0BA8BE578F71BFC486A9BEA8
:106200007A4C71BF0102ABBE080971BFD47CACBE31
:1062100002C570BF3CF7ADBE668070BF3A71AFBEBD
:10622000373B70BFCBEAB0BE73F56FBFEF63B2BE52
:106230001BAF6FBFA5DCB3BE30686FBFEC54B5BEFB
:10624000B0206FBFC3CCB6BE9ED86EBF2A44B8BEC6
:10625000F88F6EBF1EBBB9BEBE466EBFA031BBBEBF
:10626000F2FC6DBFAFA7BCBE93B26DBF4A1DBEBEF0
:10627000A1676DBF6F92BFBE1D1C6DBF1E07C1BE63
:1062800007D06CBF557BC2BE5E836CBF15EFC3BE2B
:1062900024366CBF5C62C5BE58E86BBF29D5C6BE4C
:1062A000FB996BBF7C47C8BE0C4B6BBF53B9C9BED3
:1062B0008CFB6ABFAE2ACBBE7BAB6ABF8B9BCCBECE
:1062C000D95A6ABFEA0BCEBEA7096ABFCA7BCFBE46
:1062D000E4B769BF2AEBD0BE916569BF095AD2BE47
:1062E000AE1269BF67C8D3BE3CBF68BF4136D5BEDA
:1062F000396B68BF99A3D6BEA81668BF6B10D8BE0D
:1063000087C167BFB97CD9BED86B67BF80E8DABEEA
:10631000991567BFC153DCBECCBE66BF79BEDDBE7A
:10632000716766BFA928DFBE880F66BF4F92E0BEC7
:1063300010B765BF6AFBE1BE0B5E65BFFA63E3BEE3
:10634000790465BFFECBE4BE59AA64BF7533E6BECF
:10635000AC4F64BF5D9AE7BE73F463BFB700E9BE9C
:10636000AC9863BF8166EABE5A3C63BFBBCBEBBE51
:106370007BDF62BF6330EDBE108262BF7994EEBEF8
:106380001A2462BFFBF7EFBE98C561BFEA5AF1BE9F
:106390008A6661BF43BDF2BEF20661BF071FF4BE4D
:1063A000CFA660BF3580F5BE214660BFCBE0F6BE0C
:1063B000E9E45FBFC840F8BE27835FBF2DA0F9BEE8
:1063C000DB205FBFF7FEFABE05BE5EBF275DFCBEE9
:1063D000A65A5EBFBBBAFDBEBEF65DBFB217FFBE1A
:1063E0004D925DBF063A00BF532D5DBFE4E700BF8D
:1063F000D1C75CBF739501BFC7615CBFB14202BF2B
:1064000034FB5BBF9FEF02BF1A945BBF3D9C03BF91
:10641000792C5BBF894804BF50C45ABF84F404BFC1
:10642000A05B5ABF2CA005BF6AF259BF824B06BFC2
:10643000AD8859BF86F606BF6A1E59BF36A107BF91
:10644000A1B358BF924B08BF534858BF9BF508BF34
:106450007FDC57BF4E9F09BF267057BFAD480ABFAC
:10646000480357BFB7F10ABFE59556BF6B9A0BBFFC
:10647000FE2756BFC9420CBF93B955BFD0EA0CBF27
:10648000A44A55BF81920DBF31DB54BFDA390EBF2C
:106490003B6B54BFDBE00EBFC3FA53BF84870FBF13
:1064A000C78953BFD52D10BF491853BFCDD310BFD7
:1064B00049A652BF6B7911BFC63352BFB01E12BF7F
:1064C000C2C051BF9AC312BF3D4D51BF2A6813BF0E
:1064D00037D950BF5F0C14BFAF6450BF39B014BF81
:1064E000A8EF4FBFB75315BF1F7A4FBFD9F615BFDF
:1064F00017044FBF9F9916BF908D4EBF073C17BF23
:1065000089164EBF12DE17BF029F4DBFC07F18BF56
:10651000FD264DBF0F2119BF79AE4CBF00C219BF78
:1065200078354CBF93621ABFF8BB4BBFC6021BBF86
:10653000FA414BBF99A21BBF7FC74ABF0C421CBF89
:10654000874C4ABF1FE11CBF12D149BFD17F1DBF7D
:10655000215549BF221E1EBFB3D848BF12BC1EBF63
:10656000CA5B48BF9F591FBF65DE47BFCBF61FBF41
:10657000856047BF939320BF2AE246BFF92F21BF12
:10658000546346BFFBCB21BF03E445BF996722BFDD
:10659000396445BFD30223BFF5E344BFA99D23BFA0
:1065A000376344BF1A3824BF00E243BF25D224BF5B
:1065B000516043BFCB6B25BF29DE42BF0A0526BF12
:1065C000895B42BFE39D26BF70D841BF563627BFC7
:1065D000E15441BF61CE27BFDAD040BF056628BF76
:1065E0005C4C40BF41FD28BF67C73FBF159429BF22
:1065F000FC413FBF802A2ABF1BBC3EBF82C02ABFCE
:10660000C5353EBF1B562BBFF9AE3DBF4AEB2BBF76
:10661000B8273DBF0F802CBF03A03CBF69142DBF1E
:10662000D9173CBF59A82DBF3B8F3BBFDE3B2EBFC8
:1066300029063BBFF7CE2EBFA47C3ABFA5612FBF72
:10664000ACF239BFE6F32FBF426839BFBB8530BF1C
:1066500065DD38BF221731BF165238BF1DA831BFC4
:1066600055C637BFAA3832BF233A37BFC9C832BF71
:106670007FAD36BF7A5833BF6C2036BFBCE733BF1F
:10668000E79235BF8F7634BFF30435BFF30435BFCF
:106690008F7634BFE79235BFBCE733BF6C2036BF7F
:1066A0007A5833BF7FAD36BFC9C832BF233A37BF30
:1066B000AA3832BF55C637BF1DA831BF165238BFE2
:1066C000221731BF65DD38BFBB8530BF426839BF97
:1066D000E6F32FBFACF239BFA5612FBFA47C3ABF50
:1066E000F7CE2EBF29063BBFDE3B2EBF3B8F3BBF05
:1066F00059A82DBFD9173CBF69142DBF03A03CBFBB
:106700000F802CBFB8273DBF4AEB2BBFF9AE3DBF72
:106710001B562BBFC5353EBF82C02ABF1BBC3EBF28
:10672000802A2ABFFC413FBF159429BF67C73FBFDE
:1067300041FD28BF5C4C40BF056628BFDAD040BF92
:1067400061CE27BFE15441BF563627BF70D841BF45
:10675000E39D26BF895B42BF0A0526BF29DE42BFF3
:10676000CB6B25BF516043BF25D224BF00E243BF9E
:106770001A3824BF376344BFA99D23BFF5E344BF44
:10678000D30223BF396445BF996722BF03E445BFE5
:10679000FBCB21BF546346BFF92F21BF2AE246BF7E
:1067A000939320BF856047BFCBF61FBF65DE47BF11
:1067B0009F591FBFCA5B48BF12BC1EBFB3D848BF9A
:1067C000221E1EBF215549BFD17F1DBF12D149BF17
:1067D0001FE11CBF874C4ABF0C421CBF7FC74ABF8A
:1067E00099A21BBFFA414BBFC6021BBFF8BB4BBFF0
:1067F00093621ABF78354CBF00C219BF79AE4CBF47
:106800000F2119BFFD264DBFC07F18BF029F4DBF8E
:1068100012DE17BF89164EBF073C17BF908D4EBFC3
:106820009F9916BF17044FBFD9F615BF1F7A4FBFE8
:10683000B75315BFA8EF4FBF39B014BFAF6450BFF7
:106840005F0C14BF37D950BF2A6813BF3D4D51BFED
:106850009AC312BFC2C051BFB01E12BFC63352BFCF
:106860006B7911BF49A652BFCDD310BF491853BF92
:10687000D52D10BFC78953BF84870FBFC3FA53BF3D
:10688000DBE00EBF3B6B54BFDA390EBF31DB54BFC8
:1068900081920DBFA44A55BFD0EA0CBF93B955BF32
:1068A000C9420CBFFE2756BF6B9A0BBFE59556BF7A
:1068B000B7F10ABF480357BFAD480ABF267057BF9C
:1068C0004E9F09BF7FDC57BF9BF508BF534858BF99
:1068D000924B08BFA1B358BF36A107BF6A1E59BF6C
:1068E00086F606BFAD8859BF824B06BF6AF259BF14
:1068F0002CA005BFA05B5ABF84F404BF50C45ABF8C
:10690000894804BF792C5BBF3D9C03BF1A945BBFD1
:106910009FEF02BF34FB5BBFB14202BFC7615CBFE8
:10692000739501BFD1C75CBFE4E700BF532D5DBFC6
:10693000063A00BF4D925DBFB217FFBEBEF65DBF07
:10694000BBBAFDBEA65A5EBF275DFCBE05BE5EBFDC
:10695000F7FEFABEDB205FBF2DA0F9BE27835FBF25
:10696000C840F8BEE9E45FBFCBE0F6BE214660BF99
:106970003580F5BECFA660BF071FF4BEF20661BF2B
:1069800043BDF2BE8A6661BFEA5AF1BE98C561BFD7
:10699000FBF7EFBE1A2462BF7994EEBE108262BF8D
:1069A0006330EDBE7BDF62BFBBCBEBBE5A3C63BF47
:1069B0008166EABEAC9863BFB700E9BE73F463BFFB
:1069C0005D9AE7BEAC4F64BF7533E6BE59AA64BF9B
:1069D000FECBE4BE790465BFFA63E3BE0B5E65BF20
:1069E0006AFBE1BE10B765BF4F92E0BE880F66BF7D
:1069F000A928DFBE716766BF79BEDDBECCBE66BFAB
:106A0000C153DCBE991567BF80E8DABED86B67BF9B
:106A1000B97CD9BE87C167BF6B10D8BEA81668BF46
:106A200099A3D6BE396B68BF4136D5BE3CBF68BF9F
:106A300067C8D3BEAE1269BF095AD2BE916569BF9D
:106A40002AEBD0BEE4B769BFCA7BCFBEA7096ABF35
:106A5000EA0BCEBED95A6ABF8B9BCCBE7BAB6ABF5A
:106A6000AE2ACBBE8CFB6ABF53B9C9BE0C4B6BBF01
:106A70007C47C8BEFB996BBF29D5C6BE58E86BBF23
:106A80005C62C5BE24366CBF15EFC3BE5E836CBFAF
:106A9000557BC2BE07D06CBF1E07C1BE1D1C6DBF9B
:106AA0006F92BFBEA1676DBF4A1DBEBE93B26DBFE0
:106AB000AFA7BCBEF2FC6DBFA031BBBEBE466EBF71
:106AC0001EBBB9BEF88F6EBF2A44B8BE9ED86EBF3B
:106AD000C3CCB6BEB0206FBFEC54B5BE30686FBF3C
:106AE000A5DCB3BE1BAF6FBFEF63B2BE73F56FBF64
:106AF000CBEAB0BE373B70BF3A71AFBE668070BFA5
:106B00003CF7ADBE02C570BFD47CACBE080971BFF6
:106B10000102ABBE7A4C71BFC486A9BE578F71BF4C
:106B20001F0BA8BE9FD171BF128FA6BE521372BF9A
:106B30009F12A5BE705472BFC595A3BEF89472BFD4
:106B40008718A2BEEBD472BFE59AA0BE471473BFEC
:106B5000DF1C9FBE0E5373BF789E9DBE3F9173BFD7
:106B6000AF1F9CBED9CE73BF86A09ABEDD0B74BF8B
:106B7000FE2099BE4B4874BF17A197BE228474BFF4
:106B8000D22096BE62BF74BF31A094BE0BFA74BF10
:106B9000351F93BE1D3475BFDD9D91BE976D75BFCA
:106BA0002C1C90BE7BA675BF229A8EBEC6DE75BF1A
:106BB000C0178DBE7A1676BF07958BBE974D76BFF0
:106BC000F8118ABE1B8476BF938E88BE07BA76BF43
:106BD000DA0A87BE5BEF76BFCE8685BE172477BF05
:106BE000700284BE3A5877BFC07D82BEC58B77BF26
:106BF000C0F880BEB7BE77BFE1E67EBE10F177BFBA
:106C0000A4DB7BBED12278BFCCCF78BEF85378BF4F
:106C10005AC375BE868478BF51B672BE7BB478BF46
:106C2000B2A86FBED6E378BF7F9A6CBE981279BFC8
:106C3000BA8B69BEC04079BF667C66BE4E6E79BFB6
:106C4000836C63BE439B79BF135C60BE9DC779BFF5
:106C50001A4B5DBE5EF379BF97395ABE841E7ABF68
:106C60008F2757BE10497ABF011554BE02737ABFF1
:106C7000F10151BE599C7ABF60EE4DBE16C57ABF78
:106C80004FDA4ABE37ED7ABFC2C547BEBE147BBFDE
:106C9000B9B044BEAB3B7BBF379B41BEFC617BBF01
:106CA0003E853EBEB2877BBFCF6E3BBECDAC7BBFC9
:106CB000EC5738BE4DD17BBF984035BE31F57BBF18
:106CC000D42832BE7A187CBFA2102FBE283B7CBFCE
:106CD00004F82BBE3A5D7CBFFCDE28BEB07E7CBFD4
:106CE0008CC525BE8A9F7CBFB6AB22BEC9BF7CBF08
:106CF0007B911FBE6CDF7CBFDE761CBE73FE7CBF4B
:106D0000E05B19BEDD1C7DBF834016BEAC3A7DBF83
:106D1000CA2413BEDE577DBFB70810BE74747DBF92
:106D20004AEC0CBE6E907DBF86CF09BECCAB7DBF5A
:106D30006EB206BE8CC67DBF029503BEB1E07DBFBC
:106D4000457700BE38FA7DBF73B2FABD24137EBF0B
:106D5000C075F4BD722B7EBF7638EEBD23437EBF77
:106D60009AFAE7BD385A7EBF2EBCE1BDB0707EBF37
:106D7000377DDBBD8B867EBFB93DD5BDC99B7EBF50
:106D8000B7FDCEBD69B07EBF36BDC8BD6DC47EBF88
:106D9000397CC2BDD4D77EBFC33ABCBD9DEA7EBF9D
:106DA000DAF8B5BDC9FC7EBF80B6AFBD580E7FBF57
:106DB000BA73A9BD491F7FBF8C30A3BD9D2F7FBF74
:106DC000F9EC9CBD543F7FBF05A996BD6D4E7FBFBA
:106DD000B46490BDE95C7FBF0A208ABDC76A7FBFEB
:106DE0000ADB83BD08787FBF742B7BBDAB847FBF7C
:106DF00038A06EBDB1907FBF681462BD189C7FBF84
:106E00000E8855BDE3A67FBF2FFB48BD0FB17FBFE6
:106E1000D56D3CBD9EBA7FBF07E02FBD8FC37FBF3E
:106E2000CC5123BDE2CB7FBF2CC316BD98D37FBF0F
:106E30002F340ABDAFDA7FBFB949FBBC29E17FBF60
:106E40007B2AE2BC05E77FBFB00AC9BC43EC7FBF29
:106E500069EAAFBCE3F07FBFB6C996BCE6F47FBF7A
:106E60004B517BBC4AF87FBF900E49BC11FB7FBFE2
:106E700059CB16BC39FD7FBF890FC9BBC4FE7FBF8C
:106E8000C70F49BBB1FF7FBF00000080000080BF7B
:106E9000C70F493BB1FF7FBF890FC93BC4FE7FBF0E
:106EA00059CB163C39FD7FBF900E493C11FB7FBF8B
:106EB0004B517B3C4AF87FBFB6C9963CE6F47FBF96
:106EC00069EAAF3CE3F07FBFB00AC93C43EC7FBF47
:106ED0007B2AE23C05E77FBFB949FB3C29E17FBF44
:106EE0002F340A3DAFDA7FBF2CC3163D98D37FBF46
:106EF000CC51233DE2CB7FBF07E02F3D8FC37FBF47
:106F0000D56D3C3D9EBA7FBF2FFB483D0FB17FBF83
:106F10000E88553DE3A67FBF6814623D189C7FBF75
:106F200038A06E3DB1907FBF742B7B3DAB847FBF9B
:106F30000ADB833D08787FBF0A208A3DC76A7FBF8E
:106F4000B464903DE95C7FBF05A9963D6D4E7FBF5F
:106F5000F9EC9C3D543F7FBF8C30A33D9D2F7FBFFC
:106F6000BA73A93D491F7FBF80B6AF3D580E7FBFA2
:106F7000DAF8B53DC9FC7EBFC33ABC3D9DEA7EBF91
:106F8000397CC23DD4D77EBF36BDC83D6DC47EBFFF
:106F9000B7FDCE3D69B07EBFB93DD53DC99B7EBF33
:106FA000377DDB3D8B867EBF2EBCE13DB0707EBF62
:106FB0009AFAE73D385A7EBF7638EE3D23437EBFCE
:106FC000C075F43D722B7EBF73B2FA3D24137EBFB1
:106FD0004577003E38FA7DBF0295033EB1E07DBFA4
:106FE0006EB2063E8CC67DBF86CF093ECCAB7DBF60
:106FF0004AEC0C3E6E907DBFB708103E74747DBFA6
:10700000CA24133EDE577DBF8340163EAC3A7DBF97
:10701000E05B193EDD1C7DBFDE761C3E73FE7CBF4F
:107020007B911F3E6CDF7CBFB6AB223EC9BF7CBFED
:107030008CC5253E8A9F7CBFFCDE283EB07E7CBF8F
:1070400004F82B3E3A5D7CBFA2102F3E283B7CBF4C
:10705000D428323E7A187CBF9840353E31F57BBF4C
:10706000EC57383E4DD17BBFCF6E3B3ECDAC7BBFA6
:107070003E853E3EB2877BBF379B413EFC617BBF76
:10708000B9B0443EAB3B7BBFC2C5473EBE147BBFDD
:107090004FDA4A3E37ED7ABF60EE4D3E16C57ABFF5
:1070A000F101513E599C7ABF0115543E02737ABFDB
:1070B0008F27573E10497ABF97395A3E841E7ABFB0
:1070C0001A4B5D3E5EF379BF135C603E9DC779BF8E
:1070D000836C633E439B79BF667C663E4E6E79BF90
:1070E000BA8B693EC04079BF7F9A6C3E981279BFD7
:1070F000B2A86F3ED6E378BF51B6723E7BB478BF7C
:107100005AC3753E868478BFCCCF783EF85378BF9B
:10711000A4DB7B3ED12278BFE1E67E3E10F177BF53
:10712000C0F8803EB7BE77BFC07D823EC58B77BFBB
:107130007002843E3A5877BFCE86853E172477BFCB
:10714000DA0A873E5BEF76BF938E883E07BA76BF3A
:10715000F8118A3E1B8476BF07958B3E974D76BF0C
:10716000C0178D3E7A1676BF229A8E3EC6DE75BF58
:107170002C1C903E7BA675BFDD9D913E976D75BF23
:10718000351F933E1D3475BF31A0943E0BFA74BF7A
:10719000D220963E62BF74BF17A1973E228474BF6F
:1071A000FE20993E4B4874BF86A09A3EDD0B74BF0B
:1071B000AF1F9C3ED9CE73BF789E9D3E3F9173BF5B
:1071C000DF1C9F3E0E5373BFE59AA03E471473BF6A
:1071D0008718A23EEBD472BFC595A33EF89472BF48
:1071E0009F12A53E705472BF128FA63E521372BFFB
:1071F0001F0BA83E9FD171BFC486A93E578F71BF98
:107200000102AB3E7A4C71BFD47CAC3E080971BF21
:107210003CF7AD3E02C570BF3A71AF3E668070BFAD
:10722000CBEAB03E373B70BFEF63B23E73F56FBF42
:10723000A5DCB33E1BAF6FBFEC54B53E30686FBFEB
:10724000C3CCB63EB0206FBF2A44B83E9ED86EBFB6
:107250001EBBB93EF88F6EBFA031BB3EBE466EBFAF
:10726000AFA7BC3EF2FC6DBF4A1DBE3E93B26DBFE0
:107270006F92BF3EA1676DBF1E07C13E1D1C6DBF53
:10728000557BC23E07D06CBF15EFC33E5E836CBF1B
:107290005C62C53E24366CBF29D5C63E58E86BBF3C
:1072A0007C47C83EFB996BBF53B9C93E0C4B6BBFC3
:1072B000AE2ACB3E8CFB6ABF8B9BCC3E7BAB6ABFBE
:1072C000EA0BCE3ED95A6ABFCA7BCF3EA7096ABF36
:1072D0002AEBD03EE4B769BF095AD23E916569BF37
:1072E00067C8D33EAE1269BF4136D53E3CBF68BFCA
:1072F00099A3D63E396B68BF6B10D83EA81668BFFD
:10730000B97CD93E87C167BF80E8DA3ED86B67BFDA
:10731000C153DC3E991567BF79BEDD3ECCBE66BF6A
:10732000A928DF3E716766BF4F92E03E880F66BFB7
:107330006AFBE13E10B765BFFA63E33E0B5E65BFD3
:10734000FECBE43E790465BF7533E63E59AA64BFBF
:107350005D9AE73EAC4F64BFB700E93E73F463BF8C
:107360008166EA3EAC9863BFBBCBEB3E5A3C63BF41
:107370006330ED3E7BDF62BF7994EE3E108262BFE8
:10738000FBF7EF3E1A2462BFEA5AF13E98C561BF8F
:1073900043BDF23E8A6661BF071FF43EF20661BF3D
:1073A0003580F53ECFA660BFCBE0F63E214660BFFC
:1073B000C840F83EE9E45FBF2DA0F93E27835FBFD8
:1073C000F7FEFA3EDB205FBF275DFC3E05BE5EBFD9
:1073D000BBBAFD3EA65A5EBFB217FF3EBEF65DBF0A
:1073E000063A003F4D925DBFE4E7003F532D5DBF7D
:1073F0007395013FD1C75CBFB142023FC7615CBF1B
:107400009FEF023F34FB5BBF3D9C033F1A945BBF81
:107410008948043F792C5BBF84F4043F50C45ABFB1
:107420002CA0053FA05B5ABF824B063F6AF259BFB2
:1074300086F6063FAD8859BF36A1073F6A1E59BF81
:10744000924B083FA1B358BF9BF5083F534858BF24
:107450004E9F093F7FDC57BFAD480A3F267057BF9C
:10746000B7F10A3F480357BF6B9A0B3FE59556BFEC
:10747000C9420C3FFE2756BFD0EA0C3F93B955BF17
:1074800081920D3FA44A55BFDA390E3F31DB54BF1C
:10749000DBE00E3F3B6B54BF84870F3FC3FA53BF03
:1074A000D52D103FC78953BFCDD3103F491853BFC7
:1074B0006B79113F49A652BFB01E123FC63352BF6F
:1074C0009AC3123FC2C051BF2A68133F3D4D51BFFE
:1074D0005F0C143F37D950BF39B0143FAF6450BF71
:1074E000B753153FA8EF4FBFD9F6153F1F7A4FBFCF
:1074F0009F99163F17044FBF073C173F908D4EBF13
:1075000012DE173F89164EBFC07F183F029F4DBF46
:107510000F21193FFD264DBF00C2193F79AE4CBF68
:1075200093621A3F78354CBFC6021B3FF8BB4BBF76
:1075300099A21B3FFA414BBF0C421C3F7FC74ABF79
:107540001FE11C3F874C4ABFD17F1D3F12D149BF6D
:10755000221E1E3F215549BF12BC1E3FB3D848BF53
:107560009F591F3FCA5B48BFCBF61F3F65DE47BF31
:107570009393203F856047BFF92F213F2AE246BF02
:10758000FBCB213F546346BF9967223F03E445BFCD
:10759000D302233F396445BFA99D233FF5E344BF90
:1075A0001A38243F376344BF25D2243F00E243BF4B
:1075B000CB6B253F516043BF0A05263F29DE42BF02
:1075C000E39D263F895B42BF5636273F70D841BFB7
:1075D00061CE273FE15441BF0566283FDAD040BF66
:1075E00041FD283F5C4C40BF1594293F67C73FBF12
:1075F000802A2A3FFC413FBF82C02A3F1BBC3EBFBE
:107600001B562B3FC5353EBF4AEB2B3FF9AE3DBF66
:107610000F802C3FB8273DBF69142D3F03A03CBF0E
:1076200059A82D3FD9173CBFDE3B2E3F3B8F3BBFB8
:10763000F7CE2E3F29063BBFA5612F3FA47C3ABF62
:10764000E6F32F3FACF239BFBB85303F426839BF0C
:107650002217313F65DD38BF1DA8313F165238BFB4
:10766000AA38323F55C637BFC9C8323F233A37BF61
:107670007A58333F7FAD36BFBCE7333F6C2036BF0F
:107680008F76343FE79235BFF304353FF30435BFBF
:10769000E792353F8F7634BF6C20363FBCE733BF6F
:1076A0007FAD363F7A5833BF233A373FC9C832BF20
:1076B00055C6373FAA3832BF1652383F1DA831BFD2
:1076C00065DD383F221731BF4268393FBB8530BF87
:1076D000ACF2393FE6F32FBFA47C3A3FA5612FBF40
:1076E00029063B3FF7CE2EBF3B8F3B3FDE3B2EBFF5
:1076F000D9173C3F59A82DBF03A03C3F69142DBFAB
:10770000B8273D3F0F802CBFF9AE3D3F4AEB2BBF62
:10771000C5353E3F1B562BBF1BBC3E3F82C02ABF18
:10772000FC413F3F802A2ABF67C73F3F159429BFCE
:107730005C4C403F41FD28BFDAD0403F056628BF82
:10774000E154413F61CE27BF70D8413F563627BF35
:10775000895B423FE39D26BF29DE423F0A0526BFE3
:107760005160433FCB6B25BF00E2433F25D224BF8E
:107770003763443F1A3824BFF5E3443FA99D23BF34
:107780003964453FD30223BF03E4453F996722BFD5
:107790005463463FFBCB21BF2AE2463FF92F21BF6E
:1077A0008560473F939320BF65DE473FCBF61FBF01
:1077B000CA5B483F9F591FBFB3D8483F12BC1EBF8A
:1077C0002155493F221E1EBF12D1493FD17F1DBF07
:1077D000874C4A3F1FE11CBF7FC74A3F0C421CBF7A
:1077E000FA414B3F99A21BBFF8BB4B3FC6021BBFE0
:1077F00078354C3F93621ABF79AE4C3F00C219BF37
:10780000FD264D3F0F2119BF029F4D3FC07F18BF7E
:1078100089164E3F12DE17BF908D4E3F073C17BFB3
:1078200017044F3F9F9916BF1F7A4F3FD9F615BFD8
:10783000A8EF4F3FB75315BFAF64503F39B014BFE7
:1078400037D9503F5F0C14BF3D4D513F2A6813BFDD
:10785000C2C0513F9AC312BFC633523FB01E12BFBF
:1078600049A6523F6B7911BF4918533FCDD310BF82
:10787000C789533FD52D10BFC3FA533F84870FBF2D
:107880003B6B543FDBE00EBF31DB543FDA390EBFB8
:10789000A44A553F81920DBF93B9553FD0EA0CBF22
:1078A000FE27563FC9420CBFE595563F6B9A0BBF6A
:1078B0004803573FB7F10ABF2670573FAD480ABF8C
:1078C0007FDC573F4E9F09BF5348583F9BF508BF89
:1078D000A1B3583F924B08BF6A1E593F36A107BF5C
:1078E000AD88593F86F606BF6AF2593F824B06BF04
:1078F000A05B5A3F2CA005BF50C45A3F84F404BF7C
:10790000792C5B3F894804BF1A945B3F3D9C03BFC1
:1079100034FB5B3F9FEF02BFC7615C3FB14202BFD8
:10792000D1C75C3F739501BF532D5D3FE4E700BFB6
:107930004D925D3F063A00BFBEF65D3FB217FFBEF7
:10794000A65A5E3FBBBAFDBE05BE5E3F275DFCBECC
:10795000DB205F3FF7FEFABE27835F3F2DA0F9BE15
:10796000E9E45F3FC840F8BE2146603FCBE0F6BE89
:10797000CFA6603F3580F5BEF206613F071FF4BE1B
:107980008A66613F43BDF2BE98C5613FEA5AF1BEC7
:107990001A24623FFBF7EFBE1082623F7994EEBE7D
:1079A0007BDF623F6330EDBE5A3C633FBBCBEBBE37
:1079B000AC98633F8166EABE73F4633FB700E9BEEB
:1079C000AC4F643F5D9AE7BE59AA643F7533E6BE8B
:1079D0007904653FFECBE4BE0B5E653FFA63E3BE10
:1079E00010B7653F6AFBE1BE880F663F4F92E0BE6D
:1079F0007167663FA928DFBECCBE663F79BEDDBE9B
:107A00009915673FC153DCBED86B673F80E8DABE8B
:107A100087C1673FB97CD9BEA816683F6B10D8BE36
:107A2000396B683F99A3D6BE3CBF683F4136D5BE8F
:107A3000AE12693F67C8D3BE9165693F095AD2BE8D
:107A4000E4B7693F2AEBD0BEA7096A3FCA7BCFBE25
:107A5000D95A6A3FEA0BCEBE7BAB6A3F8B9BCCBE4A
:107A60008CFB6A3FAE2ACBBE0C4B6B3F53B9C9BEF1
:107A7000FB996B3F7C47C8BE58E86B3F29D5C6BE13
:107A800024366C3F5C62C5BE5E836C3F15EFC3BE9F
:107A900007D06C3F557BC2BE1D1C6D3F1E07C1BE8B
:107AA000A1676D3F6F92BFBE93B26D3F4A1DBEBED0
:107AB000F2FC6D3FAFA7BCBEBE466E3FA031BBBE61
:107AC000F88F6E3F1EBBB9BE9ED86E3F2A44B8BE2B
:107AD000B0206F3FC3CCB6BE30686F3FEC54B5BE2C
:107AE0001BAF6F3FA5DCB3BE73F56F3FEF63B2BE54
:107AF000373B703FCBEAB0BE6680703F3A71AFBE95
:107B000002C5703F3CF7ADBE0809713FD47CACBEE6
:107B10007A4C713F0102ABBE578F713FC486A9BE3C
:107B20009FD1713F1F0BA8BE5213723F128FA6BE8A
:107B30007054723F9F12A5BEF894723FC595A3BEC4
:107B4000EBD4723F8718A2BE4714733FE59AA0BEDC
:107B50000E53733FDF1C9FBE3F91733F789E9DBEC7
:107B6000D9CE733FAF1F9CBEDD0B743F86A09ABE7B
:107B70004B48743FFE2099BE2284743F17A197BEE4
:107B800062BF743FD22096BE0BFA743F31A094BE00
:107B90001D34753F351F93BE976D753FDD9D91BEBA
:107BA0007BA6753F2C1C90BEC6DE753F229A8EBE0A
:107BB0007A16763FC0178DBE974D763F07958BBEE0
:107BC0001B84763FF8118ABE07BA763F938E88BE33
:107BD0005BEF763FDA0A87BE1724773FCE8685BEF5
:107BE0003A58773F700284BEC58B773FC07D82BE16
:107BF000B7BE773FC0F880BE10F1773FE1E67EBEAA
:107C0000D122783FA4DB7BBEF853783FCCCF78BE3F
:107C10008684783F5AC375BE7BB4783F51B672BE36
:107C2000D6E3783FB2A86FBE9812793F7F9A6CBEB8
:107C3000C040793FBA8B69BE4E6E793F667C66BEA6
:107C4000439B793F836C63BE9DC7793F135C60BEE5
:107C50005EF3793F1A4B5DBE841E7A3F97395ABE58
:107C600010497A3F8F2757BE02737A3F011554BEE1
:107C7000599C7A3FF10151BE16C57A3F60EE4DBE68
:107C800037ED7A3F4FDA4ABEBE147B3FC2C547BECE
:107C9000AB3B7B3FB9B044BEFC617B3F379B41BEF1
:107CA000B2877B3F3E853EBECDAC7B3FCF6E3BBEB9
:107CB0004DD17B3FEC5738BE31F57B3F984035BE08
:107CC0007A187C3FD42832BE283B7C3FA2102FBEBE
:107CD0003A5D7C3F04F82BBEB07E7C3FFCDE28BEC4
:107CE0008A9F7C3F8CC525BEC9BF7C3FB6AB22BEF8
:107CF0006CDF7C3F7B911FBE73FE7C3FDE761CBE3B
:107D0000DD1C7D3FE05B19BEAC3A7D3F834016BE73
:107D1000DE577D3FCA2413BE74747D3FB70810BE82
:107D20006E907D3F4AEC0CBECCAB7D3F86CF09BE4A
:107D30008CC67D3F6EB206BEB1E07D3F029503BEAC
:107D400038FA7D3F457700BE24137E3F73B2FABDFB
:107D5000722B7E3FC075F4BD23437E3F7638EEBD67
:107D6000385A7E3F9AFAE7BDB0707E3F2EBCE1BD27
:107D70008B867E3F377DDBBDC99B7E3FB93DD5BD40
:107D800069B07E3FB7FDCEBD6DC47E3F36BDC8BD78
:107D9000D4D77E3F397CC2BD9DEA7E3FC33ABCBD8D
:107DA000C9FC7E3FDAF8B5BD580E7F3F80B6AFBD47
:107DB000491F7F3FBA73A9BD9D2F7F3F8C30A3BD64
:107DC000543F7F3FF9EC9CBD6D4E7F3F05A996BDAA
:107DD000E95C7F3FB46490BDC76A7F3F0A208ABDDB
:107DE00008787F3F0ADB83BDAB847F3F742B7BBD6C
:107DF000B1907F3F38A06EBD189C7F3F681462BD74
:107E0000E3A67F3F0E8855BD0FB17F3F2FFB48BDD6
:107E10009EBA7F3FD56D3CBD8FC37F3F07E02FBD2E
:107E2000E2CB7F3FCC5123BD98D37F3F2CC316BDFF
:107E3000AFDA7F3F2F340ABD29E17F3FB949FBBC50
:107E400005E77F3F7B2AE2BC43EC7F3FB00AC9BC19
:107E5000E3F07F3F69EAAFBCE6F47F3FB6C996BC6A
:107E60004AF87F3F4B517BBC11FB7F3F900E49BCD2
:107E700039FD7F3F59CB16BCC4FE7F3F890FC9BB7C
:107E8000B1FF7F3FC70F49BB0000803F00000000EB
:107E900043EC7F3FB00AC93C0FB17F3F2FFB483D09
:107EA0006D4E7F3F05A9963D6DC47E3F36BDC83DF2
:107EB00024137E3F73B2FA3DAC3A7D3F8340163EB9
:107EC000283B7C3FA2102F3EBE147B3FC2C5473EDD
:107ED0009DC7793F135C603EF853783FCCCF783E26
:107EE00007BA763F938E883E0BFA743F31A0943EDA
:107EF0004714733FE59AA03E0809713FD47CAC3E1D
:107F00009ED86E3F2A44B83E5E836C3F15EFC33E59
:107F1000A7096A3FCA7BCF3ED86B673F80E8DA3E4D
:107F200059AA643F7533E63E98C5613FEA5AF13E6F
:107F300005BE5E3F275DFC3E1A945B3F3D9C033FC0
:107F40005348583F9BF5083F31DB543FDA390E3F29
:107F50003D4D513F2A68133F029F4D3FC07F183F60
:107F600012D1493FD17F1D3F03E4453F9967223F2E
:107F700070D8413F5636273FF9AE3D3F4AEB2B3F85
:107F80004268393FBB85303FF304353FF304353F4A
:107F9000BB85303F4268393F4AEB2B3FF9AE3D3F4E
:107FA0005636273F70D8413F9967223F03E4453F4B
:107FB000D17F1D3F12D1493FC07F183F029F4D3FE7
:107FC0002A68133F3D4D513FDA390E3F31DB543FB4
:107FD0009BF5083F5348583F3D9C033F1A945B3F35
:107FE000275DFC3E05BE5E3FEA5AF13E98C5613F03
:107FF0007533E63E59AA643F80E8DA3ED86B673FA6
:10800000CA7BCF3EA7096A3F15EFC33E5E836C3F34
:108010002A44B83E9ED86E3FD47CAC3E0809713FDE
:10802000E59AA03E4714733F31A0943E0BFA743F8B
:10803000938E883E07BA763FCCCF783EF853783F90
:10804000135C603E9DC7793FC2C5473EBE147B3F6F
:10805000A2102F3E283B7C3F8340163EAC3A7D3F2A
:1080600073B2FA3D24137E3F36BDC83D6DC47E3FDA
:1080700005A9963D6D4E7F3F2FFB483D0FB17F3FD9
:10808000B00AC93C43EC7F3F000000000000803F85
:10809000B00AC9BC43EC7F3F2FFB48BD0FB17F3F07
:1080A00005A996BD6D4E7F3F36BDC8BD6DC47E3FF0
:1080B00073B2FABD24137E3F834016BEAC3A7D3FB7
:1080C000A2102FBE283B7C3FC2C547BEBE147B3FDB
:1080D000135C60BE9DC7793FCCCF78BEF853783F24
:1080E000938E88BE07BA763F31A094BE0BFA743FD8
:1080F000E59AA0BE4714733FD47CACBE0809713F1B
:108100002A44B8BE9ED86E3F15EFC3BE5E836C3F57
:10811000CA7BCFBEA7096A3F80E8DABED86B673F4B
:108120007533E6BE59AA643FEA5AF1BE98C5613F6D
:10813000275DFCBE05BE5E3F3D9C03BF1A945B3FBE
:108140009BF508BF5348583FDA390EBF31DB543F27
:108150002A6813BF3D4D513FC07F18BF029F4D3F5E
:10816000D17F1DBF12D1493F996722BF03E4453F2C
:10817000563627BF70D8413F4AEB2BBFF9AE3D3F83
:10818000BB8530BF4268393FF30435BFF304353F48
:10819000426839BFBB85303FF9AE3DBF4AEB2B3F4C
:1081A00070D841BF5636273F03E445BF9967223F49
:1081B00012D149BFD17F1D3F029F4DBFC07F183FE5
:1081C0003D4D51BF2A68133F31DB54BFDA390E3FB2
:1081D000534858BF9BF5083F1A945BBF3D9C033F33
:1081E00005BE5EBF275DFC3E98C561BFEA5AF13E01
:1081F00059AA64BF7533E63ED86B67BF80E8DA3EA4
:10820000A7096ABFCA7BCF3E5E836CBF15EFC33E32
:108210009ED86EBF2A44B83E080971BFD47CAC3EDC
:10822000471473BFE59AA03E0BFA74BF31A0943E89
:1082300007BA76BF938E883EF85378BFCCCF783E8E
:108240009DC779BF135C603EBE147BBFC2C5473E6D
:10825000283B7CBFA2102F3EAC3A7DBF8340163E28
:1082600024137EBF73B2FA3D6DC47EBF36BDC83DD8
:108270006D4E7FBF05A9963D0FB17FBF2FFB483DD7
:1082800043EC7FBFB00AC93C000080BF0000000083
:1082900043EC7FBFB00AC9BC0FB17FBF2FFB48BD05
:1082A0006D4E7FBF05A996BD6DC47EBF36BDC8BDEE
:1082B00024137EBF73B2FABDAC3A7DBF834016BEB5
:1082C000283B7CBFA2102FBEBE147BBFC2C547BED9
:1082D0009DC779BF135C60BEF85378BFCCCF78BE22
:1082E00007BA76BF938E88BE0BFA74BF31A094BED6
:1082F000471473BFE59AA0BE080971BFD47CACBE19
:108300009ED86EBF2A44B8BE5E836CBF15EFC3BE55
:10831000A7096ABFCA7BCFBED86B67BF80E8DABE49
:1083200059AA64BF7533E6BE98C561BFEA5AF1BE6B
:1083300005BE5EBF275DFCBE1A945BBF3D9C03BFBC
:10834000534858BF9BF508BF31DB54BFDA390EBF25
:108350003D4D51BF2A6813BF029F4DBFC07F18BF5C
:1083600012D149BFD17F1DBF03E445BF996722BF2A
:1083700070D841BF563627BFF9AE3DBF4AEB2BBF81
:10838000426839BFBB8530BFF30435BFF30435BF46
:10839000BB8530BF426839BF4AEB2BBFF9AE3DBF4A
:1083A000563627BF70D841BF996722BF03E445BF47
:1083B000D17F1DBF12D149BFC07F18BF029F4DBFE3
:1083C0002A6813BF3D4D51BFDA390EBF31DB54BFB0
:1083D0009BF508BF534858BF3D9C03BF1A945BBF31
:1083E000275DFCBE05BE5EBFEA5AF1BE98C561BFFF
:1083F0007533E6BE59AA64BF80E8DABED86B67BFA2
:10840000CA7BCFBEA7096ABF15EFC3BE5E836CBF30
:108410002A44B8BE9ED86EBFD47CACBE080971BFDA
:10842000E59AA0BE471473BF31A094BE0BFA74BF87
:10843000938E88BE07BA76BFCCCF78BEF85378BF8C
:10844000135C60BE9DC779BFC2C547BEBE147BBF6B
:10845000A2102FBE283B7CBF834016BEAC3A7DBF26
:1084600073B2FABD24137EBF36BDC8BD6DC47EBFD6
:1084700005A996BD6D4E7FBF2FFB48BD0FB17FBFD5
:10848000B00AC9BC43EC7FBF00000080000080BF81
:10849000B00AC93C43EC7FBF2FFB483D0FB17FBF03
:1084A00005A9963D6D4E7FBF36BDC83D6DC47EBFEC
:1084B00073B2FA3D24137EBF8340163EAC3A7DBFB3
:1084C000A2102F3E283B7CBFC2C5473EBE147BBFD7
:1084D000135C603E9DC779BFCCCF783EF85378BF20
:1084E000938E883E07BA76BF31A0943E0BFA74BFD4
:1084F000E59AA03E471473BFD47CAC3E080971BF17
:108500002A44B83E9ED86EBF15EFC33E5E836CBF53
:10851000CA7BCF3EA7096ABF80E8DA3ED86B67BF47
:108520007533E63E59AA64BFEA5AF13E98C561BF69
:10853000275DFC3E05BE5EBF3D9C033F1A945BBFBA
:108540009BF5083F534858BFDA390E3F31DB54BF23
:108550002A68133F3D4D51BFC07F183F029F4DBF5A
:10856000D17F1D3F12D149BF9967223F03E445BF28
:108570005636273F70D841BF4AEB2B3FF9AE3DBF7F
:10858000BB85303F426839BFF304353FF30435BF44
:108590004268393FBB8530BFF9AE3D3F4AEB2BBF48
:1085A00070D8413F563627BF03E4453F996722BF45
:1085B00012D1493FD17F1DBF029F4D3FC07F18BFE1
:1085C0003D4D513F2A6813BF31DB543FDA390EBFAE
:1085D0005348583F9BF508BF1A945B3F3D9C03BF2F
:1085E00005BE5E3F275DFCBE98C5613FEA5AF1BEFD
:1085F00059AA643F7533E6BED86B673F80E8DABEA0
:10860000A7096A3FCA7BCFBE5E836C3F15EFC3BE2E
:108610009ED86E3F2A44B8BE0809713FD47CACBED8
:108620004714733FE59AA0BE0BFA743F31A094BE85
:1086300007BA763F938E88BEF853783FCCCF78BE8A
:108640009DC7793F135C60BEBE147B3FC2C547BE69
:10865000283B7C3FA2102FBEAC3A7D3F834016BE24
:1086600024137E3F73B2FABD6DC47E3F36BDC8BDD4
:108670006D4E7F3F05A996BD0FB17F3F2FFB48BDD3
:1086800043EC7F3FB00AC9BC0000803F00000000FF
:10869000BE147B3FC2C5473E5E836C3F15EFC33EB1
:1086A00031DB543FDA390E3FF304353FF304353FF5
:1086B000DA390E3F31DB543F15EFC33E5E836C3F2A
:1086C000C2C5473EBE147B3F000000000000803F53
:1086D000C2C547BEBE147B3F15EFC3BE5E836C3F71
:1086E000DA390EBF31DB543FF30435BFF304353FB5
:1086F00031DB54BFDA390E3F5E836CBF15EFC33EEA
:10870000BE147BBFC2C5473E000080BF0000000012
:10871000BE147BBFC2C547BE5E836CBF15EFC3BE30
:1087200031DB54BFDA390EBFF30435BFF30435BF74
:10873000DA390EBF31DB54BF15EFC3BE5E836CBFA9
:10874000C2C547BEBE147BBF00000080000080BFD2
:10875000C2C5473EBE147BBF15EFC33E5E836CBFF0
:10876000DA390E3F31DB54BFF304353FF30435BF34
:1087700031DB543FDA390EBF5E836C3F15EFC3BE69
:10878000BE147B3FC2C547BE0000803F0000000012
:10879000ECFF7F3FD40FC93AB1FF7F3FC70F493B82
:1087A0004EFF7F3FC1CB963BC4FE7F3F890FC93B45
:1087B00013FE7F3F3053FB3B39FD7F3F59CB163CC7
:1087C00039FC7F3F02ED2F3C11FB7F3F900E493C6F
:1087D000C1F97F3F0030623C4AF87F3F4B517B3C00
:1087E000ACF67F3F38398A3CE6F47F3FB6C9963C09
:1087F000F8F27F3F1C5AA33CE3F07F3F69EAAF3CAD
:10880000A7EE7F3F9B7ABC3C43EC7F3FB00AC93C5C
:10881000B8E97F3FA69AD53C05E77F3F7B2AE23C3B
:108820002BE47F3F2DBAEE3C29E17F3FB949FB3C69
:1088300000DE7F3F90EC033DAFDA7F3F2F340A3DEF
:1088400037D77F3FB87B103D98D37F3F2CC3163D71
:10885000D1CF7F3F880A1D3DE2CB7F3FCC51233DE6
:10886000CCC77F3FF698293D8FC37F3F07E02F3D60
:108870002ABF7F3FFC26363D9EBA7F3FD56D3C3DEB
:10888000EAB57F3F91B4423D0FB17F3F2FFB483D9A
:108890000DAC7F3FAF414F3DE3A67F3F0E88553D76
:1088A00091A17F3F4CCE5B3D189C7F3F6814623D99
:1088B00078967F3F625A683DB1907F3F38A06E3D09
:1088C000C28A7F3FE9E5743DAB847F3F742B7B3DDB
:1088D0006D7E7F3F6CB8803D08787F3F0ADB833D2B
:1088E0007B717F3F94FD863DC76A7F3F0A208A3DAA
:1088F000EC637F3F6A428D3DE95C7F3FB464903D0D
:10890000BF557F3FE786933D6D4E7F3F05A9963D5E
:10891000F4467F3F0ACB993D543F7F3FF9EC9C3DA5
:108920008D377F3FCF0EA03D9D2F7F3F8C30A33DE5
:1089300087277F3F3052A63D491F7F3FBA73A93D2D
:10894000E4167F3F2B95AC3D580E7F3F80B6AF3D80
:10895000A4057F3FBBD7B23DC9FC7E3FDAF8B53DE9
:10896000C7F37E3FDD19B93D9DEA7E3FC33ABC3D6A
:108970004CE17E3F8D5BBF3DD4D77E3F397CC23D0D
:1089800034CE7E3FC69CC53D6DC47E3F36BDC83DDE
:108990007FBA7E3F86DDCB3D69B07E3FB7FDCE3DE1
:1089A0002DA67E3FC81DD23DC99B7E3FB93DD53D1A
:1089B0003D917E3F895DD83D8B867E3F377DDB3D97
:1089C000B17B7E3FC49CDE3DB0707E3F2EBCE13D5E
:1089D00088657E3F76DBE43D385A7E3F9AFAE73D74
:1089E000C14E7E3F9A19EB3D23437E3F7638EE3DE4
:1089F0005E377E3F2E57F13D722B7E3FC075F43DB2
:108A00005E1F7E3F2C94F73D24137E3F73B2FA3DE8
:108A1000C2067E3F92D0FD3D38FA7D3F4577003E4D
:108A200088ED7D3F2E06023EB1E07D3F0295033E7C
:108A3000B2D37D3FC223053E8CC67D3F6EB2063E5B
:108A400040B97D3F0541083ECCAB7D3F86CF093E16
:108A5000309E7D3FF35D0B3E6E907D3F4AEC0C3EB9
:108A600085827D3F8B7A0E3E74747D3FB708103E41
:108A70003D667D3FCC96113EDE577D3FCA24133EB6
:108A800059497D3FB2B2143EAC3A7D3F8340163E19
:108A9000D82B7D3F3DCE173EDD1C7D3FE05B193E70
:108AA000BC0D7D3F6BE91A3E73FE7C3FDE761C3EBB
:108AB00003EF7C3F38041E3E6CDF7C3F7B911F3E02
:108AC000AECF7C3FA51E213EC9BF7C3FB6AB223E48
:108AD000BDAF7C3FAD38243E8A9F7C3F8CC5253E90
:108AE000318F7C3F5152273EB07E7C3FFCDE283EDA
:108AF000086E7C3F8D6B2A3E3A5D7C3F04F82B3E2E
:108B0000444C7C3F61842D3E283B7C3FA2102F3E8D
:108B1000E5297C3FC99C303E7A187C3FD428323E00
:108B2000E9067C3FC4B4333E31F57B3F9840353E87
:108B300053E37B3F50CC363E4DD17B3FEC57383E24
:108B400020BF7B3F6CE3393ECDAC7B3FCF6E3B3EDD
:108B5000539A7B3F15FA3C3EB2877B3F3E853E3EB3
:108B6000EA747B3F4910403EFC617B3F379B413EAE
:108B7000E74E7B3F0726433EAB3B7B3FB9B0443ECD
:108B800048287B3F4D3B463EBE147B3FC2C5473E17
:108B90000E017B3F1850493E37ED7A3F4FDA4A3E8F
:108BA0003AD97A3F67644C3E16C57A3F60EE4D3E37
:108BB000CBB07A3F38784F3E599C7A3FF101513E15
:108BC000C1877A3F898B523E02737A3F0115543E2A
:108BD0001C5E7A3F589E553E10497A3F8F27573E7C
:108BE000DD337A3FA4B0583E841E7A3F97395A3E0F
:108BF00004097A3F6AC25B3E5EF3793F1A4B5D3EE1
:108C000091DD793FA8D35E3E9DC7793F135C603EFE
:108C100083B1793F5CE4613E439B793F836C633E63
:108C2000DC84793F86F4643E4E6E793F667C663E16
:108C30009A57793F2204683EC040793FBA8B693E1B
:108C4000BF29793F2F136B3E9812793F7F9A6C3E74
:108C50004AFB783FAB216E3ED6E3783FB2A86F3E29
:108C60003BCC783F942F713E7BB4783F51B6723E37
:108C7000939C783FE83C743E8684783F5AC3753EA7
:108C8000526C783FA649773EF853783FCCCF783E78
:108C9000773B783FCB557A3ED122783FA4DB7B3EB1
:108CA000040A783F56617D3E10F1773FE1E67E3E53
:108CB000F7D7773F2236803EB7BE773FC0F8803E79
:108CC00051A5773F4ABB813EC58B773FC07D823E31
:108CD0001372773F2240833E3A58773F7002843EBA
:108CE0003C3E773FAAC4843E1724773FCE86853E1C
:108CF000CC09773FDF48863E5BEF763FDA0A873E56
:108D0000C4D4763FC1CC873E07BA763F938E883E67
:108D1000249F763F5050893E1B84763FF8118A3E4F
:108D2000EC68763F8AD38A3E974D763F07958B3E17
:108D30001B32763F6E568C3E7A16763FC0178D3EBC
:108D4000B3FA753FFCD88D3EC6DE753F229A8E3E43
:108D5000B3C2753F325B8F3E7BA6753F2C1C903EA5
:108D60001C8A753F10DD903E976D753FDD9D913EED
:108D7000ED50753F945E923E1D34753F351F933E16
:108D80002717753FBFDF933E0BFA743F31A0943E27
:108D9000C9DC743F8D60953E62BF743FD220963E21
:108DA000D5A1743F00E1963E2284743F17A1973EFF
:108DB0004966743F1661983E4B48743FFE20993EC9
:108DC000272A743FCEE0993EDD0B743F86A09A3E81
:108DD0006EED733F27609B3ED9CE733FAF1F9C3E25
:108DE0001FB0733F20DF9C3E3F91733F789E9D3EB6
:108DF0003972733FB85D9E3E0E53733FDF1C9F3E3A
:108E0000BE33733FEEDB9F3E4714733FE59AA03EAF
:108E1000ACF4723FC259A13EEBD4723F8718A23E18
:108E200004B5723F33D7A23EF894723FC595A33E76
:108E3000C774723F3F54A43E7054723F9F12A53EC8
:108E4000F433723FE5D0A53E5213723F128FA63E17
:108E50008CF2713F254DA73E9FD1713F1F0BA83E5D
:108E60008EB0713FFEC8A83E578F713FC486A93EA1
:108E7000FB6D713F6F44AA3E7A4C713F0102AB3EDD
:108E8000D42A713F77BFAB3E0809713FD47CAC3E1A
:108E900017E7703F153AAD3E02C5703F3CF7AD3E57
:108EA000C6A2703F49B4AE3E6680703F3A71AF3E95
:108EB000E15D703F102EB03E373B703FCBEAB03ED5
:108EC0006718703F6BA7B13E73F56F3FEF63B23E1B
:108ED0005AD26F3F5820B33E1BAF6F3FA5DCB33E65
:108EE000B88B6F3FD698B43E30686F3FEC54B53EB8
:108EF00083446F3FE610B63EB0206F3FC3CCB63E12
:108F0000BAFC6E3F8488B73E9ED86E3F2A44B83E76
:108F10005DB46E3FB2FFB83EF88F6E3F1EBBB93EE8
:108F20006D6B6E3F6E76BA3EBE466E3FA031BB3E65
:108F3000EB216E3FB6ECBB3EF2FC6D3FAFA7BC3EF3
:108F4000D5D76D3F8B62BD3E93B26D3F4A1DBE3E8D
:108F50002D8D6D3FEBD7BE3EA1676D3F6F92BF3E3B
:108F6000F2416D3FD54CC03E1D1C6D3F1E07C13EFA
:108F700024F66C3F48C1C13E07D06C3F557BC23ED2
:108F8000C5A96C3F4435C33E5E836C3F15EFC33EBD
:108F9000D45C6C3FC8A8C43E24366C3F5C62C53EBE
:108FA000500F6C3FD21BC63E58E86B3F29D5C63EDA
:108FB0003BC16B3F628EC73EFB996B3F7C47C83E0F
:108FC00095726B3F7700C93E0C4B6B3F53B9C93E5E
:108FD0005E236B3F1072CA3E8CFB6A3FAE2ACB3ECB
:108FE00095D36A3F2CE3CB3E7BAB6A3F8B9BCC3E59
:108FF0003C836A3FCA53CD3ED95A6A3FEA0BCE3E04
:1090000052326A3FEAC3CE3EA7096A3FCA7BCF3ECF
:10901000D7E0693F8A33D03EE4B7693F2AEBD03EC0
:10902000CC8E693FAAA2D13E9165693F095AD23ED2
:10903000323C693F4811D33EAE12693F67C8D33E08
:1090400007E9683F647FD43E3CBF683F4136D53E68
:109050004C95683FFDECD53E396B683F99A3D63EF1
:109060000341683F135AD73EA816683F6B10D83E9D
:109070002AEC673FA3C6D83E87C1673FB97CD93E7B
:10908000C196673FAD32DA3ED86B673F80E8DA3E83
:10909000CA40673F319EDB3E9915673FC153DC3EB6
:1090A00045EA663F2E09DD3ECCBE663F79BEDD3E19
:1090B0003093663FA273DE3E7167663FA928DF3EAC
:1090C0008E3B663F8DDDDF3E880F663F4F92E03E70
:1090D0005EE3653FEE46E13E10B7653F6AFBE13E69
:1090E000A08A653FC4AFE23E0B5E653FFA63E33E94
:1090F0005431653F0E18E43E7904653FFECBE43EF3
:109100007BD7643FCB7FE53E59AA643F7533E63E8B
:10911000147D643FFBE6E63EAC4F643F5D9AE73E5C
:109120002122643F9C4DE83E73F4633FB700E93E63
:10913000A1C6633FAEB3E93EAC98633F8166EA3EA9
:10914000956A633F3019EB3E5A3C633FBBCBEB3E25
:10915000FC0D633F217EEC3E7BDF623F6330ED3EE2
:10916000D7B0623F80E2ED3E1082623F7994EE3EDE
:109170002653623F4C46EF3E1A24623FFBF7EF3E18
:10918000EAF4613F85A9F03E98C5613FEA5AF13E95
:109190002296613F290CF23E8A66613F43BDF23E52
:1091A000D036613F386EF33EF206613F071FF43E52
:1091B000F2D6603FB1CFF43ECFA6603F3580F53E9A
:1091C0008976603F9330F63E2146603FCBE0F63E25
:1091D0009615603FDC90F73EE9E45F3FC840F83EFB
:1091E00019B45F3F8EF0F83E27835F3F2DA0F93E14
:1091F00012525F3FA54FFA3EDB205F3FF7FEFA3E7B
:1092000081EF5E3F22AEFB3E05BE5E3F275DFC3E2A
:10921000678C5E3F040CFD3EA65A5E3FBBBAFD3E26
:10922000C3285E3F4A69FE3EBEF65D3FB217FF3E71
:1092300097C45D3FF3C5FF3E4D925D3F063A003F48
:10924000E15F5D3FFF90003F532D5D3FE4E7003F4E
:10925000A3FA5C3FB53E013FD1C75C3F7395013F28
:10926000DD945C3F1CEC013FC7615C3FB142023FB3
:109270008E2E5C3F3299023F34FB5B3F9FEF023FF3
:10928000B8C75B3FF845033F1A945B3F3D9C033FE3
:109290005A605B3F6DF2033F792C5B3F8948043F86
:1092A00075F85A3F919E043F50C45A3F84F4043FDE
:1092B00009905A3F624A053FA05B5A3F2CA0053FE8
:1092C00016275A3FE2F5053F6AF2593F824B063FA7
:1092D0009CBD593F0EA1063FAD88593F86F6063F1B
:1092E0009C53593FE84B073F6A1E593F36A1073F41
:1092F00017E9583F6FF6073FA1B3583F924B083F1D
:109300000B7E583FA1A0083F5348583F9BF5083FAC
:109310007912583F7F4A093F7FDC573F4E9F093FF4
:1093200063A6573F09F4093F2670573FAD480A3FEF
:10933000C739573F3D9D0A3F4803573FB7F10A3FA2
:10934000A7CC563F1C460B3FE595563F6B9A0B3F0B
:10935000025F563FA5EE0B3FFE27563FC9420C3F2A
:10936000D9F0553FD7960C3F93B9553FD0EA0C3F03
:109370002C82553FB33E0D3FA44A553F81920D3F8D
:10938000FB12553F38E60D3F31DB543FDA390E3FD3
:1093900047A3543F658D0E3F3B6B543FDBE00E3FD0
:1093A0000F33543F3B340F3FC3FA533F84870F3F83
:1093B00055C2533FB8DA0F3FC789533FD52D103FF1
:1093C0001851533FDC80103F4918533FCDD3103F15
:1093D00059DF523FA726113F49A6523F6B79113FF3
:1093E000186D523F19CC113FC633523FB01E123F89
:1093F00054FA513F3071123FC2C0513F9AC3123FDD
:109400001087513FEE15133F3D4D513F2A68133FE2
:109410004A13513F50BA133F37D9503F5F0C143FA6
:10942000039F503F585E143FAF64503F39B0143F24
:109430003B2A503F0402153FA8EF4F3FB753153F5B
:10944000F4B44F3F54A5153F1F7A4F3FD9F6153F4F
:109450002B3F4F3F4748163F17044F3F9F99163FFA
:10946000E4C84E3FDFEA163F908D4E3F073C173F62
:109470001C524E3F188D173F89164E3F12DE173F84
:10948000D5DA4D3FF52E183F029F4D3FC07F183F64
:1094900010634D3F73D0183FFD264D3F0F21193FFC
:1094A000CBEA4C3F9471193F79AE4C3F00C2193F53
:1094B00008724C3F55121A3F78354C3F93621A3F61
:1094C000C7F84B3FB8B21A3FF8BB4B3FC6021B3F31
:1094D000097F4B3FBB521B3FFA414B3F99A21B3FB9
:1094E000CC044B3F5FF21B3F7FC74A3F0C421C3FFF
:1094F000138A4A3FA2911C3F874C4A3F1FE11C3F01
:10950000DC0E4A3F84301D3F12D1493FD17F1D3FC1
:109510002993493F06CF1D3F2155493F221E1E3F3B
:10952000FA16493F266D1E3FB3D8483F12BC1E3F76
:109530004E9A483FE50A1F3FCA5B483F9F591F3F6D
:10954000271D483F41A81F3F65DE473FCBF61F3F21
:10955000849F473F3B45203F8560473F9393203F93
:109560006721473FD2E1203F2AE2463FF92F213FC2
:10957000CEA2463F067E213F5463463FFBCB213FB0
:10958000BB23463FD719223F03E4453F9967223F5B
:109590002DA4453F43B5223F3964453FD302233FC5
:1095A0002624453F4B50233FF5E3443FA99D233FED
:1095B000A5A3443FEEEA233F3763443F1A38243FD4
:1095C000AB22443F2C85243F00E2433F25D2243F79
:1095D00038A1433F041F253F5160433FCB6B253FDC
:1095E0004C1F433F77B8253F29DE423F0A05263FFF
:1095F000E89C423F8451263F895B423FE39D263FE2
:109600000B1A423F2AEA263F70D8413F5636273F81
:10961000B796413F6882273FE154413F61CE273FE3
:10962000EC12413F401A283FDAD0403F0566283F00
:10963000A98E403FB0B1283F5C4C403F41FD283FE0
:10964000F009403FB848293F67C73F3F1594293F7D
:10965000C0843F3F57DF293FFC413F3F802A2A3FDC
:109660001BFF3E3F8E752A3F1BBC3E3F82C02A3FF8
:10967000FF783E3F5B0B2B3FC5353E3F1B562B3FD4
:109680006EF23D3FBFA02B3FF9AE3D3F4AEB2B3F73
:10969000676B3D3FB9352C3FB8273D3F0F802C3FCE
:1096A000ECE33C3F49CA2C3F03A03C3F69142D3FEB
:1096B000FC5B3C3F6F5E2D3FD9173C3F59A82D3FC7
:1096C00098D33B3F29F22D3F3B8F3B3FDE3B2E3F64
:1096D000C14A3B3F78852E3F29063B3FF7CE2E3FC0
:1096E00075C13A3F5B182F3FA47C3A3FA5612F3FDD
:1096F000B7373A3FD3AA2F3FACF2393FE6F32F3FBB
:1097000085AD393FDE3C303F4268393FBB85303F55
:10971000E122393F7CCE303F65DD383F2217313FB3
:10972000CB97383FAD5F313F1652383F1DA8313FD0
:10973000430C383F71F0313F55C6373FAA38323FAE
:109740004A80373FC780323F233A373FC9C8323F4C
:10975000DFF3363FAF10333F7FAD363F7A58333FAC
:109760000467363F29A0333F6C20363FBCE7333FC8
:10977000B8D9353F342F343FE792353F8F76343FA9
:10978000FB4B353FCFBD343FF304353FF304353F4A
:10979000CFBD343FFB4B353F8F76343FE792353FAB
:1097A000342F343FB8D9353FBCE7333F6C20363FC8
:1097B00029A0333F0467363F7A58333F7FAD363FA9
:1097C000AF10333FDFF3363FC9C8323F233A373F4C
:1097D000C780323F4A80373FAA38323F55C6373FAD
:1097E00071F0313F430C383F1DA8313F1652383FCE
:1097F000AD5F313FCB97383F2217313F65DD383FB2
:109800007CCE303FE122393FBB85303F4268393F53
:10981000DE3C303F85AD393FE6F32F3FACF2393FB8
:10982000D3AA2F3FB7373A3FA5612F3FA47C3A3FD9
:109830005B182F3F75C13A3FF7CE2E3F29063B3FBD
:1098400078852E3FC14A3B3FDE3B2E3F3B8F3B3F5F
:1098500029F22D3F98D33B3F59A82D3FD9173C3FC4
:109860006F5E2D3FFC5B3C3F69142D3F03A03C3FE6
:1098700049CA2C3FECE33C3F0F802C3FB8273D3FCB
:10988000B9352C3F676B3D3F4AEB2B3FF9AE3D3F6F
:10989000BFA02B3F6EF23D3F1B562B3FC5353E3FD1
:1098A0005B0B2B3FFF783E3F82C02A3F1BBC3E3FF5
:1098B0008E752A3F1BFF3E3F802A2A3FFC413F3FD7
:1098C00057DF293FC0843F3F1594293F67C73F3F7B
:1098D000B848293FF009403F41FD283F5C4C403FDC
:1098E000B0B1283FA98E403F0566283FDAD0403FFF
:1098F000401A283FEC12413F61CE273FE154413FDF
:109900006882273FB796413F5636273F70D8413F80
:109910002AEA263F0B1A423FE39D263F895B423FDE
:109920008451263FE89C423F0A05263F29DE423FFC
:1099300077B8253F4C1F433FCB6B253F5160433FDA
:10994000041F253F38A1433F25D2243F00E2433F77
:109950002C85243FAB22443F1A38243F3763443FD1
:10996000EEEA233FA5A3443FA99D233FF5E3443FEF
:109970004B50233F2624453FD302233F3964453FC4
:1099800043B5223F2DA4453F9967223F03E4453F5D
:10999000D719223FBB23463FFBCB213F5463463FB1
:1099A000067E213FCEA2463FF92F213F2AE2463FC5
:1099B000D2E1203F6721473F9393203F8560473F97
:1099C0003B45203F849F473FCBF61F3F65DE473F27
:1099D00041A81F3F271D483F9F591F3FCA5B483F73
:1099E000E50A1F3F4E9A483F12BC1E3FB3D8483F7E
:1099F000266D1E3FFA16493F221E1E3F2155493F44
:109A000006CF1D3F2993493FD17F1D3F12D1493FCA
:109A100084301D3FDC0E4A3F1FE11C3F874C4A3F0C
:109A2000A2911C3F138A4A3F0C421C3F7FC74A3F0A
:109A30005FF21B3FCC044B3F99A21B3FFA414B3FC7
:109A4000BB521B3F097F4B3FC6021B3FF8BB4B3F3E
:109A5000B8B21A3FC7F84B3F93621A3F78354C3F74
:109A600055121A3F08724C3F00C2193F79AE4C3F65
:109A70009471193FCBEA4C3F0F21193FFD264D3F12
:109A800073D0183F10634D3FC07F183F029F4D3F7A
:109A9000F52E183FD5DA4D3F12DE173F89164E3F9F
:109AA000188D173F1C524E3F073C173F908D4E3F7D
:109AB000DFEA163FE4C84E3F9F99163F17044F3F19
:109AC0004748163F2B3F4F3FD9F6153F1F7A4F3F70
:109AD00054A5153FF4B44F3FB753153FA8EF4F3F80
:109AE0000402153F3B2A503F39B0143FAF64503F4A
:109AF000585E143F039F503F5F0C143F37D9503FCF
:109B000050BA133F4A13513F2A68133F3D4D513F0E
:109B1000EE15133F1087513F9AC3123FC2C0513F09
:109B20003071123F54FA513FB01E123FC633523FBC
:109B300019CC113F186D523F6B79113F49A6523F26
:109B4000A726113F59DF523FCDD3103F4918533F4D
:109B5000DC80103F1851533FD52D103FC789533F2C
:109B6000B8DA0F3F55C2533F84870F3FC3FA533FC4
:109B70003B340F3F0F33543FDBE00E3F3B6B543F12
:109B8000658D0E3F47A3543FDA390E3F31DB543F1A
:109B900038E60D3FFB12553F81920D3FA44A553FD9
:109BA000B33E0D3F2C82553FD0EA0C3F93B9553F51
:109BB000D7960C3FD9F0553FC9420C3FFE27563F80
:109BC000A5EE0B3F025F563F6B9A0B3FE595563F64
:109BD0001C460B3FA7CC563FB7F10A3F4803573FFF
:109BE0003D9D0A3FC739573FAD480A3F2670573F52
:109BF00009F4093F63A6573F4E9F093F7FDC573F5B
:109C00007F4A093F7912583F9BF5083F5348583F18
:109C1000A1A0083F0B7E583F924B083FA1B3583F8D
:109C20006FF6073F17E9583F36A1073F6A1E593FB5
:109C3000E84B073F9C53593F86F6063FAD88593F96
:109C40000EA1063F9CBD593F824B063F6AF2593F29
:109C5000E2F5053F16275A3F2CA0053FA05B5A3F6F
:109C6000624A053F09905A3F84F4043F50C45A3F6A
:109C7000919E043F75F85A3F8948043F792C5B3F19
:109C80006DF2033F5A605B3F3D9C033F1A945B3F7C
:109C9000F845033FB8C75B3F9FEF023F34FB5B3F94
:109CA0003299023F8E2E5C3FB142023FC7615C3F5A
:109CB0001CEC013FDD945C3F7395013FD1C75C3FD5
:109CC000B53E013FA3FA5C3FE4E7003F532D5D3F03
:109CD000FF90003FE15F5D3F063A003F4D925D3FE0
:109CE000F3C5FF3E97C45D3FB217FF3EBEF65D3F32
:109CF0004A69FE3EC3285E3FBBBAFD3EA65A5E3FA0
:109D0000040CFD3E678C5E3F275DFC3E05BE5E3F5A
:109D100022AEFB3E81EF5E3FF7FEFA3EDB205F3F67
:109D2000A54FFA3E12525F3F2DA0F93E27835F3FB9
:109D30008EF0F83E19B45F3FC840F83EE9E45F3F5B
:109D4000DC90F73E9615603FCBE0F63E2146603F43
:109D50009330F63E8976603F3580F53ECFA6603F72
:109D6000B1CFF43EF2D6603F071FF43EF206613FEA
:109D7000386EF33ED036613F43BDF23E8A66613FA6
:109D8000290CF23E2296613FEA5AF13E98C5613FA6
:109D900085A9F03EEAF4613FFBF7EF3E1A24623FEB
:109DA0004C46EF3E2653623F7994EE3E1082623F6E
:109DB00080E2ED3ED7B0623F6330ED3E7BDF623F35
:109DC000217EEC3EFC0D633FBBCBEB3E5A3C633F38
:109DD0003019EB3E956A633F8166EA3EAC98633F7B
:109DE000AEB3E93EA1C6633FB700E93E73F4633FFB
:109DF0009C4DE83E2122643F5D9AE73EAC4F643FB4
:109E0000FBE6E63E147D643F7533E63E59AA643FA7
:109E1000CB7FE53E7BD7643FFECBE43E7904653FD4
:109E20000E18E43E5431653FFA63E33E0B5E653F36
:109E3000C4AFE23EA08A653F6AFBE13E10B7653FD2
:109E4000EE46E13E5EE3653F4F92E03E880F663F9F
:109E50008DDDDF3E8E3B663FA928DF3E7167663FA2
:109E6000A273DE3E3093663F79BEDD3ECCBE663FD8
:109E70002E09DD3E45EA663FC153DC3E9915673F3A
:109E8000319EDB3ECA40673F80E8DA3ED86B673FD1
:109E9000AD32DA3EC196673FB97CD93E87C1673F94
:109EA000A3C6D83E2AEC673F6B10D83EA816683F81
:109EB000135AD73E0341683F99A3D63E396B683F9A
:109EC000FDECD53E4C95683F4136D53E3CBF683FE2
:109ED000647FD43E07E9683F67C8D33EAE12693F4E
:109EE0004811D33E323C693F095AD23E9165693FE1
:109EF000AAA2D13ECC8E693F2AEBD03EE4B7693F9F
:109F00008A33D03ED7E0693FCA7BCF3EA7096A3F7C
:109F1000EAC3CE3E52326A3FEA0BCE3ED95A6A3F7E
:109F2000CA53CD3E3C836A3F8B9BCC3E7BAB6A3FA2
:109F30002CE3CB3E95D36A3FAE2ACB3E8CFB6A3FE7
:109F40001072CA3E5E236B3F53B9C93E0C4B6B3F48
:109F50007700C93E95726B3F7C47C83EFB996B3FCB
:109F6000628EC73E3BC16B3F29D5C63E58E86B3F6A
:109F7000D21BC63E500F6C3F5C62C53E24366C3F20
:109F8000C8A8C43ED45C6C3F15EFC33E5E836C3FF3
:109F90004435C33EC5A96C3F557BC23E07D06C3FDC
:109FA00048C1C13E24F66C3F1E07C13E1D1C6D3FDB
:109FB000D54CC03EF2416D3F6F92BF3EA1676D3FF1
:109FC000EBD7BE3E2D8D6D3F4A1DBE3E93B26D3F19
:109FD0008B62BD3ED5D76D3FAFA7BC3EF2FC6D3F57
:109FE000B6ECBB3EEB216E3FA031BB3EBE466E3FA2
:109FF0006E76BA3E6D6B6E3F1EBBB93EF88F6E3FFC
:10A00000B2FFB83E5DB46E3F2A44B83E9ED86E3F64
:10A010008488B73EBAFC6E3FC3CCB63EB0206F3FDB
:10A02000E610B63E83446F3FEC54B53E30686F3F58
:10A03000D698B43EB88B6F3FA5DCB33E1BAF6F3FE5
:10A040005820B33E5AD26F3FEF63B23E73F56F3F75
:10A050006BA7B13E6718703FCBEAB03E373B703F0D
:10A06000102EB03EE15D703F3A71AF3E6680703FAA
:10A0700049B4AE3EC6A2703F3CF7AD3E02C5703F4C
:10A08000153AAD3E17E7703FD47CAC3E0809713FEE
:10A0900077BFAB3ED42A713F0102AB3E7A4C713F91
:10A0A0006F44AA3EFB6D713FC486A93E578F713F36
:10A0B000FEC8A83E8EB0713F1F0BA83E9FD1713FD6
:10A0C000254DA73E8CF2713F128FA63E5213723F70
:10A0D000E5D0A53EF433723F9F12A53E7054723F07
:10A0E0003F54A43EC774723FC595A33EF894723F97
:10A0F00033D7A23E04B5723F8718A23EEBD4723F1D
:10A10000C259A13EACF4723FE59AA03E4714733F9A
:10A11000EEDB9F3EBE33733FDF1C9F3E0E53733F0B
:10A12000B85D9E3E3972733F789E9D3E3F91733F6E
:10A1300020DF9C3E1FB0733FAF1F9C3ED9CE733FC4
:10A1400027609B3E6EED733F86A09A3EDD0B743F09
:10A15000CEE0993E272A743FFE20993E4B48743F3B
:10A160001661983E4966743F17A1973E2284743F5A
:10A1700000E1963ED5A1743FD220963E62BF743F67
:10A180008D60953EC9DC743F31A0943E0BFA743F5C
:10A19000BFDF933E2717753F351F933E1D34753F34
:10A1A000945E923EED50753FDD9D913E976D753FFB
:10A1B00010DD903E1C8A753F2C1C903E7BA6753F9F
:10A1C000325B8F3EB3C2753F229A8E3EC6DE753F2C
:10A1D000FCD88D3EB3FA753FC0178D3E7A16763F98
:10A1E0006E568C3E1B32763F07958B3E974D763FE1
:10A1F0008AD38A3EEC68763FF8118A3E1B84763F0C
:10A200005050893E249F763F938E883E07BA763F12
:10A21000C1CC873EC4D4763FDA0A873E5BEF763FF7
:10A22000DF48863ECC09773FCE86853E1724773FB0
:10A23000AAC4843E3C3E773F7002843E3A58773F42
:10A240002240833E1372773FC07D823EC58B773FAD
:10A250004ABB813E51A5773FC0F8803EB7BE773FED
:10A260002236803EF7D7773FE1E67E3E10F1773F1A
:10A2700056617D3E040A783FA4DB7B3ED122783FC5
:10A28000CB557A3E773B783FCCCF783EF853783F3A
:10A29000A649773E526C783F5AC3753E8684783F14
:10A2A000E83C743E939C783F51B6723E7BB4783F55
:10A2B000942F713E3BCC783FB2A86F3ED6E3783FF7
:10A2C000AB216E3E4AFB783F7F9A6C3E9812793FF5
:10A2D0002F136B3EBF29793FBA8B693EC040793F4F
:10A2E0002204683E9A57793F667C663E4E6E793FFF
:10A2F00086F4643EDC84793F836C633E439B793F04
:10A300005CE4613E83B1793F135C603E9DC7793F59
:10A31000A8D35E3E91DD793F1A4B5D3E5EF3793FF7
:10A320006AC25B3E04097A3F97395A3E841E7A3FDF
:10A33000A4B0583EDD337A3F8F27573E10497A3F0D
:10A34000589E553E1C5E7A3F0115543E02737A3F7B
:10A35000898B523EC1877A3FF101513E599C7A3F29
:10A3600038784F3ECBB07A3F60EE4D3E16C57A3F0F
:10A3700067644C3E3AD97A3F4FDA4A3E37ED7A3F2E
:10A380001850493E0E017B3FC2C5473EBE147B3F7D
:10A390004D3B463E48287B3FB9B0443EAB3B7B3FFC
:10A3A0000726433EE74E7B3F379B413EFC617B3FA8
:10A3B0004910403EEA747B3F3E853E3EB2877B3F7C
:10A3C00015FA3C3E539A7B3FCF6E3B3ECDAC7B3F74
:10A3D0006CE3393E20BF7B3FEC57383E4DD17B3F8D
:10A3E00050CC363E53E37B3F9840353E31F57B3FC2
:10A3F000C4B4333EE9067C3FD428323E7A187C3F11
:10A40000C99C303EE5297C3FA2102F3E283B7C3F73
:10A4100061842D3E444C7C3F04F82B3E3A5D7C3FEA
:10A420008D6B2A3E086E7C3FFCDE283EB07E7C3F72
:10A430005152273E318F7C3F8CC5253E8A9F7C3F01
:10A44000AD38243EBDAF7C3FB6AB223EC9BF7C3F9A
:10A45000A51E213EAECF7C3F7B911F3E6CDF7C3F33
:10A4600038041E3E03EF7C3FDE761C3E73FE7C3FCD
:10A470006BE91A3EBC0D7D3FE05B193EDD1C7D3F64
:10A480003DCE173ED82B7D3F8340163EAC3A7D3FF4
:10A49000B2B2143E59497D3FCA24133EDE577D3F78
:10A4A000CC96113E3D667D3FB708103E74747D3FEB
:10A4B0008B7A0E3E85827D3F4AEC0C3E6E907D3F4E
:10A4C000F35D0B3E309E7D3F86CF093ECCAB7D3F9A
:10A4D0000541083E40B97D3F6EB2063E8CC67D3FC9
:10A4E000C223053EB2D37D3F0295033EB1E07D3FDE
:10A4F0002E06023E88ED7D3F4577003E38FA7D3FCF
:10A5000092D0FD3DC2067E3F73B2FA3D24137E3FDA
:10A510002C94F73D5E1F7E3FC075F43D722B7E3F4D
:10A520002E57F13D5E377E3F7638EE3D23437E3F2A
:10A530009A19EB3DC14E7E3F9AFAE73D385A7E3F6D
:10A5400076DBE43D88657E3F2EBCE13DB0707E3F0A
:10A55000C49CDE3DB17B7E3F377DDB3D8B867E3FFD
:10A56000895DD83D3D917E3FB93DD53DC99B7E3F3C
:10A57000C81DD23D2DA67E3FB7FDCE3D69B07E3FC2
:10A5800086DDCB3D7FBA7E3F36BDC83D6DC47E3F84
:10A59000C69CC53D34CE7E3F397CC23DD4D77E3F7C
:10A5A0008D5BBF3D4CE17E3FC33ABC3D9DEA7E3FA3
:10A5B000DD19B93DC7F37E3FDAF8B53DC9FC7E3FF2
:10A5C000BBD7B23DA4057F3F80B6AF3D580E7F3F5D
:10A5D0002B95AC3DE4167F3FBA73A93D491F7F3FE1
:10A5E0003052A63D87277F3F8C30A33D9D2F7F3F74
:10A5F000CF0EA03D8D377F3FF9EC9C3D543F7F3F10
:10A600000ACB993DF4467F3F05A9963D6D4E7F3FAD
:10A61000E786933DBF557F3FB464903DE95C7F3F43
:10A620006A428D3DEC637F3F0A208A3DC76A7F3FC7
:10A6300094FD863D7B717F3F0ADB833D08787F3F39
:10A640006CB8803D6D7E7F3F742B7B3DAB847F3F3C
:10A65000E9E5743DC28A7F3F38A06E3DB1907F3FEF
:10A66000625A683D78967F3F6814623D189C7F3F30
:10A670004CCE5B3D91A17F3F0E88553DE3A67F3FC9
:10A68000AF414F3D0DAC7F3F2FFB483D0FB17F3FAA
:10A6900091B4423DEAB57F3FD56D3C3D9EBA7F3FC8
:10A6A000FC26363D2ABF7F3F07E02F3D8FC37F3F0B
:10A6B000F698293DCCC77F3FCC51233DE2CB7F3F6D
:10A6C000880A1D3DD1CF7F3F2CC3163D98D37F3FD5
:10A6D000B87B103D37D77F3F2F340A3DAFDA7F3F3D
:10A6E00090EC033D00DE7F3FB949FB3C29E17F3F11
:10A6F0002DBAEE3C2BE47F3F7B2AE23C05E77F3F0F
:10A70000A69AD53CB8E97F3FB00AC93C43EC7F3FED
:10A710009B7ABC3CA7EE7F3F69EAAF3CE3F07F3F0A
:10A720001C5AA33CF8F27F3FB6C9963CE6F47F3F43
:10A7300038398A3CACF67F3F4B517B3C4AF87F3F2F
:10A740000030623CC1F97F3F900E493C11FB7F3FD6
:10A7500002ED2F3C39FC7F3F59CB163C39FD7F3F42
:10A760003053FB3B13FE7F3F890FC93BC4FE7F3F45
:10A77000C1CB963B4EFF7F3FC70F493BB1FF7F3FA9
:10A78000D40FC93AECFF7F3F000000000000803F7B
:10A79000D40FC9BAECFF7F3FC70F49BBB1FF7F3F62
:10A7A000C1CB96BB4EFF7F3F890FC9BBC4FE7F3F25
:10A7B0003053FBBB13FE7F3F59CB16BC39FD7F3FA7
:10A7C00002ED2FBC39FC7F3F900E49BC11FB7F3F4F
:10A7D000003062BCC1F97F3F4B517BBC4AF87F3FE0
:10A7E00038398ABCACF67F3FB6C996BCE6F47F3FE9
:10A7F0001C5AA3BCF8F27F3F69EAAFBCE3F07F3F8D
:10A800009B7ABCBCA7EE7F3FB00AC9BC43EC7F3F3C
:10A81000A69AD5BCB8E97F3F7B2AE2BC05E77F3F1B
:10A820002DBAEEBC2BE47F3FB949FBBC29E17F3F49
:10A8300090EC03BD00DE7F3F2F340ABDAFDA7F3FCF
:10A84000B87B10BD37D77F3F2CC316BD98D37F3F51
:10A85000880A1DBDD1CF7F3FCC5123BDE2CB7F3FC6
:10A86000F69829BDCCC77F3F07E02FBD8FC37F3F40
:10A87000FC2636BD2ABF7F3FD56D3CBD9EBA7F3FCB
:10A8800091B442BDEAB57F3F2FFB48BD0FB17F3F7A
:10A89000AF414FBD0DAC7F3F0E8855BDE3A67F3F56
:10A8A0004CCE5BBD91A17F3F681462BD189C7F3F79
:10A8B000625A68BD78967F3F38A06EBDB1907F3FE9
:10A8C000E9E574BDC28A7F3F742B7BBDAB847F3FBB
:10A8D0006CB880BD6D7E7F3F0ADB83BD08787F3F0B
:10A8E00094FD86BD7B717F3F0A208ABDC76A7F3F8A
:10A8F0006A428DBDEC637F3FB46490BDE95C7F3FED
:10A90000E78693BDBF557F3F05A996BD6D4E7F3F3E
:10A910000ACB99BDF4467F3FF9EC9CBD543F7F3F85
:10A92000CF0EA0BD8D377F3F8C30A3BD9D2F7F3FC5
:10A930003052A6BD87277F3FBA73A9BD491F7F3F0D
:10A940002B95ACBDE4167F3F80B6AFBD580E7F3F60
:10A95000BBD7B2BDA4057F3FDAF8B5BDC9FC7E3FC9
:10A96000DD19B9BDC7F37E3FC33ABCBD9DEA7E3F4A
:10A970008D5BBFBD4CE17E3F397CC2BDD4D77E3FED
:10A98000C69CC5BD34CE7E3F36BDC8BD6DC47E3FBE
:10A9900086DDCBBD7FBA7E3FB7FDCEBD69B07E3FC1
:10A9A000C81DD2BD2DA67E3FB93DD5BDC99B7E3FFA
:10A9B000895DD8BD3D917E3F377DDBBD8B867E3F77
:10A9C000C49CDEBDB17B7E3F2EBCE1BDB0707E3F3E
:10A9D00076DBE4BD88657E3F9AFAE7BD385A7E3F54
:10A9E0009A19EBBDC14E7E3F7638EEBD23437E3FC4
:10A9F0002E57F1BD5E377E3FC075F4BD722B7E3F92
:10AA00002C94F7BD5E1F7E3F73B2FABD24137E3FC8
:10AA100092D0FDBDC2067E3F457700BE38FA7D3F2D
:10AA20002E0602BE88ED7D3F029503BEB1E07D3F5C
:10AA3000C22305BEB2D37D3F6EB206BE8CC67D3F3B
:10AA4000054108BE40B97D3F86CF09BECCAB7D3FF6
:10AA5000F35D0BBE309E7D3F4AEC0CBE6E907D3F99
:10AA60008B7A0EBE85827D3FB70810BE74747D3F21
:10AA7000CC9611BE3D667D3FCA2413BEDE577D3F96
:10AA8000B2B214BE59497D3F834016BEAC3A7D3FF9
:10AA90003DCE17BED82B7D3FE05B19BEDD1C7D3F50
:10AAA0006BE91ABEBC0D7D3FDE761CBE73FE7C3F9B
:10AAB00038041EBE03EF7C3F7B911FBE6CDF7C3FE2
:10AAC000A51E21BEAECF7C3FB6AB22BEC9BF7C3F28
:10AAD000AD3824BEBDAF7C3F8CC525BE8A9F7C3F70
:10AAE000515227BE318F7C3FFCDE28BEB07E7C3FBA
:10AAF0008D6B2ABE086E7C3F04F82BBE3A5D7C3F0E
:10AB000061842DBE444C7C3FA2102FBE283B7C3F6D
:10AB1000C99C30BEE5297C3FD42832BE7A187C3FE0
:10AB2000C4B433BEE9067C3F984035BE31F57B3F67
:10AB300050CC36BE53E37B3FEC5738BE4DD17B3F04
:10AB40006CE339BE20BF7B3FCF6E3BBECDAC7B3FBD
:10AB500015FA3CBE539A7B3F3E853EBEB2877B3F93
:10AB6000491040BEEA747B3F379B41BEFC617B3F8E
:10AB7000072643BEE74E7B3FB9B044BEAB3B7B3FAD
:10AB80004D3B46BE48287B3FC2C547BEBE147B3FF7
:10AB9000185049BE0E017B3F4FDA4ABE37ED7A3F6F
:10ABA00067644CBE3AD97A3F60EE4DBE16C57A3F17
:10ABB00038784FBECBB07A3FF10151BE599C7A3FF5
:10ABC000898B52BEC1877A3F011554BE02737A3F0A
:10ABD000589E55BE1C5E7A3F8F2757BE10497A3F5C
:10ABE000A4B058BEDD337A3F97395ABE841E7A3FEF
:10ABF0006AC25BBE04097A3F1A4B5DBE5EF3793FC1
:10AC0000A8D35EBE91DD793F135C60BE9DC7793FDE
:10AC10005CE461BE83B1793F836C63BE439B793F43
:10AC200086F464BEDC84793F667C66BE4E6E793FF6
:10AC3000220468BE9A57793FBA8B69BEC040793FFB
:10AC40002F136BBEBF29793F7F9A6CBE9812793F54
:10AC5000AB216EBE4AFB783FB2A86FBED6E3783F09
:10AC6000942F71BE3BCC783F51B672BE7BB4783F17
:10AC7000E83C74BE939C783F5AC375BE8684783F87
:10AC8000A64977BE526C783FCCCF78BEF853783F58
:10AC9000CB557ABE773B783FA4DB7BBED122783F91
:10ACA00056617DBE040A783FE1E67EBE10F1773F33
:10ACB000223680BEF7D7773FC0F880BEB7BE773F59
:10ACC0004ABB81BE51A5773FC07D82BEC58B773F11
:10ACD000224083BE1372773F700284BE3A58773F9A
:10ACE000AAC484BE3C3E773FCE8685BE1724773FFC
:10ACF000DF4886BECC09773FDA0A87BE5BEF763F36
:10AD0000C1CC87BEC4D4763F938E88BE07BA763F47
:10AD1000505089BE249F763FF8118ABE1B84763F2F
:10AD20008AD38ABEEC68763F07958BBE974D763FF7
:10AD30006E568CBE1B32763FC0178DBE7A16763F9C
:10AD4000FCD88DBEB3FA753F229A8EBEC6DE753F23
:10AD5000325B8FBEB3C2753F2C1C90BE7BA6753F85
:10AD600010DD90BE1C8A753FDD9D91BE976D753FCD
:10AD7000945E92BEED50753F351F93BE1D34753FF6
:10AD8000BFDF93BE2717753F31A094BE0BFA743F07
:10AD90008D6095BEC9DC743FD22096BE62BF743F01
:10ADA00000E196BED5A1743F17A197BE2284743FDF
:10ADB000166198BE4966743FFE2099BE4B48743FA9
:10ADC000CEE099BE272A743F86A09ABEDD0B743F61
:10ADD00027609BBE6EED733FAF1F9CBED9CE733F05
:10ADE00020DF9CBE1FB0733F789E9DBE3F91733F96
:10ADF000B85D9EBE3972733FDF1C9FBE0E53733F1A
:10AE0000EEDB9FBEBE33733FE59AA0BE4714733F8F
:10AE1000C259A1BEACF4723F8718A2BEEBD4723FF8
:10AE200033D7A2BE04B5723FC595A3BEF894723F56
:10AE30003F54A4BEC774723F9F12A5BE7054723FA8
:10AE4000E5D0A5BEF433723F128FA6BE5213723FF7
:10AE5000254DA7BE8CF2713F1F0BA8BE9FD1713F3D
:10AE6000FEC8A8BE8EB0713FC486A9BE578F713F81
:10AE70006F44AABEFB6D713F0102ABBE7A4C713FBD
:10AE800077BFABBED42A713FD47CACBE0809713FFA
:10AE9000153AADBE17E7703F3CF7ADBE02C5703F37
:10AEA00049B4AEBEC6A2703F3A71AFBE6680703F75
:10AEB000102EB0BEE15D703FCBEAB0BE373B703FB5
:10AEC0006BA7B1BE6718703FEF63B2BE73F56F3FFB
:10AED0005820B3BE5AD26F3FA5DCB3BE1BAF6F3F45
:10AEE000D698B4BEB88B6F3FEC54B5BE30686F3F98
:10AEF000E610B6BE83446F3FC3CCB6BEB0206F3FF2
:10AF00008488B7BEBAFC6E3F2A44B8BE9ED86E3F56
:10AF1000B2FFB8BE5DB46E3F1EBBB9BEF88F6E3FC8
:10AF20006E76BABE6D6B6E3FA031BBBEBE466E3F45
:10AF3000B6ECBBBEEB216E3FAFA7BCBEF2FC6D3FD3
:10AF40008B62BDBED5D76D3F4A1DBEBE93B26D3F6D
:10AF5000EBD7BEBE2D8D6D3F6F92BFBEA1676D3F1B
:10AF6000D54CC0BEF2416D3F1E07C1BE1D1C6D3FDA
:10AF700048C1C1BE24F66C3F557BC2BE07D06C3FB2
:10AF80004435C3BEC5A96C3F15EFC3BE5E836C3F9D
:10AF9000C8A8C4BED45C6C3F5C62C5BE24366C3F9E
:10AFA000D21BC6BE500F6C3F29D5C6BE58E86B3FBA
:10AFB000628EC7BE3BC16B3F7C47C8BEFB996B3FEF
:10AFC0007700C9BE95726B3F53B9C9BE0C4B6B3F3E
:10AFD0001072CABE5E236B3FAE2ACBBE8CFB6A3FAB
:10AFE0002CE3CBBE95D36A3F8B9BCCBE7BAB6A3F39
:10AFF000CA53CDBE3C836A3FEA0BCEBED95A6A3FE4
:10B00000EAC3CEBE52326A3FCA7BCFBEA7096A3FAF
:10B010008A33D0BED7E0693F2AEBD0BEE4B7693FA0
:10B02000AAA2D1BECC8E693F095AD2BE9165693FB2
:10B030004811D3BE323C693F67C8D3BEAE12693FE8
:10B04000647FD4BE07E9683F4136D5BE3CBF683F48
:10B05000FDECD5BE4C95683F99A3D6BE396B683FD1
:10B06000135AD7BE0341683F6B10D8BEA816683F7D
:10B07000A3C6D8BE2AEC673FB97CD9BE87C1673F5B
:10B08000AD32DABEC196673F80E8DABED86B673F63
:10B09000319EDBBECA40673FC153DCBE9915673F96
:10B0A0002E09DDBE45EA663F79BEDDBECCBE663FF9
:10B0B000A273DEBE3093663FA928DFBE7167663F8C
:10B0C0008DDDDFBE8E3B663F4F92E0BE880F663F50
:10B0D000EE46E1BE5EE3653F6AFBE1BE10B7653F49
:10B0E000C4AFE2BEA08A653FFA63E3BE0B5E653F74
:10B0F0000E18E4BE5431653FFECBE4BE7904653FD3
:10B10000CB7FE5BE7BD7643F7533E6BE59AA643F6B
:10B11000FBE6E6BE147D643F5D9AE7BEAC4F643F3C
:10B120009C4DE8BE2122643FB700E9BE73F4633F43
:10B13000AEB3E9BEA1C6633F8166EABEAC98633F89
:10B140003019EBBE956A633FBBCBEBBE5A3C633F05
:10B15000217EECBEFC0D633F6330EDBE7BDF623FC2
:10B1600080E2EDBED7B0623F7994EEBE1082623FBE
:10B170004C46EFBE2653623FFBF7EFBE1A24623FF8
:10B1800085A9F0BEEAF4613FEA5AF1BE98C5613F75
:10B19000290CF2BE2296613F43BDF2BE8A66613F32
:10B1A000386EF3BED036613F071FF4BEF206613F32
:10B1B000B1CFF4BEF2D6603F3580F5BECFA6603F7A
:10B1C0009330F6BE8976603FCBE0F6BE2146603F05
:10B1D000DC90F7BE9615603FC840F8BEE9E45F3FDB
:10B1E0008EF0F8BE19B45F3F2DA0F9BE27835F3FF4
:10B1F000A54FFABE12525F3FF7FEFABEDB205F3F5B
:10B2000022AEFBBE81EF5E3F275DFCBE05BE5E3F0A
:10B21000040CFDBE678C5E3FBBBAFDBEA65A5E3F06
:10B220004A69FEBEC3285E3FB217FFBEBEF65D3F51
:10B23000F3C5FFBE97C45D3F063A00BF4D925D3F28
:10B24000FF9000BFE15F5D3FE4E700BF532D5D3F2E
:10B25000B53E01BFA3FA5C3F739501BFD1C75C3F08
:10B260001CEC01BFDD945C3FB14202BFC7615C3F93
:10B27000329902BF8E2E5C3F9FEF02BF34FB5B3FD3
:10B28000F84503BFB8C75B3F3D9C03BF1A945B3FC3
:10B290006DF203BF5A605B3F894804BF792C5B3F66
:10B2A000919E04BF75F85A3F84F404BF50C45A3FBE
:10B2B000624A05BF09905A3F2CA005BFA05B5A3FC8
:10B2C000E2F505BF16275A3F824B06BF6AF2593F87
:10B2D0000EA106BF9CBD593F86F606BFAD88593FFB
:10B2E000E84B07BF9C53593F36A107BF6A1E593F21
:10B2F0006FF607BF17E9583F924B08BFA1B3583FFD
:10B30000A1A008BF0B7E583F9BF508BF5348583F8C
:10B310007F4A09BF7912583F4E9F09BF7FDC573FD4
:10B3200009F409BF63A6573FAD480ABF2670573FCF
:10B330003D9D0ABFC739573FB7F10ABF4803573F82
:10B340001C460BBFA7CC563F6B9A0BBFE595563FEB
:10B35000A5EE0BBF025F563FC9420CBFFE27563F0A
:10B36000D7960CBFD9F0553FD0EA0CBF93B9553FE3
:10B37000B33E0DBF2C82553F81920DBFA44A553F6D
:10B3800038E60DBFFB12553FDA390EBF31DB543FB3
:10B39000658D0EBF47A3543FDBE00EBF3B6B543FB0
:10B3A0003B340FBF0F33543F84870FBFC3FA533F63
:10B3B000B8DA0FBF55C2533FD52D10BFC789533FD1
:10B3C000DC8010BF1851533FCDD310BF4918533FF5
:10B3D000A72611BF59DF523F6B7911BF49A6523FD3
:10B3E00019CC11BF186D523FB01E12BFC633523F69
:10B3F000307112BF54FA513F9AC312BFC2C0513FBD
:10B40000EE1513BF1087513F2A6813BF3D4D513FC2
:10B4100050BA13BF4A13513F5F0C14BF37D9503F86
:10B42000585E14BF039F503F39B014BFAF64503F04
:10B43000040215BF3B2A503FB75315BFA8EF4F3F3B
:10B4400054A515BFF4B44F3FD9F615BF1F7A4F3F2F
:10B45000474816BF2B3F4F3F9F9916BF17044F3FDA
:10B46000DFEA16BFE4C84E3F073C17BF908D4E3F42
:10B47000188D17BF1C524E3F12DE17BF89164E3F64
:10B48000F52E18BFD5DA4D3FC07F18BF029F4D3F44
:10B4900073D018BF10634D3F0F2119BFFD264D3FDC
:10B4A000947119BFCBEA4C3F00C219BF79AE4C3F33
:10B4B00055121ABF08724C3F93621ABF78354C3F41
:10B4C000B8B21ABFC7F84B3FC6021BBFF8BB4B3F11
:10B4D000BB521BBF097F4B3F99A21BBFFA414B3F99
:10B4E0005FF21BBFCC044B3F0C421CBF7FC74A3FDF
:10B4F000A2911CBF138A4A3F1FE11CBF874C4A3FE1
:10B5000084301DBFDC0E4A3FD17F1DBF12D1493FA1
:10B5100006CF1DBF2993493F221E1EBF2155493F1B
:10B52000266D1EBFFA16493F12BC1EBFB3D8483F56
:10B53000E50A1FBF4E9A483F9F591FBFCA5B483F4D
:10B5400041A81FBF271D483FCBF61FBF65DE473F01
:10B550003B4520BF849F473F939320BF8560473F73
:10B56000D2E120BF6721473FF92F21BF2AE2463FA2
:10B57000067E21BFCEA2463FFBCB21BF5463463F90
:10B58000D71922BFBB23463F996722BF03E4453F3B
:10B5900043B522BF2DA4453FD30223BF3964453FA5
:10B5A0004B5023BF2624453FA99D23BFF5E3443FCD
:10B5B000EEEA23BFA5A3443F1A3824BF3763443FB4
:10B5C0002C8524BFAB22443F25D224BF00E2433F59
:10B5D000041F25BF38A1433FCB6B25BF5160433FBC
:10B5E00077B825BF4C1F433F0A0526BF29DE423FDF
:10B5F000845126BFE89C423FE39D26BF895B423FC2
:10B600002AEA26BF0B1A423F563627BF70D8413F61
:10B61000688227BFB796413F61CE27BFE154413FC3
:10B62000401A28BFEC12413F056628BFDAD0403FE0
:10B63000B0B128BFA98E403F41FD28BF5C4C403FC0
:10B64000B84829BFF009403F159429BF67C73F3F5D
:10B6500057DF29BFC0843F3F802A2ABFFC413F3FBC
:10B660008E752ABF1BFF3E3F82C02ABF1BBC3E3FD8
:10B670005B0B2BBFFF783E3F1B562BBFC5353E3FB4
:10B68000BFA02BBF6EF23D3F4AEB2BBFF9AE3D3F53
:10B69000B9352CBF676B3D3F0F802CBFB8273D3FAE
:10B6A00049CA2CBFECE33C3F69142DBF03A03C3FCB
:10B6B0006F5E2DBFFC5B3C3F59A82DBFD9173C3FA7
:10B6C00029F22DBF98D33B3FDE3B2EBF3B8F3B3F44
:10B6D00078852EBFC14A3B3FF7CE2EBF29063B3FA0
:10B6E0005B182FBF75C13A3FA5612FBFA47C3A3FBD
:10B6F000D3AA2FBFB7373A3FE6F32FBFACF2393F9B
:10B70000DE3C30BF85AD393FBB8530BF4268393F35
:10B710007CCE30BFE122393F221731BF65DD383F93
:10B72000AD5F31BFCB97383F1DA831BF1652383FB0
:10B7300071F031BF430C383FAA3832BF55C6373F8E
:10B74000C78032BF4A80373FC9C832BF233A373F2C
:10B75000AF1033BFDFF3363F7A5833BF7FAD363F8C
:10B7600029A033BF0467363FBCE733BF6C20363FA8
:10B77000342F34BFB8D9353F8F7634BFE792353F89
:10B78000CFBD34BFFB4B353FF30435BFF304353F2A
:10B79000FB4B35BFCFBD343FE79235BF8F76343F8B
:10B7A000B8D935BF342F343F6C2036BFBCE7333FA8
:10B7B000046736BF29A0333F7FAD36BF7A58333F89
:10B7C000DFF336BFAF10333F233A37BFC9C8323F2C
:10B7D0004A8037BFC780323F55C637BFAA38323F8D
:10B7E000430C38BF71F0313F165238BF1DA8313FAE
:10B7F000CB9738BFAD5F313F65DD38BF2217313F92
:10B80000E12239BF7CCE303F426839BFBB85303F33
:10B8100085AD39BFDE3C303FACF239BFE6F32F3F98
:10B82000B7373ABFD3AA2F3FA47C3ABFA5612F3FB9
:10B8300075C13ABF5B182F3F29063BBFF7CE2E3F9D
:10B84000C14A3BBF78852E3F3B8F3BBFDE3B2E3F3F
:10B8500098D33BBF29F22D3FD9173CBF59A82D3FA4
:10B86000FC5B3CBF6F5E2D3F03A03CBF69142D3FC6
:10B87000ECE33CBF49CA2C3FB8273DBF0F802C3FAB
:10B88000676B3DBFB9352C3FF9AE3DBF4AEB2B3F4F
:10B890006EF23DBFBFA02B3FC5353EBF1B562B3FB1
:10B8A000FF783EBF5B0B2B3F1BBC3EBF82C02A3FD5
:10B8B0001BFF3EBF8E752A3FFC413FBF802A2A3FB7
:10B8C000C0843FBF57DF293F67C73FBF1594293F5B
:10B8D000F00940BFB848293F5C4C40BF41FD283FBC
:10B8E000A98E40BFB0B1283FDAD040BF0566283FDF
:10B8F000EC1241BF401A283FE15441BF61CE273FBF
:10B90000B79641BF6882273F70D841BF5636273F60
:10B910000B1A42BF2AEA263F895B42BFE39D263FBE
:10B92000E89C42BF8451263F29DE42BF0A05263FDC
:10B930004C1F43BF77B8253F516043BFCB6B253FBA
:10B9400038A143BF041F253F00E243BF25D2243F57
:10B95000AB2244BF2C85243F376344BF1A38243FB1
:10B96000A5A344BFEEEA233FF5E344BFA99D233FCF
:10B97000262445BF4B50233F396445BFD302233FA4
:10B980002DA445BF43B5223F03E445BF9967223F3D
:10B99000BB2346BFD719223F546346BFFBCB213F91
:10B9A000CEA246BF067E213F2AE246BFF92F213FA5
:10B9B000672147BFD2E1203F856047BF9393203F77
:10B9C000849F47BF3B45203F65DE47BFCBF61F3F07
:10B9D000271D48BF41A81F3FCA5B48BF9F591F3F53
:10B9E0004E9A48BFE50A1F3FB3D848BF12BC1E3F5E
:10B9F000FA1649BF266D1E3F215549BF221E1E3F24
:10BA0000299349BF06CF1D3F12D149BFD17F1D3FAA
:10BA1000DC0E4ABF84301D3F874C4ABF1FE11C3FEC
:10BA2000138A4ABFA2911C3F7FC74ABF0C421C3FEA
:10BA3000CC044BBF5FF21B3FFA414BBF99A21B3FA7
:10BA4000097F4BBFBB521B3FF8BB4BBFC6021B3F1E
:10BA5000C7F84BBFB8B21A3F78354CBF93621A3F54
:10BA600008724CBF55121A3F79AE4CBF00C2193F45
:10BA7000CBEA4CBF9471193FFD264DBF0F21193FF2
:10BA800010634DBF73D0183F029F4DBFC07F183F5A
:10BA9000D5DA4DBFF52E183F89164EBF12DE173F7F
:10BAA0001C524EBF188D173F908D4EBF073C173F5D
:10BAB000E4C84EBFDFEA163F17044FBF9F99163FF9
:10BAC0002B3F4FBF4748163F1F7A4FBFD9F6153F50
:10BAD000F4B44FBF54A5153FA8EF4FBFB753153F60
:10BAE0003B2A50BF0402153FAF6450BF39B0143F2A
:10BAF000039F50BF585E143F37D950BF5F0C143FAF
:10BB00004A1351BF50BA133F3D4D51BF2A68133FEE
:10BB1000108751BFEE15133FC2C051BF9AC3123FE9
:10BB200054FA51BF3071123FC63352BFB01E123F9C
:10BB3000186D52BF19CC113F49A652BF6B79113F06
:10BB400059DF52BFA726113F491853BFCDD3103F2D
:10BB5000185153BFDC80103FC78953BFD52D103F0C
:10BB600055C253BFB8DA0F3FC3FA53BF84870F3FA4
:10BB70000F3354BF3B340F3F3B6B54BFDBE00E3FF2
:10BB800047A354BF658D0E3F31DB54BFDA390E3FFA
:10BB9000FB1255BF38E60D3FA44A55BF81920D3FB9
:10BBA0002C8255BFB33E0D3F93B955BFD0EA0C3F31
:10BBB000D9F055BFD7960C3FFE2756BFC9420C3F60
:10BBC000025F56BFA5EE0B3FE59556BF6B9A0B3F44
:10BBD000A7CC56BF1C460B3F480357BFB7F10A3FDF
:10BBE000C73957BF3D9D0A3F267057BFAD480A3F32
:10BBF00063A657BF09F4093F7FDC57BF4E9F093F3B
:10BC0000791258BF7F4A093F534858BF9BF5083FF8
:10BC10000B7E58BFA1A0083FA1B358BF924B083F6D
:10BC200017E958BF6FF6073F6A1E59BF36A1073F95
:10BC30009C5359BFE84B073FAD8859BF86F6063F76
:10BC40009CBD59BF0EA1063F6AF259BF824B063F09
:10BC500016275ABFE2F5053FA05B5ABF2CA0053F4F
:10BC600009905ABF624A053F50C45ABF84F4043F4A
:10BC700075F85ABF919E043F792C5BBF8948043FF9
:10BC80005A605BBF6DF2033F1A945BBF3D9C033F5C
:10BC9000B8C75BBFF845033F34FB5BBF9FEF023F74
:10BCA0008E2E5CBF3299023FC7615CBFB142023F3A
:10BCB000DD945CBF1CEC013FD1C75CBF7395013FB5
:10BCC000A3FA5CBFB53E013F532D5DBFE4E7003FE3
:10BCD000E15F5DBFFF90003F4D925DBF063A003FC0
:10BCE00097C45DBFF3C5FF3EBEF65DBFB217FF3E12
:10BCF000C3285EBF4A69FE3EA65A5EBFBBBAFD3E80
:10BD0000678C5EBF040CFD3E05BE5EBF275DFC3E3A
:10BD100081EF5EBF22AEFB3EDB205FBFF7FEFA3E47
:10BD200012525FBFA54FFA3E27835FBF2DA0F93E99
:10BD300019B45FBF8EF0F83EE9E45FBFC840F83E3B
:10BD4000961560BFDC90F73E214660BFCBE0F63E23
:10BD5000897660BF9330F63ECFA660BF3580F53E52
:10BD6000F2D660BFB1CFF43EF20661BF071FF43ECA
:10BD7000D03661BF386EF33E8A6661BF43BDF23E86
:10BD8000229661BF290CF23E98C561BFEA5AF13E86
:10BD9000EAF461BF85A9F03E1A2462BFFBF7EF3ECB
:10BDA000265362BF4C46EF3E108262BF7994EE3E4E
:10BDB000D7B062BF80E2ED3E7BDF62BF6330ED3E15
:10BDC000FC0D63BF217EEC3E5A3C63BFBBCBEB3E18
:10BDD000956A63BF3019EB3EAC9863BF8166EA3E5B
:10BDE000A1C663BFAEB3E93E73F463BFB700E93EDB
:10BDF000212264BF9C4DE83EAC4F64BF5D9AE73E94
:10BE0000147D64BFFBE6E63E59AA64BF7533E63E87
:10BE10007BD764BFCB7FE53E790465BFFECBE43EB4
:10BE2000543165BF0E18E43E0B5E65BFFA63E33E16
:10BE3000A08A65BFC4AFE23E10B765BF6AFBE13EB2
:10BE40005EE365BFEE46E13E880F66BF4F92E03E7F
:10BE50008E3B66BF8DDDDF3E716766BFA928DF3E82
:10BE6000309366BFA273DE3ECCBE66BF79BEDD3EB8
:10BE700045EA66BF2E09DD3E991567BFC153DC3E1A
:10BE8000CA4067BF319EDB3ED86B67BF80E8DA3EB1
:10BE9000C19667BFAD32DA3E87C167BFB97CD93E74
:10BEA0002AEC67BFA3C6D83EA81668BF6B10D83E61
:10BEB000034168BF135AD73E396B68BF99A3D63E7A
:10BEC0004C9568BFFDECD53E3CBF68BF4136D53EC2
:10BED00007E968BF647FD43EAE1269BF67C8D33E2E
:10BEE000323C69BF4811D33E916569BF095AD23EC1
:10BEF000CC8E69BFAAA2D13EE4B769BF2AEBD03E7F
:10BF0000D7E069BF8A33D03EA7096ABFCA7BCF3E5C
:10BF100052326ABFEAC3CE3ED95A6ABFEA0BCE3E5E
:10BF20003C836ABFCA53CD3E7BAB6ABF8B9BCC3E82
:10BF300095D36ABF2CE3CB3E8CFB6ABFAE2ACB3EC7
:10BF40005E236BBF1072CA3E0C4B6BBF53B9C93E28
:10BF500095726BBF7700C93EFB996BBF7C47C83EAB
:10BF60003BC16BBF628EC73E58E86BBF29D5C63E4A
:10BF7000500F6CBFD21BC63E24366CBF5C62C53E00
:10BF8000D45C6CBFC8A8C43E5E836CBF15EFC33ED3
:10BF9000C5A96CBF4435C33E07D06CBF557BC23EBC
:10BFA00024F66CBF48C1C13E1D1C6DBF1E07C13EBB
:10BFB000F2416DBFD54CC03EA1676DBF6F92BF3ED1
:10BFC0002D8D6DBFEBD7BE3E93B26DBF4A1DBE3EF9
:10BFD000D5D76DBF8B62BD3EF2FC6DBFAFA7BC3E37
:10BFE000EB216EBFB6ECBB3EBE466EBFA031BB3E82
:10BFF0006D6B6EBF6E76BA3EF88F6EBF1EBBB93EDC
:10C000005DB46EBFB2FFB83E9ED86EBF2A44B83E44
:10C01000BAFC6EBF8488B73EB0206FBFC3CCB63EBB
:10C0200083446FBFE610B63E30686FBFEC54B53E38
:10C03000B88B6FBFD698B43E1BAF6FBFA5DCB33EC5
:10C040005AD26FBF5820B33E73F56FBFEF63B23E55
:10C05000671870BF6BA7B13E373B70BFCBEAB03EED
:10C06000E15D70BF102EB03E668070BF3A71AF3E8A
:10C07000C6A270BF49B4AE3E02C570BF3CF7AD3E2C
:10C0800017E770BF153AAD3E080971BFD47CAC3ECE
:10C09000D42A71BF77BFAB3E7A4C71BF0102AB3E71
:10C0A000FB6D71BF6F44AA3E578F71BFC486A93E16
:10C0B0008EB071BFFEC8A83E9FD171BF1F0BA83EB6
:10C0C0008CF271BF254DA73E521372BF128FA63E50
:10C0D000F43372BFE5D0A53E705472BF9F12A53EE7
:10C0E000C77472BF3F54A43EF89472BFC595A33E77
:10C0F00004B572BF33D7A23EEBD472BF8718A23EFD
:10C10000ACF472BFC259A13E471473BFE59AA03E7A
:10C11000BE3373BFEEDB9F3E0E5373BFDF1C9F3EEB
:10C12000397273BFB85D9E3E3F9173BF789E9D3E4E
:10C130001FB073BF20DF9C3ED9CE73BFAF1F9C3EA4
:10C140006EED73BF27609B3EDD0B74BF86A09A3EE9
:10C15000272A74BFCEE0993E4B4874BFFE20993E1B
:10C16000496674BF1661983E228474BF17A1973E3A
:10C17000D5A174BF00E1963E62BF74BFD220963E47
:10C18000C9DC74BF8D60953E0BFA74BF31A0943E3C
:10C19000271775BFBFDF933E1D3475BF351F933E14
:10C1A000ED5075BF945E923E976D75BFDD9D913EDB
:10C1B0001C8A75BF10DD903E7BA675BF2C1C903E7F
:10C1C000B3C275BF325B8F3EC6DE75BF229A8E3E0C
:10C1D000B3FA75BFFCD88D3E7A1676BFC0178D3E78
:10C1E0001B3276BF6E568C3E974D76BF07958B3EC1
:10C1F000EC6876BF8AD38A3E1B8476BFF8118A3EEC
:10C20000249F76BF5050893E07BA76BF938E883EF2
:10C21000C4D476BFC1CC873E5BEF76BFDA0A873ED7
:10C22000CC0977BFDF48863E172477BFCE86853E90
:10C230003C3E77BFAAC4843E3A5877BF7002843E22
:10C24000137277BF2240833EC58B77BFC07D823E8D
:10C2500051A577BF4ABB813EB7BE77BFC0F8803ECD
:10C26000F7D777BF2236803E10F177BFE1E67E3EFA
:10C27000040A78BF56617D3ED12278BFA4DB7B3EA5
:10C28000773B78BFCB557A3EF85378BFCCCF783E1A
:10C29000526C78BFA649773E868478BF5AC3753EF4
:10C2A000939C78BFE83C743E7BB478BF51B6723E35
:10C2B0003BCC78BF942F713ED6E378BFB2A86F3ED7
:10C2C0004AFB78BFAB216E3E981279BF7F9A6C3ED5
:10C2D000BF2979BF2F136B3EC04079BFBA8B693E2F
:10C2E0009A5779BF2204683E4E6E79BF667C663EDF
:10C2F000DC8479BF86F4643E439B79BF836C633EE4
:10C3000083B179BF5CE4613E9DC779BF135C603E39
:10C3100091DD79BFA8D35E3E5EF379BF1A4B5D3ED7
:10C3200004097ABF6AC25B3E841E7ABF97395A3EBF
:10C33000DD337ABFA4B0583E10497ABF8F27573EED
:10C340001C5E7ABF589E553E02737ABF0115543E5B
:10C35000C1877ABF898B523E599C7ABFF101513E09
:10C36000CBB07ABF38784F3E16C57ABF60EE4D3EEF
:10C370003AD97ABF67644C3E37ED7ABF4FDA4A3E0E
:10C380000E017BBF1850493EBE147BBFC2C5473E5D
:10C3900048287BBF4D3B463EAB3B7BBFB9B0443EDC
:10C3A000E74E7BBF0726433EFC617BBF379B413E88
:10C3B000EA747BBF4910403EB2877BBF3E853E3E5C
:10C3C000539A7BBF15FA3C3ECDAC7BBFCF6E3B3E54
:10C3D00020BF7BBF6CE3393E4DD17BBFEC57383E6D
:10C3E00053E37BBF50CC363E31F57BBF9840353EA2
:10C3F000E9067CBFC4B4333E7A187CBFD428323EF1
:10C40000E5297CBFC99C303E283B7CBFA2102F3E53
:10C41000444C7CBF61842D3E3A5D7CBF04F82B3ECA
:10C42000086E7CBF8D6B2A3EB07E7CBFFCDE283E52
:10C43000318F7CBF5152273E8A9F7CBF8CC5253EE1
:10C44000BDAF7CBFAD38243EC9BF7CBFB6AB223E7A
:10C45000AECF7CBFA51E213E6CDF7CBF7B911F3E13
:10C4600003EF7CBF38041E3E73FE7CBFDE761C3EAD
:10C47000BC0D7DBF6BE91A3EDD1C7DBFE05B193E44
:10C48000D82B7DBF3DCE173EAC3A7DBF8340163ED4
:10C4900059497DBFB2B2143EDE577DBFCA24133E58
:10C4A0003D667DBFCC96113E74747DBFB708103ECB
:10C4B00085827DBF8B7A0E3E6E907DBF4AEC0C3E2E
:10C4C000309E7DBFF35D0B3ECCAB7DBF86CF093E7A
:10C4D00040B97DBF0541083E8CC67DBF6EB2063EA9
:10C4E000B2D37DBFC223053EB1E07DBF0295033EBE
:10C4F00088ED7DBF2E06023E38FA7DBF4577003EAF
:10C50000C2067EBF92D0FD3D24137EBF73B2FA3DBA
:10C510005E1F7EBF2C94F73D722B7EBFC075F43D2D
:10C520005E377EBF2E57F13D23437EBF7638EE3D0A
:10C53000C14E7EBF9A19EB3D385A7EBF9AFAE73D4D
:10C5400088657EBF76DBE43DB0707EBF2EBCE13DEA
:10C55000B17B7EBFC49CDE3D8B867EBF377DDB3DDD
:10C560003D917EBF895DD83DC99B7EBFB93DD53D1C
:10C570002DA67EBFC81DD23D69B07EBFB7FDCE3DA2
:10C580007FBA7EBF86DDCB3D6DC47EBF36BDC83D64
:10C5900034CE7EBFC69CC53DD4D77EBF397CC23D5C
:10C5A0004CE17EBF8D5BBF3D9DEA7EBFC33ABC3D83
:10C5B000C7F37EBFDD19B93DC9FC7EBFDAF8B53DD2
:10C5C000A4057FBFBBD7B23D580E7FBF80B6AF3D3D
:10C5D000E4167FBF2B95AC3D491F7FBFBA73A93DC1
:10C5E00087277FBF3052A63D9D2F7FBF8C30A33D54
:10C5F0008D377FBFCF0EA03D543F7FBFF9EC9C3DF0
:10C60000F4467FBF0ACB993D6D4E7FBF05A9963D8D
:10C61000BF557FBFE786933DE95C7FBFB464903D23
:10C62000EC637FBF6A428D3DC76A7FBF0A208A3DA7
:10C630007B717FBF94FD863D08787FBF0ADB833D19
:10C640006D7E7FBF6CB8803DAB847FBF742B7B3D1C
:10C65000C28A7FBFE9E5743DB1907FBF38A06E3DCF
:10C6600078967FBF625A683D189C7FBF6814623D10
:10C6700091A17FBF4CCE5B3DE3A67FBF0E88553DA9
:10C680000DAC7FBFAF414F3D0FB17FBF2FFB483D8A
:10C69000EAB57FBF91B4423D9EBA7FBFD56D3C3DA8
:10C6A0002ABF7FBFFC26363D8FC37FBF07E02F3DEB
:10C6B000CCC77FBFF698293DE2CB7FBFCC51233D4D
:10C6C000D1CF7FBF880A1D3D98D37FBF2CC3163DB5
:10C6D00037D77FBFB87B103DAFDA7FBF2F340A3D1D
:10C6E00000DE7FBF90EC033D29E17FBFB949FB3CF1
:10C6F0002BE47FBF2DBAEE3C05E77FBF7B2AE23CEF
:10C70000B8E97FBFA69AD53C43EC7FBFB00AC93CCD
:10C71000A7EE7FBF9B7ABC3CE3F07FBF69EAAF3CEA
:10C72000F8F27FBF1C5AA33CE6F47FBFB6C9963C23
:10C73000ACF67FBF38398A3C4AF87FBF4B517B3C0F
:10C74000C1F97FBF0030623C11FB7FBF900E493CB6
:10C7500039FC7FBF02ED2F3C39FD7FBF59CB163C22
:10C7600013FE7FBF3053FB3BC4FE7FBF890FC93B25
:10C770004EFF7FBFC1CB963BB1FF7FBFC70F493B89
:10C78000ECFF7FBFD40FC93A000080BF000000005B
:10C79000ECFF7FBFD40FC9BAB1FF7FBFC70F49BB42
:10C7A0004EFF7FBFC1CB96BBC4FE7FBF890FC9BB05
:10C7B00013FE7FBF3053FBBB39FD7FBF59CB16BC87
:10C7C00039FC7FBF02ED2FBC11FB7FBF900E49BC2F
:10C7D000C1F97FBF003062BC4AF87FBF4B517BBCC0
:10C7E000ACF67FBF38398ABCE6F47FBFB6C996BCC9
:10C7F000F8F27FBF1C5AA3BCE3F07FBF69EAAFBC6D
:10C80000A7EE7FBF9B7ABCBC43EC7FBFB00AC9BC1C
:10C81000B8E97FBFA69AD5BC05E77FBF7B2AE2BCFB
:10C820002BE47FBF2DBAEEBC29E17FBFB949FBBC29
:10C8300000DE7FBF90EC03BDAFDA7FBF2F340ABDAF
:10C8400037D77FBFB87B10BD98D37FBF2CC316BD31
:10C85000D1CF7FBF880A1DBDE2CB7FBFCC5123BDA6
:10C86000CCC77FBFF69829BD8FC37FBF07E02FBD20
:10C870002ABF7FBFFC2636BD9EBA7FBFD56D3CBDAB
:10C88000EAB57FBF91B442BD0FB17FBF2FFB48BD5A
:10C890000DAC7FBFAF414FBDE3A67FBF0E8855BD36
:10C8A00091A17FBF4CCE5BBD189C7FBF681462BD59
:10C8B00078967FBF625A68BDB1907FBF38A06EBDC9
:10C8C000C28A7FBFE9E574BDAB847FBF742B7BBD9B
:10C8D0006D7E7FBF6CB880BD08787FBF0ADB83BDEB
:10C8E0007B717FBF94FD86BDC76A7FBF0A208ABD6A
:10C8F000EC637FBF6A428DBDE95C7FBFB46490BDCD
:10C90000BF557FBFE78693BD6D4E7FBF05A996BD1E
:10C91000F4467FBF0ACB99BD543F7FBFF9EC9CBD65
:10C920008D377FBFCF0EA0BD9D2F7FBF8C30A3BDA5
:10C9300087277FBF3052A6BD491F7FBFBA73A9BDED
:10C94000E4167FBF2B95ACBD580E7FBF80B6AFBD40
:10C95000A4057FBFBBD7B2BDC9FC7EBFDAF8B5BDA9
:10C96000C7F37EBFDD19B9BD9DEA7EBFC33ABCBD2A
:10C970004CE17EBF8D5BBFBDD4D77EBF397CC2BDCD
:10C9800034CE7EBFC69CC5BD6DC47EBF36BDC8BD9E
:10C990007FBA7EBF86DDCBBD69B07EBFB7FDCEBDA1
:10C9A0002DA67EBFC81DD2BDC99B7EBFB93DD5BDDA
:10C9B0003D917EBF895DD8BD8B867EBF377DDBBD57
:10C9C000B17B7EBFC49CDEBDB0707EBF2EBCE1BD1E
:10C9D00088657EBF76DBE4BD385A7EBF9AFAE7BD34
:10C9E000C14E7EBF9A19EBBD23437EBF7638EEBDA4
:10C9F0005E377EBF2E57F1BD722B7EBFC075F4BD72
:10CA00005E1F7EBF2C94F7BD24137EBF73B2FABDA8
:10CA1000C2067EBF92D0FDBD38FA7DBF457700BE0D
:10CA200088ED7DBF2E0602BEB1E07DBF029503BE3C
:10CA3000B2D37DBFC22305BE8CC67DBF6EB206BE1B
:10CA400040B97DBF054108BECCAB7DBF86CF09BED6
:10CA5000309E7DBFF35D0BBE6E907DBF4AEC0CBE79
:10CA600085827DBF8B7A0EBE74747DBFB70810BE01
:10CA70003D667DBFCC9611BEDE577DBFCA2413BE76
:10CA800059497DBFB2B214BEAC3A7DBF834016BED9
:10CA9000D82B7DBF3DCE17BEDD1C7DBFE05B19BE30
:10CAA000BC0D7DBF6BE91ABE73FE7CBFDE761CBE7B
:10CAB00003EF7CBF38041EBE6CDF7CBF7B911FBEC2
:10CAC000AECF7CBFA51E21BEC9BF7CBFB6AB22BE08
:10CAD000BDAF7CBFAD3824BE8A9F7CBF8CC525BE50
:10CAE000318F7CBF515227BEB07E7CBFFCDE28BE9A
:10CAF000086E7CBF8D6B2ABE3A5D7CBF04F82BBEEE
:10CB0000444C7CBF61842DBE283B7CBFA2102FBE4D
:10CB1000E5297CBFC99C30BE7A187CBFD42832BEC0
:10CB2000E9067CBFC4B433BE31F57BBF984035BE47
:10CB300053E37BBF50CC36BE4DD17BBFEC5738BEE4
:10CB400020BF7BBF6CE339BECDAC7BBFCF6E3BBE9D
:10CB5000539A7BBF15FA3CBEB2877BBF3E853EBE73
:10CB6000EA747BBF491040BEFC617BBF379B41BE6E
:10CB7000E74E7BBF072643BEAB3B7BBFB9B044BE8D
:10CB800048287BBF4D3B46BEBE147BBFC2C547BED7
:10CB90000E017BBF185049BE37ED7ABF4FDA4ABE4F
:10CBA0003AD97ABF67644CBE16C57ABF60EE4DBEF7
:10CBB000CBB07ABF38784FBE599C7ABFF10151BED5
:10CBC000C1877ABF898B52BE02737ABF011554BEEA
:10CBD0001C5E7ABF589E55BE10497ABF8F2757BE3C
:10CBE000DD337ABFA4B058BE841E7ABF97395ABECF
:10CBF00004097ABF6AC25BBE5EF379BF1A4B5DBEA1
:10CC000091DD79BFA8D35EBE9DC779BF135C60BEBE
:10CC100083B179BF5CE461BE439B79BF836C63BE23
:10CC2000DC8479BF86F464BE4E6E79BF667C66BED6
:10CC30009A5779BF220468BEC04079BFBA8B69BEDB
:10CC4000BF2979BF2F136BBE981279BF7F9A6CBE34
:10CC50004AFB78BFAB216EBED6E378BFB2A86FBEE9
:10CC60003BCC78BF942F71BE7BB478BF51B672BEF7
:10CC7000939C78BFE83C74BE868478BF5AC375BE67
:10CC8000526C78BFA64977BEF85378BFCCCF78BE38
:10CC9000773B78BFCB557ABED12278BFA4DB7BBE71
:10CCA000040A78BF56617DBE10F177BFE1E67EBE13
:10CCB000F7D777BF223680BEB7BE77BFC0F880BE39
:10CCC00051A577BF4ABB81BEC58B77BFC07D82BEF1
:10CCD000137277BF224083BE3A5877BF700284BE7A
:10CCE0003C3E77BFAAC484BE172477BFCE8685BEDC
:10CCF000CC0977BFDF4886BE5BEF76BFDA0A87BE16
:10CD0000C4D476BFC1CC87BE07BA76BF938E88BE27
:10CD1000249F76BF505089BE1B8476BFF8118ABE0F
:10CD2000EC6876BF8AD38ABE974D76BF07958BBED7
:10CD30001B3276BF6E568CBE7A1676BFC0178DBE7C
:10CD4000B3FA75BFFCD88DBEC6DE75BF229A8EBE03
:10CD5000B3C275BF325B8FBE7BA675BF2C1C90BE65
:10CD60001C8A75BF10DD90BE976D75BFDD9D91BEAD
:10CD7000ED5075BF945E92BE1D3475BF351F93BED6
:10CD8000271775BFBFDF93BE0BFA74BF31A094BEE7
:10CD9000C9DC74BF8D6095BE62BF74BFD22096BEE1
:10CDA000D5A174BF00E196BE228474BF17A197BEBF
:10CDB000496674BF166198BE4B4874BFFE2099BE89
:10CDC000272A74BFCEE099BEDD0B74BF86A09ABE41
:10CDD0006EED73BF27609BBED9CE73BFAF1F9CBEE5
:10CDE0001FB073BF20DF9CBE3F9173BF789E9DBE76
:10CDF000397273BFB85D9EBE0E5373BFDF1C9FBEFA
:10CE0000BE3373BFEEDB9FBE471473BFE59AA0BE6F
:10CE1000ACF472BFC259A1BEEBD472BF8718A2BED8
:10CE200004B572BF33D7A2BEF89472BFC595A3BE36
:10CE3000C77472BF3F54A4BE705472BF9F12A5BE88
:10CE4000F43372BFE5D0A5BE521372BF128FA6BED7
:10CE50008CF271BF254DA7BE9FD171BF1F0BA8BE1D
:10CE60008EB071BFFEC8A8BE578F71BFC486A9BE61
:10CE7000FB6D71BF6F44AABE7A4C71BF0102ABBE9D
:10CE8000D42A71BF77BFABBE080971BFD47CACBEDA
:10CE900017E770BF153AADBE02C570BF3CF7ADBE17
:10CEA000C6A270BF49B4AEBE668070BF3A71AFBE55
:10CEB000E15D70BF102EB0BE373B70BFCBEAB0BE95
:10CEC000671870BF6BA7B1BE73F56FBFEF63B2BEDB
:10CED0005AD26FBF5820B3BE1BAF6FBFA5DCB3BE25
:10CEE000B88B6FBFD698B4BE30686FBFEC54B5BE78
:10CEF00083446FBFE610B6BEB0206FBFC3CCB6BED2
:10CF0000BAFC6EBF8488B7BE9ED86EBF2A44B8BE36
:10CF10005DB46EBFB2FFB8BEF88F6EBF1EBBB9BEA8
:10CF20006D6B6EBF6E76BABEBE466EBFA031BBBE25
:10CF3000EB216EBFB6ECBBBEF2FC6DBFAFA7BCBEB3
:10CF4000D5D76DBF8B62BDBE93B26DBF4A1DBEBE4D
:10CF50002D8D6DBFEBD7BEBEA1676DBF6F92BFBEFB
:10CF6000F2416DBFD54CC0BE1D1C6DBF1E07C1BEBA
:10CF700024F66CBF48C1C1BE07D06CBF557BC2BE92
:10CF8000C5A96CBF4435C3BE5E836CBF15EFC3BE7D
:10CF9000D45C6CBFC8A8C4BE24366CBF5C62C5BE7E
:10CFA000500F6CBFD21BC6BE58E86BBF29D5C6BE9A
:10CFB0003BC16BBF628EC7BEFB996BBF7C47C8BECF
:10CFC00095726BBF7700C9BE0C4B6BBF53B9C9BE1E
:10CFD0005E236BBF1072CABE8CFB6ABFAE2ACBBE8B
:10CFE00095D36ABF2CE3CBBE7BAB6ABF8B9BCCBE19
:10CFF0003C836ABFCA53CDBED95A6ABFEA0BCEBEC4
:10D0000052326ABFEAC3CEBEA7096ABFCA7BCFBE8F
:10D01000D7E069BF8A33D0BEE4B769BF2AEBD0BE80
:10D02000CC8E69BFAAA2D1BE916569BF095AD2BE92
:10D03000323C69BF4811D3BEAE1269BF67C8D3BEC8
:10D0400007E968BF647FD4BE3CBF68BF4136D5BE28
:10D050004C9568BFFDECD5BE396B68BF99A3D6BEB1
:10D06000034168BF135AD7BEA81668BF6B10D8BE5D
:10D070002AEC67BFA3C6D8BE87C167BFB97CD9BE3B
:10D08000C19667BFAD32DABED86B67BF80E8DABE43
:10D09000CA4067BF319EDBBE991567BFC153DCBE76
:10D0A00045EA66BF2E09DDBECCBE66BF79BEDDBED9
:10D0B000309366BFA273DEBE716766BFA928DFBE6C
:10D0C0008E3B66BF8DDDDFBE880F66BF4F92E0BE30
:10D0D0005EE365BFEE46E1BE10B765BF6AFBE1BE29
:10D0E000A08A65BFC4AFE2BE0B5E65BFFA63E3BE54
:10D0F000543165BF0E18E4BE790465BFFECBE4BEB3
:10D100007BD764BFCB7FE5BE59AA64BF7533E6BE4B
:10D11000147D64BFFBE6E6BEAC4F64BF5D9AE7BE1C
:10D12000212264BF9C4DE8BE73F463BFB700E9BE23
:10D13000A1C663BFAEB3E9BEAC9863BF8166EABE69
:10D14000956A63BF3019EBBE5A3C63BFBBCBEBBEE5
:10D15000FC0D63BF217EECBE7BDF62BF6330EDBEA2
:10D16000D7B062BF80E2EDBE108262BF7994EEBE9E
:10D17000265362BF4C46EFBE1A2462BFFBF7EFBED8
:10D18000EAF461BF85A9F0BE98C561BFEA5AF1BE55
:10D19000229661BF290CF2BE8A6661BF43BDF2BE12
:10D1A000D03661BF386EF3BEF20661BF071FF4BE12
:10D1B000F2D660BFB1CFF4BECFA660BF3580F5BE5A
:10D1C000897660BF9330F6BE214660BFCBE0F6BEE5
:10D1D000961560BFDC90F7BEE9E45FBFC840F8BEBB
:10D1E00019B45FBF8EF0F8BE27835FBF2DA0F9BED4
:10D1F00012525FBFA54FFABEDB205FBFF7FEFABE3B
:10D2000081EF5EBF22AEFBBE05BE5EBF275DFCBEEA
:10D21000678C5EBF040CFDBEA65A5EBFBBBAFDBEE6
:10D22000C3285EBF4A69FEBEBEF65DBFB217FFBE31
:10D2300097C45DBFF3C5FFBE4D925DBF063A00BF08
:10D24000E15F5DBFFF9000BF532D5DBFE4E700BF0E
:10D25000A3FA5CBFB53E01BFD1C75CBF739501BFE8
:10D26000DD945CBF1CEC01BFC7615CBFB14202BF73
:10D270008E2E5CBF329902BF34FB5BBF9FEF02BFB3
:10D28000B8C75BBFF84503BF1A945BBF3D9C03BFA3
:10D290005A605BBF6DF203BF792C5BBF894804BF46
:10D2A00075F85ABF919E04BF50C45ABF84F404BF9E
:10D2B00009905ABF624A05BFA05B5ABF2CA005BFA8
:10D2C00016275ABFE2F505BF6AF259BF824B06BF67
:10D2D0009CBD59BF0EA106BFAD8859BF86F606BFDB
:10D2E0009C5359BFE84B07BF6A1E59BF36A107BF01
:10D2F00017E958BF6FF607BFA1B358BF924B08BFDD
:10D300000B7E58BFA1A008BF534858BF9BF508BF6C
:10D31000791258BF7F4A09BF7FDC57BF4E9F09BFB4
:10D3200063A657BF09F409BF267057BFAD480ABFAF
:10D33000C73957BF3D9D0ABF480357BFB7F10ABF62
:10D34000A7CC56BF1C460BBFE59556BF6B9A0BBFCB
:10D35000025F56BFA5EE0BBFFE2756BFC9420CBFEA
:10D36000D9F055BFD7960CBF93B955BFD0EA0CBFC3
:10D370002C8255BFB33E0DBFA44A55BF81920DBF4D
:10D38000FB1255BF38E60DBF31DB54BFDA390EBF93
:10D3900047A354BF658D0EBF3B6B54BFDBE00EBF90
:10D3A0000F3354BF3B340FBFC3FA53BF84870FBF43
:10D3B00055C253BFB8DA0FBFC78953BFD52D10BFB1
:10D3C000185153BFDC8010BF491853BFCDD310BFD5
:10D3D00059DF52BFA72611BF49A652BF6B7911BFB3
:10D3E000186D52BF19CC11BFC63352BFB01E12BF49
:10D3F00054FA51BF307112BFC2C051BF9AC312BF9D
:10D40000108751BFEE1513BF3D4D51BF2A6813BFA2
:10D410004A1351BF50BA13BF37D950BF5F0C14BF66
:10D42000039F50BF585E14BFAF6450BF39B014BFE4
:10D430003B2A50BF040215BFA8EF4FBFB75315BF1B
:10D44000F4B44FBF54A515BF1F7A4FBFD9F615BF0F
:10D450002B3F4FBF474816BF17044FBF9F9916BFBA
:10D46000E4C84EBFDFEA16BF908D4EBF073C17BF22
:10D470001C524EBF188D17BF89164EBF12DE17BF44
:10D48000D5DA4DBFF52E18BF029F4DBFC07F18BF24
:10D4900010634DBF73D018BFFD264DBF0F2119BFBC
:10D4A000CBEA4CBF947119BF79AE4CBF00C219BF13
:10D4B00008724CBF55121ABF78354CBF93621ABF21
:10D4C000C7F84BBFB8B21ABFF8BB4BBFC6021BBFF1
:10D4D000097F4BBFBB521BBFFA414BBF99A21BBF79
:10D4E000CC044BBF5FF21BBF7FC74ABF0C421CBFBF
:10D4F000138A4ABFA2911CBF874C4ABF1FE11CBFC1
:10D50000DC0E4ABF84301DBF12D149BFD17F1DBF81
:10D51000299349BF06CF1DBF215549BF221E1EBFFB
:10D52000FA1649BF266D1EBFB3D848BF12BC1EBF36
:10D530004E9A48BFE50A1FBFCA5B48BF9F591FBF2D
:10D54000271D48BF41A81FBF65DE47BFCBF61FBFE1
:10D55000849F47BF3B4520BF856047BF939320BF53
:10D56000672147BFD2E120BF2AE246BFF92F21BF82
:10D57000CEA246BF067E21BF546346BFFBCB21BF70
:10D58000BB2346BFD71922BF03E445BF996722BF1B
:10D590002DA445BF43B522BF396445BFD30223BF85
:10D5A000262445BF4B5023BFF5E344BFA99D23BFAD
:10D5B000A5A344BFEEEA23BF376344BF1A3824BF94
:10D5C000AB2244BF2C8524BF00E243BF25D224BF39
:10D5D00038A143BF041F25BF516043BFCB6B25BF9C
:10D5E0004C1F43BF77B825BF29DE42BF0A0526BFBF
:10D5F000E89C42BF845126BF895B42BFE39D26BFA2
:10D600000B1A42BF2AEA26BF70D841BF563627BF41
:10D61000B79641BF688227BFE15441BF61CE27BFA3
:10D62000EC1241BF401A28BFDAD040BF056628BFC0
:10D63000A98E40BFB0B128BF5C4C40BF41FD28BFA0
:10D64000F00940BFB84829BF67C73FBF159429BF3D
:10D65000C0843FBF57DF29BFFC413FBF802A2ABF9C
:10D660001BFF3EBF8E752ABF1BBC3EBF82C02ABFB8
:10D67000FF783EBF5B0B2BBFC5353EBF1B562BBF94
:10D680006EF23DBFBFA02BBFF9AE3DBF4AEB2BBF33
:10D69000676B3DBFB9352CBFB8273DBF0F802CBF8E
:10D6A000ECE33CBF49CA2CBF03A03CBF69142DBFAB
:10D6B000FC5B3CBF6F5E2DBFD9173CBF59A82DBF87
:10D6C00098D33BBF29F22DBF3B8F3BBFDE3B2EBF24
:10D6D000C14A3BBF78852EBF29063BBFF7CE2EBF80
:10D6E00075C13ABF5B182FBFA47C3ABFA5612FBF9D
:10D6F000B7373ABFD3AA2FBFACF239BFE6F32FBF7B
:10D7000085AD39BFDE3C30BF426839BFBB8530BF15
:10D71000E12239BF7CCE30BF65DD38BF221731BF73
:10D72000CB9738BFAD5F31BF165238BF1DA831BF90
:10D73000430C38BF71F031BF55C637BFAA3832BF6E
:10D740004A8037BFC78032BF233A37BFC9C832BF0C
:10D75000DFF336BFAF1033BF7FAD36BF7A5833BF6C
:10D76000046736BF29A033BF6C2036BFBCE733BF88
:10D77000B8D935BF342F34BFE79235BF8F7634BF69
:10D78000FB4B35BFCFBD34BFF30435BFF30435BF0A
:10D79000CFBD34BFFB4B35BF8F7634BFE79235BF6B
:10D7A000342F34BFB8D935BFBCE733BF6C2036BF88
:10D7B00029A033BF046736BF7A5833BF7FAD36BF69
:10D7C000AF1033BFDFF336BFC9C832BF233A37BF0C
:10D7D000C78032BF4A8037BFAA3832BF55C637BF6D
:10D7E00071F031BF430C38BF1DA831BF165238BF8E
:10D7F000AD5F31BFCB9738BF221731BF65DD38BF72
:10D800007CCE30BFE12239BFBB8530BF426839BF13
:10D81000DE3C30BF85AD39BFE6F32FBFACF239BF78
:10D82000D3AA2FBFB7373ABFA5612FBFA47C3ABF99
:10D830005B182FBF75C13ABFF7CE2EBF29063BBF7D
:10D8400078852EBFC14A3BBFDE3B2EBF3B8F3BBF1F
:10D8500029F22DBF98D33BBF59A82DBFD9173CBF84
:10D860006F5E2DBFFC5B3CBF69142DBF03A03CBFA6
:10D8700049CA2CBFECE33CBF0F802CBFB8273DBF8B
:10D88000B9352CBF676B3DBF4AEB2BBFF9AE3DBF2F
:10D89000BFA02BBF6EF23DBF1B562BBFC5353EBF91
:10D8A0005B0B2BBFFF783EBF82C02ABF1BBC3EBFB5
:10D8B0008E752ABF1BFF3EBF802A2ABFFC413FBF97
:10D8C00057DF29BFC0843FBF159429BF67C73FBF3B
:10D8D000B84829BFF00940BF41FD28BF5C4C40BF9C
:10D8E000B0B128BFA98E40BF056628BFDAD040BFBF
:10D8F000401A28BFEC1241BF61CE27BFE15441BF9F
:10D90000688227BFB79641BF563627BF70D841BF40
:10D910002AEA26BF0B1A42BFE39D26BF895B42BF9E
:10D92000845126BFE89C42BF0A0526BF29DE42BFBC
:10D9300077B825BF4C1F43BFCB6B25BF516043BF9A
:10D94000041F25BF38A143BF25D224BF00E243BF37
:10D950002C8524BFAB2244BF1A3824BF376344BF91
:10D96000EEEA23BFA5A344BFA99D23BFF5E344BFAF
:10D970004B5023BF262445BFD30223BF396445BF84
:10D9800043B522BF2DA445BF996722BF03E445BF1D
:10D99000D71922BFBB2346BFFBCB21BF546346BF71
:10D9A000067E21BFCEA246BFF92F21BF2AE246BF85
:10D9B000D2E120BF672147BF939320BF856047BF57
:10D9C0003B4520BF849F47BFCBF61FBF65DE47BFE7
:10D9D00041A81FBF271D48BF9F591FBFCA5B48BF33
:10D9E000E50A1FBF4E9A48BF12BC1EBFB3D848BF3E
:10D9F000266D1EBFFA1649BF221E1EBF215549BF04
:10DA000006CF1DBF299349BFD17F1DBF12D149BF8A
:10DA100084301DBFDC0E4ABF1FE11CBF874C4ABFCC
:10DA2000A2911CBF138A4ABF0C421CBF7FC74ABFCA
:10DA30005FF21BBFCC044BBF99A21BBFFA414BBF87
:10DA4000BB521BBF097F4BBFC6021BBFF8BB4BBFFE
:10DA5000B8B21ABFC7F84BBF93621ABF78354CBF34
:10DA600055121ABF08724CBF00C219BF79AE4CBF25
:10DA7000947119BFCBEA4CBF0F2119BFFD264DBFD2
:10DA800073D018BF10634DBFC07F18BF029F4DBF3A
:10DA9000F52E18BFD5DA4DBF12DE17BF89164EBF5F
:10DAA000188D17BF1C524EBF073C17BF908D4EBF3D
:10DAB000DFEA16BFE4C84EBF9F9916BF17044FBFD9
:10DAC000474816BF2B3F4FBFD9F615BF1F7A4FBF30
:10DAD00054A515BFF4B44FBFB75315BFA8EF4FBF40
:10DAE000040215BF3B2A50BF39B014BFAF6450BF0A
:10DAF000585E14BF039F50BF5F0C14BF37D950BF8F
:10DB000050BA13BF4A1351BF2A6813BF3D4D51BFCE
:10DB1000EE1513BF108751BF9AC312BFC2C051BFC9
:10DB2000307112BF54FA51BFB01E12BFC63352BF7C
:10DB300019CC11BF186D52BF6B7911BF49A652BFE6
:10DB4000A72611BF59DF52BFCDD310BF491853BF0D
:10DB5000DC8010BF185153BFD52D10BFC78953BFEC
:10DB6000B8DA0FBF55C253BF84870FBFC3FA53BF84
:10DB70003B340FBF0F3354BFDBE00EBF3B6B54BFD2
:10DB8000658D0EBF47A354BFDA390EBF31DB54BFDA
:10DB900038E60DBFFB1255BF81920DBFA44A55BF99
:10DBA000B33E0DBF2C8255BFD0EA0CBF93B955BF11
:10DBB000D7960CBFD9F055BFC9420CBFFE2756BF40
:10DBC000A5EE0BBF025F56BF6B9A0BBFE59556BF24
:10DBD0001C460BBFA7CC56BFB7F10ABF480357BFBF
:10DBE0003D9D0ABFC73957BFAD480ABF267057BF12
:10DBF00009F409BF63A657BF4E9F09BF7FDC57BF1B
:10DC00007F4A09BF791258BF9BF508BF534858BFD8
:10DC1000A1A008BF0B7E58BF924B08BFA1B358BF4D
:10DC20006FF607BF17E958BF36A107BF6A1E59BF75
:10DC3000E84B07BF9C5359BF86F606BFAD8859BF56
:10DC40000EA106BF9CBD59BF824B06BF6AF259BFE9
:10DC5000E2F505BF16275ABF2CA005BFA05B5ABF2F
:10DC6000624A05BF09905ABF84F404BF50C45ABF2A
:10DC7000919E04BF75F85ABF894804BF792C5BBFD9
:10DC80006DF203BF5A605BBF3D9C03BF1A945BBF3C
:10DC9000F84503BFB8C75BBF9FEF02BF34FB5BBF54
:10DCA000329902BF8E2E5CBFB14202BFC7615CBF1A
:10DCB0001CEC01BFDD945CBF739501BFD1C75CBF95
:10DCC000B53E01BFA3FA5CBFE4E700BF532D5DBFC3
:10DCD000FF9000BFE15F5DBF063A00BF4D925DBFA0
:10DCE000F3C5FFBE97C45DBFB217FFBEBEF65DBFF2
:10DCF0004A69FEBEC3285EBFBBBAFDBEA65A5EBF60
:10DD0000040CFDBE678C5EBF275DFCBE05BE5EBF1A
:10DD100022AEFBBE81EF5EBFF7FEFABEDB205FBF27
:10DD2000A54FFABE12525FBF2DA0F9BE27835FBF79
:10DD30008EF0F8BE19B45FBFC840F8BEE9E45FBF1B
:10DD4000DC90F7BE961560BFCBE0F6BE214660BF03
:10DD50009330F6BE897660BF3580F5BECFA660BF32
:10DD6000B1CFF4BEF2D660BF071FF4BEF20661BFAA
:10DD7000386EF3BED03661BF43BDF2BE8A6661BF66
:10DD8000290CF2BE229661BFEA5AF1BE98C561BF66
:10DD900085A9F0BEEAF461BFFBF7EFBE1A2462BFAB
:10DDA0004C46EFBE265362BF7994EEBE108262BF2E
:10DDB00080E2EDBED7B062BF6330EDBE7BDF62BFF5
:10DDC000217EECBEFC0D63BFBBCBEBBE5A3C63BFF8
:10DDD0003019EBBE956A63BF8166EABEAC9863BF3B
:10DDE000AEB3E9BEA1C663BFB700E9BE73F463BFBB
:10DDF0009C4DE8BE212264BF5D9AE7BEAC4F64BF74
:10DE0000FBE6E6BE147D64BF7533E6BE59AA64BF67
:10DE1000CB7FE5BE7BD764BFFECBE4BE790465BF94
:10DE20000E18E4BE543165BFFA63E3BE0B5E65BFF6
:10DE3000C4AFE2BEA08A65BF6AFBE1BE10B765BF92
:10DE4000EE46E1BE5EE365BF4F92E0BE880F66BF5F
:10DE50008DDDDFBE8E3B66BFA928DFBE716766BF62
:10DE6000A273DEBE309366BF79BEDDBECCBE66BF98
:10DE70002E09DDBE45EA66BFC153DCBE991567BFFA
:10DE8000319EDBBECA4067BF80E8DABED86B67BF91
:10DE9000AD32DABEC19667BFB97CD9BE87C167BF54
:10DEA000A3C6D8BE2AEC67BF6B10D8BEA81668BF41
:10DEB000135AD7BE034168BF99A3D6BE396B68BF5A
:10DEC000FDECD5BE4C9568BF4136D5BE3CBF68BFA2
:10DED000647FD4BE07E968BF67C8D3BEAE1269BF0E
:10DEE0004811D3BE323C69BF095AD2BE916569BFA1
:10DEF000AAA2D1BECC8E69BF2AEBD0BEE4B769BF5F
:10DF00008A33D0BED7E069BFCA7BCFBEA7096ABF3C
:10DF1000EAC3CEBE52326ABFEA0BCEBED95A6ABF3E
:10DF2000CA53CDBE3C836ABF8B9BCCBE7BAB6ABF62
:10DF30002CE3CBBE95D36ABFAE2ACBBE8CFB6ABFA7
:10DF40001072CABE5E236BBF53B9C9BE0C4B6BBF08
:10DF50007700C9BE95726BBF7C47C8BEFB996BBF8B
:10DF6000628EC7BE3BC16BBF29D5C6BE58E86BBF2A
:10DF7000D21BC6BE500F6CBF5C62C5BE24366CBFE0
:10DF8000C8A8C4BED45C6CBF15EFC3BE5E836CBFB3
:10DF90004435C3BEC5A96CBF557BC2BE07D06CBF9C
:10DFA00048C1C1BE24F66CBF1E07C1BE1D1C6DBF9B
:10DFB000D54CC0BEF2416DBF6F92BFBEA1676DBFB1
:10DFC000EBD7BEBE2D8D6DBF4A1DBEBE93B26DBFD9
:10DFD0008B62BDBED5D76DBFAFA7BCBEF2FC6DBF17
:10DFE000B6ECBBBEEB216EBFA031BBBEBE466EBF62
:10DFF0006E76BABE6D6B6EBF1EBBB9BEF88F6EBFBC
:10E00000B2FFB8BE5DB46EBF2A44B8BE9ED86EBF24
:10E010008488B7BEBAFC6EBFC3CCB6BEB0206FBF9B
:10E02000E610B6BE83446FBFEC54B5BE30686FBF18
:10E03000D698B4BEB88B6FBFA5DCB3BE1BAF6FBFA5
:10E040005820B3BE5AD26FBFEF63B2BE73F56FBF35
:10E050006BA7B1BE671870BFCBEAB0BE373B70BFCD
:10E06000102EB0BEE15D70BF3A71AFBE668070BF6A
:10E0700049B4AEBEC6A270BF3CF7ADBE02C570BF0C
:10E08000153AADBE17E770BFD47CACBE080971BFAE
:10E0900077BFABBED42A71BF0102ABBE7A4C71BF51
:10E0A0006F44AABEFB6D71BFC486A9BE578F71BFF6
:10E0B000FEC8A8BE8EB071BF1F0BA8BE9FD171BF96
:10E0C000254DA7BE8CF271BF128FA6BE521372BF30
:10E0D000E5D0A5BEF43372BF9F12A5BE705472BFC7
:10E0E0003F54A4BEC77472BFC595A3BEF89472BF57
:10E0F00033D7A2BE04B572BF8718A2BEEBD472BFDD
:10E10000C259A1BEACF472BFE59AA0BE471473BF5A
:10E11000EEDB9FBEBE3373BFDF1C9FBE0E5373BFCB
:10E12000B85D9EBE397273BF789E9DBE3F9173BF2E
:10E1300020DF9CBE1FB073BFAF1F9CBED9CE73BF84
:10E1400027609BBE6EED73BF86A09ABEDD0B74BFC9
:10E15000CEE099BE272A74BFFE2099BE4B4874BFFB
:10E16000166198BE496674BF17A197BE228474BF1A
:10E1700000E196BED5A174BFD22096BE62BF74BF27
:10E180008D6095BEC9DC74BF31A094BE0BFA74BF1C
:10E19000BFDF93BE271775BF351F93BE1D3475BFF4
:10E1A000945E92BEED5075BFDD9D91BE976D75BFBB
:10E1B00010DD90BE1C8A75BF2C1C90BE7BA675BF5F
:10E1C000325B8FBEB3C275BF229A8EBEC6DE75BFEC
:10E1D000FCD88DBEB3FA75BFC0178DBE7A1676BF58
:10E1E0006E568CBE1B3276BF07958BBE974D76BFA1
:10E1F0008AD38ABEEC6876BFF8118ABE1B8476BFCC
:10E20000505089BE249F76BF938E88BE07BA76BFD2
:10E21000C1CC87BEC4D476BFDA0A87BE5BEF76BFB7
:10E22000DF4886BECC0977BFCE8685BE172477BF70
:10E23000AAC484BE3C3E77BF700284BE3A5877BF02
:10E24000224083BE137277BFC07D82BEC58B77BF6D
:10E250004ABB81BE51A577BFC0F880BEB7BE77BFAD
:10E26000223680BEF7D777BFE1E67EBE10F177BFDA
:10E2700056617DBE040A78BFA4DB7BBED12278BF85
:10E28000CB557ABE773B78BFCCCF78BEF85378BFFA
:10E29000A64977BE526C78BF5AC375BE868478BFD4
:10E2A000E83C74BE939C78BF51B672BE7BB478BF15
:10E2B000942F71BE3BCC78BFB2A86FBED6E378BFB7
:10E2C000AB216EBE4AFB78BF7F9A6CBE981279BFB5
:10E2D0002F136BBEBF2979BFBA8B69BEC04079BF0F
:10E2E000220468BE9A5779BF667C66BE4E6E79BFBF
:10E2F00086F464BEDC8479BF836C63BE439B79BFC4
:10E300005CE461BE83B179BF135C60BE9DC779BF19
:10E31000A8D35EBE91DD79BF1A4B5DBE5EF379BFB7
:10E320006AC25BBE04097ABF97395ABE841E7ABF9F
:10E33000A4B058BEDD337ABF8F2757BE10497ABFCD
:10E34000589E55BE1C5E7ABF011554BE02737ABF3B
:10E35000898B52BEC1877ABFF10151BE599C7ABFE9
:10E3600038784FBECBB07ABF60EE4DBE16C57ABFCF
:10E3700067644CBE3AD97ABF4FDA4ABE37ED7ABFEE
:10E38000185049BE0E017BBFC2C547BEBE147BBF3D
:10E390004D3B46BE48287BBFB9B044BEAB3B7BBFBC
:10E3A000072643BEE74E7BBF379B41BEFC617BBF68
:10E3B000491040BEEA747BBF3E853EBEB2877BBF3C
:10E3C00015FA3CBE539A7BBFCF6E3BBECDAC7BBF34
:10E3D0006CE339BE20BF7BBFEC5738BE4DD17BBF4D
:10E3E00050CC36BE53E37BBF984035BE31F57BBF82
:10E3F000C4B433BEE9067CBFD42832BE7A187CBFD1
:10E40000C99C30BEE5297CBFA2102FBE283B7CBF33
:10E4100061842DBE444C7CBF04F82BBE3A5D7CBFAA
:10E420008D6B2ABE086E7CBFFCDE28BEB07E7CBF32
:10E43000515227BE318F7CBF8CC525BE8A9F7CBFC1
:10E44000AD3824BEBDAF7CBFB6AB22BEC9BF7CBF5A
:10E45000A51E21BEAECF7CBF7B911FBE6CDF7CBFF3
:10E4600038041EBE03EF7CBFDE761CBE73FE7CBF8D
:10E470006BE91ABEBC0D7DBFE05B19BEDD1C7DBF24
:10E480003DCE17BED82B7DBF834016BEAC3A7DBFB4
:10E49000B2B214BE59497DBFCA2413BEDE577DBF38
:10E4A000CC9611BE3D667DBFB70810BE74747DBFAB
:10E4B0008B7A0EBE85827DBF4AEC0CBE6E907DBF0E
:10E4C000F35D0BBE309E7DBF86CF09BECCAB7DBF5A
:10E4D000054108BE40B97DBF6EB206BE8CC67DBF89
:10E4E000C22305BEB2D37DBF029503BEB1E07DBF9E
:10E4F0002E0602BE88ED7DBF457700BE38FA7DBF8F
:10E5000092D0FDBDC2067EBF73B2FABD24137EBF9A
:10E510002C94F7BD5E1F7EBFC075F4BD722B7EBF0D
:10E520002E57F1BD5E377EBF7638EEBD23437EBFEA
:10E530009A19EBBDC14E7EBF9AFAE7BD385A7EBF2D
:10E5400076DBE4BD88657EBF2EBCE1BDB0707EBFCA
:10E55000C49CDEBDB17B7EBF377DDBBD8B867EBFBD
:10E56000895DD8BD3D917EBFB93DD5BDC99B7EBFFC
:10E57000C81DD2BD2DA67EBFB7FDCEBD69B07EBF82
:10E5800086DDCBBD7FBA7EBF36BDC8BD6DC47EBF44
:10E59000C69CC5BD34CE7EBF397CC2BDD4D77EBF3C
:10E5A0008D5BBFBD4CE17EBFC33ABCBD9DEA7EBF63
:10E5B000DD19B9BDC7F37EBFDAF8B5BDC9FC7EBFB2
:10E5C000BBD7B2BDA4057FBF80B6AFBD580E7FBF1D
:10E5D0002B95ACBDE4167FBFBA73A9BD491F7FBFA1
:10E5E0003052A6BD87277FBF8C30A3BD9D2F7FBF34
:10E5F000CF0EA0BD8D377FBFF9EC9CBD543F7FBFD0
:10E600000ACB99BDF4467FBF05A996BD6D4E7FBF6D
:10E61000E78693BDBF557FBFB46490BDE95C7FBF03
:10E620006A428DBDEC637FBF0A208ABDC76A7FBF87
:10E6300094FD86BD7B717FBF0ADB83BD08787FBFF9
:10E640006CB880BD6D7E7FBF742B7BBDAB847FBFFC
:10E65000E9E574BDC28A7FBF38A06EBDB1907FBFAF
:10E66000625A68BD78967FBF681462BD189C7FBFF0
:10E670004CCE5BBD91A17FBF0E8855BDE3A67FBF89
:10E68000AF414FBD0DAC7FBF2FFB48BD0FB17FBF6A
:10E6900091B442BDEAB57FBFD56D3CBD9EBA7FBF88
:10E6A000FC2636BD2ABF7FBF07E02FBD8FC37FBFCB
:10E6B000F69829BDCCC77FBFCC5123BDE2CB7FBF2D
:10E6C000880A1DBDD1CF7FBF2CC316BD98D37FBF95
:10E6D000B87B10BD37D77FBF2F340ABDAFDA7FBFFD
:10E6E00090EC03BD00DE7FBFB949FBBC29E17FBFD1
:10E6F0002DBAEEBC2BE47FBF7B2AE2BC05E77FBFCF
:10E70000A69AD5BCB8E97FBFB00AC9BC43EC7FBFAD
:10E710009B7ABCBCA7EE7FBF69EAAFBCE3F07FBFCA
:10E720001C5AA3BCF8F27FBFB6C996BCE6F47FBF03
:10E7300038398ABCACF67FBF4B517BBC4AF87FBFEF
:10E74000003062BCC1F97FBF900E49BC11FB7FBF96
:10E7500002ED2FBC39FC7FBF59CB16BC39FD7FBF02
:10E760003053FBBB13FE7FBF890FC9BBC4FE7FBF05
:10E77000C1CB96BB4EFF7FBFC70F49BBB1FF7FBF69
:10E78000D40FC9BAECFF7FBF00000080000080BF3B
:10E79000D40FC93AECFF7FBFC70F493BB1FF7FBF22
:10E7A000C1CB963B4EFF7FBF890FC93BC4FE7FBFE5
:10E7B0003053FB3B13FE7FBF59CB163C39FD7FBF67
:10E7C00002ED2F3C39FC7FBF900E493C11FB7FBF0F
:10E7D0000030623CC1F97FBF4B517B3C4AF87FBFA0
:10E7E00038398A3CACF67FBFB6C9963CE6F47FBFA9
:10E7F0001C5AA33CF8F27FBF69EAAF3CE3F07FBF4D
:10E800009B7ABC3CA7EE7FBFB00AC93C43EC7FBFFC
:10E81000A69AD53CB8E97FBF7B2AE23C05E77FBFDB
:10E820002DBAEE3C2BE47FBFB949FB3C29E17FBF09
:10E8300090EC033D00DE7FBF2F340A3DAFDA7FBF8F
:10E84000B87B103D37D77FBF2CC3163D98D37FBF11
:10E85000880A1D3DD1CF7FBFCC51233DE2CB7FBF86
:10E86000F698293DCCC77FBF07E02F3D8FC37FBF00
:10E87000FC26363D2ABF7FBFD56D3C3D9EBA7FBF8B
:10E8800091B4423DEAB57FBF2FFB483D0FB17FBF3A
:10E89000AF414F3D0DAC7FBF0E88553DE3A67FBF16
:10E8A0004CCE5B3D91A17FBF6814623D189C7FBF39
:10E8B000625A683D78967FBF38A06E3DB1907FBFA9
:10E8C000E9E5743DC28A7FBF742B7B3DAB847FBF7B
:10E8D0006CB8803D6D7E7FBF0ADB833D08787FBFCB
:10E8E00094FD863D7B717FBF0A208A3DC76A7FBF4A
:10E8F0006A428D3DEC637FBFB464903DE95C7FBFAD
:10E90000E786933DBF557FBF05A9963D6D4E7FBFFE
:10E910000ACB993DF4467FBFF9EC9C3D543F7FBF45
:10E92000CF0EA03D8D377FBF8C30A33D9D2F7FBF85
:10E930003052A63D87277FBFBA73A93D491F7FBFCD
:10E940002B95AC3DE4167FBF80B6AF3D580E7FBF20
:10E95000BBD7B23DA4057FBFDAF8B53DC9FC7EBF89
:10E96000DD19B93DC7F37EBFC33ABC3D9DEA7EBF0A
:10E970008D5BBF3D4CE17EBF397CC23DD4D77EBFAD
:10E98000C69CC53D34CE7EBF36BDC83D6DC47EBF7E
:10E9900086DDCB3D7FBA7EBFB7FDCE3D69B07EBF81
:10E9A000C81DD23D2DA67EBFB93DD53DC99B7EBFBA
:10E9B000895DD83D3D917EBF377DDB3D8B867EBF37
:10E9C000C49CDE3DB17B7EBF2EBCE13DB0707EBFFE
:10E9D00076DBE43D88657EBF9AFAE73D385A7EBF14
:10E9E0009A19EB3DC14E7EBF7638EE3D23437EBF84
:10E9F0002E57F13D5E377EBFC075F43D722B7EBF52
:10EA00002C94F73D5E1F7EBF73B2FA3D24137EBF88
:10EA100092D0FD3DC2067EBF4577003E38FA7DBFED
:10EA20002E06023E88ED7DBF0295033EB1E07DBF1C
:10EA3000C223053EB2D37DBF6EB2063E8CC67DBFFB
:10EA40000541083E40B97DBF86CF093ECCAB7DBFB6
:10EA5000F35D0B3E309E7DBF4AEC0C3E6E907DBF59
:10EA60008B7A0E3E85827DBFB708103E74747DBFE1
:10EA7000CC96113E3D667DBFCA24133EDE577DBF56
:10EA8000B2B2143E59497DBF8340163EAC3A7DBFB9
:10EA90003DCE173ED82B7DBFE05B193EDD1C7DBF10
:10EAA0006BE91A3EBC0D7DBFDE761C3E73FE7CBF5B
:10EAB00038041E3E03EF7CBF7B911F3E6CDF7CBFA2
:10EAC000A51E213EAECF7CBFB6AB223EC9BF7CBFE8
:10EAD000AD38243EBDAF7CBF8CC5253E8A9F7CBF30
:10EAE0005152273E318F7CBFFCDE283EB07E7CBF7A
:10EAF0008D6B2A3E086E7CBF04F82B3E3A5D7CBFCE
:10EB000061842D3E444C7CBFA2102F3E283B7CBF2D
:10EB1000C99C303EE5297CBFD428323E7A187CBFA0
:10EB2000C4B4333EE9067CBF9840353E31F57BBF27
:10EB300050CC363E53E37BBFEC57383E4DD17BBFC4
:10EB40006CE3393E20BF7BBFCF6E3B3ECDAC7BBF7D
:10EB500015FA3C3E539A7BBF3E853E3EB2877BBF53
:10EB60004910403EEA747BBF379B413EFC617BBF4E
:10EB70000726433EE74E7BBFB9B0443EAB3B7BBF6D
:10EB80004D3B463E48287BBFC2C5473EBE147BBFB7
:10EB90001850493E0E017BBF4FDA4A3E37ED7ABF2F
:10EBA00067644C3E3AD97ABF60EE4D3E16C57ABFD7
:10EBB00038784F3ECBB07ABFF101513E599C7ABFB5
:10EBC000898B523EC1877ABF0115543E02737ABFCA
:10EBD000589E553E1C5E7ABF8F27573E10497ABF1C
:10EBE000A4B0583EDD337ABF97395A3E841E7ABFAF
:10EBF0006AC25B3E04097ABF1A4B5D3E5EF379BF81
:10EC0000A8D35E3E91DD79BF135C603E9DC779BF9E
:10EC10005CE4613E83B179BF836C633E439B79BF03
:10EC200086F4643EDC8479BF667C663E4E6E79BFB6
:10EC30002204683E9A5779BFBA8B693EC04079BFBB
:10EC40002F136B3EBF2979BF7F9A6C3E981279BF14
:10EC5000AB216E3E4AFB78BFB2A86F3ED6E378BFC9
:10EC6000942F713E3BCC78BF51B6723E7BB478BFD7
:10EC7000E83C743E939C78BF5AC3753E868478BF47
:10EC8000A649773E526C78BFCCCF783EF85378BF18
:10EC9000CB557A3E773B78BFA4DB7B3ED12278BF51
:10ECA00056617D3E040A78BFE1E67E3E10F177BFF3
:10ECB0002236803EF7D777BFC0F8803EB7BE77BF19
:10ECC0004ABB813E51A577BFC07D823EC58B77BFD1
:10ECD0002240833E137277BF7002843E3A5877BF5A
:10ECE000AAC4843E3C3E77BFCE86853E172477BFBC
:10ECF000DF48863ECC0977BFDA0A873E5BEF76BFF6
:10ED0000C1CC873EC4D476BF938E883E07BA76BF07
:10ED10005050893E249F76BFF8118A3E1B8476BFEF
:10ED20008AD38A3EEC6876BF07958B3E974D76BFB7
:10ED30006E568C3E1B3276BFC0178D3E7A1676BF5C
:10ED4000FCD88D3EB3FA75BF229A8E3EC6DE75BFE3
:10ED5000325B8F3EB3C275BF2C1C903E7BA675BF45
:10ED600010DD903E1C8A75BFDD9D913E976D75BF8D
:10ED7000945E923EED5075BF351F933E1D3475BFB6
:10ED8000BFDF933E271775BF31A0943E0BFA74BFC7
:10ED90008D60953EC9DC74BFD220963E62BF74BFC1
:10EDA00000E1963ED5A174BF17A1973E228474BF9F
:10EDB0001661983E496674BFFE20993E4B4874BF69
:10EDC000CEE0993E272A74BF86A09A3EDD0B74BF21
:10EDD00027609B3E6EED73BFAF1F9C3ED9CE73BFC5
:10EDE00020DF9C3E1FB073BF789E9D3E3F9173BF56
:10EDF000B85D9E3E397273BFDF1C9F3E0E5373BFDA
:10EE0000EEDB9F3EBE3373BFE59AA03E471473BF4F
:10EE1000C259A13EACF472BF8718A23EEBD472BFB8
:10EE200033D7A23E04B572BFC595A33EF89472BF16
:10EE30003F54A43EC77472BF9F12A53E705472BF68
:10EE4000E5D0A53EF43372BF128FA63E521372BFB7
:10EE5000254DA73E8CF271BF1F0BA83E9FD171BFFD
:10EE6000FEC8A83E8EB071BFC486A93E578F71BF41
:10EE70006F44AA3EFB6D71BF0102AB3E7A4C71BF7D
:10EE800077BFAB3ED42A71BFD47CAC3E080971BFBA
:10EE9000153AAD3E17E770BF3CF7AD3E02C570BFF7
:10EEA00049B4AE3EC6A270BF3A71AF3E668070BF35
:10EEB000102EB03EE15D70BFCBEAB03E373B70BF75
:10EEC0006BA7B13E671870BFEF63B23E73F56FBFBB
:10EED0005820B33E5AD26FBFA5DCB33E1BAF6FBF05
:10EEE000D698B43EB88B6FBFEC54B53E30686FBF58
:10EEF000E610B63E83446FBFC3CCB63EB0206FBFB2
:10EF00008488B73EBAFC6EBF2A44B83E9ED86EBF16
:10EF1000B2FFB83E5DB46EBF1EBBB93EF88F6EBF88
:10EF20006E76BA3E6D6B6EBFA031BB3EBE466EBF05
:10EF3000B6ECBB3EEB216EBFAFA7BC3EF2FC6DBF93
:10EF40008B62BD3ED5D76DBF4A1DBE3E93B26DBF2D
:10EF5000EBD7BE3E2D8D6DBF6F92BF3EA1676DBFDB
:10EF6000D54CC03EF2416DBF1E07C13E1D1C6DBF9A
:10EF700048C1C13E24F66CBF557BC23E07D06CBF72
:10EF80004435C33EC5A96CBF15EFC33E5E836CBF5D
:10EF9000C8A8C43ED45C6CBF5C62C53E24366CBF5E
:10EFA000D21BC63E500F6CBF29D5C63E58E86BBF7A
:10EFB000628EC73E3BC16BBF7C47C83EFB996BBFAF
:10EFC0007700C93E95726BBF53B9C93E0C4B6BBFFE
:10EFD0001072CA3E5E236BBFAE2ACB3E8CFB6ABF6B
:10EFE0002CE3CB3E95D36ABF8B9BCC3E7BAB6ABFF9
:10EFF000CA53CD3E3C836ABFEA0BCE3ED95A6ABFA4
:10F00000EAC3CE3E52326ABFCA7BCF3EA7096ABF6F
:10F010008A33D03ED7E069BF2AEBD03EE4B769BF60
:10F02000AAA2D13ECC8E69BF095AD23E916569BF72
:10F030004811D33E323C69BF67C8D33EAE1269BFA8
:10F04000647FD43E07E968BF4136D53E3CBF68BF08
:10F05000FDECD53E4C9568BF99A3D63E396B68BF91
:10F06000135AD73E034168BF6B10D83EA81668BF3D
:10F07000A3C6D83E2AEC67BFB97CD93E87C167BF1B
:10F08000AD32DA3EC19667BF80E8DA3ED86B67BF23
:10F09000319EDB3ECA4067BFC153DC3E991567BF56
:10F0A0002E09DD3E45EA66BF79BEDD3ECCBE66BFB9
:10F0B000A273DE3E309366BFA928DF3E716766BF4C
:10F0C0008DDDDF3E8E3B66BF4F92E03E880F66BF10
:10F0D000EE46E13E5EE365BF6AFBE13E10B765BF09
:10F0E000C4AFE23EA08A65BFFA63E33E0B5E65BF34
:10F0F0000E18E43E543165BFFECBE43E790465BF93
:10F10000CB7FE53E7BD764BF7533E63E59AA64BF2B
:10F11000FBE6E63E147D64BF5D9AE73EAC4F64BFFC
:10F120009C4DE83E212264BFB700E93E73F463BF03
:10F13000AEB3E93EA1C663BF8166EA3EAC9863BF49
:10F140003019EB3E956A63BFBBCBEB3E5A3C63BFC5
:10F15000217EEC3EFC0D63BF6330ED3E7BDF62BF82
:10F1600080E2ED3ED7B062BF7994EE3E108262BF7E
:10F170004C46EF3E265362BFFBF7EF3E1A2462BFB8
:10F1800085A9F03EEAF461BFEA5AF13E98C561BF35
:10F19000290CF23E229661BF43BDF23E8A6661BFF2
:10F1A000386EF33ED03661BF071FF43EF20661BFF2
:10F1B000B1CFF43EF2D660BF3580F53ECFA660BF3A
:10F1C0009330F63E897660BFCBE0F63E214660BFC5
:10F1D000DC90F73E961560BFC840F83EE9E45FBF9B
:10F1E0008EF0F83E19B45FBF2DA0F93E27835FBFB4
:10F1F000A54FFA3E12525FBFF7FEFA3EDB205FBF1B
:10F2000022AEFB3E81EF5EBF275DFC3E05BE5EBFCA
:10F21000040CFD3E678C5EBFBBBAFD3EA65A5EBFC6
:10F220004A69FE3EC3285EBFB217FF3EBEF65DBF11
:10F23000F3C5FF3E97C45DBF063A003F4D925DBFE8
:10F24000FF90003FE15F5DBFE4E7003F532D5DBFEE
:10F25000B53E013FA3FA5CBF7395013FD1C75CBFC8
:10F260001CEC013FDD945CBFB142023FC7615CBF53
:10F270003299023F8E2E5CBF9FEF023F34FB5BBF93
:10F28000F845033FB8C75BBF3D9C033F1A945BBF83
:10F290006DF2033F5A605BBF8948043F792C5BBF26
:10F2A000919E043F75F85ABF84F4043F50C45ABF7E
:10F2B000624A053F09905ABF2CA0053FA05B5ABF88
:10F2C000E2F5053F16275ABF824B063F6AF259BF47
:10F2D0000EA1063F9CBD59BF86F6063FAD8859BFBB
:10F2E000E84B073F9C5359BF36A1073F6A1E59BFE1
:10F2F0006FF6073F17E958BF924B083FA1B358BFBD
:10F30000A1A0083F0B7E58BF9BF5083F534858BF4C
:10F310007F4A093F791258BF4E9F093F7FDC57BF94
:10F3200009F4093F63A657BFAD480A3F267057BF8F
:10F330003D9D0A3FC73957BFB7F10A3F480357BF42
:10F340001C460B3FA7CC56BF6B9A0B3FE59556BFAB
:10F35000A5EE0B3F025F56BFC9420C3FFE2756BFCA
:10F36000D7960C3FD9F055BFD0EA0C3F93B955BFA3
:10F37000B33E0D3F2C8255BF81920D3FA44A55BF2D
:10F3800038E60D3FFB1255BFDA390E3F31DB54BF73
:10F39000658D0E3F47A354BFDBE00E3F3B6B54BF70
:10F3A0003B340F3F0F3354BF84870F3FC3FA53BF23
:10F3B000B8DA0F3F55C253BFD52D103FC78953BF91
:10F3C000DC80103F185153BFCDD3103F491853BFB5
:10F3D000A726113F59DF52BF6B79113F49A652BF93
:10F3E00019CC113F186D52BFB01E123FC63352BF29
:10F3F0003071123F54FA51BF9AC3123FC2C051BF7D
:10F40000EE15133F108751BF2A68133F3D4D51BF82
:10F4100050BA133F4A1351BF5F0C143F37D950BF46
:10F42000585E143F039F50BF39B0143FAF6450BFC4
:10F430000402153F3B2A50BFB753153FA8EF4FBFFB
:10F4400054A5153FF4B44FBFD9F6153F1F7A4FBFEF
:10F450004748163F2B3F4FBF9F99163F17044FBF9A
:10F46000DFEA163FE4C84EBF073C173F908D4EBF02
:10F47000188D173F1C524EBF12DE173F89164EBF24
:10F48000F52E183FD5DA4DBFC07F183F029F4DBF04
:10F4900073D0183F10634DBF0F21193FFD264DBF9C
:10F4A0009471193FCBEA4CBF00C2193F79AE4CBFF3
:10F4B00055121A3F08724CBF93621A3F78354CBF01
:10F4C000B8B21A3FC7F84BBFC6021B3FF8BB4BBFD1
:10F4D000BB521B3F097F4BBF99A21B3FFA414BBF59
:10F4E0005FF21B3FCC044BBF0C421C3F7FC74ABF9F
:10F4F000A2911C3F138A4ABF1FE11C3F874C4ABFA1
:10F5000084301D3FDC0E4ABFD17F1D3F12D149BF61
:10F5100006CF1D3F299349BF221E1E3F215549BFDB
:10F52000266D1E3FFA1649BF12BC1E3FB3D848BF16
:10F53000E50A1F3F4E9A48BF9F591F3FCA5B48BF0D
:10F5400041A81F3F271D48BFCBF61F3F65DE47BFC1
:10F550003B45203F849F47BF9393203F856047BF33
:10F56000D2E1203F672147BFF92F213F2AE246BF62
:10F57000067E213FCEA246BFFBCB213F546346BF50
:10F58000D719223FBB2346BF9967223F03E445BFFB
:10F5900043B5223F2DA445BFD302233F396445BF65
:10F5A0004B50233F262445BFA99D233FF5E344BF8D
:10F5B000EEEA233FA5A344BF1A38243F376344BF74
:10F5C0002C85243FAB2244BF25D2243F00E243BF19
:10F5D000041F253F38A143BFCB6B253F516043BF7C
:10F5E00077B8253F4C1F43BF0A05263F29DE42BF9F
:10F5F0008451263FE89C42BFE39D263F895B42BF82
:10F600002AEA263F0B1A42BF5636273F70D841BF21
:10F610006882273FB79641BF61CE273FE15441BF83
:10F62000401A283FEC1241BF0566283FDAD040BFA0
:10F63000B0B1283FA98E40BF41FD283F5C4C40BF80
:10F64000B848293FF00940BF1594293F67C73FBF1D
:10F6500057DF293FC0843FBF802A2A3FFC413FBF7C
:10F660008E752A3F1BFF3EBF82C02A3F1BBC3EBF98
:10F670005B0B2B3FFF783EBF1B562B3FC5353EBF74
:10F68000BFA02B3F6EF23DBF4AEB2B3FF9AE3DBF13
:10F69000B9352C3F676B3DBF0F802C3FB8273DBF6E
:10F6A00049CA2C3FECE33CBF69142D3F03A03CBF8B
:10F6B0006F5E2D3FFC5B3CBF59A82D3FD9173CBF67
:10F6C00029F22D3F98D33BBFDE3B2E3F3B8F3BBF04
:10F6D00078852E3FC14A3BBFF7CE2E3F29063BBF60
:10F6E0005B182F3F75C13ABFA5612F3FA47C3ABF7D
:10F6F000D3AA2F3FB7373ABFE6F32F3FACF239BF5B
:10F70000DE3C303F85AD39BFBB85303F426839BFF5
:10F710007CCE303FE12239BF2217313F65DD38BF53
:10F72000AD5F313FCB9738BF1DA8313F165238BF70
:10F7300071F0313F430C38BFAA38323F55C637BF4E
:10F74000C780323F4A8037BFC9C8323F233A37BFEC
:10F75000AF10333FDFF336BF7A58333F7FAD36BF4C
:10F7600029A0333F046736BFBCE7333F6C2036BF68
:10F77000342F343FB8D935BF8F76343FE79235BF49
:10F78000CFBD343FFB4B35BFF304353FF30435BFEA
:10F79000FB4B353FCFBD34BFE792353F8F7634BF4B
:10F7A000B8D9353F342F34BF6C20363FBCE733BF68
:10F7B0000467363F29A033BF7FAD363F7A5833BF49
:10F7C000DFF3363FAF1033BF233A373FC9C832BFEC
:10F7D0004A80373FC78032BF55C6373FAA3832BF4D
:10F7E000430C383F71F031BF1652383F1DA831BF6E
:10F7F000CB97383FAD5F31BF65DD383F221731BF52
:10F80000E122393F7CCE30BF4268393FBB8530BFF3
:10F8100085AD393FDE3C30BFACF2393FE6F32FBF58
:10F82000B7373A3FD3AA2FBFA47C3A3FA5612FBF79
:10F8300075C13A3F5B182FBF29063B3FF7CE2EBF5D
:10F84000C14A3B3F78852EBF3B8F3B3FDE3B2EBFFF
:10F8500098D33B3F29F22DBFD9173C3F59A82DBF64
:10F86000FC5B3C3F6F5E2DBF03A03C3F69142DBF86
:10F87000ECE33C3F49CA2CBFB8273D3F0F802CBF6B
:10F88000676B3D3FB9352CBFF9AE3D3F4AEB2BBF0F
:10F890006EF23D3FBFA02BBFC5353E3F1B562BBF71
:10F8A000FF783E3F5B0B2BBF1BBC3E3F82C02ABF95
:10F8B0001BFF3E3F8E752ABFFC413F3F802A2ABF77
:10F8C000C0843F3F57DF29BF67C73F3F159429BF1B
:10F8D000F009403FB84829BF5C4C403F41FD28BF7C
:10F8E000A98E403FB0B128BFDAD0403F056628BF9F
:10F8F000EC12413F401A28BFE154413F61CE27BF7F
:10F90000B796413F688227BF70D8413F563627BF20
:10F910000B1A423F2AEA26BF895B423FE39D26BF7E
:10F92000E89C423F845126BF29DE423F0A0526BF9C
:10F930004C1F433F77B825BF5160433FCB6B25BF7A
:10F9400038A1433F041F25BF00E2433F25D224BF17
:10F95000AB22443F2C8524BF3763443F1A3824BF71
:10F96000A5A3443FEEEA23BFF5E3443FA99D23BF8F
:10F970002624453F4B5023BF3964453FD30223BF64
:10F980002DA4453F43B522BF03E4453F996722BFFD
:10F99000BB23463FD71922BF5463463FFBCB21BF51
:10F9A000CEA2463F067E21BF2AE2463FF92F21BF65
:10F9B0006721473FD2E120BF8560473F939320BF37
:10F9C000849F473F3B4520BF65DE473FCBF61FBFC7
:10F9D000271D483F41A81FBFCA5B483F9F591FBF13
:10F9E0004E9A483FE50A1FBFB3D8483F12BC1EBF1E
:10F9F000FA16493F266D1EBF2155493F221E1EBFE4
:10FA00002993493F06CF1DBF12D1493FD17F1DBF6A
:10FA1000DC0E4A3F84301DBF874C4A3F1FE11CBFAC
:10FA2000138A4A3FA2911CBF7FC74A3F0C421CBFAA
:10FA3000CC044B3F5FF21BBFFA414B3F99A21BBF67
:10FA4000097F4B3FBB521BBFF8BB4B3FC6021BBFDE
:10FA5000C7F84B3FB8B21ABF78354C3F93621ABF14
:10FA600008724C3F55121ABF79AE4C3F00C219BF05
:10FA7000CBEA4C3F947119BFFD264D3F0F2119BFB2
:10FA800010634D3F73D018BF029F4D3FC07F18BF1A
:10FA9000D5DA4D3FF52E18BF89164E3F12DE17BF3F
:10FAA0001C524E3F188D17BF908D4E3F073C17BF1D
:10FAB000E4C84E3FDFEA16BF17044F3F9F9916BFB9
:10FAC0002B3F4F3F474816BF1F7A4F3FD9F615BF10
:10FAD000F4B44F3F54A515BFA8EF4F3FB75315BF20
:10FAE0003B2A503F040215BFAF64503F39B014BFEA
:10FAF000039F503F585E14BF37D9503F5F0C14BF6F
:10FB00004A13513F50BA13BF3D4D513F2A6813BFAE
:10FB10001087513FEE1513BFC2C0513F9AC312BFA9
:10FB200054FA513F307112BFC633523FB01E12BF5C
:10FB3000186D523F19CC11BF49A6523F6B7911BFC6
:10FB400059DF523FA72611BF4918533FCDD310BFED
:10FB50001851533FDC8010BFC789533FD52D10BFCC
:10FB600055C2533FB8DA0FBFC3FA533F84870FBF64
:10FB70000F33543F3B340FBF3B6B543FDBE00EBFB2
:10FB800047A3543F658D0EBF31DB543FDA390EBFBA
:10FB9000FB12553F38E60DBFA44A553F81920DBF79
:10FBA0002C82553FB33E0DBF93B9553FD0EA0CBFF1
:10FBB000D9F0553FD7960CBFFE27563FC9420CBF20
:10FBC000025F563FA5EE0BBFE595563F6B9A0BBF04
:10FBD000A7CC563F1C460BBF4803573FB7F10ABF9F
:10FBE000C739573F3D9D0ABF2670573FAD480ABFF2
:10FBF00063A6573F09F409BF7FDC573F4E9F09BFFB
:10FC00007912583F7F4A09BF5348583F9BF508BFB8
:10FC10000B7E583FA1A008BFA1B3583F924B08BF2D
:10FC200017E9583F6FF607BF6A1E593F36A107BF55
:10FC30009C53593FE84B07BFAD88593F86F606BF36
:10FC40009CBD593F0EA106BF6AF2593F824B06BFC9
:10FC500016275A3FE2F505BFA05B5A3F2CA005BF0F
:10FC600009905A3F624A05BF50C45A3F84F404BF0A
:10FC700075F85A3F919E04BF792C5B3F894804BFB9
:10FC80005A605B3F6DF203BF1A945B3F3D9C03BF1C
:10FC9000B8C75B3FF84503BF34FB5B3F9FEF02BF34
:10FCA0008E2E5C3F329902BFC7615C3FB14202BFFA
:10FCB000DD945C3F1CEC01BFD1C75C3F739501BF75
:10FCC000A3FA5C3FB53E01BF532D5D3FE4E700BFA3
:10FCD000E15F5D3FFF9000BF4D925D3F063A00BF80
:10FCE00097C45D3FF3C5FFBEBEF65D3FB217FFBED2
:10FCF000C3285E3F4A69FEBEA65A5E3FBBBAFDBE40
:10FD0000678C5E3F040CFDBE05BE5E3F275DFCBEFA
:10FD100081EF5E3F22AEFBBEDB205F3FF7FEFABE07
:10FD200012525F3FA54FFABE27835F3F2DA0F9BE59
:10FD300019B45F3F8EF0F8BEE9E45F3FC840F8BEFB
:10FD40009615603FDC90F7BE2146603FCBE0F6BEE3
:10FD50008976603F9330F6BECFA6603F3580F5BE12
:10FD6000F2D6603FB1CFF4BEF206613F071FF4BE8A
:10FD7000D036613F386EF3BE8A66613F43BDF2BE46
:10FD80002296613F290CF2BE98C5613FEA5AF1BE46
:10FD9000EAF4613F85A9F0BE1A24623FFBF7EFBE8B
:10FDA0002653623F4C46EFBE1082623F7994EEBE0E
:10FDB000D7B0623F80E2EDBE7BDF623F6330EDBED5
:10FDC000FC0D633F217EECBE5A3C633FBBCBEBBED8
:10FDD000956A633F3019EBBEAC98633F8166EABE1B
:10FDE000A1C6633FAEB3E9BE73F4633FB700E9BE9B
:10FDF0002122643F9C4DE8BEAC4F643F5D9AE7BE54
:10FE0000147D643FFBE6E6BE59AA643F7533E6BE47
:10FE10007BD7643FCB7FE5BE7904653FFECBE4BE74
:10FE20005431653F0E18E4BE0B5E653FFA63E3BED6
:10FE3000A08A653FC4AFE2BE10B7653F6AFBE1BE72
:10FE40005EE3653FEE46E1BE880F663F4F92E0BE3F
:10FE50008E3B663F8DDDDFBE7167663FA928DFBE42
:10FE60003093663FA273DEBECCBE663F79BEDDBE78
:10FE700045EA663F2E09DDBE9915673FC153DCBEDA
:10FE8000CA40673F319EDBBED86B673F80E8DABE71
:10FE9000C196673FAD32DABE87C1673FB97CD9BE34
:10FEA0002AEC673FA3C6D8BEA816683F6B10D8BE21
:10FEB0000341683F135AD7BE396B683F99A3D6BE3A
:10FEC0004C95683FFDECD5BE3CBF683F4136D5BE82
:10FED00007E9683F647FD4BEAE12693F67C8D3BEEE
:10FEE000323C693F4811D3BE9165693F095AD2BE81
:10FEF000CC8E693FAAA2D1BEE4B7693F2AEBD0BE3F
:10FF0000D7E0693F8A33D0BEA7096A3FCA7BCFBE1C
:10FF100052326A3FEAC3CEBED95A6A3FEA0BCEBE1E
:10FF20003C836A3FCA53CDBE7BAB6A3F8B9BCCBE42
:10FF300095D36A3F2CE3CBBE8CFB6A3FAE2ACBBE87
:10FF40005E236B3F1072CABE0C4B6B3F53B9C9BEE8
:10FF500095726B3F7700C9BEFB996B3F7C47C8BE6B
:10FF60003BC16B3F628EC7BE58E86B3F29D5C6BE0A
:10FF7000500F6C3FD21BC6BE24366C3F5C62C5BEC0
:10FF8000D45C6C3FC8A8C4BE5E836C3F15EFC3BE93
:10FF9000C5A96C3F4435C3BE07D06C3F557BC2BE7C
:10FFA00024F66C3F48C1C1BE1D1C6D3F1E07C1BE7B
:10FFB000F2416D3FD54CC0BEA1676D3F6F92BFBE91
:10FFC0002D8D6D3FEBD7BEBE93B26D3F4A1DBEBEB9
:10FFD000D5D76D3F8B62BDBEF2FC6D3FAFA7BCBEF7
:10FFE000EB216E3FB6ECBBBEBE466E3FA031BBBE42
:10FFF0006D6B6E3F6E76BABEF88F6E3F1EBBB9BE9C
:020000040803EF
:100000005DB46E3FB2FFB8BE9ED86E3F2A44B8BE04
:10001000BAFC6E3F8488B7BEB0206F3FC3CCB6BE7B
:1000200083446F3FE610B6BE30686F3FEC54B5BEF8
:10003000B88B6F3FD698B4BE1BAF6F3FA5DCB3BE85
:100040005AD26F3F5820B3BE73F56F3FEF63B2BE15
:100050006718703F6BA7B1BE373B703FCBEAB0BEAD
:10006000E15D703F102EB0BE6680703F3A71AFBE4A
:10007000C6A2703F49B4AEBE02C5703F3CF7ADBEEC
:1000800017E7703F153AADBE0809713FD47CACBE8E
:10009000D42A713F77BFABBE7A4C713F0102ABBE31
:1000A000FB6D713F6F44AABE578F713FC486A9BED6
:1000B0008EB0713FFEC8A8BE9FD1713F1F0BA8BE76
:1000C0008CF2713F254DA7BE5213723F128FA6BE10
:1000D000F433723FE5D0A5BE7054723F9F12A5BEA7
:1000E000C774723F3F54A4BEF894723FC595A3BE37
:1000F00004B5723F33D7A2BEEBD4723F8718A2BEBD
:10010000ACF4723FC259A1BE4714733FE59AA0BE3A
:10011000BE33733FEEDB9FBE0E53733FDF1C9FBEAB
:100120003972733FB85D9EBE3F91733F789E9DBE0E
:100130001FB0733F20DF9CBED9CE733FAF1F9CBE64
:100140006EED733F27609BBEDD0B743F86A09ABEA9
:10015000272A743FCEE099BE4B48743FFE2099BEDB
:100160004966743F166198BE2284743F17A197BEFA
:10017000D5A1743F00E196BE62BF743FD22096BE07
:10018000C9DC743F8D6095BE0BFA743F31A094BEFC
:100190002717753FBFDF93BE1D34753F351F93BED4
:1001A000ED50753F945E92BE976D753FDD9D91BE9B
:1001B0001C8A753F10DD90BE7BA6753F2C1C90BE3F
:1001C000B3C2753F325B8FBEC6DE753F229A8EBECC
:1001D000B3FA753FFCD88DBE7A16763FC0178DBE38
:1001E0001B32763F6E568CBE974D763F07958BBE81
:1001F000EC68763F8AD38ABE1B84763FF8118ABEAC
:10020000249F763F505089BE07BA763F938E88BEB2
:10021000C4D4763FC1CC87BE5BEF763FDA0A87BE97
:10022000CC09773FDF4886BE1724773FCE8685BE50
:100230003C3E773FAAC484BE3A58773F700284BEE2
:100240001372773F224083BEC58B773FC07D82BE4D
:1002500051A5773F4ABB81BEB7BE773FC0F880BE8D
:10026000F7D7773F223680BE10F1773FE1E67EBEBA
:10027000040A783F56617DBED122783FA4DB7BBE65
:10028000773B783FCB557ABEF853783FCCCF78BEDA
:10029000526C783FA64977BE8684783F5AC375BEB4
:1002A000939C783FE83C74BE7BB4783F51B672BEF5
:1002B0003BCC783F942F71BED6E3783FB2A86FBE97
:1002C0004AFB783FAB216EBE9812793F7F9A6CBE95
:1002D000BF29793F2F136BBEC040793FBA8B69BEEF
:1002E0009A57793F220468BE4E6E793F667C66BE9F
:1002F000DC84793F86F464BE439B793F836C63BEA4
:1003000083B1793F5CE461BE9DC7793F135C60BEF9
:1003100091DD793FA8D35EBE5EF3793F1A4B5DBE97
:1003200004097A3F6AC25BBE841E7A3F97395ABE7F
:10033000DD337A3FA4B058BE10497A3F8F2757BEAD
:100340001C5E7A3F589E55BE02737A3F011554BE1B
:10035000C1877A3F898B52BE599C7A3FF10151BEC9
:10036000CBB07A3F38784FBE16C57A3F60EE4DBEAF
:100370003AD97A3F67644CBE37ED7A3F4FDA4ABECE
:100380000E017B3F185049BEBE147B3FC2C547BE1D
:1003900048287B3F4D3B46BEAB3B7B3FB9B044BE9C
:1003A000E74E7B3F072643BEFC617B3F379B41BE48
:1003B000EA747B3F491040BEB2877B3F3E853EBE1C
:1003C000539A7B3F15FA3CBECDAC7B3FCF6E3BBE14
:1003D00020BF7B3F6CE339BE4DD17B3FEC5738BE2D
:1003E00053E37B3F50CC36BE31F57B3F984035BE62
:1003F000E9067C3FC4B433BE7A187C3FD42832BEB1
:10040000E5297C3FC99C30BE283B7C3FA2102FBE13
:10041000444C7C3F61842DBE3A5D7C3F04F82BBE8A
:10042000086E7C3F8D6B2ABEB07E7C3FFCDE28BE12
:10043000318F7C3F515227BE8A9F7C3F8CC525BEA1
:10044000BDAF7C3FAD3824BEC9BF7C3FB6AB22BE3A
:10045000AECF7C3FA51E21BE6CDF7C3F7B911FBED3
:1004600003EF7C3F38041EBE73FE7C3FDE761CBE6D
:10047000BC0D7D3F6BE91ABEDD1C7D3FE05B19BE04
:10048000D82B7D3F3DCE17BEAC3A7D3F834016BE94
:1004900059497D3FB2B214BEDE577D3FCA2413BE18
:1004A0003D667D3FCC9611BE74747D3FB70810BE8B
:1004B00085827D3F8B7A0EBE6E907D3F4AEC0CBEEE
:1004C000309E7D3FF35D0BBECCAB7D3F86CF09BE3A
:1004D00040B97D3F054108BE8CC67D3F6EB206BE69
:1004E000B2D37D3FC22305BEB1E07D3F029503BE7E
:1004F00088ED7D3F2E0602BE38FA7D3F457700BE6F
:10050000C2067E3F92D0FDBD24137E3F73B2FABD7A
:100510005E1F7E3F2C94F7BD722B7E3FC075F4BDED
:100520005E377E3F2E57F1BD23437E3F7638EEBDCA
:10053000C14E7E3F9A19EBBD385A7E3F9AFAE7BD0D
:1005400088657E3F76DBE4BDB0707E3F2EBCE1BDAA
:10055000B17B7E3FC49CDEBD8B867E3F377DDBBD9D
:100560003D917E3F895DD8BDC99B7E3FB93DD5BDDC
:100570002DA67E3FC81DD2BD69B07E3FB7FDCEBD62
:100580007FBA7E3F86DDCBBD6DC47E3F36BDC8BD24
:1005900034CE7E3FC69CC5BDD4D77E3F397CC2BD1C
:1005A0004CE17E3F8D5BBFBD9DEA7E3FC33ABCBD43
:1005B000C7F37E3FDD19B9BDC9FC7E3FDAF8B5BD92
:1005C000A4057F3FBBD7B2BD580E7F3F80B6AFBDFD
:1005D000E4167F3F2B95ACBD491F7F3FBA73A9BD81
:1005E00087277F3F3052A6BD9D2F7F3F8C30A3BD14
:1005F0008D377F3FCF0EA0BD543F7F3FF9EC9CBDB0
:10060000F4467F3F0ACB99BD6D4E7F3F05A996BD4D
:10061000BF557F3FE78693BDE95C7F3FB46490BDE3
:10062000EC637F3F6A428DBDC76A7F3F0A208ABD67
:100630007B717F3F94FD86BD08787F3F0ADB83BDD9
:100640006D7E7F3F6CB880BDAB847F3F742B7BBDDC
:10065000C28A7F3FE9E574BDB1907F3F38A06EBD8F
:1006600078967F3F625A68BD189C7F3F681462BDD0
:1006700091A17F3F4CCE5BBDE3A67F3F0E8855BD69
:100680000DAC7F3FAF414FBD0FB17F3F2FFB48BD4A
:10069000EAB57F3F91B442BD9EBA7F3FD56D3CBD68
:1006A0002ABF7F3FFC2636BD8FC37F3F07E02FBDAB
:1006B000CCC77F3FF69829BDE2CB7F3FCC5123BD0D
:1006C000D1CF7F3F880A1DBD98D37F3F2CC316BD75
:1006D00037D77F3FB87B10BDAFDA7F3F2F340ABDDD
:1006E00000DE7F3F90EC03BD29E17F3FB949FBBCB1
:1006F0002BE47F3F2DBAEEBC05E77F3F7B2AE2BCAF
:10070000B8E97F3FA69AD5BC43EC7F3FB00AC9BC8D
:10071000A7EE7F3F9B7ABCBCE3F07F3F69EAAFBCAA
:10072000F8F27F3F1C5AA3BCE6F47F3FB6C996BCE3
:10073000ACF67F3F38398ABC4AF87F3F4B517BBCCF
:10074000C1F97F3F003062BC11FB7F3F900E49BC76
:1007500039FC7F3F02ED2FBC39FD7F3F59CB16BCE2
:1007600013FE7F3F3053FBBBC4FE7F3F890FC9BBE5
:100770004EFF7F3FC1CB96BBB1FF7F3FC70F49BB49
:10078000ECFF7F3FD40FC9BA0000803F000000009B
:1007900011FB7F3F900E493C43EC7F3FB00AC93CC0
:1007A00098D37F3F2CC3163D0FB17F3F2FFB483DB1
:1007B000AB847F3F742B7B3D6D4E7F3F05A9963DFB
:1007C000580E7F3F80B6AF3D6DC47E3F36BDC83DFD
:1007D000B0707E3F2EBCE13D24137E3F73B2FA3DE4
:1007E000CCAB7D3F86CF093EAC3A7D3F8340163E81
:1007F000C9BF7C3FB6AB223E283B7C3FA2102F3EB8
:10080000CDAC7B3FCF6E3B3EBE147B3FC2C5473E67
:1008100002737A3F0115543E9DC7793F135C603ED9
:100820009812793F7F9A6C3EF853783FCCCF783E50
:10083000C58B773FC07D823E07BA763F938E883E58
:10084000C6DE753F229A8E3E0BFA743F31A0943E6D
:10085000DD0B743F86A09A3E4714733FE59AA03E95
:100860005213723F128FA63E0809713FD47CAC3EF2
:1008700073F56F3FEF63B23E9ED86E3F2A44B83E99
:1008800093B26D3F4A1DBE3E5E836C3F15EFC33E83
:100890000C4B6B3F53B9C93EA7096A3FCA7BCF3E99
:1008A0003CBF683F4136D53ED86B673F80E8DA3EB3
:1008B000880F663F4F92E03E59AA643F7533E63E8B
:1008C0005A3C633FBBCBEB3E98C5613FEA5AF13ED1
:1008D0002146603FCBE0F63E05BE5E3F275DFC3E15
:1008E000532D5D3FE4E7003F1A945B3F3D9C033F7F
:1008F0006AF2593F824B063F5348583F9BF5083FE9
:10090000E595563F6B9A0B3F31DB543FDA390E3F8A
:100910004918533FCDD3103F3D4D513F2A68133FF7
:100920001F7A4F3FD9F6153F029F4D3FC07F183FBA
:10093000F8BB4B3FC6021B3F12D1493FD17F1D3F41
:1009400065DE473FCBF61F3F03E4453F9967223FF3
:1009500000E2433F25D2243F70D8413F5636273F1F
:1009600067C73F3F1594293FF9AE3D3F4AEB2B3F08
:100970003B8F3B3FDE3B2E3F4268393FBB85303FDC
:10098000233A373FC9C8323FF304353FF304353FBC
:10099000C9C8323F233A373FBB85303F4268393FB1
:1009A000DE3B2E3F3B8F3B3F4AEB2B3FF9AE3D3FBB
:1009B0001594293F67C73F3F5636273F70D8413FC0
:1009C00025D2243F00E2433F9967223F03E4453F9D
:1009D000CBF61F3F65DE473FD17F1D3F12D1493F18
:1009E000C6021B3FF8BB4B3FC07F183F029F4D3FE5
:1009F000D9F6153F1F7A4F3F2A68133F3D4D513FAF
:100A0000CDD3103F4918533FDA390E3F31DB543F05
:100A10006B9A0B3FE595563F9BF5083F5348583F6F
:100A2000824B063F6AF2593F3D9C033F1A945B3F5D
:100A3000E4E7003F532D5D3F275DFC3E05BE5E3F72
:100A4000CBE0F63E2146603FEA5AF13E98C5613F51
:100A5000BBCBEB3E5A3C633F7533E63E59AA643F3D
:100A60004F92E03E880F663F80E8DA3ED86B673FE2
:100A70004136D53E3CBF683FCA7BCF3EA7096A3F9F
:100A800053B9C93E0C4B6B3F15EFC33E5E836C3FC1
:100A90004A1DBE3E93B26D3F2A44B83E9ED86E3F7B
:100AA000EF63B23E73F56F3FD47CAC3E0809713FF3
:100AB000128FA63E5213723FE59AA03E4714733F31
:100AC00086A09A3EDD0B743F31A0943E0BFA743F32
:100AD000229A8E3EC6DE753F938E883E07BA763FD9
:100AE000C07D823EC58B773FCCCF783EF853783FB0
:100AF0007F9A6C3E9812793F135C603E9DC7793FA8
:100B00000115543E02737A3FC2C5473EBE147B3F77
:100B1000CF6E3B3ECDAC7B3FA2102F3E283B7C3FAF
:100B2000B6AB223EC9BF7C3F8340163EAC3A7D3F08
:100B300086CF093ECCAB7D3F73B2FA3D24137E3F96
:100B40002EBCE13DB0707E3F36BDC83D6DC47E3FDA
:100B500080B6AF3D580E7F3F05A9963D6D4E7F3F55
:100B6000742B7B3DAB847F3F2FFB483D0FB17F3F14
:100B70002CC3163D98D37F3FB00AC93C43EC7F3F5E
:100B8000900E493C11FB7F3F000000000000803FB9
:100B9000900E49BC11FB7F3FB00AC9BC43EC7F3FBC
:100BA0002CC316BD98D37F3F2FFB48BD0FB17F3FAD
:100BB000742B7BBDAB847F3F05A996BD6D4E7F3FF7
:100BC00080B6AFBD580E7F3F36BDC8BD6DC47E3FF9
:100BD0002EBCE1BDB0707E3F73B2FABD24137E3FE0
:100BE00086CF09BECCAB7D3F834016BEAC3A7D3F7D
:100BF000B6AB22BEC9BF7C3FA2102FBE283B7C3FB4
:100C0000CF6E3BBECDAC7B3FC2C547BEBE147B3F63
:100C1000011554BE02737A3F135C60BE9DC7793FD5
:100C20007F9A6CBE9812793FCCCF78BEF853783F4C
:100C3000C07D82BEC58B773F938E88BE07BA763F54
:100C4000229A8EBEC6DE753F31A094BE0BFA743F69
:100C500086A09ABEDD0B743FE59AA0BE4714733F91
:100C6000128FA6BE5213723FD47CACBE0809713FEE
:100C7000EF63B2BE73F56F3F2A44B8BE9ED86E3F95
:100C80004A1DBEBE93B26D3F15EFC3BE5E836C3F7F
:100C900053B9C9BE0C4B6B3FCA7BCFBEA7096A3F95
:100CA0004136D5BE3CBF683F80E8DABED86B673FAF
:100CB0004F92E0BE880F663F7533E6BE59AA643F87
:100CC000BBCBEBBE5A3C633FEA5AF1BE98C5613FCD
:100CD000CBE0F6BE2146603F275DFCBE05BE5E3F11
:100CE000E4E700BF532D5D3F3D9C03BF1A945B3F7B
:100CF000824B06BF6AF2593F9BF508BF5348583FE5
:100D00006B9A0BBFE595563FDA390EBF31DB543F86
:100D1000CDD310BF4918533F2A6813BF3D4D513FF3
:100D2000D9F615BF1F7A4F3FC07F18BF029F4D3FB6
:100D3000C6021BBFF8BB4B3FD17F1DBF12D1493F3D
:100D4000CBF61FBF65DE473F996722BF03E4453FEF
:100D500025D224BF00E2433F563627BF70D8413F1B
:100D6000159429BF67C73F3F4AEB2BBFF9AE3D3F04
:100D7000DE3B2EBF3B8F3B3FBB8530BF4268393FD8
:100D8000C9C832BF233A373FF30435BFF304353FB8
:100D9000233A37BFC9C8323F426839BFBB85303FAD
:100DA0003B8F3BBFDE3B2E3FF9AE3DBF4AEB2B3FB7
:100DB00067C73FBF1594293F70D841BF5636273FBC
:100DC00000E243BF25D2243F03E445BF9967223F99
:100DD00065DE47BFCBF61F3F12D149BFD17F1D3F14
:100DE000F8BB4BBFC6021B3F029F4DBFC07F183FE1
:100DF0001F7A4FBFD9F6153F3D4D51BF2A68133FAB
:100E0000491853BFCDD3103F31DB54BFDA390E3F01
:100E1000E59556BF6B9A0B3F534858BF9BF5083F6B
:100E20006AF259BF824B063F1A945BBF3D9C033F59
:100E3000532D5DBFE4E7003F05BE5EBF275DFC3E6E
:100E4000214660BFCBE0F63E98C561BFEA5AF13E4D
:100E50005A3C63BFBBCBEB3E59AA64BF7533E63E39
:100E6000880F66BF4F92E03ED86B67BF80E8DA3EDE
:100E70003CBF68BF4136D53EA7096ABFCA7BCF3E9B
:100E80000C4B6BBF53B9C93E5E836CBF15EFC33EBD
:100E900093B26DBF4A1DBE3E9ED86EBF2A44B83E77
:100EA00073F56FBFEF63B23E080971BFD47CAC3EEF
:100EB000521372BF128FA63E471473BFE59AA03E2D
:100EC000DD0B74BF86A09A3E0BFA74BF31A0943E2E
:100ED000C6DE75BF229A8E3E07BA76BF938E883ED5
:100EE000C58B77BFC07D823EF85378BFCCCF783EAC
:100EF000981279BF7F9A6C3E9DC779BF135C603EA4
:100F000002737ABF0115543EBE147BBFC2C5473E73
:100F1000CDAC7BBFCF6E3B3E283B7CBFA2102F3EAB
:100F2000C9BF7CBFB6AB223EAC3A7DBF8340163E04
:100F3000CCAB7DBF86CF093E24137EBF73B2FA3D92
:100F4000B0707EBF2EBCE13D6DC47EBF36BDC83DD6
:100F5000580E7FBF80B6AF3D6D4E7FBF05A9963D51
:100F6000AB847FBF742B7B3D0FB17FBF2FFB483D10
:100F700098D37FBF2CC3163D43EC7FBFB00AC93C5A
:100F800011FB7FBF900E493C000080BF00000000B5
:100F900011FB7FBF900E49BC43EC7FBFB00AC9BCB8
:100FA00098D37FBF2CC316BD0FB17FBF2FFB48BDA9
:100FB000AB847FBF742B7BBD6D4E7FBF05A996BDF3
:100FC000580E7FBF80B6AFBD6DC47EBF36BDC8BDF5
:100FD000B0707EBF2EBCE1BD24137EBF73B2FABDDC
:100FE000CCAB7DBF86CF09BEAC3A7DBF834016BE79
:100FF000C9BF7CBFB6AB22BE283B7CBFA2102FBEB0
:10100000CDAC7BBFCF6E3BBEBE147BBFC2C547BE5F
:1010100002737ABF011554BE9DC779BF135C60BED1
:10102000981279BF7F9A6CBEF85378BFCCCF78BE48
:10103000C58B77BFC07D82BE07BA76BF938E88BE50
:10104000C6DE75BF229A8EBE0BFA74BF31A094BE65
:10105000DD0B74BF86A09ABE471473BFE59AA0BE8D
:10106000521372BF128FA6BE080971BFD47CACBEEA
:1010700073F56FBFEF63B2BE9ED86EBF2A44B8BE91
:1010800093B26DBF4A1DBEBE5E836CBF15EFC3BE7B
:101090000C4B6BBF53B9C9BEA7096ABFCA7BCFBE91
:1010A0003CBF68BF4136D5BED86B67BF80E8DABEAB
:1010B000880F66BF4F92E0BE59AA64BF7533E6BE83
:1010C0005A3C63BFBBCBEBBE98C561BFEA5AF1BEC9
:1010D000214660BFCBE0F6BE05BE5EBF275DFCBE0D
:1010E000532D5DBFE4E700BF1A945BBF3D9C03BF77
:1010F0006AF259BF824B06BF534858BF9BF508BFE1
:10110000E59556BF6B9A0BBF31DB54BFDA390EBF82
:10111000491853BFCDD310BF3D4D51BF2A6813BFEF
:101120001F7A4FBFD9F615BF029F4DBFC07F18BFB2
:10113000F8BB4BBFC6021BBF12D149BFD17F1DBF39
:1011400065DE47BFCBF61FBF03E445BF996722BFEB
:1011500000E243BF25D224BF70D841BF563627BF17
:1011600067C73FBF159429BFF9AE3DBF4AEB2BBF00
:101170003B8F3BBFDE3B2EBF426839BFBB8530BFD4
:10118000233A37BFC9C832BFF30435BFF30435BFB4
:10119000C9C832BF233A37BFBB8530BF426839BFA9
:1011A000DE3B2EBF3B8F3BBF4AEB2BBFF9AE3DBFB3
:1011B000159429BF67C73FBF563627BF70D841BFB8
:1011C00025D224BF00E243BF996722BF03E445BF95
:1011D000CBF61FBF65DE47BFD17F1DBF12D149BF10
:1011E000C6021BBFF8BB4BBFC07F18BF029F4DBFDD
:1011F000D9F615BF1F7A4FBF2A6813BF3D4D51BFA7
:10120000CDD310BF491853BFDA390EBF31DB54BFFD
:101210006B9A0BBFE59556BF9BF508BF534858BF67
:10122000824B06BF6AF259BF3D9C03BF1A945BBF55
:10123000E4E700BF532D5DBF275DFCBE05BE5EBF6A
:10124000CBE0F6BE214660BFEA5AF1BE98C561BF49
:10125000BBCBEBBE5A3C63BF7533E6BE59AA64BF35
:101260004F92E0BE880F66BF80E8DABED86B67BFDA
:101270004136D5BE3CBF68BFCA7BCFBEA7096ABF97
:1012800053B9C9BE0C4B6BBF15EFC3BE5E836CBFB9
:101290004A1DBEBE93B26DBF2A44B8BE9ED86EBF73
:1012A000EF63B2BE73F56FBFD47CACBE080971BFEB
:1012B000128FA6BE521372BFE59AA0BE471473BF29
:1012C00086A09ABEDD0B74BF31A094BE0BFA74BF2A
:1012D000229A8EBEC6DE75BF938E88BE07BA76BFD1
:1012E000C07D82BEC58B77BFCCCF78BEF85378BFA8
:1012F0007F9A6CBE981279BF135C60BE9DC779BFA0
:10130000011554BE02737ABFC2C547BEBE147BBF6F
:10131000CF6E3BBECDAC7BBFA2102FBE283B7CBFA7
:10132000B6AB22BEC9BF7CBF834016BEAC3A7DBF00
:1013300086CF09BECCAB7DBF73B2FABD24137EBF8E
:101340002EBCE1BDB0707EBF36BDC8BD6DC47EBFD2
:1013500080B6AFBD580E7FBF05A996BD6D4E7FBF4D
:10136000742B7BBDAB847FBF2FFB48BD0FB17FBF0C
:101370002CC316BD98D37FBFB00AC9BC43EC7FBF56
:10138000900E49BC11FB7FBF00000080000080BFB1
:10139000900E493C11FB7FBFB00AC93C43EC7FBFB4
:1013A0002CC3163D98D37FBF2FFB483D0FB17FBFA5
:1013B000742B7B3DAB847FBF05A9963D6D4E7FBFEF
:1013C00080B6AF3D580E7FBF36BDC83D6DC47EBFF1
:1013D0002EBCE13DB0707EBF73B2FA3D24137EBFD8
:1013E00086CF093ECCAB7DBF8340163EAC3A7DBF75
:1013F000B6AB223EC9BF7CBFA2102F3E283B7CBFAC
:10140000CF6E3B3ECDAC7BBFC2C5473EBE147BBF5B
:101410000115543E02737ABF135C603E9DC779BFCD
:101420007F9A6C3E981279BFCCCF783EF85378BF44
:10143000C07D823EC58B77BF938E883E07BA76BF4C
:10144000229A8E3EC6DE75BF31A0943E0BFA74BF61
:1014500086A09A3EDD0B74BFE59AA03E471473BF89
:10146000128FA63E521372BFD47CAC3E080971BFE6
:10147000EF63B23E73F56FBF2A44B83E9ED86EBF8D
:101480004A1DBE3E93B26DBF15EFC33E5E836CBF77
:1014900053B9C93E0C4B6BBFCA7BCF3EA7096ABF8D
:1014A0004136D53E3CBF68BF80E8DA3ED86B67BFA7
:1014B0004F92E03E880F66BF7533E63E59AA64BF7F
:1014C000BBCBEB3E5A3C63BFEA5AF13E98C561BFC5
:1014D000CBE0F63E214660BF275DFC3E05BE5EBF09
:1014E000E4E7003F532D5DBF3D9C033F1A945BBF73
:1014F000824B063F6AF259BF9BF5083F534858BFDD
:101500006B9A0B3FE59556BFDA390E3F31DB54BF7E
:10151000CDD3103F491853BF2A68133F3D4D51BFEB
:10152000D9F6153F1F7A4FBFC07F183F029F4DBFAE
:10153000C6021B3FF8BB4BBFD17F1D3F12D149BF35
:10154000CBF61F3F65DE47BF9967223F03E445BFE7
:1015500025D2243F00E243BF5636273F70D841BF13
:101560001594293F67C73FBF4AEB2B3FF9AE3DBFFC
:10157000DE3B2E3F3B8F3BBFBB85303F426839BFD0
:10158000C9C8323F233A37BFF304353FF30435BFB0
:10159000233A373FC9C832BF4268393FBB8530BFA5
:1015A0003B8F3B3FDE3B2EBFF9AE3D3F4AEB2BBFAF
:1015B00067C73F3F159429BF70D8413F563627BFB4
:1015C00000E2433F25D224BF03E4453F996722BF91
:1015D00065DE473FCBF61FBF12D1493FD17F1DBF0C
:1015E000F8BB4B3FC6021BBF029F4D3FC07F18BFD9
:1015F0001F7A4F3FD9F615BF3D4D513F2A6813BFA3
:101600004918533FCDD310BF31DB543FDA390EBFF9
:10161000E595563F6B9A0BBF5348583F9BF508BF63
:101620006AF2593F824B06BF1A945B3F3D9C03BF51
:10163000532D5D3FE4E700BF05BE5E3F275DFCBE66
:101640002146603FCBE0F6BE98C5613FEA5AF1BE45
:101650005A3C633FBBCBEBBE59AA643F7533E6BE31
:10166000880F663F4F92E0BED86B673F80E8DABED6
:101670003CBF683F4136D5BEA7096A3FCA7BCFBE93
:101680000C4B6B3F53B9C9BE5E836C3F15EFC3BEB5
:1016900093B26D3F4A1DBEBE9ED86E3F2A44B8BE6F
:1016A00073F56F3FEF63B2BE0809713FD47CACBEE7
:1016B0005213723F128FA6BE4714733FE59AA0BE25
:1016C000DD0B743F86A09ABE0BFA743F31A094BE26
:1016D000C6DE753F229A8EBE07BA763F938E88BECD
:1016E000C58B773FC07D82BEF853783FCCCF78BEA4
:1016F0009812793F7F9A6CBE9DC7793F135C60BE9C
:1017000002737A3F011554BEBE147B3FC2C547BE6B
:10171000CDAC7B3FCF6E3BBE283B7C3FA2102FBEA3
:10172000C9BF7C3FB6AB22BEAC3A7D3F834016BEFC
:10173000CCAB7D3F86CF09BE24137E3F73B2FABD8A
:10174000B0707E3F2EBCE1BD6DC47E3F36BDC8BDCE
:10175000580E7F3F80B6AFBD6D4E7F3F05A996BD49
:10176000AB847F3F742B7BBD0FB17F3F2FFB48BD08
:1017700098D37F3F2CC316BD43EC7F3FB00AC9BC52
:1017800011FB7F3F900E49BC0000803F000000002D
:101790006DC47E3F36BDC83DBE147B3FC2C5473ECB
:1017A0000BFA743F31A0943E5E836C3F15EFC33E4D
:1017B00098C5613FEA5AF13E31DB543FDA390E3FBA
:1017C00003E4453F9967223FF304353FF304353F77
:1017D0009967223F03E4453FDA390E3F31DB543F3E
:1017E000EA5AF13E98C5613F15EFC33E5E836C3FF8
:1017F00031A0943E0BFA743FC2C5473EBE147B3FF6
:1018000036BDC83D6DC47E3F000000000000803F33
:1018100036BDC8BD6DC47E3FC2C547BEBE147B3F4A
:1018200031A094BE0BFA743F15EFC3BE5E836C3FCC
:10183000EA5AF1BE98C5613FDA390EBF31DB543F39
:10184000996722BF03E4453FF30435BFF304353FF6
:1018500003E445BF9967223F31DB54BFDA390E3FBD
:1018600098C561BFEA5AF13E5E836CBF15EFC33E77
:101870000BFA74BF31A0943EBE147BBFC2C5473E75
:101880006DC47EBF36BDC83D000080BF00000000B3
:101890006DC47EBF36BDC8BDBE147BBFC2C547BECA
:1018A0000BFA74BF31A094BE5E836CBF15EFC3BE4C
:1018B00098C561BFEA5AF1BE31DB54BFDA390EBFB9
:1018C00003E445BF996722BFF30435BFF30435BF76
:1018D000996722BF03E445BFDA390EBF31DB54BF3D
:1018E000EA5AF1BE98C561BF15EFC3BE5E836CBFF7
:1018F00031A094BE0BFA74BFC2C547BEBE147BBFF5
:1019000036BDC8BD6DC47EBF00000080000080BF32
:1019100036BDC83D6DC47EBFC2C5473EBE147BBF49
:1019200031A0943E0BFA74BF15EFC33E5E836CBFCB
:10193000EA5AF13E98C561BFDA390E3F31DB54BF38
:101940009967223F03E445BFF304353FF30435BFF5
:1019500003E4453F996722BF31DB543FDA390EBFBC
:1019600098C5613FEA5AF1BE5E836C3F15EFC3BE76
:101970000BFA743F31A094BEBE147B3FC2C547BE74
:101980006DC47E3F36BDC8BD000000000000803F32
:10199000890FC93BC4FE7F3F900E493C11FB7F3F3E
:1019A000B6C9963CE6F47F3FB00AC93C43EC7F3FA2
:1019B000B949FB3C29E17F3F2CC3163D98D37F3FBB
:1019C00007E02F3D8FC37F3F2FFB483D0FB17F3F87
:1019D0006814623D189C7F3F742B7B3DAB847F3F36
:1019E0000A208A3DC76A7F3F05A9963D6D4E7F3F1D
:1019F0008C30A33D9D2F7F3F80B6AF3D580E7F3F7B
:101A0000C33ABC3D9DEA7E3F36BDC83D6DC47E3FB6
:101A1000B93DD53DC99B7E3F2EBCE13DB0707E3FB8
:101A20007638EE3D23437E3F73B2FA3D24137E3F6A
:101A30000295033EB1E07D3F86CF093ECCAB7D3FB2
:101A4000B708103E74747D3F8340163EAC3A7D3F2C
:101A5000DE761C3E73FE7C3FB6AB223EC9BF7C3FA8
:101A6000FCDE283EB07E7C3FA2102F3E283B7C3F10
:101A70009840353E31F57B3FCF6E3B3ECDAC7B3F52
:101A8000379B413EFC617B3FC2C5473EBE147B3F56
:101A900060EE4D3E16C57A3F0115543E02737A3F03
:101AA00097395A3E841E7A3F135C603E9DC7793F4A
:101AB000667C663E4E6E793F7F9A6C3E9812793F07
:101AC00051B6723E7BB4783FCCCF783EF853783F26
:101AD000E1E67E3E10F1773FC07D823EC58B773FC9
:101AE000CE86853E1724773F938E883E07BA763F91
:101AF00007958B3E974D763F229A8E3EC6DE753F08
:101B0000DD9D913E976D753F31A0943E0BFA743F79
:101B100017A1973E2284743F86A09A3EDD0B743F46
:101B2000789E9D3E3F91733FE59AA03E4714733FD8
:101B3000C595A33EF894723F128FA63E5213723F92
:101B4000C486A93E578F713FD47CAC3E0809713FD3
:101B50003A71AF3E6680703FEF63B23E73F56F3F00
:101B6000EC54B53E30686F3F2A44B83E9ED86E3F75
:101B7000A031BB3EBE466E3F4A1DBE3E93B26D3F96
:101B80001E07C13E1D1C6D3F15EFC33E5E836C3FBB
:101B900029D5C63E58E86B3F53B9C93E0C4B6B3F45
:101BA0008B9BCC3E7BAB6A3FCA7BCF3EA7096A3F8B
:101BB000095AD23E9165693F4136D53E3CBF683FE8
:101BC0006B10D83EA816683F80E8DA3ED86B673FB6
:101BD00079BEDD3ECCBE663F4F92E03E880F663F49
:101BE000FA63E33E0B5E653F7533E63E59AA643FF8
:101BF000B700E93E73F4633FBBCBEB3E5A3C633F17
:101C00007994EE3E1082623FEA5AF13E98C5613FF8
:101C1000071FF43EF206613FCBE0F63E2146603FEF
:101C20002DA0F93E27835F3F275DFC3E05BE5E3F4A
:101C3000B217FF3EBEF65D3FE4E7003F532D5D3F28
:101C4000B142023FC7615C3F3D9C033F1A945B3F3A
:101C500084F4043F50C45A3F824B063F6AF2593F16
:101C600036A1073F6A1E593F9BF5083F5348583F2E
:101C7000AD480A3F2670573F6B9A0B3FE595563F9C
:101C8000D0EA0C3F93B9553FDA390E3F31DB543F70
:101C900084870F3FC3FA533FCDD3103F4918533FBA
:101CA000B01E123FC633523F2A68133F3D4D513F8D
:101CB00039B0143FAF64503FD9F6153F1F7A4F3FFC
:101CC000073C173F908D4E3FC07F183F029F4D3F0E
:101CD00000C2193F79AE4C3FC6021B3FF8BB4B3FD9
:101CE0000C421C3F7FC74A3FD17F1D3F12D1493F65
:101CF00012BC1E3FB3D8483FCBF61F3F65DE473FBF
:101D0000F92F213F2AE2463F9967223F03E4453FEE
:101D1000A99D233FF5E3443F25D2243F00E2433F02
:101D20000A05263F29DE423F5636273F70D8413FFD
:101D30000566283FDAD0403F1594293F67C73F3FEB
:101D400082C02A3F1BBC3E3F4AEB2B3FF9AE3D3FD2
:101D500069142D3F03A03C3FDE3B2E3F3B8F3B3FB2
:101D6000A5612F3FA47C3A3FBB85303F4268393F95
:101D70001DA8313F1652383FC9C8323F233A373F7A
:101D8000BCE7333F6C20363FF304353FF304353F67
:101D90006C20363FBCE7333F233A373FC9C8323F58
:101DA0001652383F1DA8313F4268393FBB85303F4E
:101DB000A47C3A3FA5612F3F3B8F3B3FDE3B2E3F4C
:101DC00003A03C3F69142D3FF9AE3D3F4AEB2B3F4A
:101DD0001BBC3E3F82C02A3F67C73F3F1594293F47
:101DE000DAD0403F0566283F70D8413F5636273F3E
:101DF00029DE423F0A05263F00E2433F25D2243F29
:101E0000F5E3443FA99D233F03E4453F9967223F03
:101E10002AE2463FF92F213F65DE473FCBF61F3FC1
:101E2000B3D8483F12BC1E3F12D1493FD17F1D3F5E
:101E30007FC74A3F0C421C3FF8BB4B3FC6021B3FCB
:101E400079AE4C3F00C2193F029F4D3FC07F183F03
:101E5000908D4E3F073C173F1F7A4F3FD9F6153FF5
:101E6000AF64503F39B0143F3D4D513F2A68133F96
:101E7000C633523FB01E123F4918533FCDD3103FD7
:101E8000C3FA533F84870F3F31DB543FDA390E3FAB
:101E900093B9553FD0EA0C3FE595563F6B9A0B3FFF
:101EA0002670573FAD480A3F5348583F9BF5083FBF
:101EB0006A1E593F36A1073F6AF2593F824B063FDF
:101EC00050C45A3F84F4043F1A945B3F3D9C033F47
:101ED000C7615C3FB142023F532D5D3FE4E7003FE5
:101EE000BEF65D3FB217FF3E05BE5E3F275DFC3E7E
:101EF00027835F3F2DA0F93E2146603FCBE0F63EB1
:101F0000F206613F071FF43E98C5613FEA5AF13E71
:101F10001082623F7994EE3E5A3C633FBBCBEB3E6E
:101F200073F4633FB700E93E59AA643F7533E63E58
:101F30000B5E653FFA63E33E880F663F4F92E03EDB
:101F4000CCBE663F79BEDD3ED86B673F80E8DA3EA7
:101F5000A816683F6B10D83E3CBF683F4136D53E5F
:101F60009165693F095AD23EA7096A3FCA7BCF3EB5
:101F70007BAB6A3F8B9BCC3E0C4B6B3F53B9C93E4E
:101F800058E86B3F29D5C63E5E836C3F15EFC33ED4
:101F90001D1C6D3F1E07C13E93B26D3F4A1DBE3EE4
:101FA000BE466E3FA031BB3E9ED86E3F2A44B83E2F
:101FB00030686F3FEC54B53E73F56F3FEF63B23E50
:101FC0006680703F3A71AF3E0809713FD47CAC3EE9
:101FD000578F713FC486A93E5213723F128FA63E9F
:101FE000F894723FC595A33E4714733FE59AA03E0F
:101FF0003F91733F789E9D3EDD0B743F86A09A3ED5
:102000002284743F17A1973E0BFA743F31A0943E8F
:10201000976D753FDD9D913EC6DE753F229A8E3EDF
:10202000974D763F07958B3E07BA763F938E883E55
:102030001724773FCE86853EC58B773FC07D823E95
:1020400010F1773FE1E67E3EF853783FCCCF783E03
:102050007BB4783F51B6723E9812793F7F9A6C3EBE
:102060004E6E793F667C663E9DC7793F135C603E4D
:10207000841E7A3F97395A3E02737A3F0115543EC7
:1020800016C57A3F60EE4D3EBE147B3FC2C5473E4B
:10209000FC617B3F379B413ECDAC7B3FCF6E3B3EEF
:1020A00031F57B3F9840353E283B7C3FA2102F3EC8
:1020B000B07E7C3FFCDE283EC9BF7C3FB6AB223EF3
:1020C00073FE7C3FDE761C3EAC3A7D3F8340163E7D
:1020D00074747D3FB708103ECCAB7D3F86CF093E80
:1020E000B1E07D3F0295033E24137E3F73B2FA3D7B
:1020F00023437E3F7638EE3DB0707E3F2EBCE13DFF
:10210000C99B7E3FB93DD53D6DC47E3F36BDC83DC0
:102110009DEA7E3FC33ABC3D580E7F3F80B6AF3D3F
:102120009D2F7F3F8C30A33D6D4E7F3F05A9963D8F
:10213000C76A7F3F0A208A3DAB847F3F742B7B3D7B
:10214000189C7F3F6814623D0FB17F3F2FFB483DD5
:102150008FC37F3F07E02F3D98D37F3F2CC3163DB1
:1021600029E17F3FB949FB3C43EC7F3FB00AC93CC2
:10217000E6F47F3FB6C9963C11FB7F3F900E493C89
:10218000C4FE7F3F890FC93B0000803F0000000074
:10219000C4FE7F3F890FC9BB11FB7F3F900E49BC36
:1021A000E6F47F3FB6C996BC43EC7F3FB00AC9BC9A
:1021B00029E17F3FB949FBBC98D37F3F2CC316BDB3
:1021C0008FC37F3F07E02FBD0FB17F3F2FFB48BD7F
:1021D000189C7F3F681462BDAB847F3F742B7BBD2E
:1021E000C76A7F3F0A208ABD6D4E7F3F05A996BD15
:1021F0009D2F7F3F8C30A3BD580E7F3F80B6AFBD73
:102200009DEA7E3FC33ABCBD6DC47E3F36BDC8BDAE
:10221000C99B7E3FB93DD5BDB0707E3F2EBCE1BDB0
:1022200023437E3F7638EEBD24137E3F73B2FABD62
:10223000B1E07D3F029503BECCAB7D3F86CF09BEAA
:1022400074747D3FB70810BEAC3A7D3F834016BE24
:1022500073FE7C3FDE761CBEC9BF7C3FB6AB22BEA0
:10226000B07E7C3FFCDE28BE283B7C3FA2102FBE08
:1022700031F57B3F984035BECDAC7B3FCF6E3BBE4A
:10228000FC617B3F379B41BEBE147B3FC2C547BE4E
:1022900016C57A3F60EE4DBE02737A3F011554BEFB
:1022A000841E7A3F97395ABE9DC7793F135C60BE42
:1022B0004E6E793F667C66BE9812793F7F9A6CBEFF
:1022C0007BB4783F51B672BEF853783FCCCF78BE1E
:1022D00010F1773FE1E67EBEC58B773FC07D82BEC1
:1022E0001724773FCE8685BE07BA763F938E88BE89
:1022F000974D763F07958BBEC6DE753F229A8EBE00
:10230000976D753FDD9D91BE0BFA743F31A094BE71
:102310002284743F17A197BEDD0B743F86A09ABE3E
:102320003F91733F789E9DBE4714733FE59AA0BED0
:10233000F894723FC595A3BE5213723F128FA6BE8A
:10234000578F713FC486A9BE0809713FD47CACBECB
:102350006680703F3A71AFBE73F56F3FEF63B2BEF8
:1023600030686F3FEC54B5BE9ED86E3F2A44B8BE6D
:10237000BE466E3FA031BBBE93B26D3F4A1DBEBE8E
:102380001D1C6D3F1E07C1BE5E836C3F15EFC3BEB3
:1023900058E86B3F29D5C6BE0C4B6B3F53B9C9BE3D
:1023A0007BAB6A3F8B9BCCBEA7096A3FCA7BCFBE83
:1023B0009165693F095AD2BE3CBF683F4136D5BEE0
:1023C000A816683F6B10D8BED86B673F80E8DABEAE
:1023D000CCBE663F79BEDDBE880F663F4F92E0BE41
:1023E0000B5E653FFA63E3BE59AA643F7533E6BEF0
:1023F00073F4633FB700E9BE5A3C633FBBCBEBBE0F
:102400001082623F7994EEBE98C5613FEA5AF1BEF0
:10241000F206613F071FF4BE2146603FCBE0F6BEE7
:1024200027835F3F2DA0F9BE05BE5E3F275DFCBE42
:10243000BEF65D3FB217FFBE532D5D3FE4E700BF20
:10244000C7615C3FB14202BF1A945B3F3D9C03BF32
:1024500050C45A3F84F404BF6AF2593F824B06BF0E
:102460006A1E593F36A107BF5348583F9BF508BF26
:102470002670573FAD480ABFE595563F6B9A0BBF94
:1024800093B9553FD0EA0CBF31DB543FDA390EBF68
:10249000C3FA533F84870FBF4918533FCDD310BFB2
:1024A000C633523FB01E12BF3D4D513F2A6813BF85
:1024B000AF64503F39B014BF1F7A4F3FD9F615BFF4
:1024C000908D4E3F073C17BF029F4D3FC07F18BF06
:1024D00079AE4C3F00C219BFF8BB4B3FC6021BBFD1
:1024E0007FC74A3F0C421CBF12D1493FD17F1DBF5D
:1024F000B3D8483F12BC1EBF65DE473FCBF61FBFB7
:102500002AE2463FF92F21BF03E4453F996722BFE6
:10251000F5E3443FA99D23BF00E2433F25D224BFFA
:1025200029DE423F0A0526BF70D8413F563627BFF5
:10253000DAD0403F056628BF67C73F3F159429BFE3
:102540001BBC3E3F82C02ABFF9AE3D3F4AEB2BBFCA
:1025500003A03C3F69142DBF3B8F3B3FDE3B2EBFAA
:10256000A47C3A3FA5612FBF4268393FBB8530BF8D
:102570001652383F1DA831BF233A373FC9C832BF72
:102580006C20363FBCE733BFF304353FF30435BF5F
:10259000BCE7333F6C2036BFC9C8323F233A37BF50
:1025A0001DA8313F165238BFBB85303F426839BF46
:1025B000A5612F3FA47C3ABFDE3B2E3F3B8F3BBF44
:1025C00069142D3F03A03CBF4AEB2B3FF9AE3DBF42
:1025D00082C02A3F1BBC3EBF1594293F67C73FBF3F
:1025E0000566283FDAD040BF5636273F70D841BF36
:1025F0000A05263F29DE42BF25D2243F00E243BF21
:10260000A99D233FF5E344BF9967223F03E445BFFB
:10261000F92F213F2AE246BFCBF61F3F65DE47BFB9
:1026200012BC1E3FB3D848BFD17F1D3F12D149BF56
:102630000C421C3F7FC74ABFC6021B3FF8BB4BBFC3
:1026400000C2193F79AE4CBFC07F183F029F4DBFFB
:10265000073C173F908D4EBFD9F6153F1F7A4FBFED
:1026600039B0143FAF6450BF2A68133F3D4D51BF8E
:10267000B01E123FC63352BFCDD3103F491853BFCF
:1026800084870F3FC3FA53BFDA390E3F31DB54BFA3
:10269000D0EA0C3F93B955BF6B9A0B3FE59556BFF7
:1026A000AD480A3F267057BF9BF5083F534858BFB7
:1026B00036A1073F6A1E59BF824B063F6AF259BFD7
:1026C00084F4043F50C45ABF3D9C033F1A945BBF3F
:1026D000B142023FC7615CBFE4E7003F532D5DBFDD
:1026E000B217FF3EBEF65DBF275DFC3E05BE5EBF76
:1026F0002DA0F93E27835FBFCBE0F63E214660BFA9
:10270000071FF43EF20661BFEA5AF13E98C561BF69
:102710007994EE3E108262BFBBCBEB3E5A3C63BF66
:10272000B700E93E73F463BF7533E63E59AA64BF50
:10273000FA63E33E0B5E65BF4F92E03E880F66BFD3
:1027400079BEDD3ECCBE66BF80E8DA3ED86B67BF9F
:102750006B10D83EA81668BF4136D53E3CBF68BF57
:10276000095AD23E916569BFCA7BCF3EA7096ABFAD
:102770008B9BCC3E7BAB6ABF53B9C93E0C4B6BBF46
:1027800029D5C63E58E86BBF15EFC33E5E836CBFCC
:102790001E07C13E1D1C6DBF4A1DBE3E93B26DBFDC
:1027A000A031BB3EBE466EBF2A44B83E9ED86EBF27
:1027B000EC54B53E30686FBFEF63B23E73F56FBF48
:1027C0003A71AF3E668070BFD47CAC3E080971BFE1
:1027D000C486A93E578F71BF128FA63E521372BF97
:1027E000C595A33EF89472BFE59AA03E471473BF07
:1027F000789E9D3E3F9173BF86A09A3EDD0B74BFCD
:1028000017A1973E228474BF31A0943E0BFA74BF87
:10281000DD9D913E976D75BF229A8E3EC6DE75BFD7
:1028200007958B3E974D76BF938E883E07BA76BF4D
:10283000CE86853E172477BFC07D823EC58B77BF8D
:10284000E1E67E3E10F177BFCCCF783EF85378BFFB
:1028500051B6723E7BB478BF7F9A6C3E981279BFB6
:10286000667C663E4E6E79BF135C603E9DC779BF45
:1028700097395A3E841E7ABF0115543E02737ABFBF
:1028800060EE4D3E16C57ABFC2C5473EBE147BBF43
:10289000379B413EFC617BBFCF6E3B3ECDAC7BBFE7
:1028A0009840353E31F57BBFA2102F3E283B7CBFC0
:1028B000FCDE283EB07E7CBFB6AB223EC9BF7CBFEB
:1028C000DE761C3E73FE7CBF8340163EAC3A7DBF75
:1028D000B708103E74747DBF86CF093ECCAB7DBF78
:1028E0000295033EB1E07DBF73B2FA3D24137EBF73
:1028F0007638EE3D23437EBF2EBCE13DB0707EBFF7
:10290000B93DD53DC99B7EBF36BDC83D6DC47EBFB8
:10291000C33ABC3D9DEA7EBF80B6AF3D580E7FBF37
:102920008C30A33D9D2F7FBF05A9963D6D4E7FBF87
:102930000A208A3DC76A7FBF742B7B3DAB847FBF73
:102940006814623D189C7FBF2FFB483D0FB17FBFCD
:1029500007E02F3D8FC37FBF2CC3163D98D37FBFA9
:10296000B949FB3C29E17FBFB00AC93C43EC7FBFBA
:10297000B6C9963CE6F47FBF900E493C11FB7FBF81
:10298000890FC93BC4FE7FBF000000000000803FEC
:102990002FFB483D0FB17F3F36BDC83D6DC47E3F24
:1029A0008340163EAC3A7D3FC2C5473EBE147B3FD6
:1029B000CCCF783EF853783F31A0943E0BFA743F69
:1029C000D47CAC3E0809713F15EFC33E5E836C3F7B
:1029D00080E8DA3ED86B673FEA5AF13E98C5613F1E
:1029E0003D9C033F1A945B3FDA390E3F31DB543F85
:1029F000C07F183F029F4D3F9967223F03E4453F48
:102A00004AEB2B3FF9AE3D3FF304353FF304353F2E
:102A1000F9AE3D3F4AEB2B3F03E4453F9967223F28
:102A2000029F4D3FC07F183F31DB543FDA390E3FE4
:102A30001A945B3F3D9C033F98C5613FEA5AF13EC3
:102A4000D86B673F80E8DA3E5E836C3F15EFC33E8C
:102A50000809713FD47CAC3E0BFA743F31A0943E20
:102A6000F853783FCCCF783EBE147B3FC2C5473E7B
:102A7000AC3A7D3F8340163E6DC47E3F36BDC83DB7
:102A80000FB17F3F2FFB483D0000803F000000005A
:102A90000FB17F3F2FFB48BD6DC47E3F36BDC8BD23
:102AA000AC3A7D3F834016BEBE147B3FC2C547BED5
:102AB000F853783FCCCF78BE0BFA743F31A094BE68
:102AC0000809713FD47CACBE5E836C3F15EFC3BE7A
:102AD000D86B673F80E8DABE98C5613FEA5AF1BE1D
:102AE0001A945B3F3D9C03BF31DB543FDA390EBF84
:102AF000029F4D3FC07F18BF03E4453F996722BF47
:102B0000F9AE3D3F4AEB2BBFF304353FF30435BF2D
:102B10004AEB2B3FF9AE3DBF9967223F03E445BF27
:102B2000C07F183F029F4DBFDA390E3F31DB54BFE3
:102B30003D9C033F1A945BBFEA5AF13E98C561BFC2
:102B400080E8DA3ED86B67BF15EFC33E5E836CBF8B
:102B5000D47CAC3E080971BF31A0943E0BFA74BF1F
:102B6000CCCF783EF85378BFC2C5473EBE147BBF7A
:102B70008340163EAC3A7DBF36BDC83D6DC47EBFB6
:102B80002FFB483D0FB17FBF000000000000803FD9
:102B9000C70F493BB1FF7F3F890FC93BC4FE7F3F51
:102BA00059CB163C39FD7F3F900E493C11FB7F3FCE
:102BB0004B517B3C4AF87F3FB6C9963CE6F47F3FD9
:102BC00069EAAF3CE3F07F3FB00AC93C43EC7F3F8A
:102BD0007B2AE23C05E77F3FB949FB3C29E17F3F87
:102BE0002F340A3DAFDA7F3F2CC3163D98D37F3F89
:102BF000CC51233DE2CB7F3F07E02F3D8FC37F3F8A
:102C0000D56D3C3D9EBA7F3F2FFB483D0FB17F3FC6
:102C10000E88553DE3A67F3F6814623D189C7F3FB8
:102C200038A06E3DB1907F3F742B7B3DAB847F3FDE
:102C30000ADB833D08787F3F0A208A3DC76A7F3FD1
:102C4000B464903DE95C7F3F05A9963D6D4E7F3FA2
:102C5000F9EC9C3D543F7F3F8C30A33D9D2F7F3F3F
:102C6000BA73A93D491F7F3F80B6AF3D580E7F3FE5
:102C7000DAF8B53DC9FC7E3FC33ABC3D9DEA7E3FD4
:102C8000397CC23DD4D77E3F36BDC83D6DC47E3F42
:102C9000B7FDCE3D69B07E3FB93DD53DC99B7E3F76
:102CA000377DDB3D8B867E3F2EBCE13DB0707E3FA5
:102CB0009AFAE73D385A7E3F7638EE3D23437E3F11
:102CC000C075F43D722B7E3F73B2FA3D24137E3FF4
:102CD0004577003E38FA7D3F0295033EB1E07D3FE7
:102CE0006EB2063E8CC67D3F86CF093ECCAB7D3FA3
:102CF0004AEC0C3E6E907D3FB708103E74747D3FE9
:102D0000CA24133EDE577D3F8340163EAC3A7D3FDA
:102D1000E05B193EDD1C7D3FDE761C3E73FE7C3F92
:102D20007B911F3E6CDF7C3FB6AB223EC9BF7C3F30
:102D30008CC5253E8A9F7C3FFCDE283EB07E7C3FD2
:102D400004F82B3E3A5D7C3FA2102F3E283B7C3F8F
:102D5000D428323E7A187C3F9840353E31F57B3F8F
:102D6000EC57383E4DD17B3FCF6E3B3ECDAC7B3FE9
:102D70003E853E3EB2877B3F379B413EFC617B3FB9
:102D8000B9B0443EAB3B7B3FC2C5473EBE147B3F20
:102D90004FDA4A3E37ED7A3F60EE4D3E16C57A3F38
:102DA000F101513E599C7A3F0115543E02737A3F1E
:102DB0008F27573E10497A3F97395A3E841E7A3FF3
:102DC0001A4B5D3E5EF3793F135C603E9DC7793FD1
:102DD000836C633E439B793F667C663E4E6E793FD3
:102DE000BA8B693EC040793F7F9A6C3E9812793F1A
:102DF000B2A86F3ED6E3783F51B6723E7BB4783FBF
:102E00005AC3753E8684783FCCCF783EF853783FDE
:102E1000A4DB7B3ED122783FE1E67E3E10F1773F96
:102E2000C0F8803EB7BE773FC07D823EC58B773FFE
:102E30007002843E3A58773FCE86853E1724773F0E
:102E4000DA0A873E5BEF763F938E883E07BA763F7D
:102E5000F8118A3E1B84763F07958B3E974D763F4F
:102E6000C0178D3E7A16763F229A8E3EC6DE753F9B
:102E70002C1C903E7BA6753FDD9D913E976D753F66
:102E8000351F933E1D34753F31A0943E0BFA743FBD
:102E9000D220963E62BF743F17A1973E2284743FB2
:102EA000FE20993E4B48743F86A09A3EDD0B743F4E
:102EB000AF1F9C3ED9CE733F789E9D3E3F91733F9E
:102EC000DF1C9F3E0E53733FE59AA03E4714733FAD
:102ED0008718A23EEBD4723FC595A33EF894723F8B
:102EE0009F12A53E7054723F128FA63E5213723F3E
:102EF0001F0BA83E9FD1713FC486A93E578F713FDB
:102F00000102AB3E7A4C713FD47CAC3E0809713F64
:102F10003CF7AD3E02C5703F3A71AF3E6680703FF0
:102F2000CBEAB03E373B703FEF63B23E73F56F3F85
:102F3000A5DCB33E1BAF6F3FEC54B53E30686F3F2E
:102F4000C3CCB63EB0206F3F2A44B83E9ED86E3FF9
:102F50001EBBB93EF88F6E3FA031BB3EBE466E3FF2
:102F6000AFA7BC3EF2FC6D3F4A1DBE3E93B26D3F23
:102F70006F92BF3EA1676D3F1E07C13E1D1C6D3F96
:102F8000557BC23E07D06C3F15EFC33E5E836C3F5E
:102F90005C62C53E24366C3F29D5C63E58E86B3F7F
:102FA0007C47C83EFB996B3F53B9C93E0C4B6B3F06
:102FB000AE2ACB3E8CFB6A3F8B9BCC3E7BAB6A3F01
:102FC000EA0BCE3ED95A6A3FCA7BCF3EA7096A3F79
:102FD0002AEBD03EE4B7693F095AD23E9165693F7A
:102FE00067C8D33EAE12693F4136D53E3CBF683F0D
:102FF00099A3D63E396B683F6B10D83EA816683F40
:10300000B97CD93E87C1673F80E8DA3ED86B673F1D
:10301000C153DC3E9915673F79BEDD3ECCBE663FAD
:10302000A928DF3E7167663F4F92E03E880F663FFA
:103030006AFBE13E10B7653FFA63E33E0B5E653F16
:10304000FECBE43E7904653F7533E63E59AA643F02
:103050005D9AE73EAC4F643FB700E93E73F4633FCF
:103060008166EA3EAC98633FBBCBEB3E5A3C633F84
:103070006330ED3E7BDF623F7994EE3E1082623F2B
:10308000FBF7EF3E1A24623FEA5AF13E98C5613FD2
:1030900043BDF23E8A66613F071FF43EF206613F80
:1030A0003580F53ECFA6603FCBE0F63E2146603F3F
:1030B000C840F83EE9E45F3F2DA0F93E27835F3F1B
:1030C000F7FEFA3EDB205F3F275DFC3E05BE5E3F1C
:1030D000BBBAFD3EA65A5E3FB217FF3EBEF65D3F4D
:1030E000063A003F4D925D3FE4E7003F532D5D3FC0
:1030F0007395013FD1C75C3FB142023FC7615C3F5E
:103100009FEF023F34FB5B3F3D9C033F1A945B3FC4
:103110008948043F792C5B3F84F4043F50C45A3FF4
:103120002CA0053FA05B5A3F824B063F6AF2593FF5
:1031300086F6063FAD88593F36A1073F6A1E593FC4
:10314000924B083FA1B3583F9BF5083F5348583F67
:103150004E9F093F7FDC573FAD480A3F2670573FDF
:10316000B7F10A3F4803573F6B9A0B3FE595563F2F
:10317000C9420C3FFE27563FD0EA0C3F93B9553F5A
:1031800081920D3FA44A553FDA390E3F31DB543F5F
:10319000DBE00E3F3B6B543F84870F3FC3FA533F46
:1031A000D52D103FC789533FCDD3103F4918533F0A
:1031B0006B79113F49A6523FB01E123FC633523FB2
:1031C0009AC3123FC2C0513F2A68133F3D4D513F41
:1031D0005F0C143F37D9503F39B0143FAF64503FB4
:1031E000B753153FA8EF4F3FD9F6153F1F7A4F3F12
:1031F0009F99163F17044F3F073C173F908D4E3F56
:1032000012DE173F89164E3FC07F183F029F4D3F89
:103210000F21193FFD264D3F00C2193F79AE4C3FAB
:1032200093621A3F78354C3FC6021B3FF8BB4B3FB9
:1032300099A21B3FFA414B3F0C421C3F7FC74A3FBC
:103240001FE11C3F874C4A3FD17F1D3F12D1493FB0
:10325000221E1E3F2155493F12BC1E3FB3D8483F96
:103260009F591F3FCA5B483FCBF61F3F65DE473F74
:103270009393203F8560473FF92F213F2AE2463F45
:10328000FBCB213F5463463F9967223F03E4453F10
:10329000D302233F3964453FA99D233FF5E3443FD3
:1032A0001A38243F3763443F25D2243F00E2433F8E
:1032B000CB6B253F5160433F0A05263F29DE423F45
:1032C000E39D263F895B423F5636273F70D8413FFA
:1032D00061CE273FE154413F0566283FDAD0403FA9
:1032E00041FD283F5C4C403F1594293F67C73F3F55
:1032F000802A2A3FFC413F3F82C02A3F1BBC3E3F01
:103300001B562B3FC5353E3F4AEB2B3FF9AE3D3FA9
:103310000F802C3FB8273D3F69142D3F03A03C3F51
:1033200059A82D3FD9173C3FDE3B2E3F3B8F3B3FFB
:10333000F7CE2E3F29063B3FA5612F3FA47C3A3FA5
:10334000E6F32F3FACF2393FBB85303F4268393F4F
:103350002217313F65DD383F1DA8313F1652383FF7
:10336000AA38323F55C6373FC9C8323F233A373FA4
:103370007A58333F7FAD363FBCE7333F6C20363F52
:103380008F76343FE792353FF304353FF304353F02
:10339000E792353F8F76343F6C20363FBCE7333FB2
:1033A0007FAD363F7A58333F233A373FC9C8323F63
:1033B00055C6373FAA38323F1652383F1DA8313F15
:1033C00065DD383F2217313F4268393FBB85303FCA
:1033D000ACF2393FE6F32F3FA47C3A3FA5612F3F83
:1033E00029063B3FF7CE2E3F3B8F3B3FDE3B2E3F38
:1033F000D9173C3F59A82D3F03A03C3F69142D3FEE
:10340000B8273D3F0F802C3FF9AE3D3F4AEB2B3FA5
:10341000C5353E3F1B562B3F1BBC3E3F82C02A3F5B
:10342000FC413F3F802A2A3F67C73F3F1594293F11
:103430005C4C403F41FD283FDAD0403F0566283FC5
:10344000E154413F61CE273F70D8413F5636273F78
:10345000895B423FE39D263F29DE423F0A05263F26
:103460005160433FCB6B253F00E2433F25D2243FD1
:103470003763443F1A38243FF5E3443FA99D233F77
:103480003964453FD302233F03E4453F9967223F18
:103490005463463FFBCB213F2AE2463FF92F213FB1
:1034A0008560473F9393203F65DE473FCBF61F3F44
:1034B000CA5B483F9F591F3FB3D8483F12BC1E3FCD
:1034C0002155493F221E1E3F12D1493FD17F1D3F4A
:1034D000874C4A3F1FE11C3F7FC74A3F0C421C3FBD
:1034E000FA414B3F99A21B3FF8BB4B3FC6021B3F23
:1034F00078354C3F93621A3F79AE4C3F00C2193F7A
:10350000FD264D3F0F21193F029F4D3FC07F183FC1
:1035100089164E3F12DE173F908D4E3F073C173FF6
:1035200017044F3F9F99163F1F7A4F3FD9F6153F1B
:10353000A8EF4F3FB753153FAF64503F39B0143F2A
:1035400037D9503F5F0C143F3D4D513F2A68133F20
:10355000C2C0513F9AC3123FC633523FB01E123F02
:1035600049A6523F6B79113F4918533FCDD3103FC5
:10357000C789533FD52D103FC3FA533F84870F3F70
:103580003B6B543FDBE00E3F31DB543FDA390E3FFB
:10359000A44A553F81920D3F93B9553FD0EA0C3F65
:1035A000FE27563FC9420C3FE595563F6B9A0B3FAD
:1035B0004803573FB7F10A3F2670573FAD480A3FCF
:1035C0007FDC573F4E9F093F5348583F9BF5083FCC
:1035D000A1B3583F924B083F6A1E593F36A1073F9F
:1035E000AD88593F86F6063F6AF2593F824B063F47
:1035F000A05B5A3F2CA0053F50C45A3F84F4043FBF
:10360000792C5B3F8948043F1A945B3F3D9C033F04
:1036100034FB5B3F9FEF023FC7615C3FB142023F1B
:10362000D1C75C3F7395013F532D5D3FE4E7003FF9
:103630004D925D3F063A003FBEF65D3FB217FF3E3A
:10364000A65A5E3FBBBAFD3E05BE5E3F275DFC3E0F
:10365000DB205F3FF7FEFA3E27835F3F2DA0F93E58
:10366000E9E45F3FC840F83E2146603FCBE0F63ECC
:10367000CFA6603F3580F53EF206613F071FF43E5E
:103680008A66613F43BDF23E98C5613FEA5AF13E0A
:103690001A24623FFBF7EF3E1082623F7994EE3EC0
:1036A0007BDF623F6330ED3E5A3C633FBBCBEB3E7A
:1036B000AC98633F8166EA3E73F4633FB700E93E2E
:1036C000AC4F643F5D9AE73E59AA643F7533E63ECE
:1036D0007904653FFECBE43E0B5E653FFA63E33E53
:1036E00010B7653F6AFBE13E880F663F4F92E03EB0
:1036F0007167663FA928DF3ECCBE663F79BEDD3EDE
:103700009915673FC153DC3ED86B673F80E8DA3ECE
:1037100087C1673FB97CD93EA816683F6B10D83E79
:10372000396B683F99A3D63E3CBF683F4136D53ED2
:10373000AE12693F67C8D33E9165693F095AD23ED0
:10374000E4B7693F2AEBD03EA7096A3FCA7BCF3E68
:10375000D95A6A3FEA0BCE3E7BAB6A3F8B9BCC3E8D
:103760008CFB6A3FAE2ACB3E0C4B6B3F53B9C93E34
:10377000FB996B3F7C47C83E58E86B3F29D5C63E56
:1037800024366C3F5C62C53E5E836C3F15EFC33EE2
:1037900007D06C3F557BC23E1D1C6D3F1E07C13ECE
:1037A000A1676D3F6F92BF3E93B26D3F4A1DBE3E13
:1037B000F2FC6D3FAFA7BC3EBE466E3FA031BB3EA4
:1037C000F88F6E3F1EBBB93E9ED86E3F2A44B83E6E
:1037D000B0206F3FC3CCB63E30686F3FEC54B53E6F
:1037E0001BAF6F3FA5DCB33E73F56F3FEF63B23E97
:1037F000373B703FCBEAB03E6680703F3A71AF3ED8
:1038000002C5703F3CF7AD3E0809713FD47CAC3E29
:103810007A4C713F0102AB3E578F713FC486A93E7F
:103820009FD1713F1F0BA83E5213723F128FA63ECD
:103830007054723F9F12A53EF894723FC595A33E07
:10384000EBD4723F8718A23E4714733FE59AA03E1F
:103850000E53733FDF1C9F3E3F91733F789E9D3E0A
:10386000D9CE733FAF1F9C3EDD0B743F86A09A3EBE
:103870004B48743FFE20993E2284743F17A1973E27
:1038800062BF743FD220963E0BFA743F31A0943E43
:103890001D34753F351F933E976D753FDD9D913EFD
:1038A0007BA6753F2C1C903EC6DE753F229A8E3E4D
:1038B0007A16763FC0178D3E974D763F07958B3E23
:1038C0001B84763FF8118A3E07BA763F938E883E76
:1038D0005BEF763FDA0A873E1724773FCE86853E38
:1038E0003A58773F7002843EC58B773FC07D823E59
:1038F000B7BE773FC0F8803E10F1773FE1E67E3EED
:10390000D122783FA4DB7B3EF853783FCCCF783E82
:103910008684783F5AC3753E7BB4783F51B6723E79
:10392000D6E3783FB2A86F3E9812793F7F9A6C3EFB
:10393000C040793FBA8B693E4E6E793F667C663EE9
:10394000439B793F836C633E9DC7793F135C603E28
:103950005EF3793F1A4B5D3E841E7A3F97395A3E9B
:1039600010497A3F8F27573E02737A3F0115543E24
:10397000599C7A3FF101513E16C57A3F60EE4D3EAB
:1039800037ED7A3F4FDA4A3EBE147B3FC2C5473E11
:10399000AB3B7B3FB9B0443EFC617B3F379B413E34
:1039A000B2877B3F3E853E3ECDAC7B3FCF6E3B3EFC
:1039B0004DD17B3FEC57383E31F57B3F9840353E4B
:1039C0007A187C3FD428323E283B7C3FA2102F3E01
:1039D0003A5D7C3F04F82B3EB07E7C3FFCDE283E07
:1039E0008A9F7C3F8CC5253EC9BF7C3FB6AB223E3B
:1039F0006CDF7C3F7B911F3E73FE7C3FDE761C3E7E
:103A0000DD1C7D3FE05B193EAC3A7D3F8340163EB6
:103A1000DE577D3FCA24133E74747D3FB708103EC5
:103A20006E907D3F4AEC0C3ECCAB7D3F86CF093E8D
:103A30008CC67D3F6EB2063EB1E07D3F0295033EEF
:103A400038FA7D3F4577003E24137E3F73B2FA3D3E
:103A5000722B7E3FC075F43D23437E3F7638EE3DAA
:103A6000385A7E3F9AFAE73DB0707E3F2EBCE13D6A
:103A70008B867E3F377DDB3DC99B7E3FB93DD53D83
:103A800069B07E3FB7FDCE3D6DC47E3F36BDC83DBB
:103A9000D4D77E3F397CC23D9DEA7E3FC33ABC3DD0
:103AA000C9FC7E3FDAF8B53D580E7F3F80B6AF3D8A
:103AB000491F7F3FBA73A93D9D2F7F3F8C30A33DA7
:103AC000543F7F3FF9EC9C3D6D4E7F3F05A9963DED
:103AD000E95C7F3FB464903DC76A7F3F0A208A3D1E
:103AE00008787F3F0ADB833DAB847F3F742B7B3DAF
:103AF000B1907F3F38A06E3D189C7F3F6814623DB7
:103B0000E3A67F3F0E88553D0FB17F3F2FFB483D19
:103B10009EBA7F3FD56D3C3D8FC37F3F07E02F3D71
:103B2000E2CB7F3FCC51233D98D37F3F2CC3163D42
:103B3000AFDA7F3F2F340A3D29E17F3FB949FB3C93
:103B400005E77F3F7B2AE23C43EC7F3FB00AC93C5C
:103B5000E3F07F3F69EAAF3CE6F47F3FB6C9963CAD
:103B60004AF87F3F4B517B3C11FB7F3F900E493C15
:103B700039FD7F3F59CB163CC4FE7F3F890FC93BBF
:103B8000B1FF7F3FC70F493B0000803F00000000AE
:103B9000B1FF7F3FC70F49BBC4FE7F3F890FC9BB41
:103BA00039FD7F3F59CB16BC11FB7F3F900E49BCBE
:103BB0004AF87F3F4B517BBCE6F47F3FB6C996BCC9
:103BC000E3F07F3F69EAAFBC43EC7F3FB00AC9BC7A
:103BD00005E77F3F7B2AE2BC29E17F3FB949FBBC77
:103BE000AFDA7F3F2F340ABD98D37F3F2CC316BD79
:103BF000E2CB7F3FCC5123BD8FC37F3F07E02FBD7A
:103C00009EBA7F3FD56D3CBD0FB17F3F2FFB48BDB6
:103C1000E3A67F3F0E8855BD189C7F3F681462BDA8
:103C2000B1907F3F38A06EBDAB847F3F742B7BBDCE
:103C300008787F3F0ADB83BDC76A7F3F0A208ABDC1
:103C4000E95C7F3FB46490BD6D4E7F3F05A996BD92
:103C5000543F7F3FF9EC9CBD9D2F7F3F8C30A3BD2F
:103C6000491F7F3FBA73A9BD580E7F3F80B6AFBDD5
:103C7000C9FC7E3FDAF8B5BD9DEA7E3FC33ABCBDC4
:103C8000D4D77E3F397CC2BD6DC47E3F36BDC8BD32
:103C900069B07E3FB7FDCEBDC99B7E3FB93DD5BD66
:103CA0008B867E3F377DDBBDB0707E3F2EBCE1BD95
:103CB000385A7E3F9AFAE7BD23437E3F7638EEBD01
:103CC000722B7E3FC075F4BD24137E3F73B2FABDE4
:103CD00038FA7D3F457700BEB1E07D3F029503BED7
:103CE0008CC67D3F6EB206BECCAB7D3F86CF09BE93
:103CF0006E907D3F4AEC0CBE74747D3FB70810BED9
:103D0000DE577D3FCA2413BEAC3A7D3F834016BECA
:103D1000DD1C7D3FE05B19BE73FE7C3FDE761CBE82
:103D20006CDF7C3F7B911FBEC9BF7C3FB6AB22BE20
:103D30008A9F7C3F8CC525BEB07E7C3FFCDE28BEC2
:103D40003A5D7C3F04F82BBE283B7C3FA2102FBE7F
:103D50007A187C3FD42832BE31F57B3F984035BE7F
:103D60004DD17B3FEC5738BECDAC7B3FCF6E3BBED9
:103D7000B2877B3F3E853EBEFC617B3F379B41BEA9
:103D8000AB3B7B3FB9B044BEBE147B3FC2C547BE10
:103D900037ED7A3F4FDA4ABE16C57A3F60EE4DBE28
:103DA000599C7A3FF10151BE02737A3F011554BE0E
:103DB00010497A3F8F2757BE841E7A3F97395ABEE3
:103DC0005EF3793F1A4B5DBE9DC7793F135C60BEC1
:103DD000439B793F836C63BE4E6E793F667C66BEC3
:103DE000C040793FBA8B69BE9812793F7F9A6CBE0A
:103DF000D6E3783FB2A86FBE7BB4783F51B672BEAF
:103E00008684783F5AC375BEF853783FCCCF78BECE
:103E1000D122783FA4DB7BBE10F1773FE1E67EBE86
:103E2000B7BE773FC0F880BEC58B773FC07D82BEEE
:103E30003A58773F700284BE1724773FCE8685BEFE
:103E40005BEF763FDA0A87BE07BA763F938E88BE6D
:103E50001B84763FF8118ABE974D763F07958BBE3F
:103E60007A16763FC0178DBEC6DE753F229A8EBE8B
:103E70007BA6753F2C1C90BE976D753FDD9D91BE56
:103E80001D34753F351F93BE0BFA743F31A094BEAD
:103E900062BF743FD22096BE2284743F17A197BEA2
:103EA0004B48743FFE2099BEDD0B743F86A09ABE3E
:103EB000D9CE733FAF1F9CBE3F91733F789E9DBE8E
:103EC0000E53733FDF1C9FBE4714733FE59AA0BE9D
:103ED000EBD4723F8718A2BEF894723FC595A3BE7B
:103EE0007054723F9F12A5BE5213723F128FA6BE2E
:103EF0009FD1713F1F0BA8BE578F713FC486A9BECB
:103F00007A4C713F0102ABBE0809713FD47CACBE54
:103F100002C5703F3CF7ADBE6680703F3A71AFBEE0
:103F2000373B703FCBEAB0BE73F56F3FEF63B2BE75
:103F30001BAF6F3FA5DCB3BE30686F3FEC54B5BE1E
:103F4000B0206F3FC3CCB6BE9ED86E3F2A44B8BEE9
:103F5000F88F6E3F1EBBB9BEBE466E3FA031BBBEE2
:103F6000F2FC6D3FAFA7BCBE93B26D3F4A1DBEBE13
:103F7000A1676D3F6F92BFBE1D1C6D3F1E07C1BE86
:103F800007D06C3F557BC2BE5E836C3F15EFC3BE4E
:103F900024366C3F5C62C5BE58E86B3F29D5C6BE6F
:103FA000FB996B3F7C47C8BE0C4B6B3F53B9C9BEF6
:103FB0008CFB6A3FAE2ACBBE7BAB6A3F8B9BCCBEF1
:103FC000D95A6A3FEA0BCEBEA7096A3FCA7BCFBE69
:103FD000E4B7693F2AEBD0BE9165693F095AD2BE6A
:103FE000AE12693F67C8D3BE3CBF683F4136D5BEFD
:103FF000396B683F99A3D6BEA816683F6B10D8BE30
:1040000087C1673FB97CD9BED86B673F80E8DABE0D
:104010009915673FC153DCBECCBE663F79BEDDBE9D
:104020007167663FA928DFBE880F663F4F92E0BEEA
:1040300010B7653F6AFBE1BE0B5E653FFA63E3BE06
:104040007904653FFECBE4BE59AA643F7533E6BEF2
:10405000AC4F643F5D9AE7BE73F4633FB700E9BEBF
:10406000AC98633F8166EABE5A3C633FBBCBEBBE74
:104070007BDF623F6330EDBE1082623F7994EEBE1B
:104080001A24623FFBF7EFBE98C5613FEA5AF1BEC2
:104090008A66613F43BDF2BEF206613F071FF4BE70
:1040A000CFA6603F3580F5BE2146603FCBE0F6BE2F
:1040B000E9E45F3FC840F8BE27835F3F2DA0F9BE0B
:1040C000DB205F3FF7FEFABE05BE5E3F275DFCBE0C
:1040D000A65A5E3FBBBAFDBEBEF65D3FB217FFBE3D
:1040E0004D925D3F063A00BF532D5D3FE4E700BFB0
:1040F000D1C75C3F739501BFC7615C3FB14202BF4E
:1041000034FB5B3F9FEF02BF1A945B3F3D9C03BFB4
:10411000792C5B3F894804BF50C45A3F84F404BFE4
:10412000A05B5A3F2CA005BF6AF2593F824B06BFE5
:10413000AD88593F86F606BF6A1E593F36A107BFB4
:10414000A1B3583F924B08BF5348583F9BF508BF57
:104150007FDC573F4E9F09BF2670573FAD480ABFCF
:104160004803573FB7F10ABFE595563F6B9A0BBF1F
:10417000FE27563FC9420CBF93B9553FD0EA0CBF4A
:10418000A44A553F81920DBF31DB543FDA390EBF4F
:104190003B6B543FDBE00EBFC3FA533F84870FBF36
:1041A000C789533FD52D10BF4918533FCDD310BFFA
:1041B00049A6523F6B7911BFC633523FB01E12BFA2
:1041C000C2C0513F9AC312BF3D4D513F2A6813BF31
:1041D00037D9503F5F0C14BFAF64503F39B014BFA4
:1041E000A8EF4F3FB75315BF1F7A4F3FD9F615BF02
:1041F00017044F3F9F9916BF908D4E3F073C17BF46
:1042000089164E3F12DE17BF029F4D3FC07F18BF79
:10421000FD264D3F0F2119BF79AE4C3F00C219BF9B
:1042200078354C3F93621ABFF8BB4B3FC6021BBFA9
:10423000FA414B3F99A21BBF7FC74A3F0C421CBFAC
:10424000874C4A3F1FE11CBF12D1493FD17F1DBFA0
:104250002155493F221E1EBFB3D8483F12BC1EBF86
:10426000CA5B483F9F591FBF65DE473FCBF61FBF64
:104270008560473F939320BF2AE2463FF92F21BF35
:104280005463463FFBCB21BF03E4453F996722BF00
:104290003964453FD30223BFF5E3443FA99D23BFC3
:1042A0003763443F1A3824BF00E2433F25D224BF7E
:1042B0005160433FCB6B25BF29DE423F0A0526BF35
:1042C000895B423FE39D26BF70D8413F563627BFEA
:1042D000E154413F61CE27BFDAD0403F056628BF99
:1042E0005C4C403F41FD28BF67C73F3F159429BF45
:1042F000FC413F3F802A2ABF1BBC3E3F82C02ABFF1
:10430000C5353E3F1B562BBFF9AE3D3F4AEB2BBF99
:10431000B8273D3F0F802CBF03A03C3F69142DBF41
:10432000D9173C3F59A82DBF3B8F3B3FDE3B2EBFEB
:1043300029063B3FF7CE2EBFA47C3A3FA5612FBF95
:10434000ACF2393FE6F32FBF4268393FBB8530BF3F
:1043500065DD383F221731BF1652383F1DA831BFE7
:1043600055C6373FAA3832BF233A373FC9C832BF94
:104370007FAD363F7A5833BF6C20363FBCE733BF42
:10438000E792353F8F7634BFF304353FF30435BFF2
:104390008F76343FE79235BFBCE7333F6C2036BFA2
:1043A0007A58333F7FAD36BFC9C8323F233A37BF53
:1043B000AA38323F55C637BF1DA8313F165238BF05
:1043C0002217313F65DD38BFBB85303F426839BFBA
:1043D000E6F32F3FACF239BFA5612F3FA47C3ABF73
:1043E000F7CE2E3F29063BBFDE3B2E3F3B8F3BBF28
:1043F00059A82D3FD9173CBF69142D3F03A03CBFDE
:104400000F802C3FB8273DBF4AEB2B3FF9AE3DBF95
:104410001B562B3FC5353EBF82C02A3F1BBC3EBF4B
:10442000802A2A3FFC413FBF1594293F67C73FBF01
:1044300041FD283F5C4C40BF0566283FDAD040BFB5
:1044400061CE273FE15441BF5636273F70D841BF68
:10445000E39D263F895B42BF0A05263F29DE42BF16
:10446000CB6B253F516043BF25D2243F00E243BFC1
:104470001A38243F376344BFA99D233FF5E344BF67
:10448000D302233F396445BF9967223F03E445BF08
:10449000FBCB213F546346BFF92F213F2AE246BFA1
:1044A0009393203F856047BFCBF61F3F65DE47BF34
:1044B0009F591F3FCA5B48BF12BC1E3FB3D848BFBD
:1044C000221E1E3F215549BFD17F1D3F12D149BF3A
:1044D0001FE11C3F874C4ABF0C421C3F7FC74ABFAD
:1044E00099A21B3FFA414BBFC6021B3FF8BB4BBF13
:1044F00093621A3F78354CBF00C2193F79AE4CBF6A
:104500000F21193FFD264DBFC07F183F029F4DBFB1
:1045100012DE173F89164EBF073C173F908D4EBFE6
:104520009F99163F17044FBFD9F6153F1F7A4FBF0B
:10453000B753153FA8EF4FBF39B0143FAF6450BF1A
:104540005F0C143F37D950BF2A68133F3D4D51BF10
:104550009AC3123FC2C051BFB01E123FC63352BFF2
:104560006B79113F49A652BFCDD3103F491853BFB5
:10457000D52D103FC78953BF84870F3FC3FA53BF60
:10458000DBE00E3F3B6B54BFDA390E3F31DB54BFEB
:1045900081920D3FA44A55BFD0EA0C3F93B955BF55
:1045A000C9420C3FFE2756BF6B9A0B3FE59556BF9D
:1045B000B7F10A3F480357BFAD480A3F267057BFBF
:1045C0004E9F093F7FDC57BF9BF5083F534858BFBC
:1045D000924B083FA1B358BF36A1073F6A1E59BF8F
:1045E00086F6063FAD8859BF824B063F6AF259BF37
:1045F0002CA0053FA05B5ABF84F4043F50C45ABFAF
:104600008948043F792C5BBF3D9C033F1A945BBFF4
:104610009FEF023F34FB5BBFB142023FC7615CBF0B
:104620007395013FD1C75CBFE4E7003F532D5DBFE9
:10463000063A003F4D925DBFB217FF3EBEF65DBF2A
:10464000BBBAFD3EA65A5EBF275DFC3E05BE5EBFFF
:10465000F7FEFA3EDB205FBF2DA0F93E27835FBF48
:10466000C840F83EE9E45FBFCBE0F63E214660BFBC
:104670003580F53ECFA660BF071FF43EF20661BF4E
:1046800043BDF23E8A6661BFEA5AF13E98C561BFFA
:10469000FBF7EF3E1A2462BF7994EE3E108262BFB0
:1046A0006330ED3E7BDF62BFBBCBEB3E5A3C63BF6A
:1046B0008166EA3EAC9863BFB700E93E73F463BF1E
:1046C0005D9AE73EAC4F64BF7533E63E59AA64BFBE
:1046D000FECBE43E790465BFFA63E33E0B5E65BF43
:1046E0006AFBE13E10B765BF4F92E03E880F66BFA0
:1046F000A928DF3E716766BF79BEDD3ECCBE66BFCE
:10470000C153DC3E991567BF80E8DA3ED86B67BFBE
:10471000B97CD93E87C167BF6B10D83EA81668BF69
:1047200099A3D63E396B68BF4136D53E3CBF68BFC2
:1047300067C8D33EAE1269BF095AD23E916569BFC0
:104740002AEBD03EE4B769BFCA7BCF3EA7096ABF58
:10475000EA0BCE3ED95A6ABF8B9BCC3E7BAB6ABF7D
:10476000AE2ACB3E8CFB6ABF53B9C93E0C4B6BBF24
:104770007C47C83EFB996BBF29D5C63E58E86BBF46
:104780005C62C53E24366CBF15EFC33E5E836CBFD2
:10479000557BC23E07D06CBF1E07C13E1D1C6DBFBE
:1047A0006F92BF3EA1676DBF4A1DBE3E93B26DBF03
:1047B000AFA7BC3EF2FC6DBFA031BB3EBE466EBF94
:1047C0001EBBB93EF88F6EBF2A44B83E9ED86EBF5E
:1047D000C3CCB63EB0206FBFEC54B53E30686FBF5F
:1047E000A5DCB33E1BAF6FBFEF63B23E73F56FBF87
:1047F000CBEAB03E373B70BF3A71AF3E668070BFC8
:104800003CF7AD3E02C570BFD47CAC3E080971BF19
:104810000102AB3E7A4C71BFC486A93E578F71BF6F
:104820001F0BA83E9FD171BF128FA63E521372BFBD
:104830009F12A53E705472BFC595A33EF89472BFF7
:104840008718A23EEBD472BFE59AA03E471473BF0F
:10485000DF1C9F3E0E5373BF789E9D3E3F9173BFFA
:10486000AF1F9C3ED9CE73BF86A09A3EDD0B74BFAE
:10487000FE20993E4B4874BF17A1973E228474BF17
:10488000D220963E62BF74BF31A0943E0BFA74BF33
:10489000351F933E1D3475BFDD9D913E976D75BFED
:1048A0002C1C903E7BA675BF229A8E3EC6DE75BF3D
:1048B000C0178D3E7A1676BF07958B3E974D76BF13
:1048C000F8118A3E1B8476BF938E883E07BA76BF66
:1048D000DA0A873E5BEF76BFCE86853E172477BF28
:1048E0007002843E3A5877BFC07D823EC58B77BF49
:1048F000C0F8803EB7BE77BFE1E67E3E10F177BFDD
:10490000A4DB7B3ED12278BFCCCF783EF85378BF72
:104910005AC3753E868478BF51B6723E7BB478BF69
:10492000B2A86F3ED6E378BF7F9A6C3E981279BFEB
:10493000BA8B693EC04079BF667C663E4E6E79BFD9
:10494000836C633E439B79BF135C603E9DC779BF18
:104950001A4B5D3E5EF379BF97395A3E841E7ABF8B
:104960008F27573E10497ABF0115543E02737ABF14
:10497000F101513E599C7ABF60EE4D3E16C57ABF9B
:104980004FDA4A3E37ED7ABFC2C5473EBE147BBF01
:10499000B9B0443EAB3B7BBF379B413EFC617BBF24
:1049A0003E853E3EB2877BBFCF6E3B3ECDAC7BBFEC
:1049B000EC57383E4DD17BBF9840353E31F57BBF3B
:1049C000D428323E7A187CBFA2102F3E283B7CBFF1
:1049D00004F82B3E3A5D7CBFFCDE283EB07E7CBFF7
:1049E0008CC5253E8A9F7CBFB6AB223EC9BF7CBF2B
:1049F0007B911F3E6CDF7CBFDE761C3E73FE7CBF6E
:104A0000E05B193EDD1C7DBF8340163EAC3A7DBFA6
:104A1000CA24133EDE577DBFB708103E74747DBFB5
:104A20004AEC0C3E6E907DBF86CF093ECCAB7DBF7D
:104A30006EB2063E8CC67DBF0295033EB1E07DBFDF
:104A40004577003E38FA7DBF73B2FA3D24137EBF2E
:104A5000C075F43D722B7EBF7638EE3D23437EBF9A
:104A60009AFAE73D385A7EBF2EBCE13DB0707EBF5A
:104A7000377DDB3D8B867EBFB93DD53DC99B7EBF73
:104A8000B7FDCE3D69B07EBF36BDC83D6DC47EBFAB
:104A9000397CC23DD4D77EBFC33ABC3D9DEA7EBFC0
:104AA000DAF8B53DC9FC7EBF80B6AF3D580E7FBF7A
:104AB000BA73A93D491F7FBF8C30A33D9D2F7FBF97
:104AC000F9EC9C3D543F7FBF05A9963D6D4E7FBFDD
:104AD000B464903DE95C7FBF0A208A3DC76A7FBF0E
:104AE0000ADB833D08787FBF742B7B3DAB847FBF9F
:104AF00038A06E3DB1907FBF6814623D189C7FBFA7
:104B00000E88553DE3A67FBF2FFB483D0FB17FBF09
:104B1000D56D3C3D9EBA7FBF07E02F3D8FC37FBF61
:104B2000CC51233DE2CB7FBF2CC3163D98D37FBF32
:104B30002F340A3DAFDA7FBFB949FB3C29E17FBF83
:104B40007B2AE23C05E77FBFB00AC93C43EC7FBF4C
:104B500069EAAF3CE3F07FBFB6C9963CE6F47FBF9D
:104B60004B517B3C4AF87FBF900E493C11FB7FBF05
:104B700059CB163C39FD7FBF890FC93BC4FE7FBFAF
:104B8000C70F493BB1FF7FBF000000000000803F1E
:104B9000B00AC93C43EC7F3F2FFB483D0FB17F3F3C
:104BA00005A9963D6D4E7F3F36BDC83D6DC47E3F25
:104BB00073B2FA3D24137E3F8340163EAC3A7D3FEC
:104BC000A2102F3E283B7C3FC2C5473EBE147B3F10
:104BD000135C603E9DC7793FCCCF783EF853783F59
:104BE000938E883E07BA763F31A0943E0BFA743F0D
:104BF000E59AA03E4714733FD47CAC3E0809713F50
:104C00002A44B83E9ED86E3F15EFC33E5E836C3F8C
:104C1000CA7BCF3EA7096A3F80E8DA3ED86B673F80
:104C20007533E63E59AA643FEA5AF13E98C5613FA2
:104C3000275DFC3E05BE5E3F3D9C033F1A945B3FF3
:104C40009BF5083F5348583FDA390E3F31DB543F5C
:104C50002A68133F3D4D513FC07F183F029F4D3F93
:104C6000D17F1D3F12D1493F9967223F03E4453F61
:104C70005636273F70D8413F4AEB2B3FF9AE3D3FB8
:104C8000BB85303F4268393FF304353FF304353F7D
:104C90004268393FBB85303FF9AE3D3F4AEB2B3F81
:104CA00070D8413F5636273F03E4453F9967223F7E
:104CB00012D1493FD17F1D3F029F4D3FC07F183F1A
:104CC0003D4D513F2A68133F31DB543FDA390E3FE7
:104CD0005348583F9BF5083F1A945B3F3D9C033F68
:104CE00005BE5E3F275DFC3E98C5613FEA5AF13E36
:104CF00059AA643F7533E63ED86B673F80E8DA3ED9
:104D0000A7096A3FCA7BCF3E5E836C3F15EFC33E67
:104D10009ED86E3F2A44B83E0809713FD47CAC3E11
:104D20004714733FE59AA03E0BFA743F31A0943EBE
:104D300007BA763F938E883EF853783FCCCF783EC3
:104D40009DC7793F135C603EBE147B3FC2C5473EA2
:104D5000283B7C3FA2102F3EAC3A7D3F8340163E5D
:104D600024137E3F73B2FA3D6DC47E3F36BDC83D0D
:104D70006D4E7F3F05A9963D0FB17F3F2FFB483D0C
:104D800043EC7F3FB00AC93C0000803F00000000B8
:104D900043EC7F3FB00AC9BC0FB17F3F2FFB48BD3A
:104DA0006D4E7F3F05A996BD6DC47E3F36BDC8BD23
:104DB00024137E3F73B2FABDAC3A7D3F834016BEEA
:104DC000283B7C3FA2102FBEBE147B3FC2C547BE0E
:104DD0009DC7793F135C60BEF853783FCCCF78BE57
:104DE00007BA763F938E88BE0BFA743F31A094BE0B
:104DF0004714733FE59AA0BE0809713FD47CACBE4E
:104E00009ED86E3F2A44B8BE5E836C3F15EFC3BE8A
:104E1000A7096A3FCA7BCFBED86B673F80E8DABE7E
:104E200059AA643F7533E6BE98C5613FEA5AF1BEA0
:104E300005BE5E3F275DFCBE1A945B3F3D9C03BFF1
:104E40005348583F9BF508BF31DB543FDA390EBF5A
:104E50003D4D513F2A6813BF029F4D3FC07F18BF91
:104E600012D1493FD17F1DBF03E4453F996722BF5F
:104E700070D8413F563627BFF9AE3D3F4AEB2BBFB6
:104E80004268393FBB8530BFF304353FF30435BF7B
:104E9000BB85303F426839BF4AEB2B3FF9AE3DBF7F
:104EA0005636273F70D841BF9967223F03E445BF7C
:104EB000D17F1D3F12D149BFC07F183F029F4DBF18
:104EC0002A68133F3D4D51BFDA390E3F31DB54BFE5
:104ED0009BF5083F534858BF3D9C033F1A945BBF66
:104EE000275DFC3E05BE5EBFEA5AF13E98C561BF34
:104EF0007533E63E59AA64BF80E8DA3ED86B67BFD7
:104F0000CA7BCF3EA7096ABF15EFC33E5E836CBF65
:104F10002A44B83E9ED86EBFD47CAC3E080971BF0F
:104F2000E59AA03E471473BF31A0943E0BFA74BFBC
:104F3000938E883E07BA76BFCCCF783EF85378BFC1
:104F4000135C603E9DC779BFC2C5473EBE147BBFA0
:104F5000A2102F3E283B7CBF8340163EAC3A7DBF5B
:104F600073B2FA3D24137EBF36BDC83D6DC47EBF0B
:104F700005A9963D6D4E7FBF2FFB483D0FB17FBF0A
:104F8000B00AC93C43EC7FBF000000000000803F36
:104F9000C2C5473EBE147B3F15EFC33E5E836C3FE8
:104FA000DA390E3F31DB543FF304353FF304353F2C
:104FB00031DB543FDA390E3F5E836C3F15EFC33E61
:104FC000BE147B3FC2C5473E0000803F000000008A
:104FD000BE147B3FC2C547BE5E836C3F15EFC3BEA8
:104FE00031DB543FDA390EBFF304353FF30435BFEC
:104FF000DA390E3F31DB54BF15EFC33E5E836CBF21
:10500000C2C5473EBE147BBF000000000000803FC9
:10501000D40FC93AECFF7F3FC70F493BB1FF7F3F39
:10502000C1CB963B4EFF7F3F890FC93BC4FE7F3FFC
:105030003053FB3B13FE7F3F59CB163C39FD7F3F7E
:1050400002ED2F3C39FC7F3F900E493C11FB7F3F26
:105050000030623CC1F97F3F4B517B3C4AF87F3FB7
:1050600038398A3CACF67F3FB6C9963CE6F47F3FC0
:105070001C5AA33CF8F27F3F69EAAF3CE3F07F3F64
:105080009B7ABC3CA7EE7F3FB00AC93C43EC7F3F14
:10509000A69AD53CB8E97F3F7B2AE23C05E77F3FF3
:1050A0002DBAEE3C2BE47F3FB949FB3C29E17F3F21
:1050B00090EC033D00DE7F3F2F340A3DAFDA7F3FA7
:1050C000B87B103D37D77F3F2CC3163D98D37F3F29
:1050D000880A1D3DD1CF7F3FCC51233DE2CB7F3F9E
:1050E000F698293DCCC77F3F07E02F3D8FC37F3F18
:1050F000FC26363D2ABF7F3FD56D3C3D9EBA7F3FA3
:1051000091B4423DEAB57F3F2FFB483D0FB17F3F51
:10511000AF414F3D0DAC7F3F0E88553DE3A67F3F2D
:105120004CCE5B3D91A17F3F6814623D189C7F3F50
:10513000625A683D78967F3F38A06E3DB1907F3FC0
:10514000E9E5743DC28A7F3F742B7B3DAB847F3F92
:105150006CB8803D6D7E7F3F0ADB833D08787F3FE2
:1051600094FD863D7B717F3F0A208A3DC76A7F3F61
:105170006A428D3DEC637F3FB464903DE95C7F3FC4
:10518000E786933DBF557F3F05A9963D6D4E7F3F16
:105190000ACB993DF4467F3FF9EC9C3D543F7F3F5D
:1051A000CF0EA03D8D377F3F8C30A33D9D2F7F3F9D
:1051B0003052A63D87277F3FBA73A93D491F7F3FE5
:1051C0002B95AC3DE4167F3F80B6AF3D580E7F3F38
:1051D000BBD7B23DA4057F3FDAF8B53DC9FC7E3FA1
:1051E000DD19B93DC7F37E3FC33ABC3D9DEA7E3F22
:1051F0008D5BBF3D4CE17E3F397CC23DD4D77E3FC5
:10520000C69CC53D34CE7E3F36BDC83D6DC47E3F95
:1052100086DDCB3D7FBA7E3FB7FDCE3D69B07E3F98
:10522000C81DD23D2DA67E3FB93DD53DC99B7E3FD1
:10523000895DD83D3D917E3F377DDB3D8B867E3F4E
:10524000C49CDE3DB17B7E3F2EBCE13DB0707E3F15
:1052500076DBE43D88657E3F9AFAE73D385A7E3F2B
:105260009A19EB3DC14E7E3F7638EE3D23437E3F9B
:105270002E57F13D5E377E3FC075F43D722B7E3F69
:105280002C94F73D5E1F7E3F73B2FA3D24137E3FA0
:1052900092D0FD3DC2067E3F4577003E38FA7D3F05
:1052A0002E06023E88ED7D3F0295033EB1E07D3F34
:1052B000C223053EB2D37D3F6EB2063E8CC67D3F13
:1052C0000541083E40B97D3F86CF093ECCAB7D3FCE
:1052D000F35D0B3E309E7D3F4AEC0C3E6E907D3F71
:1052E0008B7A0E3E85827D3FB708103E74747D3FF9
:1052F000CC96113E3D667D3FCA24133EDE577D3F6E
:10530000B2B2143E59497D3F8340163EAC3A7D3FD0
:105310003DCE173ED82B7D3FE05B193EDD1C7D3F27
:105320006BE91A3EBC0D7D3FDE761C3E73FE7C3F72
:1053300038041E3E03EF7C3F7B911F3E6CDF7C3FB9
:10534000A51E213EAECF7C3FB6AB223EC9BF7C3FFF
:10535000AD38243EBDAF7C3F8CC5253E8A9F7C3F47
:105360005152273E318F7C3FFCDE283EB07E7C3F91
:105370008D6B2A3E086E7C3F04F82B3E3A5D7C3FE5
:1053800061842D3E444C7C3FA2102F3E283B7C3F45
:10539000C99C303EE5297C3FD428323E7A187C3FB8
:1053A000C4B4333EE9067C3F9840353E31F57B3F3F
:1053B00050CC363E53E37B3FEC57383E4DD17B3FDC
:1053C0006CE3393E20BF7B3FCF6E3B3ECDAC7B3F95
:1053D00015FA3C3E539A7B3F3E853E3EB2877B3F6B
:1053E0004910403EEA747B3F379B413EFC617B3F66
:1053F0000726433EE74E7B3FB9B0443EAB3B7B3F85
:105400004D3B463E48287B3FC2C5473EBE147B3FCE
:105410001850493E0E017B3F4FDA4A3E37ED7A3F46
:1054200067644C3E3AD97A3F60EE4D3E16C57A3FEE
:1054300038784F3ECBB07A3FF101513E599C7A3FCC
:10544000898B523EC1877A3F0115543E02737A3FE1
:10545000589E553E1C5E7A3F8F27573E10497A3F33
:10546000A4B0583EDD337A3F97395A3E841E7A3FC6
:105470006AC25B3E04097A3F1A4B5D3E5EF3793F98
:10548000A8D35E3E91DD793F135C603E9DC7793FB6
:105490005CE4613E83B1793F836C633E439B793F1B
:1054A00086F4643EDC84793F667C663E4E6E793FCE
:1054B0002204683E9A57793FBA8B693EC040793FD3
:1054C0002F136B3EBF29793F7F9A6C3E9812793F2C
:1054D000AB216E3E4AFB783FB2A86F3ED6E3783FE1
:1054E000942F713E3BCC783F51B6723E7BB4783FEF
:1054F000E83C743E939C783F5AC3753E8684783F5F
:10550000A649773E526C783FCCCF783EF853783F2F
:10551000CB557A3E773B783FA4DB7B3ED122783F68
:1055200056617D3E040A783FE1E67E3E10F1773F0A
:105530002236803EF7D7773FC0F8803EB7BE773F30
:105540004ABB813E51A5773FC07D823EC58B773FE8
:105550002240833E1372773F7002843E3A58773F71
:10556000AAC4843E3C3E773FCE86853E1724773FD3
:10557000DF48863ECC09773FDA0A873E5BEF763F0D
:10558000C1CC873EC4D4763F938E883E07BA763F1F
:105590005050893E249F763FF8118A3E1B84763F07
:1055A0008AD38A3EEC68763F07958B3E974D763FCF
:1055B0006E568C3E1B32763FC0178D3E7A16763F74
:1055C000FCD88D3EB3FA753F229A8E3EC6DE753FFB
:1055D000325B8F3EB3C2753F2C1C903E7BA6753F5D
:1055E00010DD903E1C8A753FDD9D913E976D753FA5
:1055F000945E923EED50753F351F933E1D34753FCE
:10560000BFDF933E2717753F31A0943E0BFA743FDE
:105610008D60953EC9DC743FD220963E62BF743FD8
:1056200000E1963ED5A1743F17A1973E2284743FB6
:105630001661983E4966743FFE20993E4B48743F80
:10564000CEE0993E272A743F86A09A3EDD0B743F38
:1056500027609B3E6EED733FAF1F9C3ED9CE733FDC
:1056600020DF9C3E1FB0733F789E9D3E3F91733F6D
:10567000B85D9E3E3972733FDF1C9F3E0E53733FF1
:10568000EEDB9F3EBE33733FE59AA03E4714733F67
:10569000C259A13EACF4723F8718A23EEBD4723FD0
:1056A00033D7A23E04B5723FC595A33EF894723F2E
:1056B0003F54A43EC774723F9F12A53E7054723F80
:1056C000E5D0A53EF433723F128FA63E5213723FCF
:1056D000254DA73E8CF2713F1F0BA83E9FD1713F15
:1056E000FEC8A83E8EB0713FC486A93E578F713F59
:1056F0006F44AA3EFB6D713F0102AB3E7A4C713F95
:1057000077BFAB3ED42A713FD47CAC3E0809713FD1
:10571000153AAD3E17E7703F3CF7AD3E02C5703F0E
:1057200049B4AE3EC6A2703F3A71AF3E6680703F4C
:10573000102EB03EE15D703FCBEAB03E373B703F8C
:105740006BA7B13E6718703FEF63B23E73F56F3FD2
:105750005820B33E5AD26F3FA5DCB33E1BAF6F3F1C
:10576000D698B43EB88B6F3FEC54B53E30686F3F6F
:10577000E610B63E83446F3FC3CCB63EB0206F3FC9
:105780008488B73EBAFC6E3F2A44B83E9ED86E3F2E
:10579000B2FFB83E5DB46E3F1EBBB93EF88F6E3FA0
:1057A0006E76BA3E6D6B6E3FA031BB3EBE466E3F1D
:1057B000B6ECBB3EEB216E3FAFA7BC3EF2FC6D3FAB
:1057C0008B62BD3ED5D76D3F4A1DBE3E93B26D3F45
:1057D000EBD7BE3E2D8D6D3F6F92BF3EA1676D3FF3
:1057E000D54CC03EF2416D3F1E07C13E1D1C6D3FB2
:1057F00048C1C13E24F66C3F557BC23E07D06C3F8A
:105800004435C33EC5A96C3F15EFC33E5E836C3F74
:10581000C8A8C43ED45C6C3F5C62C53E24366C3F75
:10582000D21BC63E500F6C3F29D5C63E58E86B3F91
:10583000628EC73E3BC16B3F7C47C83EFB996B3FC6
:105840007700C93E95726B3F53B9C93E0C4B6B3F15
:105850001072CA3E5E236B3FAE2ACB3E8CFB6A3F82
:105860002CE3CB3E95D36A3F8B9BCC3E7BAB6A3F10
:10587000CA53CD3E3C836A3FEA0BCE3ED95A6A3FBB
:10588000EAC3CE3E52326A3FCA7BCF3EA7096A3F87
:105890008A33D03ED7E0693F2AEBD03EE4B7693F78
:1058A000AAA2D13ECC8E693F095AD23E9165693F8A
:1058B0004811D33E323C693F67C8D33EAE12693FC0
:1058C000647FD43E07E9683F4136D53E3CBF683F20
:1058D000FDECD53E4C95683F99A3D63E396B683FA9
:1058E000135AD73E0341683F6B10D83EA816683F55
:1058F000A3C6D83E2AEC673FB97CD93E87C1673F33
:10590000AD32DA3EC196673F80E8DA3ED86B673F3A
:10591000319EDB3ECA40673FC153DC3E9915673F6D
:105920002E09DD3E45EA663F79BEDD3ECCBE663FD0
:10593000A273DE3E3093663FA928DF3E7167663F63
:105940008DDDDF3E8E3B663F4F92E03E880F663F27
:10595000EE46E13E5EE3653F6AFBE13E10B7653F20
:10596000C4AFE23EA08A653FFA63E33E0B5E653F4B
:105970000E18E43E5431653FFECBE43E7904653FAA
:10598000CB7FE53E7BD7643F7533E63E59AA643F43
:10599000FBE6E63E147D643F5D9AE73EAC4F643F14
:1059A0009C4DE83E2122643FB700E93E73F4633F1B
:1059B000AEB3E93EA1C6633F8166EA3EAC98633F61
:1059C0003019EB3E956A633FBBCBEB3E5A3C633FDD
:1059D000217EEC3EFC0D633F6330ED3E7BDF623F9A
:1059E00080E2ED3ED7B0623F7994EE3E1082623F96
:1059F0004C46EF3E2653623FFBF7EF3E1A24623FD0
:105A000085A9F03EEAF4613FEA5AF13E98C5613F4C
:105A1000290CF23E2296613F43BDF23E8A66613F09
:105A2000386EF33ED036613F071FF43EF206613F09
:105A3000B1CFF43EF2D6603F3580F53ECFA6603F51
:105A40009330F63E8976603FCBE0F63E2146603FDC
:105A5000DC90F73E9615603FC840F83EE9E45F3FB2
:105A60008EF0F83E19B45F3F2DA0F93E27835F3FCB
:105A7000A54FFA3E12525F3FF7FEFA3EDB205F3F32
:105A800022AEFB3E81EF5E3F275DFC3E05BE5E3FE2
:105A9000040CFD3E678C5E3FBBBAFD3EA65A5E3FDE
:105AA0004A69FE3EC3285E3FB217FF3EBEF65D3F29
:105AB000F3C5FF3E97C45D3F063A003F4D925D3F00
:105AC000FF90003FE15F5D3FE4E7003F532D5D3F06
:105AD000B53E013FA3FA5C3F7395013FD1C75C3FE0
:105AE0001CEC013FDD945C3FB142023FC7615C3F6B
:105AF0003299023F8E2E5C3F9FEF023F34FB5B3FAB
:105B0000F845033FB8C75B3F3D9C033F1A945B3F9A
:105B10006DF2033F5A605B3F8948043F792C5B3F3D
:105B2000919E043F75F85A3F84F4043F50C45A3F95
:105B3000624A053F09905A3F2CA0053FA05B5A3F9F
:105B4000E2F5053F16275A3F824B063F6AF2593F5E
:105B50000EA1063F9CBD593F86F6063FAD88593FD2
:105B6000E84B073F9C53593F36A1073F6A1E593FF8
:105B70006FF6073F17E9583F924B083FA1B3583FD4
:105B8000A1A0083F0B7E583F9BF5083F5348583F64
:105B90007F4A093F7912583F4E9F093F7FDC573FAC
:105BA00009F4093F63A6573FAD480A3F2670573FA7
:105BB0003D9D0A3FC739573FB7F10A3F4803573F5A
:105BC0001C460B3FA7CC563F6B9A0B3FE595563FC3
:105BD000A5EE0B3F025F563FC9420C3FFE27563FE2
:105BE000D7960C3FD9F0553FD0EA0C3F93B9553FBB
:105BF000B33E0D3F2C82553F81920D3FA44A553F45
:105C000038E60D3FFB12553FDA390E3F31DB543F8A
:105C1000658D0E3F47A3543FDBE00E3F3B6B543F87
:105C20003B340F3F0F33543F84870F3FC3FA533F3A
:105C3000B8DA0F3F55C2533FD52D103FC789533FA8
:105C4000DC80103F1851533FCDD3103F4918533FCC
:105C5000A726113F59DF523F6B79113F49A6523FAA
:105C600019CC113F186D523FB01E123FC633523F40
:105C70003071123F54FA513F9AC3123FC2C0513F94
:105C8000EE15133F1087513F2A68133F3D4D513F9A
:105C900050BA133F4A13513F5F0C143F37D9503F5E
:105CA000585E143F039F503F39B0143FAF64503FDC
:105CB0000402153F3B2A503FB753153FA8EF4F3F13
:105CC00054A5153FF4B44F3FD9F6153F1F7A4F3F07
:105CD0004748163F2B3F4F3F9F99163F17044F3FB2
:105CE000DFEA163FE4C84E3F073C173F908D4E3F1A
:105CF000188D173F1C524E3F12DE173F89164E3F3C
:105D0000F52E183FD5DA4D3FC07F183F029F4D3F1B
:105D100073D0183F10634D3F0F21193FFD264D3FB3
:105D20009471193FCBEA4C3F00C2193F79AE4C3F0A
:105D300055121A3F08724C3F93621A3F78354C3F18
:105D4000B8B21A3FC7F84B3FC6021B3FF8BB4B3FE8
:105D5000BB521B3F097F4B3F99A21B3FFA414B3F70
:105D60005FF21B3FCC044B3F0C421C3F7FC74A3FB6
:105D7000A2911C3F138A4A3F1FE11C3F874C4A3FB8
:105D800084301D3FDC0E4A3FD17F1D3F12D1493F79
:105D900006CF1D3F2993493F221E1E3F2155493FF3
:105DA000266D1E3FFA16493F12BC1E3FB3D8483F2E
:105DB000E50A1F3F4E9A483F9F591F3FCA5B483F25
:105DC00041A81F3F271D483FCBF61F3F65DE473FD9
:105DD0003B45203F849F473F9393203F8560473F4B
:105DE000D2E1203F6721473FF92F213F2AE2463F7A
:105DF000067E213FCEA2463FFBCB213F5463463F68
:105E0000D719223FBB23463F9967223F03E4453F12
:105E100043B5223F2DA4453FD302233F3964453F7C
:105E20004B50233F2624453FA99D233FF5E3443FA4
:105E3000EEEA233FA5A3443F1A38243F3763443F8B
:105E40002C85243FAB22443F25D2243F00E2433F30
:105E5000041F253F38A1433FCB6B253F5160433F93
:105E600077B8253F4C1F433F0A05263F29DE423FB6
:105E70008451263FE89C423FE39D263F895B423F99
:105E80002AEA263F0B1A423F5636273F70D8413F39
:105E90006882273FB796413F61CE273FE154413F9B
:105EA000401A283FEC12413F0566283FDAD0403FB8
:105EB000B0B1283FA98E403F41FD283F5C4C403F98
:105EC000B848293FF009403F1594293F67C73F3F35
:105ED00057DF293FC0843F3F802A2A3FFC413F3F94
:105EE0008E752A3F1BFF3E3F82C02A3F1BBC3E3FB0
:105EF0005B0B2B3FFF783E3F1B562B3FC5353E3F8C
:105F0000BFA02B3F6EF23D3F4AEB2B3FF9AE3D3F2A
:105F1000B9352C3F676B3D3F0F802C3FB8273D3F85
:105F200049CA2C3FECE33C3F69142D3F03A03C3FA2
:105F30006F5E2D3FFC5B3C3F59A82D3FD9173C3F7E
:105F400029F22D3F98D33B3FDE3B2E3F3B8F3B3F1B
:105F500078852E3FC14A3B3FF7CE2E3F29063B3F77
:105F60005B182F3F75C13A3FA5612F3FA47C3A3F94
:105F7000D3AA2F3FB7373A3FE6F32F3FACF2393F72
:105F8000DE3C303F85AD393FBB85303F4268393F0D
:105F90007CCE303FE122393F2217313F65DD383F6B
:105FA000AD5F313FCB97383F1DA8313F1652383F88
:105FB00071F0313F430C383FAA38323F55C6373F66
:105FC000C780323F4A80373FC9C8323F233A373F04
:105FD000AF10333FDFF3363F7A58333F7FAD363F64
:105FE00029A0333F0467363FBCE7333F6C20363F80
:105FF000342F343FB8D9353F8F76343FE792353F61
:10600000CFBD343FFB4B353FF304353FF304353F01
:10601000FB4B353FCFBD343FE792353F8F76343F62
:10602000B8D9353F342F343F6C20363FBCE7333F7F
:106030000467363F29A0333F7FAD363F7A58333F60
:10604000DFF3363FAF10333F233A373FC9C8323F03
:106050004A80373FC780323F55C6373FAA38323F64
:10606000430C383F71F0313F1652383F1DA8313F85
:10607000CB97383FAD5F313F65DD383F2217313F69
:10608000E122393F7CCE303F4268393FBB85303F0B
:1060900085AD393FDE3C303FACF2393FE6F32F3F70
:1060A000B7373A3FD3AA2F3FA47C3A3FA5612F3F91
:1060B00075C13A3F5B182F3F29063B3FF7CE2E3F75
:1060C000C14A3B3F78852E3F3B8F3B3FDE3B2E3F17
:1060D00098D33B3F29F22D3FD9173C3F59A82D3F7C
:1060E000FC5B3C3F6F5E2D3F03A03C3F69142D3F9E
:1060F000ECE33C3F49CA2C3FB8273D3F0F802C3F83
:10610000676B3D3FB9352C3FF9AE3D3F4AEB2B3F26
:106110006EF23D3FBFA02B3FC5353E3F1B562B3F88
:10612000FF783E3F5B0B2B3F1BBC3E3F82C02A3FAC
:106130001BFF3E3F8E752A3FFC413F3F802A2A3F8E
:10614000C0843F3F57DF293F67C73F3F1594293F32
:10615000F009403FB848293F5C4C403F41FD283F93
:10616000A98E403FB0B1283FDAD0403F0566283FB6
:10617000EC12413F401A283FE154413F61CE273F96
:10618000B796413F6882273F70D8413F5636273F38
:106190000B1A423F2AEA263F895B423FE39D263F96
:1061A000E89C423F8451263F29DE423F0A05263FB4
:1061B0004C1F433F77B8253F5160433FCB6B253F92
:1061C00038A1433F041F253F00E2433F25D2243F2F
:1061D000AB22443F2C85243F3763443F1A38243F89
:1061E000A5A3443FEEEA233FF5E3443FA99D233FA7
:1061F0002624453F4B50233F3964453FD302233F7C
:106200002DA4453F43B5223F03E4453F9967223F14
:10621000BB23463FD719223F5463463FFBCB213F68
:10622000CEA2463F067E213F2AE2463FF92F213F7C
:106230006721473FD2E1203F8560473F9393203F4E
:10624000849F473F3B45203F65DE473FCBF61F3FDE
:10625000271D483F41A81F3FCA5B483F9F591F3F2A
:106260004E9A483FE50A1F3FB3D8483F12BC1E3F35
:10627000FA16493F266D1E3F2155493F221E1E3FFB
:106280002993493F06CF1D3F12D1493FD17F1D3F82
:10629000DC0E4A3F84301D3F874C4A3F1FE11C3FC4
:1062A000138A4A3FA2911C3F7FC74A3F0C421C3FC2
:1062B000CC044B3F5FF21B3FFA414B3F99A21B3F7F
:1062C000097F4B3FBB521B3FF8BB4B3FC6021B3FF6
:1062D000C7F84B3FB8B21A3F78354C3F93621A3F2C
:1062E00008724C3F55121A3F79AE4C3F00C2193F1D
:1062F000CBEA4C3F9471193FFD264D3F0F21193FCA
:1063000010634D3F73D0183F029F4D3FC07F183F31
:10631000D5DA4D3FF52E183F89164E3F12DE173F56
:106320001C524E3F188D173F908D4E3F073C173F34
:10633000E4C84E3FDFEA163F17044F3F9F99163FD0
:106340002B3F4F3F4748163F1F7A4F3FD9F6153F27
:10635000F4B44F3F54A5153FA8EF4F3FB753153F37
:106360003B2A503F0402153FAF64503F39B0143F01
:10637000039F503F585E143F37D9503F5F0C143F86
:106380004A13513F50BA133F3D4D513F2A68133FC6
:106390001087513FEE15133FC2C0513F9AC3123FC1
:1063A00054FA513F3071123FC633523FB01E123F74
:1063B000186D523F19CC113F49A6523F6B79113FDE
:1063C00059DF523FA726113F4918533FCDD3103F05
:1063D0001851533FDC80103FC789533FD52D103FE4
:1063E00055C2533FB8DA0F3FC3FA533F84870F3F7C
:1063F0000F33543F3B340F3F3B6B543FDBE00E3FCA
:1064000047A3543F658D0E3F31DB543FDA390E3FD1
:10641000FB12553F38E60D3FA44A553F81920D3F90
:106420002C82553FB33E0D3F93B9553FD0EA0C3F08
:10643000D9F0553FD7960C3FFE27563FC9420C3F37
:10644000025F563FA5EE0B3FE595563F6B9A0B3F1B
:10645000A7CC563F1C460B3F4803573FB7F10A3FB6
:10646000C739573F3D9D0A3F2670573FAD480A3F09
:1064700063A6573F09F4093F7FDC573F4E9F093F12
:106480007912583F7F4A093F5348583F9BF5083FD0
:106490000B7E583FA1A0083FA1B3583F924B083F45
:1064A00017E9583F6FF6073F6A1E593F36A1073F6D
:1064B0009C53593FE84B073FAD88593F86F6063F4E
:1064C0009CBD593F0EA1063F6AF2593F824B063FE1
:1064D00016275A3FE2F5053FA05B5A3F2CA0053F27
:1064E00009905A3F624A053F50C45A3F84F4043F22
:1064F00075F85A3F919E043F792C5B3F8948043FD1
:106500005A605B3F6DF2033F1A945B3F3D9C033F33
:10651000B8C75B3FF845033F34FB5B3F9FEF023F4B
:106520008E2E5C3F3299023FC7615C3FB142023F11
:10653000DD945C3F1CEC013FD1C75C3F7395013F8C
:10654000A3FA5C3FB53E013F532D5D3FE4E7003FBA
:10655000E15F5D3FFF90003F4D925D3F063A003F97
:1065600097C45D3FF3C5FF3EBEF65D3FB217FF3EE9
:10657000C3285E3F4A69FE3EA65A5E3FBBBAFD3E57
:10658000678C5E3F040CFD3E05BE5E3F275DFC3E12
:1065900081EF5E3F22AEFB3EDB205F3FF7FEFA3E1F
:1065A00012525F3FA54FFA3E27835F3F2DA0F93E71
:1065B00019B45F3F8EF0F83EE9E45F3FC840F83E13
:1065C0009615603FDC90F73E2146603FCBE0F63EFB
:1065D0008976603F9330F63ECFA6603F3580F53E2A
:1065E000F2D6603FB1CFF43EF206613F071FF43EA2
:1065F000D036613F386EF33E8A66613F43BDF23E5E
:106600002296613F290CF23E98C5613FEA5AF13E5D
:10661000EAF4613F85A9F03E1A24623FFBF7EF3EA2
:106620002653623F4C46EF3E1082623F7994EE3E25
:10663000D7B0623F80E2ED3E7BDF623F6330ED3EEC
:10664000FC0D633F217EEC3E5A3C633FBBCBEB3EEF
:10665000956A633F3019EB3EAC98633F8166EA3E32
:10666000A1C6633FAEB3E93E73F4633FB700E93EB2
:106670002122643F9C4DE83EAC4F643F5D9AE73E6B
:10668000147D643FFBE6E63E59AA643F7533E63E5F
:106690007BD7643FCB7FE53E7904653FFECBE43E8C
:1066A0005431653F0E18E43E0B5E653FFA63E33EEE
:1066B000A08A653FC4AFE23E10B7653F6AFBE13E8A
:1066C0005EE3653FEE46E13E880F663F4F92E03E57
:1066D0008E3B663F8DDDDF3E7167663FA928DF3E5A
:1066E0003093663FA273DE3ECCBE663F79BEDD3E90
:1066F00045EA663F2E09DD3E9915673FC153DC3EF2
:10670000CA40673F319EDB3ED86B673F80E8DA3E88
:10671000C196673FAD32DA3E87C1673FB97CD93E4B
:106720002AEC673FA3C6D83EA816683F6B10D83E38
:106730000341683F135AD73E396B683F99A3D63E51
:106740004C95683FFDECD53E3CBF683F4136D53E99
:1067500007E9683F647FD43EAE12693F67C8D33E05
:10676000323C693F4811D33E9165693F095AD23E98
:10677000CC8E693FAAA2D13EE4B7693F2AEBD03E56
:10678000D7E0693F8A33D03EA7096A3FCA7BCF3E34
:1067900052326A3FEAC3CE3ED95A6A3FEA0BCE3E36
:1067A0003C836A3FCA53CD3E7BAB6A3F8B9BCC3E5A
:1067B00095D36A3F2CE3CB3E8CFB6A3FAE2ACB3E9F
:1067C0005E236B3F1072CA3E0C4B6B3F53B9C93E00
:1067D00095726B3F7700C93EFB996B3F7C47C83E83
:1067E0003BC16B3F628EC73E58E86B3F29D5C63E22
:1067F000500F6C3FD21BC63E24366C3F5C62C53ED8
:10680000D45C6C3FC8A8C43E5E836C3F15EFC33EAA
:10681000C5A96C3F4435C33E07D06C3F557BC23E93
:1068200024F66C3F48C1C13E1D1C6D3F1E07C13E92
:10683000F2416D3FD54CC03EA1676D3F6F92BF3EA8
:106840002D8D6D3FEBD7BE3E93B26D3F4A1DBE3ED0
:10685000D5D76D3F8B62BD3EF2FC6D3FAFA7BC3E0E
:10686000EB216E3FB6ECBB3EBE466E3FA031BB3E59
:106870006D6B6E3F6E76BA3EF88F6E3F1EBBB93EB3
:106880005DB46E3FB2FFB83E9ED86E3F2A44B83E1C
:10689000BAFC6E3F8488B73EB0206F3FC3CCB63E93
:1068A00083446F3FE610B63E30686F3FEC54B53E10
:1068B000B88B6F3FD698B43E1BAF6F3FA5DCB33E9D
:1068C0005AD26F3F5820B33E73F56F3FEF63B23E2D
:1068D0006718703F6BA7B13E373B703FCBEAB03EC5
:1068E000E15D703F102EB03E6680703F3A71AF3E62
:1068F000C6A2703F49B4AE3E02C5703F3CF7AD3E04
:1069000017E7703F153AAD3E0809713FD47CAC3EA5
:10691000D42A713F77BFAB3E7A4C713F0102AB3E48
:10692000FB6D713F6F44AA3E578F713FC486A93EED
:106930008EB0713FFEC8A83E9FD1713F1F0BA83E8D
:106940008CF2713F254DA73E5213723F128FA63E27
:10695000F433723FE5D0A53E7054723F9F12A53EBE
:10696000C774723F3F54A43EF894723FC595A33E4E
:1069700004B5723F33D7A23EEBD4723F8718A23ED4
:10698000ACF4723FC259A13E4714733FE59AA03E52
:10699000BE33733FEEDB9F3E0E53733FDF1C9F3EC3
:1069A0003972733FB85D9E3E3F91733F789E9D3E26
:1069B0001FB0733F20DF9C3ED9CE733FAF1F9C3E7C
:1069C0006EED733F27609B3EDD0B743F86A09A3EC1
:1069D000272A743FCEE0993E4B48743FFE20993EF3
:1069E0004966743F1661983E2284743F17A1973E12
:1069F000D5A1743F00E1963E62BF743FD220963E1F
:106A0000C9DC743F8D60953E0BFA743F31A0943E13
:106A10002717753FBFDF933E1D34753F351F933EEB
:106A2000ED50753F945E923E976D753FDD9D913EB2
:106A30001C8A753F10DD903E7BA6753F2C1C903E56
:106A4000B3C2753F325B8F3EC6DE753F229A8E3EE3
:106A5000B3FA753FFCD88D3E7A16763FC0178D3E4F
:106A60001B32763F6E568C3E974D763F07958B3E98
:106A7000EC68763F8AD38A3E1B84763FF8118A3EC3
:106A8000249F763F5050893E07BA763F938E883ECA
:106A9000C4D4763FC1CC873E5BEF763FDA0A873EAF
:106AA000CC09773FDF48863E1724773FCE86853E68
:106AB0003C3E773FAAC4843E3A58773F7002843EFA
:106AC0001372773F2240833EC58B773FC07D823E65
:106AD00051A5773F4ABB813EB7BE773FC0F8803EA5
:106AE000F7D7773F2236803E10F1773FE1E67E3ED2
:106AF000040A783F56617D3ED122783FA4DB7B3E7D
:106B0000773B783FCB557A3EF853783FCCCF783EF1
:106B1000526C783FA649773E8684783F5AC3753ECB
:106B2000939C783FE83C743E7BB4783F51B6723E0C
:106B30003BCC783F942F713ED6E3783FB2A86F3EAE
:106B40004AFB783FAB216E3E9812793F7F9A6C3EAC
:106B5000BF29793F2F136B3EC040793FBA8B693E06
:106B60009A57793F2204683E4E6E793F667C663EB6
:106B7000DC84793F86F4643E439B793F836C633EBB
:106B800083B1793F5CE4613E9DC7793F135C603E11
:106B900091DD793FA8D35E3E5EF3793F1A4B5D3EAF
:106BA00004097A3F6AC25B3E841E7A3F97395A3E97
:106BB000DD337A3FA4B0583E10497A3F8F27573EC5
:106BC0001C5E7A3F589E553E02737A3F0115543E33
:106BD000C1877A3F898B523E599C7A3FF101513EE1
:106BE000CBB07A3F38784F3E16C57A3F60EE4D3EC7
:106BF0003AD97A3F67644C3E37ED7A3F4FDA4A3EE6
:106C00000E017B3F1850493EBE147B3FC2C5473E34
:106C100048287B3F4D3B463EAB3B7B3FB9B0443EB3
:106C2000E74E7B3F0726433EFC617B3F379B413E5F
:106C3000EA747B3F4910403EB2877B3F3E853E3E33
:106C4000539A7B3F15FA3C3ECDAC7B3FCF6E3B3E2B
:106C500020BF7B3F6CE3393E4DD17B3FEC57383E44
:106C600053E37B3F50CC363E31F57B3F9840353E79
:106C7000E9067C3FC4B4333E7A187C3FD428323EC8
:106C8000E5297C3FC99C303E283B7C3FA2102F3E2B
:106C9000444C7C3F61842D3E3A5D7C3F04F82B3EA2
:106CA000086E7C3F8D6B2A3EB07E7C3FFCDE283E2A
:106CB000318F7C3F5152273E8A9F7C3F8CC5253EB9
:106CC000BDAF7C3FAD38243EC9BF7C3FB6AB223E52
:106CD000AECF7C3FA51E213E6CDF7C3F7B911F3EEB
:106CE00003EF7C3F38041E3E73FE7C3FDE761C3E85
:106CF000BC0D7D3F6BE91A3EDD1C7D3FE05B193E1C
:106D0000D82B7D3F3DCE173EAC3A7D3F8340163EAB
:106D100059497D3FB2B2143EDE577D3FCA24133E2F
:106D20003D667D3FCC96113E74747D3FB708103EA2
:106D300085827D3F8B7A0E3E6E907D3F4AEC0C3E05
:106D4000309E7D3FF35D0B3ECCAB7D3F86CF093E51
:106D500040B97D3F0541083E8CC67D3F6EB2063E80
:106D6000B2D37D3FC223053EB1E07D3F0295033E95
:106D700088ED7D3F2E06023E38FA7D3F4577003E86
:106D8000C2067E3F92D0FD3D24137E3F73B2FA3D92
:106D90005E1F7E3F2C94F73D722B7E3FC075F43D05
:106DA0005E377E3F2E57F13D23437E3F7638EE3DE2
:106DB000C14E7E3F9A19EB3D385A7E3F9AFAE73D25
:106DC00088657E3F76DBE43DB0707E3F2EBCE13DC2
:106DD000B17B7E3FC49CDE3D8B867E3F377DDB3DB5
:106DE0003D917E3F895DD83DC99B7E3FB93DD53DF4
:106DF0002DA67E3FC81DD23D69B07E3FB7FDCE3D7A
:106E00007FBA7E3F86DDCB3D6DC47E3F36BDC83D3B
:106E100034CE7E3FC69CC53DD4D77E3F397CC23D33
:106E20004CE17E3F8D5BBF3D9DEA7E3FC33ABC3D5A
:106E3000C7F37E3FDD19B93DC9FC7E3FDAF8B53DA9
:106E4000A4057F3FBBD7B23D580E7F3F80B6AF3D14
:106E5000E4167F3F2B95AC3D491F7F3FBA73A93D98
:106E600087277F3F3052A63D9D2F7F3F8C30A33D2B
:106E70008D377F3FCF0EA03D543F7F3FF9EC9C3DC7
:106E8000F4467F3F0ACB993D6D4E7F3F05A9963D65
:106E9000BF557F3FE786933DE95C7F3FB464903DFB
:106EA000EC637F3F6A428D3DC76A7F3F0A208A3D7F
:106EB0007B717F3F94FD863D08787F3F0ADB833DF1
:106EC0006D7E7F3F6CB8803DAB847F3F742B7B3DF4
:106ED000C28A7F3FE9E5743DB1907F3F38A06E3DA7
:106EE00078967F3F625A683D189C7F3F6814623DE8
:106EF00091A17F3F4CCE5B3DE3A67F3F0E88553D81
:106F00000DAC7F3FAF414F3D0FB17F3F2FFB483D61
:106F1000EAB57F3F91B4423D9EBA7F3FD56D3C3D7F
:106F20002ABF7F3FFC26363D8FC37F3F07E02F3DC2
:106F3000CCC77F3FF698293DE2CB7F3FCC51233D24
:106F4000D1CF7F3F880A1D3D98D37F3F2CC3163D8C
:106F500037D77F3FB87B103DAFDA7F3F2F340A3DF4
:106F600000DE7F3F90EC033D29E17F3FB949FB3CC8
:106F70002BE47F3F2DBAEE3C05E77F3F7B2AE23CC6
:106F8000B8E97F3FA69AD53C43EC7F3FB00AC93CA5
:106F9000A7EE7F3F9B7ABC3CE3F07F3F69EAAF3CC2
:106FA000F8F27F3F1C5AA33CE6F47F3FB6C9963CFB
:106FB000ACF67F3F38398A3C4AF87F3F4B517B3CE7
:106FC000C1F97F3F0030623C11FB7F3F900E493C8E
:106FD00039FC7F3F02ED2F3C39FD7F3F59CB163CFA
:106FE00013FE7F3F3053FB3BC4FE7F3F890FC93BFD
:106FF0004EFF7F3FC1CB963BB1FF7F3FC70F493B61
:10700000ECFF7F3FD40FC93A0000803F0000000032
:10701000ECFF7F3FD40FC9BAB1FF7F3FC70F49BB19
:107020004EFF7F3FC1CB96BBC4FE7F3F890FC9BBDC
:1070300013FE7F3F3053FBBB39FD7F3F59CB16BC5E
:1070400039FC7F3F02ED2FBC11FB7F3F900E49BC06
:10705000C1F97F3F003062BC4AF87F3F4B517BBC97
:10706000ACF67F3F38398ABCE6F47F3FB6C996BCA0
:10707000F8F27F3F1C5AA3BCE3F07F3F69EAAFBC44
:10708000A7EE7F3F9B7ABCBC43EC7F3FB00AC9BCF4
:10709000B8E97F3FA69AD5BC05E77F3F7B2AE2BCD3
:1070A0002BE47F3F2DBAEEBC29E17F3FB949FBBC01
:1070B00000DE7F3F90EC03BDAFDA7F3F2F340ABD87
:1070C00037D77F3FB87B10BD98D37F3F2CC316BD09
:1070D000D1CF7F3F880A1DBDE2CB7F3FCC5123BD7E
:1070E000CCC77F3FF69829BD8FC37F3F07E02FBDF8
:1070F0002ABF7F3FFC2636BD9EBA7F3FD56D3CBD83
:10710000EAB57F3F91B442BD0FB17F3F2FFB48BD31
:107110000DAC7F3FAF414FBDE3A67F3F0E8855BD0D
:1071200091A17F3F4CCE5BBD189C7F3F681462BD30
:1071300078967F3F625A68BDB1907F3F38A06EBDA0
:10714000C28A7F3FE9E574BDAB847F3F742B7BBD72
:107150006D7E7F3F6CB880BD08787F3F0ADB83BDC2
:107160007B717F3F94FD86BDC76A7F3F0A208ABD41
:10717000EC637F3F6A428DBDE95C7F3FB46490BDA4
:10718000BF557F3FE78693BD6D4E7F3F05A996BDF6
:10719000F4467F3F0ACB99BD543F7F3FF9EC9CBD3D
:1071A0008D377F3FCF0EA0BD9D2F7F3F8C30A3BD7D
:1071B00087277F3F3052A6BD491F7F3FBA73A9BDC5
:1071C000E4167F3F2B95ACBD580E7F3F80B6AFBD18
:1071D000A4057F3FBBD7B2BDC9FC7E3FDAF8B5BD81
:1071E000C7F37E3FDD19B9BD9DEA7E3FC33ABCBD02
:1071F0004CE17E3F8D5BBFBDD4D77E3F397CC2BDA5
:1072000034CE7E3FC69CC5BD6DC47E3F36BDC8BD75
:107210007FBA7E3F86DDCBBD69B07E3FB7FDCEBD78
:107220002DA67E3FC81DD2BDC99B7E3FB93DD5BDB1
:107230003D917E3F895DD8BD8B867E3F377DDBBD2E
:10724000B17B7E3FC49CDEBDB0707E3F2EBCE1BDF5
:1072500088657E3F76DBE4BD385A7E3F9AFAE7BD0B
:10726000C14E7E3F9A19EBBD23437E3F7638EEBD7B
:107270005E377E3F2E57F1BD722B7E3FC075F4BD49
:107280005E1F7E3F2C94F7BD24137E3F73B2FABD80
:10729000C2067E3F92D0FDBD38FA7D3F457700BEE5
:1072A00088ED7D3F2E0602BEB1E07D3F029503BE14
:1072B000B2D37D3FC22305BE8CC67D3F6EB206BEF3
:1072C00040B97D3F054108BECCAB7D3F86CF09BEAE
:1072D000309E7D3FF35D0BBE6E907D3F4AEC0CBE51
:1072E00085827D3F8B7A0EBE74747D3FB70810BED9
:1072F0003D667D3FCC9611BEDE577D3FCA2413BE4E
:1073000059497D3FB2B214BEAC3A7D3F834016BEB0
:10731000D82B7D3F3DCE17BEDD1C7D3FE05B19BE07
:10732000BC0D7D3F6BE91ABE73FE7C3FDE761CBE52
:1073300003EF7C3F38041EBE6CDF7C3F7B911FBE99
:10734000AECF7C3FA51E21BEC9BF7C3FB6AB22BEDF
:10735000BDAF7C3FAD3824BE8A9F7C3F8CC525BE27
:10736000318F7C3F515227BEB07E7C3FFCDE28BE71
:10737000086E7C3F8D6B2ABE3A5D7C3F04F82BBEC5
:10738000444C7C3F61842DBE283B7C3FA2102FBE25
:10739000E5297C3FC99C30BE7A187C3FD42832BE98
:1073A000E9067C3FC4B433BE31F57B3F984035BE1F
:1073B00053E37B3F50CC36BE4DD17B3FEC5738BEBC
:1073C00020BF7B3F6CE339BECDAC7B3FCF6E3BBE75
:1073D000539A7B3F15FA3CBEB2877B3F3E853EBE4B
:1073E000EA747B3F491040BEFC617B3F379B41BE46
:1073F000E74E7B3F072643BEAB3B7B3FB9B044BE65
:1074000048287B3F4D3B46BEBE147B3FC2C547BEAE
:107410000E017B3F185049BE37ED7A3F4FDA4ABE26
:107420003AD97A3F67644CBE16C57A3F60EE4DBECE
:10743000CBB07A3F38784FBE599C7A3FF10151BEAC
:10744000C1877A3F898B52BE02737A3F011554BEC1
:107450001C5E7A3F589E55BE10497A3F8F2757BE13
:10746000DD337A3FA4B058BE841E7A3F97395ABEA6
:1074700004097A3F6AC25BBE5EF3793F1A4B5DBE78
:1074800091DD793FA8D35EBE9DC7793F135C60BE96
:1074900083B1793F5CE461BE439B793F836C63BEFB
:1074A000DC84793F86F464BE4E6E793F667C66BEAE
:1074B0009A57793F220468BEC040793FBA8B69BEB3
:1074C000BF29793F2F136BBE9812793F7F9A6CBE0C
:1074D0004AFB783FAB216EBED6E3783FB2A86FBEC1
:1074E0003BCC783F942F71BE7BB4783F51B672BECF
:1074F000939C783FE83C74BE8684783F5AC375BE3F
:10750000526C783FA64977BEF853783FCCCF78BE0F
:10751000773B783FCB557ABED122783FA4DB7BBE48
:10752000040A783F56617DBE10F1773FE1E67EBEEA
:10753000F7D7773F223680BEB7BE773FC0F880BE10
:1075400051A5773F4ABB81BEC58B773FC07D82BEC8
:107550001372773F224083BE3A58773F700284BE51
:107560003C3E773FAAC484BE1724773FCE8685BEB3
:10757000CC09773FDF4886BE5BEF763FDA0A87BEED
:10758000C4D4763FC1CC87BE07BA763F938E88BEFF
:10759000249F763F505089BE1B84763FF8118ABEE7
:1075A000EC68763F8AD38ABE974D763F07958BBEAF
:1075B0001B32763F6E568CBE7A16763FC0178DBE54
:1075C000B3FA753FFCD88DBEC6DE753F229A8EBEDB
:1075D000B3C2753F325B8FBE7BA6753F2C1C90BE3D
:1075E0001C8A753F10DD90BE976D753FDD9D91BE85
:1075F000ED50753F945E92BE1D34753F351F93BEAE
:107600002717753FBFDF93BE0BFA743F31A094BEBE
:10761000C9DC743F8D6095BE62BF743FD22096BEB8
:10762000D5A1743F00E196BE2284743F17A197BE96
:107630004966743F166198BE4B48743FFE2099BE60
:10764000272A743FCEE099BEDD0B743F86A09ABE18
:107650006EED733F27609BBED9CE733FAF1F9CBEBC
:107660001FB0733F20DF9CBE3F91733F789E9DBE4D
:107670003972733FB85D9EBE0E53733FDF1C9FBED1
:10768000BE33733FEEDB9FBE4714733FE59AA0BE47
:10769000ACF4723FC259A1BEEBD4723F8718A2BEB0
:1076A00004B5723F33D7A2BEF894723FC595A3BE0E
:1076B000C774723F3F54A4BE7054723F9F12A5BE60
:1076C000F433723FE5D0A5BE5213723F128FA6BEAF
:1076D0008CF2713F254DA7BE9FD1713F1F0BA8BEF5
:1076E0008EB0713FFEC8A8BE578F713FC486A9BE39
:1076F000FB6D713F6F44AABE7A4C713F0102ABBE75
:10770000D42A713F77BFABBE0809713FD47CACBEB1
:1077100017E7703F153AADBE02C5703F3CF7ADBEEE
:10772000C6A2703F49B4AEBE6680703F3A71AFBE2C
:10773000E15D703F102EB0BE373B703FCBEAB0BE6C
:107740006718703F6BA7B1BE73F56F3FEF63B2BEB2
:107750005AD26F3F5820B3BE1BAF6F3FA5DCB3BEFC
:10776000B88B6F3FD698B4BE30686F3FEC54B5BE4F
:1077700083446F3FE610B6BEB0206F3FC3CCB6BEA9
:10778000BAFC6E3F8488B7BE9ED86E3F2A44B8BE0E
:107790005DB46E3FB2FFB8BEF88F6E3F1EBBB9BE80
:1077A0006D6B6E3F6E76BABEBE466E3FA031BBBEFD
:1077B000EB216E3FB6ECBBBEF2FC6D3FAFA7BCBE8B
:1077C000D5D76D3F8B62BDBE93B26D3F4A1DBEBE25
:1077D0002D8D6D3FEBD7BEBEA1676D3F6F92BFBED3
:1077E000F2416D3FD54CC0BE1D1C6D3F1E07C1BE92
:1077F00024F66C3F48C1C1BE07D06C3F557BC2BE6A
:10780000C5A96C3F4435C3BE5E836C3F15EFC3BE54
:10781000D45C6C3FC8A8C4BE24366C3F5C62C5BE55
:10782000500F6C3FD21BC6BE58E86B3F29D5C6BE71
:107830003BC16B3F628EC7BEFB996B3F7C47C8BEA6
:1078400095726B3F7700C9BE0C4B6B3F53B9C9BEF5
:107850005E236B3F1072CABE8CFB6A3FAE2ACBBE62
:1078600095D36A3F2CE3CBBE7BAB6A3F8B9BCCBEF0
:107870003C836A3FCA53CDBED95A6A3FEA0BCEBE9B
:1078800052326A3FEAC3CEBEA7096A3FCA7BCFBE67
:10789000D7E0693F8A33D0BEE4B7693F2AEBD0BE58
:1078A000CC8E693FAAA2D1BE9165693F095AD2BE6A
:1078B000323C693F4811D3BEAE12693F67C8D3BEA0
:1078C00007E9683F647FD4BE3CBF683F4136D5BE00
:1078D0004C95683FFDECD5BE396B683F99A3D6BE89
:1078E0000341683F135AD7BEA816683F6B10D8BE35
:1078F0002AEC673FA3C6D8BE87C1673FB97CD9BE13
:10790000C196673FAD32DABED86B673F80E8DABE1A
:10791000CA40673F319EDBBE9915673FC153DCBE4D
:1079200045EA663F2E09DDBECCBE663F79BEDDBEB0
:107930003093663FA273DEBE7167663FA928DFBE43
:107940008E3B663F8DDDDFBE880F663F4F92E0BE07
:107950005EE3653FEE46E1BE10B7653F6AFBE1BE00
:10796000A08A653FC4AFE2BE0B5E653FFA63E3BE2B
:107970005431653F0E18E4BE7904653FFECBE4BE8A
:107980007BD7643FCB7FE5BE59AA643F7533E6BE23
:10799000147D643FFBE6E6BEAC4F643F5D9AE7BEF4
:1079A0002122643F9C4DE8BE73F4633FB700E9BEFB
:1079B000A1C6633FAEB3E9BEAC98633F8166EABE41
:1079C000956A633F3019EBBE5A3C633FBBCBEBBEBD
:1079D000FC0D633F217EECBE7BDF623F6330EDBE7A
:1079E000D7B0623F80E2EDBE1082623F7994EEBE76
:1079F0002653623F4C46EFBE1A24623FFBF7EFBEB0
:107A0000EAF4613F85A9F0BE98C5613FEA5AF1BE2C
:107A10002296613F290CF2BE8A66613F43BDF2BEE9
:107A2000D036613F386EF3BEF206613F071FF4BEE9
:107A3000F2D6603FB1CFF4BECFA6603F3580F5BE31
:107A40008976603F9330F6BE2146603FCBE0F6BEBC
:107A50009615603FDC90F7BEE9E45F3FC840F8BE92
:107A600019B45F3F8EF0F8BE27835F3F2DA0F9BEAB
:107A700012525F3FA54FFABEDB205F3FF7FEFABE12
:107A800081EF5E3F22AEFBBE05BE5E3F275DFCBEC2
:107A9000678C5E3F040CFDBEA65A5E3FBBBAFDBEBE
:107AA000C3285E3F4A69FEBEBEF65D3FB217FFBE09
:107AB00097C45D3FF3C5FFBE4D925D3F063A00BFE0
:107AC000E15F5D3FFF9000BF532D5D3FE4E700BFE6
:107AD000A3FA5C3FB53E01BFD1C75C3F739501BFC0
:107AE000DD945C3F1CEC01BFC7615C3FB14202BF4B
:107AF0008E2E5C3F329902BF34FB5B3F9FEF02BF8B
:107B0000B8C75B3FF84503BF1A945B3F3D9C03BF7A
:107B10005A605B3F6DF203BF792C5B3F894804BF1D
:107B200075F85A3F919E04BF50C45A3F84F404BF75
:107B300009905A3F624A05BFA05B5A3F2CA005BF7F
:107B400016275A3FE2F505BF6AF2593F824B06BF3E
:107B50009CBD593F0EA106BFAD88593F86F606BFB2
:107B60009C53593FE84B07BF6A1E593F36A107BFD8
:107B700017E9583F6FF607BFA1B3583F924B08BFB4
:107B80000B7E583FA1A008BF5348583F9BF508BF44
:107B90007912583F7F4A09BF7FDC573F4E9F09BF8C
:107BA00063A6573F09F409BF2670573FAD480ABF87
:107BB000C739573F3D9D0ABF4803573FB7F10ABF3A
:107BC000A7CC563F1C460BBFE595563F6B9A0BBFA3
:107BD000025F563FA5EE0BBFFE27563FC9420CBFC2
:107BE000D9F0553FD7960CBF93B9553FD0EA0CBF9B
:107BF0002C82553FB33E0DBFA44A553F81920DBF25
:107C0000FB12553F38E60DBF31DB543FDA390EBF6A
:107C100047A3543F658D0EBF3B6B543FDBE00EBF67
:107C20000F33543F3B340FBFC3FA533F84870FBF1A
:107C300055C2533FB8DA0FBFC789533FD52D10BF88
:107C40001851533FDC8010BF4918533FCDD310BFAC
:107C500059DF523FA72611BF49A6523F6B7911BF8A
:107C6000186D523F19CC11BFC633523FB01E12BF20
:107C700054FA513F307112BFC2C0513F9AC312BF74
:107C80001087513FEE1513BF3D4D513F2A6813BF7A
:107C90004A13513F50BA13BF37D9503F5F0C14BF3E
:107CA000039F503F585E14BFAF64503F39B014BFBC
:107CB0003B2A503F040215BFA8EF4F3FB75315BFF3
:107CC000F4B44F3F54A515BF1F7A4F3FD9F615BFE7
:107CD0002B3F4F3F474816BF17044F3F9F9916BF92
:107CE000E4C84E3FDFEA16BF908D4E3F073C17BFFA
:107CF0001C524E3F188D17BF89164E3F12DE17BF1C
:107D0000D5DA4D3FF52E18BF029F4D3FC07F18BFFB
:107D100010634D3F73D018BFFD264D3F0F2119BF93
:107D2000CBEA4C3F947119BF79AE4C3F00C219BFEA
:107D300008724C3F55121ABF78354C3F93621ABFF8
:107D4000C7F84B3FB8B21ABFF8BB4B3FC6021BBFC8
:107D5000097F4B3FBB521BBFFA414B3F99A21BBF50
:107D6000CC044B3F5FF21BBF7FC74A3F0C421CBF96
:107D7000138A4A3FA2911CBF874C4A3F1FE11CBF98
:107D8000DC0E4A3F84301DBF12D1493FD17F1DBF59
:107D90002993493F06CF1DBF2155493F221E1EBFD3
:107DA000FA16493F266D1EBFB3D8483F12BC1EBF0E
:107DB0004E9A483FE50A1FBFCA5B483F9F591FBF05
:107DC000271D483F41A81FBF65DE473FCBF61FBFB9
:107DD000849F473F3B4520BF8560473F939320BF2B
:107DE0006721473FD2E120BF2AE2463FF92F21BF5A
:107DF000CEA2463F067E21BF5463463FFBCB21BF48
:107E0000BB23463FD71922BF03E4453F996722BFF2
:107E10002DA4453F43B522BF3964453FD30223BF5C
:107E20002624453F4B5023BFF5E3443FA99D23BF84
:107E3000A5A3443FEEEA23BF3763443F1A3824BF6B
:107E4000AB22443F2C8524BF00E2433F25D224BF10
:107E500038A1433F041F25BF5160433FCB6B25BF73
:107E60004C1F433F77B825BF29DE423F0A0526BF96
:107E7000E89C423F845126BF895B423FE39D26BF79
:107E80000B1A423F2AEA26BF70D8413F563627BF19
:107E9000B796413F688227BFE154413F61CE27BF7B
:107EA000EC12413F401A28BFDAD0403F056628BF98
:107EB000A98E403FB0B128BF5C4C403F41FD28BF78
:107EC000F009403FB84829BF67C73F3F159429BF15
:107ED000C0843F3F57DF29BFFC413F3F802A2ABF74
:107EE0001BFF3E3F8E752ABF1BBC3E3F82C02ABF90
:107EF000FF783E3F5B0B2BBFC5353E3F1B562BBF6C
:107F00006EF23D3FBFA02BBFF9AE3D3F4AEB2BBF0A
:107F1000676B3D3FB9352CBFB8273D3F0F802CBF65
:107F2000ECE33C3F49CA2CBF03A03C3F69142DBF82
:107F3000FC5B3C3F6F5E2DBFD9173C3F59A82DBF5E
:107F400098D33B3F29F22DBF3B8F3B3FDE3B2EBFFB
:107F5000C14A3B3F78852EBF29063B3FF7CE2EBF57
:107F600075C13A3F5B182FBFA47C3A3FA5612FBF74
:107F7000B7373A3FD3AA2FBFACF2393FE6F32FBF52
:107F800085AD393FDE3C30BF4268393FBB8530BFED
:107F9000E122393F7CCE30BF65DD383F221731BF4B
:107FA000CB97383FAD5F31BF1652383F1DA831BF68
:107FB000430C383F71F031BF55C6373FAA3832BF46
:107FC0004A80373FC78032BF233A373FC9C832BFE4
:107FD000DFF3363FAF1033BF7FAD363F7A5833BF44
:107FE0000467363F29A033BF6C20363FBCE733BF60
:107FF000B8D9353F342F34BFE792353F8F7634BF41
:10800000FB4B353FCFBD34BFF304353FF30435BFE1
:10801000CFBD343FFB4B35BF8F76343FE79235BF42
:10802000342F343FB8D935BFBCE7333F6C2036BF5F
:1080300029A0333F046736BF7A58333F7FAD36BF40
:10804000AF10333FDFF336BFC9C8323F233A37BFE3
:10805000C780323F4A8037BFAA38323F55C637BF44
:1080600071F0313F430C38BF1DA8313F165238BF65
:10807000AD5F313FCB9738BF2217313F65DD38BF49
:108080007CCE303FE12239BFBB85303F426839BFEB
:10809000DE3C303F85AD39BFE6F32F3FACF239BF50
:1080A000D3AA2F3FB7373ABFA5612F3FA47C3ABF71
:1080B0005B182F3F75C13ABFF7CE2E3F29063BBF55
:1080C00078852E3FC14A3BBFDE3B2E3F3B8F3BBFF7
:1080D00029F22D3F98D33BBF59A82D3FD9173CBF5C
:1080E0006F5E2D3FFC5B3CBF69142D3F03A03CBF7E
:1080F00049CA2C3FECE33CBF0F802C3FB8273DBF63
:10810000B9352C3F676B3DBF4AEB2B3FF9AE3DBF06
:10811000BFA02B3F6EF23DBF1B562B3FC5353EBF68
:108120005B0B2B3FFF783EBF82C02A3F1BBC3EBF8C
:108130008E752A3F1BFF3EBF802A2A3FFC413FBF6E
:1081400057DF293FC0843FBF1594293F67C73FBF12
:10815000B848293FF00940BF41FD283F5C4C40BF73
:10816000B0B1283FA98E40BF0566283FDAD040BF96
:10817000401A283FEC1241BF61CE273FE15441BF76
:108180006882273FB79641BF5636273F70D841BF18
:108190002AEA263F0B1A42BFE39D263F895B42BF76
:1081A0008451263FE89C42BF0A05263F29DE42BF94
:1081B00077B8253F4C1F43BFCB6B253F516043BF72
:1081C000041F253F38A143BF25D2243F00E243BF0F
:1081D0002C85243FAB2244BF1A38243F376344BF69
:1081E000EEEA233FA5A344BFA99D233FF5E344BF87
:1081F0004B50233F262445BFD302233F396445BF5C
:1082000043B5223F2DA445BF9967223F03E445BFF4
:10821000D719223FBB2346BFFBCB213F546346BF48
:10822000067E213FCEA246BFF92F213F2AE246BF5C
:10823000D2E1203F672147BF9393203F856047BF2E
:108240003B45203F849F47BFCBF61F3F65DE47BFBE
:1082500041A81F3F271D48BF9F591F3FCA5B48BF0A
:10826000E50A1F3F4E9A48BF12BC1E3FB3D848BF15
:10827000266D1E3FFA1649BF221E1E3F215549BFDB
:1082800006CF1D3F299349BFD17F1D3F12D149BF62
:1082900084301D3FDC0E4ABF1FE11C3F874C4ABFA4
:1082A000A2911C3F138A4ABF0C421C3F7FC74ABFA2
:1082B0005FF21B3FCC044BBF99A21B3FFA414BBF5F
:1082C000BB521B3F097F4BBFC6021B3FF8BB4BBFD6
:1082D000B8B21A3FC7F84BBF93621A3F78354CBF0C
:1082E00055121A3F08724CBF00C2193F79AE4CBFFD
:1082F0009471193FCBEA4CBF0F21193FFD264DBFAA
:1083000073D0183F10634DBFC07F183F029F4DBF11
:10831000F52E183FD5DA4DBF12DE173F89164EBF36
:10832000188D173F1C524EBF073C173F908D4EBF14
:10833000DFEA163FE4C84EBF9F99163F17044FBFB0
:108340004748163F2B3F4FBFD9F6153F1F7A4FBF07
:1083500054A5153FF4B44FBFB753153FA8EF4FBF17
:108360000402153F3B2A50BF39B0143FAF6450BFE1
:10837000585E143F039F50BF5F0C143F37D950BF66
:1083800050BA133F4A1351BF2A68133F3D4D51BFA6
:10839000EE15133F108751BF9AC3123FC2C051BFA1
:1083A0003071123F54FA51BFB01E123FC63352BF54
:1083B00019CC113F186D52BF6B79113F49A652BFBE
:1083C000A726113F59DF52BFCDD3103F491853BFE5
:1083D000DC80103F185153BFD52D103FC78953BFC4
:1083E000B8DA0F3F55C253BF84870F3FC3FA53BF5C
:1083F0003B340F3F0F3354BFDBE00E3F3B6B54BFAA
:10840000658D0E3F47A354BFDA390E3F31DB54BFB1
:1084100038E60D3FFB1255BF81920D3FA44A55BF70
:10842000B33E0D3F2C8255BFD0EA0C3F93B955BFE8
:10843000D7960C3FD9F055BFC9420C3FFE2756BF17
:10844000A5EE0B3F025F56BF6B9A0B3FE59556BFFB
:108450001C460B3FA7CC56BFB7F10A3F480357BF96
:108460003D9D0A3FC73957BFAD480A3F267057BFE9
:1084700009F4093F63A657BF4E9F093F7FDC57BFF2
:108480007F4A093F791258BF9BF5083F534858BFB0
:10849000A1A0083F0B7E58BF924B083FA1B358BF25
:1084A0006FF6073F17E958BF36A1073F6A1E59BF4D
:1084B000E84B073F9C5359BF86F6063FAD8859BF2E
:1084C0000EA1063F9CBD59BF824B063F6AF259BFC1
:1084D000E2F5053F16275ABF2CA0053FA05B5ABF07
:1084E000624A053F09905ABF84F4043F50C45ABF02
:1084F000919E043F75F85ABF8948043F792C5BBFB1
:108500006DF2033F5A605BBF3D9C033F1A945BBF13
:10851000F845033FB8C75BBF9FEF023F34FB5BBF2B
:108520003299023F8E2E5CBFB142023FC7615CBFF1
:108530001CEC013FDD945CBF7395013FD1C75CBF6C
:10854000B53E013FA3FA5CBFE4E7003F532D5DBF9A
:10855000FF90003FE15F5DBF063A003F4D925DBF77
:10856000F3C5FF3E97C45DBFB217FF3EBEF65DBFC9
:108570004A69FE3EC3285EBFBBBAFD3EA65A5EBF37
:10858000040CFD3E678C5EBF275DFC3E05BE5EBFF2
:1085900022AEFB3E81EF5EBFF7FEFA3EDB205FBFFF
:1085A000A54FFA3E12525FBF2DA0F93E27835FBF51
:1085B0008EF0F83E19B45FBFC840F83EE9E45FBFF3
:1085C000DC90F73E961560BFCBE0F63E214660BFDB
:1085D0009330F63E897660BF3580F53ECFA660BF0A
:1085E000B1CFF43EF2D660BF071FF43EF20661BF82
:1085F000386EF33ED03661BF43BDF23E8A6661BF3E
:10860000290CF23E229661BFEA5AF13E98C561BF3D
:1086100085A9F03EEAF461BFFBF7EF3E1A2462BF82
:108620004C46EF3E265362BF7994EE3E108262BF05
:1086300080E2ED3ED7B062BF6330ED3E7BDF62BFCC
:10864000217EEC3EFC0D63BFBBCBEB3E5A3C63BFCF
:108650003019EB3E956A63BF8166EA3EAC9863BF12
:10866000AEB3E93EA1C663BFB700E93E73F463BF92
:108670009C4DE83E212264BF5D9AE73EAC4F64BF4B
:10868000FBE6E63E147D64BF7533E63E59AA64BF3F
:10869000CB7FE53E7BD764BFFECBE43E790465BF6C
:1086A0000E18E43E543165BFFA63E33E0B5E65BFCE
:1086B000C4AFE23EA08A65BF6AFBE13E10B765BF6A
:1086C000EE46E13E5EE365BF4F92E03E880F66BF37
:1086D0008DDDDF3E8E3B66BFA928DF3E716766BF3A
:1086E000A273DE3E309366BF79BEDD3ECCBE66BF70
:1086F0002E09DD3E45EA66BFC153DC3E991567BFD2
:10870000319EDB3ECA4067BF80E8DA3ED86B67BF68
:10871000AD32DA3EC19667BFB97CD93E87C167BF2B
:10872000A3C6D83E2AEC67BF6B10D83EA81668BF18
:10873000135AD73E034168BF99A3D63E396B68BF31
:10874000FDECD53E4C9568BF4136D53E3CBF68BF79
:10875000647FD43E07E968BF67C8D33EAE1269BFE5
:108760004811D33E323C69BF095AD23E916569BF78
:10877000AAA2D13ECC8E69BF2AEBD03EE4B769BF36
:108780008A33D03ED7E069BFCA7BCF3EA7096ABF14
:10879000EAC3CE3E52326ABFEA0BCE3ED95A6ABF16
:1087A000CA53CD3E3C836ABF8B9BCC3E7BAB6ABF3A
:1087B0002CE3CB3E95D36ABFAE2ACB3E8CFB6ABF7F
:1087C0001072CA3E5E236BBF53B9C93E0C4B6BBFE0
:1087D0007700C93E95726BBF7C47C83EFB996BBF63
:1087E000628EC73E3BC16BBF29D5C63E58E86BBF02
:1087F000D21BC63E500F6CBF5C62C53E24366CBFB8
:10880000C8A8C43ED45C6CBF15EFC33E5E836CBF8A
:108810004435C33EC5A96CBF557BC23E07D06CBF73
:1088200048C1C13E24F66CBF1E07C13E1D1C6DBF72
:10883000D54CC03EF2416DBF6F92BF3EA1676DBF88
:10884000EBD7BE3E2D8D6DBF4A1DBE3E93B26DBFB0
:108850008B62BD3ED5D76DBFAFA7BC3EF2FC6DBFEE
:10886000B6ECBB3EEB216EBFA031BB3EBE466EBF39
:108870006E76BA3E6D6B6EBF1EBBB93EF88F6EBF93
:10888000B2FFB83E5DB46EBF2A44B83E9ED86EBFFC
:108890008488B73EBAFC6EBFC3CCB63EB0206FBF73
:1088A000E610B63E83446FBFEC54B53E30686FBFF0
:1088B000D698B43EB88B6FBFA5DCB33E1BAF6FBF7D
:1088C0005820B33E5AD26FBFEF63B23E73F56FBF0D
:1088D0006BA7B13E671870BFCBEAB03E373B70BFA5
:1088E000102EB03EE15D70BF3A71AF3E668070BF42
:1088F00049B4AE3EC6A270BF3CF7AD3E02C570BFE4
:10890000153AAD3E17E770BFD47CAC3E080971BF85
:1089100077BFAB3ED42A71BF0102AB3E7A4C71BF28
:108920006F44AA3EFB6D71BFC486A93E578F71BFCD
:10893000FEC8A83E8EB071BF1F0BA83E9FD171BF6D
:10894000254DA73E8CF271BF128FA63E521372BF07
:10895000E5D0A53EF43372BF9F12A53E705472BF9E
:108960003F54A43EC77472BFC595A33EF89472BF2E
:1089700033D7A23E04B572BF8718A23EEBD472BFB4
:10898000C259A13EACF472BFE59AA03E471473BF32
:10899000EEDB9F3EBE3373BFDF1C9F3E0E5373BFA3
:1089A000B85D9E3E397273BF789E9D3E3F9173BF06
:1089B00020DF9C3E1FB073BFAF1F9C3ED9CE73BF5C
:1089C00027609B3E6EED73BF86A09A3EDD0B74BFA1
:1089D000CEE0993E272A74BFFE20993E4B4874BFD3
:1089E0001661983E496674BF17A1973E228474BFF2
:1089F00000E1963ED5A174BFD220963E62BF74BFFF
:108A00008D60953EC9DC74BF31A0943E0BFA74BFF3
:108A1000BFDF933E271775BF351F933E1D3475BFCB
:108A2000945E923EED5075BFDD9D913E976D75BF92
:108A300010DD903E1C8A75BF2C1C903E7BA675BF36
:108A4000325B8F3EB3C275BF229A8E3EC6DE75BFC3
:108A5000FCD88D3EB3FA75BFC0178D3E7A1676BF2F
:108A60006E568C3E1B3276BF07958B3E974D76BF78
:108A70008AD38A3EEC6876BFF8118A3E1B8476BFA3
:108A80005050893E249F76BF938E883E07BA76BFAA
:108A9000C1CC873EC4D476BFDA0A873E5BEF76BF8F
:108AA000DF48863ECC0977BFCE86853E172477BF48
:108AB000AAC4843E3C3E77BF7002843E3A5877BFDA
:108AC0002240833E137277BFC07D823EC58B77BF45
:108AD0004ABB813E51A577BFC0F8803EB7BE77BF85
:108AE0002236803EF7D777BFE1E67E3E10F177BFB2
:108AF00056617D3E040A78BFA4DB7B3ED12278BF5D
:108B0000CB557A3E773B78BFCCCF783EF85378BFD1
:108B1000A649773E526C78BF5AC3753E868478BFAB
:108B2000E83C743E939C78BF51B6723E7BB478BFEC
:108B3000942F713E3BCC78BFB2A86F3ED6E378BF8E
:108B4000AB216E3E4AFB78BF7F9A6C3E981279BF8C
:108B50002F136B3EBF2979BFBA8B693EC04079BFE6
:108B60002204683E9A5779BF667C663E4E6E79BF96
:108B700086F4643EDC8479BF836C633E439B79BF9B
:108B80005CE4613E83B179BF135C603E9DC779BFF1
:108B9000A8D35E3E91DD79BF1A4B5D3E5EF379BF8F
:108BA0006AC25B3E04097ABF97395A3E841E7ABF77
:108BB000A4B0583EDD337ABF8F27573E10497ABFA5
:108BC000589E553E1C5E7ABF0115543E02737ABF13
:108BD000898B523EC1877ABFF101513E599C7ABFC1
:108BE00038784F3ECBB07ABF60EE4D3E16C57ABFA7
:108BF00067644C3E3AD97ABF4FDA4A3E37ED7ABFC6
:108C00001850493E0E017BBFC2C5473EBE147BBF14
:108C10004D3B463E48287BBFB9B0443EAB3B7BBF93
:108C20000726433EE74E7BBF379B413EFC617BBF3F
:108C30004910403EEA747BBF3E853E3EB2877BBF13
:108C400015FA3C3E539A7BBFCF6E3B3ECDAC7BBF0B
:108C50006CE3393E20BF7BBFEC57383E4DD17BBF24
:108C600050CC363E53E37BBF9840353E31F57BBF59
:108C7000C4B4333EE9067CBFD428323E7A187CBFA8
:108C8000C99C303EE5297CBFA2102F3E283B7CBF0B
:108C900061842D3E444C7CBF04F82B3E3A5D7CBF82
:108CA0008D6B2A3E086E7CBFFCDE283EB07E7CBF0A
:108CB0005152273E318F7CBF8CC5253E8A9F7CBF99
:108CC000AD38243EBDAF7CBFB6AB223EC9BF7CBF32
:108CD000A51E213EAECF7CBF7B911F3E6CDF7CBFCB
:108CE00038041E3E03EF7CBFDE761C3E73FE7CBF65
:108CF0006BE91A3EBC0D7DBFE05B193EDD1C7DBFFC
:108D00003DCE173ED82B7DBF8340163EAC3A7DBF8B
:108D1000B2B2143E59497DBFCA24133EDE577DBF0F
:108D2000CC96113E3D667DBFB708103E74747DBF82
:108D30008B7A0E3E85827DBF4AEC0C3E6E907DBFE5
:108D4000F35D0B3E309E7DBF86CF093ECCAB7DBF31
:108D50000541083E40B97DBF6EB2063E8CC67DBF60
:108D6000C223053EB2D37DBF0295033EB1E07DBF75
:108D70002E06023E88ED7DBF4577003E38FA7DBF66
:108D800092D0FD3DC2067EBF73B2FA3D24137EBF72
:108D90002C94F73D5E1F7EBFC075F43D722B7EBFE5
:108DA0002E57F13D5E377EBF7638EE3D23437EBFC2
:108DB0009A19EB3DC14E7EBF9AFAE73D385A7EBF05
:108DC00076DBE43D88657EBF2EBCE13DB0707EBFA2
:108DD000C49CDE3DB17B7EBF377DDB3D8B867EBF95
:108DE000895DD83D3D917EBFB93DD53DC99B7EBFD4
:108DF000C81DD23D2DA67EBFB7FDCE3D69B07EBF5A
:108E000086DDCB3D7FBA7EBF36BDC83D6DC47EBF1B
:108E1000C69CC53D34CE7EBF397CC23DD4D77EBF13
:108E20008D5BBF3D4CE17EBFC33ABC3D9DEA7EBF3A
:108E3000DD19B93DC7F37EBFDAF8B53DC9FC7EBF89
:108E4000BBD7B23DA4057FBF80B6AF3D580E7FBFF4
:108E50002B95AC3DE4167FBFBA73A93D491F7FBF78
:108E60003052A63D87277FBF8C30A33D9D2F7FBF0B
:108E7000CF0EA03D8D377FBFF9EC9C3D543F7FBFA7
:108E80000ACB993DF4467FBF05A9963D6D4E7FBF45
:108E9000E786933DBF557FBFB464903DE95C7FBFDB
:108EA0006A428D3DEC637FBF0A208A3DC76A7FBF5F
:108EB00094FD863D7B717FBF0ADB833D08787FBFD1
:108EC0006CB8803D6D7E7FBF742B7B3DAB847FBFD4
:108ED000E9E5743DC28A7FBF38A06E3DB1907FBF87
:108EE000625A683D78967FBF6814623D189C7FBFC8
:108EF0004CCE5B3D91A17FBF0E88553DE3A67FBF61
:108F0000AF414F3D0DAC7FBF2FFB483D0FB17FBF41
:108F100091B4423DEAB57FBFD56D3C3D9EBA7FBF5F
:108F2000FC26363D2ABF7FBF07E02F3D8FC37FBFA2
:108F3000F698293DCCC77FBFCC51233DE2CB7FBF04
:108F4000880A1D3DD1CF7FBF2CC3163D98D37FBF6C
:108F5000B87B103D37D77FBF2F340A3DAFDA7FBFD4
:108F600090EC033D00DE7FBFB949FB3C29E17FBFA8
:108F70002DBAEE3C2BE47FBF7B2AE23C05E77FBFA6
:108F8000A69AD53CB8E97FBFB00AC93C43EC7FBF85
:108F90009B7ABC3CA7EE7FBF69EAAF3CE3F07FBFA2
:108FA0001C5AA33CF8F27FBFB6C9963CE6F47FBFDB
:108FB00038398A3CACF67FBF4B517B3C4AF87FBFC7
:108FC0000030623CC1F97FBF900E493C11FB7FBF6E
:108FD00002ED2F3C39FC7FBF59CB163C39FD7FBFDA
:108FE0003053FB3B13FE7FBF890FC93BC4FE7FBFDD
:108FF000C1CB963B4EFF7FBFC70F493BB1FF7FBF41
:10900000D40FC93AECFF7FBF000000000000803F92
:10901000900E493C11FB7F3FB00AC93C43EC7F3FB7
:109020002CC3163D98D37F3F2FFB483D0FB17F3FA8
:10903000742B7B3DAB847F3F05A9963D6D4E7F3FF2
:1090400080B6AF3D580E7F3F36BDC83D6DC47E3FF4
:109050002EBCE13DB0707E3F73B2FA3D24137E3FDB
:1090600086CF093ECCAB7D3F8340163EAC3A7D3F78
:10907000B6AB223EC9BF7C3FA2102F3E283B7C3FAF
:10908000CF6E3B3ECDAC7B3FC2C5473EBE147B3F5F
:109090000115543E02737A3F135C603E9DC7793FD1
:1090A0007F9A6C3E9812793FCCCF783EF853783F48
:1090B000C07D823EC58B773F938E883E07BA763F50
:1090C000229A8E3EC6DE753F31A0943E0BFA743F65
:1090D00086A09A3EDD0B743FE59AA03E4714733F8D
:1090E000128FA63E5213723FD47CAC3E0809713FEA
:1090F000EF63B23E73F56F3F2A44B83E9ED86E3F91
:109100004A1DBE3E93B26D3F15EFC33E5E836C3F7A
:1091100053B9C93E0C4B6B3FCA7BCF3EA7096A3F90
:109120004136D53E3CBF683F80E8DA3ED86B673FAA
:109130004F92E03E880F663F7533E63E59AA643F82
:10914000BBCBEB3E5A3C633FEA5AF13E98C5613FC8
:10915000CBE0F63E2146603F275DFC3E05BE5E3F0C
:10916000E4E7003F532D5D3F3D9C033F1A945B3F76
:10917000824B063F6AF2593F9BF5083F5348583FE0
:109180006B9A0B3FE595563FDA390E3F31DB543F82
:10919000CDD3103F4918533F2A68133F3D4D513FEF
:1091A000D9F6153F1F7A4F3FC07F183F029F4D3FB2
:1091B000C6021B3FF8BB4B3FD17F1D3F12D1493F39
:1091C000CBF61F3F65DE473F9967223F03E4453FEB
:1091D00025D2243F00E2433F5636273F70D8413F17
:1091E0001594293F67C73F3F4AEB2B3FF9AE3D3F00
:1091F000DE3B2E3F3B8F3B3FBB85303F4268393FD4
:10920000C9C8323F233A373FF304353FF304353FB3
:10921000233A373FC9C8323F4268393FBB85303FA8
:109220003B8F3B3FDE3B2E3FF9AE3D3F4AEB2B3FB2
:1092300067C73F3F1594293F70D8413F5636273FB7
:1092400000E2433F25D2243F03E4453F9967223F94
:1092500065DE473FCBF61F3F12D1493FD17F1D3F0F
:10926000F8BB4B3FC6021B3F029F4D3FC07F183FDC
:109270001F7A4F3FD9F6153F3D4D513F2A68133FA6
:109280004918533FCDD3103F31DB543FDA390E3FFD
:10929000E595563F6B9A0B3F5348583F9BF5083F67
:1092A0006AF2593F824B063F1A945B3F3D9C033F55
:1092B000532D5D3FE4E7003F05BE5E3F275DFC3E6A
:1092C0002146603FCBE0F63E98C5613FEA5AF13E49
:1092D0005A3C633FBBCBEB3E59AA643F7533E63E35
:1092E000880F663F4F92E03ED86B673F80E8DA3EDA
:1092F0003CBF683F4136D53EA7096A3FCA7BCF3E97
:109300000C4B6B3F53B9C93E5E836C3F15EFC33EB8
:1093100093B26D3F4A1DBE3E9ED86E3F2A44B83E72
:1093200073F56F3FEF63B23E0809713FD47CAC3EEA
:109330005213723F128FA63E4714733FE59AA03E28
:10934000DD0B743F86A09A3E0BFA743F31A0943E29
:10935000C6DE753F229A8E3E07BA763F938E883ED0
:10936000C58B773FC07D823EF853783FCCCF783EA7
:109370009812793F7F9A6C3E9DC7793F135C603E9F
:1093800002737A3F0115543EBE147B3FC2C5473E6F
:10939000CDAC7B3FCF6E3B3E283B7C3FA2102F3EA7
:1093A000C9BF7C3FB6AB223EAC3A7D3F8340163E00
:1093B000CCAB7D3F86CF093E24137E3F73B2FA3D8E
:1093C000B0707E3F2EBCE13D6DC47E3F36BDC83DD2
:1093D000580E7F3F80B6AF3D6D4E7F3F05A9963D4D
:1093E000AB847F3F742B7B3D0FB17F3F2FFB483D0C
:1093F00098D37F3F2CC3163D43EC7F3FB00AC93C56
:1094000011FB7F3F900E493C0000803F00000000B0
:1094100011FB7F3F900E49BC43EC7F3FB00AC9BCB3
:1094200098D37F3F2CC316BD0FB17F3F2FFB48BDA4
:10943000AB847F3F742B7BBD6D4E7F3F05A996BDEE
:10944000580E7F3F80B6AFBD6DC47E3F36BDC8BDF0
:10945000B0707E3F2EBCE1BD24137E3F73B2FABDD7
:10946000CCAB7D3F86CF09BEAC3A7D3F834016BE74
:10947000C9BF7C3FB6AB22BE283B7C3FA2102FBEAB
:10948000CDAC7B3FCF6E3BBEBE147B3FC2C547BE5B
:1094900002737A3F011554BE9DC7793F135C60BECD
:1094A0009812793F7F9A6CBEF853783FCCCF78BE44
:1094B000C58B773FC07D82BE07BA763F938E88BE4C
:1094C000C6DE753F229A8EBE0BFA743F31A094BE61
:1094D000DD0B743F86A09ABE4714733FE59AA0BE89
:1094E0005213723F128FA6BE0809713FD47CACBEE6
:1094F00073F56F3FEF63B2BE9ED86E3F2A44B8BE8D
:1095000093B26D3F4A1DBEBE5E836C3F15EFC3BE76
:109510000C4B6B3F53B9C9BEA7096A3FCA7BCFBE8C
:109520003CBF683F4136D5BED86B673F80E8DABEA6
:10953000880F663F4F92E0BE59AA643F7533E6BE7E
:109540005A3C633FBBCBEBBE98C5613FEA5AF1BEC4
:109550002146603FCBE0F6BE05BE5E3F275DFCBE08
:10956000532D5D3FE4E700BF1A945B3F3D9C03BF72
:109570006AF2593F824B06BF5348583F9BF508BFDC
:10958000E595563F6B9A0BBF31DB543FDA390EBF7E
:109590004918533FCDD310BF3D4D513F2A6813BFEB
:1095A0001F7A4F3FD9F615BF029F4D3FC07F18BFAE
:1095B000F8BB4B3FC6021BBF12D1493FD17F1DBF35
:1095C00065DE473FCBF61FBF03E4453F996722BFE7
:1095D00000E2433F25D224BF70D8413F563627BF13
:1095E00067C73F3F159429BFF9AE3D3F4AEB2BBFFC
:1095F0003B8F3B3FDE3B2EBF4268393FBB8530BFD0
:10960000233A373FC9C832BFF304353FF30435BFAF
:10961000C9C8323F233A37BFBB85303F426839BFA4
:10962000DE3B2E3F3B8F3BBF4AEB2B3FF9AE3DBFAE
:109630001594293F67C73FBF5636273F70D841BFB3
:1096400025D2243F00E243BF9967223F03E445BF90
:10965000CBF61F3F65DE47BFD17F1D3F12D149BF0B
:10966000C6021B3FF8BB4BBFC07F183F029F4DBFD8
:10967000D9F6153F1F7A4FBF2A68133F3D4D51BFA2
:10968000CDD3103F491853BFDA390E3F31DB54BFF9
:109690006B9A0B3FE59556BF9BF5083F534858BF63
:1096A000824B063F6AF259BF3D9C033F1A945BBF51
:1096B000E4E7003F532D5DBF275DFC3E05BE5EBF66
:1096C000CBE0F63E214660BFEA5AF13E98C561BF45
:1096D000BBCBEB3E5A3C63BF7533E63E59AA64BF31
:1096E0004F92E03E880F66BF80E8DA3ED86B67BFD6
:1096F0004136D53E3CBF68BFCA7BCF3EA7096ABF93
:1097000053B9C93E0C4B6BBF15EFC33E5E836CBFB4
:109710004A1DBE3E93B26DBF2A44B83E9ED86EBF6E
:10972000EF63B23E73F56FBFD47CAC3E080971BFE6
:10973000128FA63E521372BFE59AA03E471473BF24
:1097400086A09A3EDD0B74BF31A0943E0BFA74BF25
:10975000229A8E3EC6DE75BF938E883E07BA76BFCC
:10976000C07D823EC58B77BFCCCF783EF85378BFA3
:109770007F9A6C3E981279BF135C603E9DC779BF9B
:109780000115543E02737ABFC2C5473EBE147BBF6B
:10979000CF6E3B3ECDAC7BBFA2102F3E283B7CBFA3
:1097A000B6AB223EC9BF7CBF8340163EAC3A7DBFFC
:1097B00086CF093ECCAB7DBF73B2FA3D24137EBF8A
:1097C0002EBCE13DB0707EBF36BDC83D6DC47EBFCE
:1097D00080B6AF3D580E7FBF05A9963D6D4E7FBF49
:1097E000742B7B3DAB847FBF2FFB483D0FB17FBF08
:1097F0002CC3163D98D37FBFB00AC93C43EC7FBF52
:10980000900E493C11FB7FBF000000000000803F2C
:1098100036BDC83D6DC47E3FC2C5473EBE147B3FCA
:1098200031A0943E0BFA743F15EFC33E5E836C3F4C
:10983000EA5AF13E98C5613FDA390E3F31DB543FB9
:109840009967223F03E4453FF304353FF304353F76
:1098500003E4453F9967223F31DB543FDA390E3F3D
:1098600098C5613FEA5AF13E5E836C3F15EFC33EF7
:109870000BFA743F31A0943EBE147B3FC2C5473EF5
:109880006DC47E3F36BDC83D0000803F0000000033
:109890006DC47E3F36BDC8BDBE147B3FC2C547BE4A
:1098A0000BFA743F31A094BE5E836C3F15EFC3BECC
:1098B00098C5613FEA5AF1BE31DB543FDA390EBF39
:1098C00003E4453F996722BFF304353FF30435BFF6
:1098D0009967223F03E445BFDA390E3F31DB54BFBD
:1098E000EA5AF13E98C561BF15EFC33E5E836CBF77
:1098F00031A0943E0BFA74BFC2C5473EBE147BBF75
:1099000036BDC83D6DC47EBF289903080000002005
:109910004407000028110008649B03084407002046
:109920001C2F0100A46600080007FF0090D003FF71
:109930000001C101000431F004083605134712FF8D
:1099400001E15F00FF00C53DAFB8BB2F1BB98648E2
:109950006BB9E7069EB9F313BFB9E0FAD0B92ED1BF
:10996000CDB9A1A1B3B9CBFB85B9DB081DB9716134
:1099700061B8A4AAF3B5997AE7B7FAA923B924B6CE
:10998000CFB91FBD40BA241495BA8CB6CABA275BAA
:10999000F8BAED8F0ABB1D080DBB37FC01BBA4BE96
:1099A000D4BA20E593BA0BEC1BBA4A5816B9681919
:1099B000D2382BB9FC37A07CD9B9CD7FA1BAACC1C4
:1099C00019BB86B56CBB24639EBB7AE9BDBB5C82C8
:1099D000CEBB65C0CBBBBF58B4BBC5D28ABBC72109
:1099E0002BBB7BD970BA2B4D023AAF28AA3AEEA214
:1099F0009F3A779CFD38E80900BB778A9CBB743F8F
:109A000002BC767333BCDAC958BC1B2F6ABC6E34F7
:109A100062BCF0673FBCCB1C05BCD5B96DBBB7C3FE
:109A20008C3A2F4DA73BC8D0F83BD415003CF9C168
:109A3000AF3B7E3D7639683CE8BB883F80BC36CB87
:109A4000C5BC9E0C2033FEBC5F230EBDDBC30ABD2C
:109A5000D672E2BC91AA80BCE127C63A8D71BB3CAC
:109A6000541A3F3D75B6903D0488BD3DDD6CE13D27
:109A7000309FF83D2D52003E082110211821202151
:109A800028213021382140214821502158216021AE
:109A90006821702178218021882190219821A0219E
:109AA000A821B021B821C021C821D021D821E0218E
:109AB000E821F031F8150025082510251825202566
:109AC000282530253825402548255025582560254E
:109AD0006825702578258025882590259825A0253E
:109AE000A825B025B825C025C825D025D835E0152E
:109AF000E825F025F8290029082910291829202906
:109B000028293029382940294829502958CA007065
:109B10000B310802FF1A01A42005180400200412CA
:109B20008045214412280C21041220551A04C41225
:109B3000381C5238101A06D412482C2104123C3C0E
:109B40001A0AE412583C21040E792CC70321C800DC
:109B500004FF0402000101FF01093F481D12030236
:049B6000180586005E
:040000050800019955
:00000001FF
