[*] 连接 MKLink（端口: COM7）...
[TX] cmd.get_idcode()
[SERIAL] cmd.get_idcode()
[SERIAL] idcode = 0X2BA01477
[SERIAL] 731911287
[RX] <<<
[OK] 连接成功
[OK] SystemView 已启动 (RTT 控制块: 0x20017148, 通道: 1)
[*] 解码 RTOS 事件 5.0 秒（Ctrl+C 中断）...

[t=2us] trace_start
[t=9us] init
[t=21us] sysdesc
[t=29us] sysdesc
[t=29us] systime_us
[t=29us] isr_exit
[t=29us] overflow
[t=34us] stack_info         id=0x20016DE8
[t=41us] task_info          main id=0x20010A44
[t=44us] stack_info         main id=0x20010A44
[t=51us] nummodules
[t=58us] task_info          timer id=0x20016DE8
[t=62us] stack_info         timer id=0x20016DE8
[t=69us] task_info          main id=0x20010A44
[t=73us] stack_info         main id=0x20010A44
[t=127us] task_create        id=0x20005DE0
[t=134us] task_stop_exec
[t=137us] task_start_exec    id=0x20005DE0
[t=147us] task_stop_exec     id=0x20005DE0
[t=150us] task_start_exec    main id=0x20010A44
[t=175us] task_create        id=0x20006160
[t=181us] task_stop_exec     main id=0x20010A44
[t=184us] task_start_exec    id=0x20006160
[t=197us] task_stop_exec     id=0x20006160
[t=200us] task_start_exec    main id=0x20010A44
[t=251us] task_create        id=0x200031DC
[t=258us] task_stop_exec     main id=0x20010A44
[t=261us] task_start_exec    id=0x200031DC
[t=579,829us] task_stop_exec     id=0x200031DC
[t=579,833us] task_start_exec    id=0x20006160
[t=579,845us] task_stop_exec     id=0x20006160
[t=579,848us] task_start_exec    main id=0x20010A44
[t=579,890us] task_stop_exec     main id=0x20010A44
[t=579,893us] task_start_exec    id=0x20016A38
[t=579,897us] idle
[t=583,880us] task_stop_exec     id=0x20016A38
[t=583,883us] task_start_exec    id=0x200031DC
[t=583,900us] task_stop_exec     id=0x200031DC
[t=583,903us] task_start_exec    id=0x20016A38
[t=583,906us] idle
[t=588,880us] task_stop_exec     id=0x20016A38
[t=588,883us] task_start_exec    id=0x200031DC
[t=588,899us] task_stop_exec     id=0x200031DC
[t=588,903us] task_start_exec    id=0x20016A38
[t=588,906us] idle
[t=593,880us] task_stop_exec     id=0x20016A38
[t=593,883us] task_start_exec    id=0x200031DC
[t=593,900us] task_stop_exec     id=0x200031DC
[t=593,903us] task_start_exec    id=0x20016A38
[t=593,906us] idle
[t=596,527us] task_stop_exec     id=0x20016A38
[t=596,530us] task_start_exec    id=0x200031DC
[t=619,571us] task_stop_exec     id=0x200031DC
[t=619,574us] task_start_exec    id=0x20006160
[t=619,587us] task_stop_exec     id=0x20006160
[t=619,590us] task_start_exec    id=0x20016A38
[t=619,594us] idle
[t=623,880us] task_stop_exec     id=0x20016A38
[t=623,883us] task_start_exec    id=0x200031DC
[t=623,900us] task_stop_exec     id=0x200031DC
[t=623,903us] task_start_exec    id=0x20016A38
[t=623,906us] idle
[t=628,880us] task_stop_exec     id=0x20016A38
[t=628,883us] task_start_exec    id=0x200031DC
[t=628,900us] task_stop_exec     id=0x200031DC
[t=628,903us] task_start_exec    id=0x20016A38
[t=628,906us] idle
[t=629,880us] task_stop_exec     id=0x20016A38
[t=629,883us] task_start_exec    main id=0x20010A44
[t=630,312us] task_stop_exec     main id=0x20010A44
[t=630,315us] task_start_exec    id=0x20016A38
[t=630,318us] idle
[t=633,880us] task_stop_exec     id=0x20016A38
[t=633,883us] task_start_exec    id=0x200031DC
[t=633,900us] task_stop_exec     id=0x200031DC
[t=633,903us] task_start_exec    id=0x20016A38
[t=633,906us] idle
[t=638,880us] task_stop_exec     id=0x20016A38
[t=638,883us] task_start_exec    id=0x20006160
[t=638,890us] task_stop_exec     id=0x20006160
[t=638,893us] task_start_exec    id=0x200031DC
[t=638,910us] task_stop_exec     id=0x200031DC
[t=638,913us] task_start_exec    id=0x20006160
[t=638,925us] task_stop_exec     id=0x20006160
[t=638,928us] task_start_exec    id=0x20016A38
[t=638,931us] idle
[t=643,880us] task_stop_exec     id=0x20016A38
[t=643,883us] task_start_exec    id=0x200031DC
[t=643,899us] task_stop_exec     id=0x200031DC
[t=643,903us] task_start_exec    id=0x20016A38
[t=643,906us] idle
[t=648,880us] task_stop_exec     id=0x20016A38
[t=648,883us] task_start_exec    id=0x200031DC
[t=648,899us] task_stop_exec     id=0x200031DC
[t=648,902us] task_start_exec    id=0x20016A38
[t=648,905us] idle
[t=653,880us] task_stop_exec     id=0x20016A38
[t=653,883us] task_start_exec    id=0x200031DC
[t=653,900us] task_stop_exec     id=0x200031DC
[t=653,903us] task_start_exec    id=0x20016A38
[t=653,906us] idle
[t=658,880us] task_stop_exec     id=0x20016A38
[t=658,883us] task_start_exec    id=0x20006160
[t=658,890us] task_stop_exec     id=0x20006160
[t=658,893us] task_start_exec    id=0x200031DC
[t=658,910us] task_stop_exec     id=0x200031DC
[t=658,913us] task_start_exec    id=0x20006160
[t=658,925us] task_stop_exec     id=0x20006160
[t=658,928us] task_start_exec    id=0x20016A38
[t=658,931us] idle
[t=663,880us] task_stop_exec     id=0x20016A38
[t=663,883us] task_start_exec    id=0x200031DC
[t=663,899us] task_stop_exec     id=0x200031DC
[t=663,902us] task_start_exec    id=0x20016A38
[t=663,905us] idle
[t=668,880us] task_stop_exec     id=0x20016A38
[t=668,883us] task_start_exec    id=0x200031DC
[t=668,899us] task_stop_exec     id=0x200031DC
[t=668,902us] task_start_exec    id=0x20016A38
[t=668,905us] idle
[t=673,880us] task_stop_exec     id=0x20016A38
[t=673,883us] task_start_exec    id=0x200031DC
[t=673,900us] task_stop_exec     id=0x200031DC
[t=673,903us] task_start_exec    id=0x20016A38
[t=673,906us] idle
[t=678,880us] task_stop_exec     id=0x20016A38
[t=678,883us] task_start_exec    id=0x20006160
[t=678,890us] task_stop_exec     id=0x20006160
[t=678,893us] task_start_exec    id=0x200031DC
[t=678,910us] task_stop_exec     id=0x200031DC
[t=678,913us] task_start_exec    id=0x20006160
[t=678,925us] task_stop_exec     id=0x20006160
[t=678,928us] task_start_exec    id=0x20016A38
[t=678,931us] idle
[t=679,880us] task_stop_exec     id=0x20016A38
[t=679,883us] task_start_exec    main id=0x20010A44
[t=683,880us] task_stop_exec     main id=0x20010A44
[t=683,883us] task_start_exec    id=0x200031DC
[t=683,900us] task_stop_exec     id=0x200031DC
[t=683,903us] task_start_exec    main id=0x20010A44
[t=688,880us] task_stop_exec     main id=0x20010A44
[t=688,883us] task_start_exec    id=0x200031DC
[t=688,899us] task_stop_exec     id=0x200031DC
[t=688,902us] task_start_exec    main id=0x20010A44
[t=693,880us] task_stop_exec     main id=0x20010A44
[t=693,883us] task_start_exec    id=0x200031DC
[t=693,899us] task_stop_exec     id=0x200031DC
[t=693,903us] task_start_exec    main id=0x20010A44
[t=698,880us] task_stop_exec     main id=0x20010A44
[t=698,883us] task_start_exec    id=0x20006160
[t=698,891us] task_stop_exec     id=0x20006160
[t=698,894us] task_start_exec    id=0x200031DC
[t=698,910us] task_stop_exec     id=0x200031DC
[t=698,913us] task_start_exec    id=0x20006160
[t=698,925us] task_stop_exec     id=0x20006160
[t=698,928us] task_start_exec    main id=0x20010A44
[t=703,880us] task_stop_exec     main id=0x20010A44
[t=703,883us] task_start_exec    id=0x200031DC
[t=703,899us] task_stop_exec     id=0x200031DC
[t=703,902us] task_start_exec    main id=0x20010A44
[t=708,880us] task_stop_exec     main id=0x20010A44
[t=708,883us] task_start_exec    id=0x200031DC
[t=708,899us] task_stop_exec     id=0x200031DC
[t=708,902us] task_start_exec    main id=0x20010A44
[t=713,880us] task_stop_exec     main id=0x20010A44
[t=713,883us] task_start_exec    id=0x200031DC
[t=713,899us] task_stop_exec     id=0x200031DC
[t=713,902us] task_start_exec    main id=0x20010A44
[t=718,880us] task_stop_exec     main id=0x20010A44
[t=718,883us] task_start_exec    id=0x20006160
[t=718,891us] task_stop_exec     id=0x20006160
[t=718,894us] task_start_exec    id=0x200031DC
[t=718,910us] task_stop_exec     id=0x200031DC
[t=718,913us] task_start_exec    id=0x20006160
[t=718,925us] task_stop_exec     id=0x20006160
[t=718,928us] task_start_exec    main id=0x20010A44
[t=723,880us] task_stop_exec     main id=0x20010A44
[t=723,883us] task_start_exec    id=0x200031DC
[t=723,899us] task_stop_exec     id=0x200031DC
[t=723,902us] task_start_exec    main id=0x20010A44
[t=728,880us] task_stop_exec     main id=0x20010A44
[t=728,883us] task_start_exec    id=0x200031DC
[t=728,899us] task_stop_exec     id=0x200031DC
[t=728,902us] task_start_exec    main id=0x20010A44
[t=733,880us] task_stop_exec     main id=0x20010A44
[t=733,883us] task_start_exec    id=0x200031DC
[t=733,899us] task_stop_exec     id=0x200031DC
[t=733,903us] task_start_exec    main id=0x20010A44
[t=738,880us] task_stop_exec     main id=0x20010A44
[t=738,883us] task_start_exec    id=0x20006160
[t=738,891us] task_stop_exec     id=0x20006160
[t=738,894us] task_start_exec    id=0x200031DC
[t=738,910us] task_stop_exec     id=0x200031DC
[t=738,913us] task_start_exec    id=0x20006160
[t=738,925us] task_stop_exec     id=0x20006160
[t=738,928us] task_start_exec    main id=0x20010A44
[t=741,183us] task_create        id=0x20002A60
[t=741,191us] task_stop_exec     main id=0x20010A44
[t=741,194us] task_start_exec    id=0x20002A60
[t=741,206us] task_stop_exec     id=0x20002A60
[t=741,209us] task_start_exec    main id=0x20010A44
[t=741,263us] task_create        id=0x20004D40
[t=741,276us] task_stop_exec     main id=0x20010A44
[t=741,279us] task_start_exec    id=0x20004D40
[t=741,289us] task_stop_exec     id=0x20004D40
[t=741,292us] task_start_exec    id=0x20016A38
[t=741,295us] idle
[t=743,880us] task_stop_exec     id=0x20016A38
[t=743,883us] task_start_exec    id=0x200031DC
[t=743,900us] task_stop_exec     id=0x200031DC
[t=743,903us] task_start_exec    id=0x20016A38
[t=743,906us] idle
[t=748,880us] task_stop_exec     id=0x20016A38
[t=748,883us] task_start_exec    id=0x200031DC
[t=748,900us] task_stop_exec     id=0x200031DC
[t=748,903us] task_start_exec    id=0x20016A38
[t=748,906us] idle
[t=750,880us] task_stop_exec     id=0x20016A38
[t=750,883us] task_start_exec    id=0x20002A60
[t=752,267us] task_stop_exec     id=0x20002A60
[t=752,271us] task_start_exec    id=0x20016A38
[t=752,274us] idle
[t=752,801us] task_stop_exec     id=0x20016A38
[t=752,804us] task_start_exec    id=0x20002A60
[t=752,825us] task_stop_exec     id=0x20002A60
[t=752,828us] task_start_exec    id=0x20016A38
[t=752,831us] idle
[t=753,880us] task_stop_exec     id=0x20016A38
[t=753,883us] task_start_exec    id=0x200031DC
[t=753,900us] task_stop_exec     id=0x200031DC
[t=753,903us] task_start_exec    id=0x20016A38
[t=753,906us] idle
[t=758,880us] task_stop_exec     id=0x20016A38
[t=758,883us] task_start_exec    id=0x20006160
[t=758,890us] task_stop_exec     id=0x20006160
[t=758,893us] task_start_exec    id=0x200031DC
[t=758,910us] task_stop_exec     id=0x200031DC
[t=758,913us] task_start_exec    id=0x20006160
[t=758,925us] task_stop_exec     id=0x20006160
[t=758,928us] task_start_exec    id=0x20016A38
[t=758,931us] idle
[t=761,880us] task_stop_exec     id=0x20016A38
[t=761,883us] task_start_exec    id=0x20002A60
[t=763,267us] task_stop_exec     id=0x20002A60
[t=763,270us] task_start_exec    id=0x20016A38
[t=763,273us] idle
[t=763,801us] task_stop_exec     id=0x20016A38
[t=763,804us] task_start_exec    id=0x20002A60
[t=763,824us] task_stop_exec     id=0x20002A60
[t=763,827us] task_start_exec    id=0x20016A38
[t=763,830us] idle
[t=763,880us] task_stop_exec     id=0x20016A38
[t=763,882us] task_start_exec    id=0x200031DC
[t=763,899us] task_stop_exec     id=0x200031DC
[t=763,902us] task_start_exec    id=0x20016A38
[t=763,905us] idle
[t=768,880us] task_stop_exec     id=0x20016A38
[t=768,883us] task_start_exec    id=0x200031DC
[t=768,900us] task_stop_exec     id=0x200031DC
[t=768,903us] task_start_exec    id=0x20016A38
[t=768,906us] idle
[t=772,880us] task_stop_exec     id=0x20016A38
[t=772,883us] task_start_exec    id=0x20002A60
[t=773,880us] task_stop_exec     id=0x20002A60
[t=773,883us] task_start_exec    id=0x200031DC
[t=773,900us] task_stop_exec     id=0x200031DC
[t=773,903us] task_start_exec    id=0x20002A60
[t=774,266us] task_stop_exec     id=0x20002A60
[t=774,270us] task_start_exec    id=0x20016A38
[t=774,273us] idle
[t=774,800us] task_stop_exec     id=0x20016A38
[t=774,803us] task_start_exec    id=0x20002A60
[t=774,824us] task_stop_exec     id=0x20002A60
[t=774,827us] task_start_exec    id=0x20016A38
[t=774,830us] idle
[t=778,880us] task_stop_exec     id=0x20016A38
[t=778,883us] task_start_exec    id=0x20006160
[t=778,890us] task_stop_exec     id=0x20006160
[t=778,893us] task_start_exec    id=0x200031DC
[t=778,910us] task_stop_exec     id=0x200031DC
[t=778,913us] task_start_exec    id=0x20006160
[t=778,925us] task_stop_exec     id=0x20006160
[t=778,928us] task_start_exec    id=0x20016A38
[t=778,931us] idle
[t=783,880us] task_stop_exec     id=0x20016A38
[t=783,883us] task_start_exec    id=0x20002A60
[t=783,890us] task_stop_exec     id=0x20002A60
[t=783,893us] task_start_exec    id=0x200031DC
[t=783,910us] task_stop_exec     id=0x200031DC
[t=783,913us] task_start_exec    id=0x20002A60
[t=785,295us] task_stop_exec     id=0x20002A60
[t=785,298us] task_start_exec    id=0x20016A38
[t=785,301us] idle
[t=785,829us] task_stop_exec     id=0x20016A38
[t=785,832us] task_start_exec    id=0x20002A60
[t=785,852us] task_stop_exec     id=0x20002A60
[t=785,855us] task_start_exec    id=0x20016A38
[t=785,858us] idle
[t=788,880us] task_stop_exec     id=0x20016A38
[t=788,883us] task_start_exec    id=0x200031DC
[t=788,899us] task_stop_exec     id=0x200031DC
[t=788,903us] task_start_exec    id=0x20016A38
[t=788,906us] idle
[t=793,880us] task_stop_exec     id=0x20016A38
[t=793,883us] task_start_exec    id=0x200031DC
[t=793,900us] task_stop_exec     id=0x200031DC
[t=793,903us] task_start_exec    id=0x20016A38
[t=793,906us] idle
[t=794,880us] task_stop_exec     id=0x20016A38
[t=794,883us] task_start_exec    id=0x20002A60
[t=795,966us] task_stop_exec     id=0x20002A60
[t=795,970us] task_start_exec    id=0x20016A38
[t=795,973us] idle
[t=798,880us] task_stop_exec     id=0x20016A38
[t=798,883us] task_start_exec    id=0x20006160
[t=798,890us] task_stop_exec     id=0x20006160
[t=798,893us] task_start_exec    id=0x200031DC
[t=798,910us] task_stop_exec     id=0x200031DC
[t=798,913us] task_start_exec    id=0x20006160
[t=798,925us] task_stop_exec     id=0x20006160
[t=798,928us] task_start_exec    id=0x20016A38
[t=798,931us] idle
[t=803,880us] task_stop_exec     id=0x20016A38
[t=803,883us] task_start_exec    id=0x200031DC
[t=803,900us] task_stop_exec     id=0x200031DC
[t=803,903us] task_start_exec    id=0x20016A38
[t=803,906us] idle
[t=805,880us] task_stop_exec     id=0x20016A38
[t=805,883us] task_start_exec    id=0x20002A60
[t=807,267us] task_stop_exec     id=0x20002A60
[t=807,270us] task_start_exec    id=0x20016A38
[t=807,273us] idle
[t=807,801us] task_stop_exec     id=0x20016A38
[t=807,804us] task_start_exec    id=0x20002A60
[t=807,824us] task_stop_exec     id=0x20002A60
[t=807,827us] task_start_exec    id=0x20016A38
[t=807,830us] idle
[t=808,880us] task_stop_exec     id=0x20016A38
[t=808,883us] task_start_exec    id=0x200031DC
[t=808,899us] task_stop_exec     id=0x200031DC
[t=808,903us] task_start_exec    id=0x20016A38
[t=808,906us] idle
[t=813,880us] task_stop_exec     id=0x20016A38
[t=813,883us] task_start_exec    id=0x200031DC
[t=813,900us] task_stop_exec     id=0x200031DC
[t=813,903us] task_start_exec    id=0x20016A38
[t=813,906us] idle
[t=816,880us] task_stop_exec     id=0x20016A38
[t=816,883us] task_start_exec    id=0x20002A60
[t=818,267us] task_stop_exec     id=0x20002A60
[t=818,270us] task_start_exec    id=0x20016A38
[t=818,273us] idle
[t=818,801us] task_stop_exec     id=0x20016A38
[t=818,804us] task_start_exec    id=0x20002A60
[t=818,824us] task_stop_exec     id=0x20002A60
[t=818,828us] task_start_exec    id=0x20016A38
[t=818,831us] idle
[t=818,880us] task_stop_exec     id=0x20016A38
[t=818,882us] task_start_exec    id=0x20006160
[t=818,890us] task_stop_exec     id=0x20006160
[t=818,893us] task_start_exec    id=0x200031DC
[t=818,910us] task_stop_exec     id=0x200031DC
[t=818,913us] task_start_exec    id=0x20006160
[t=818,925us] task_stop_exec     id=0x20006160
[t=818,928us] task_start_exec    id=0x20016A38
[t=818,931us] idle
[t=823,880us] task_stop_exec     id=0x20016A38
[t=823,883us] task_start_exec    id=0x200031DC
[t=823,900us] task_stop_exec     id=0x200031DC
[t=823,903us] task_start_exec    id=0x20016A38
[t=823,906us] idle
[t=827,880us] task_stop_exec     id=0x20016A38
[t=827,883us] task_start_exec    id=0x20002A60
[t=828,880us] task_stop_exec     id=0x20002A60
[t=828,883us] task_start_exec    id=0x200031DC
[t=828,900us] task_stop_exec     id=0x200031DC
[t=828,903us] task_start_exec    id=0x20002A60
[t=829,267us] task_stop_exec     id=0x20002A60
[t=829,270us] task_start_exec    id=0x20016A38
[t=829,273us] idle
[t=829,801us] task_stop_exec     id=0x20016A38
[t=829,804us] task_start_exec    id=0x20002A60
[t=829,825us] task_stop_exec     id=0x20002A60
[t=829,828us] task_start_exec    id=0x20016A38
[t=829,831us] idle
[t=833,880us] task_stop_exec     id=0x20016A38
[t=833,883us] task_start_exec    id=0x200031DC
[t=833,900us] task_stop_exec     id=0x200031DC
[t=833,903us] task_start_exec    id=0x20016A38
[t=833,906us] idle
[t=838,880us] task_stop_exec     id=0x20016A38
[t=838,883us] task_start_exec    id=0x20006160
[t=838,890us] task_stop_exec     id=0x20006160
[t=838,893us] task_start_exec    id=0x20002A60
[t=838,901us] task_stop_exec     id=0x20002A60
[t=838,904us] task_start_exec    id=0x200031DC
[t=838,920us] task_stop_exec     id=0x200031DC
[t=838,923us] task_start_exec    id=0x20002A60
[t=840,304us] task_stop_exec     id=0x20002A60
[t=840,308us] task_start_exec    id=0x20006160
[t=840,320us] task_stop_exec     id=0x20006160
[t=840,323us] task_start_exec    id=0x20016A38
[t=840,326us] idle
[t=840,839us] task_stop_exec     id=0x20016A38
[t=840,842us] task_start_exec    id=0x20002A60
[t=840,862us] task_stop_exec     id=0x20002A60
[t=840,865us] task_start_exec    id=0x20016A38
[t=840,868us] idle
[t=843,880us] task_stop_exec     id=0x20016A38
[t=843,883us] task_start_exec    id=0x200031DC
[t=843,900us] task_stop_exec     id=0x200031DC
[t=843,903us] task_start_exec    id=0x20016A38
[t=843,906us] idle
[t=848,880us] task_stop_exec     id=0x20016A38
[t=848,883us] task_start_exec    id=0x200031DC
[t=848,900us] task_stop_exec     id=0x200031DC
[t=848,903us] task_start_exec    id=0x20016A38
[t=848,906us] idle
[t=849,880us] task_stop_exec     id=0x20016A38
[t=849,883us] task_start_exec    id=0x20002A60
[t=850,966us] task_stop_exec     id=0x20002A60
[t=850,970us] task_start_exec    id=0x20016A38
[t=850,973us] idle
[t=853,880us] task_stop_exec     id=0x20016A38
[t=853,883us] task_start_exec    id=0x200031DC
[t=853,899us] task_stop_exec     id=0x200031DC
[t=853,902us] task_start_exec    id=0x20016A38
[t=853,905us] idle
[t=858,880us] task_stop_exec     id=0x20016A38
[t=858,883us] task_start_exec    id=0x200031DC
[t=858,900us] task_stop_exec     id=0x200031DC
[t=858,903us] task_start_exec    id=0x20016A38
[t=858,906us] idle
[t=859,880us] task_stop_exec     id=0x20016A38
[t=859,883us] task_start_exec    id=0x20006160
[t=859,897us] task_stop_exec     id=0x20006160
[t=859,900us] task_start_exec    id=0x20016A38
[t=859,903us] idle
[t=860,880us] task_stop_exec     id=0x20016A38
[t=860,883us] task_start_exec    id=0x20002A60
[t=862,267us] task_stop_exec     id=0x20002A60
[t=862,270us] task_start_exec    id=0x20016A38
[t=862,273us] idle
[t=863,071us] task_stop_exec     id=0x20016A38
[t=863,074us] task_start_exec    id=0x20002A60
[t=863,095us] task_stop_exec     id=0x20002A60
[t=863,098us] task_start_exec    id=0x20016A38
[t=863,101us] idle
[t=863,880us] task_stop_exec     id=0x20016A38
[t=863,883us] task_start_exec    id=0x200031DC
[t=863,900us] task_stop_exec     id=0x200031DC
[t=863,903us] task_start_exec    id=0x20016A38
[t=863,906us] idle
[t=868,880us] task_stop_exec     id=0x20016A38
[t=868,883us] task_start_exec    id=0x200031DC
[t=868,900us] task_stop_exec     id=0x200031DC
[t=868,903us] task_start_exec    id=0x20016A38
[t=868,906us] idle
[t=872,880us] task_stop_exec     id=0x20016A38
[t=872,883us] task_start_exec    id=0x20002A60
[t=873,880us] task_stop_exec     id=0x20002A60
[t=873,883us] task_start_exec    id=0x200031DC
[t=873,900us] task_stop_exec     id=0x200031DC
[t=873,903us] task_start_exec    id=0x20002A60
[t=873,967us] task_stop_exec     id=0x20002A60
[t=873,970us] task_start_exec    id=0x20016A38
[t=873,973us] idle
[t=878,880us] task_stop_exec     id=0x20016A38
[t=878,883us] task_start_exec    id=0x200031DC
[t=878,900us] task_stop_exec     id=0x200031DC
[t=878,903us] task_start_exec    id=0x20016A38
[t=878,906us] idle
[t=879,880us] task_stop_exec     id=0x20016A38
[t=879,883us] task_start_exec    id=0x20006160
[t=879,897us] task_stop_exec     id=0x20006160
[t=879,900us] task_start_exec    id=0x20016A38
[t=879,903us] idle
[t=883,880us] task_stop_exec     id=0x20016A38
[t=883,883us] task_start_exec    id=0x20002A60
[t=883,890us] task_stop_exec     id=0x20002A60
[t=883,893us] task_start_exec    id=0x200031DC
[t=883,910us] task_stop_exec     id=0x200031DC
[t=883,913us] task_start_exec    id=0x20002A60
[t=885,295us] task_stop_exec     id=0x20002A60
[t=885,298us] task_start_exec    id=0x20016A38
[t=885,301us] idle
[t=886,099us] task_stop_exec     id=0x20016A38
[t=886,102us] task_start_exec    id=0x20002A60
[t=886,125us] task_stop_exec     id=0x20002A60
[t=886,128us] task_start_exec    id=0x20016A38
[t=886,131us] idle
[t=888,880us] task_stop_exec     id=0x20016A38
[t=888,883us] task_start_exec    id=0x200031DC
[t=888,899us] task_stop_exec     id=0x200031DC
[t=888,903us] task_start_exec    id=0x20016A38
[t=888,906us] idle
[t=893,880us] task_stop_exec     id=0x20016A38
[t=893,883us] task_start_exec    id=0x200031DC
[t=893,900us] task_stop_exec     id=0x200031DC
[t=893,903us] task_start_exec    id=0x20016A38
[t=893,906us] idle
[t=895,880us] task_stop_exec     id=0x20016A38
[t=895,883us] task_start_exec    id=0x20002A60
[t=897,267us] task_stop_exec     id=0x20002A60
[t=897,270us] task_start_exec    id=0x20016A38
[t=897,273us] idle
[t=897,801us] task_stop_exec     id=0x20016A38
[t=897,804us] task_start_exec    id=0x20002A60
[t=897,824us] task_stop_exec     id=0x20002A60
[t=897,827us] task_start_exec    id=0x20016A38
[t=897,830us] idle
[t=898,880us] task_stop_exec     id=0x20016A38
[t=898,883us] task_start_exec    id=0x200031DC
[t=898,900us] task_stop_exec     id=0x200031DC
[t=898,903us] task_start_exec    id=0x20016A38
[t=898,906us] idle
[t=899,880us] task_stop_exec     id=0x20016A38
[t=899,883us] task_start_exec    id=0x20006160
[t=899,897us] task_stop_exec     id=0x20006160
[t=899,900us] task_start_exec    id=0x20016A38
[t=899,903us] idle
[t=903,880us] task_stop_exec     id=0x20016A38
[t=903,883us] task_start_exec    id=0x200031DC
[t=903,900us] task_stop_exec     id=0x200031DC
[t=903,903us] task_start_exec    id=0x20016A38
[t=903,906us] idle
[t=906,880us] task_stop_exec     id=0x20016A38
[t=906,883us] task_start_exec    id=0x20002A60
[t=908,267us] task_stop_exec     id=0x20002A60
[t=908,270us] task_start_exec    id=0x20016A38
[t=908,273us] idle
[t=908,801us] task_stop_exec     id=0x20016A38
[t=908,804us] task_start_exec    id=0x20002A60
[t=908,824us] task_stop_exec     id=0x20002A60
[t=908,827us] task_start_exec    id=0x20016A38
[t=908,830us] idle
[t=908,880us] task_stop_exec     id=0x20016A38
[t=908,882us] task_start_exec    id=0x200031DC
[t=908,899us] task_stop_exec     id=0x200031DC
[t=908,902us] task_start_exec    id=0x20016A38
[t=908,905us] idle
[t=913,880us] task_stop_exec     id=0x20016A38
[t=913,883us] task_start_exec    id=0x200031DC
[t=913,900us] task_stop_exec     id=0x200031DC
[t=913,903us] task_start_exec    id=0x20016A38
[t=913,906us] idle
[t=917,880us] task_stop_exec     id=0x20016A38
[t=917,883us] task_start_exec    id=0x20002A60
[t=918,880us] task_stop_exec     id=0x20002A60
[t=918,883us] task_start_exec    id=0x200031DC
[t=918,900us] task_stop_exec     id=0x200031DC
[t=918,903us] task_start_exec    id=0x20002A60
[t=919,267us] task_stop_exec     id=0x20002A60
[t=919,270us] task_start_exec    id=0x20016A38
[t=919,273us] idle
[t=919,801us] task_stop_exec     id=0x20016A38
[t=919,804us] task_start_exec    id=0x20002A60
[t=919,825us] task_stop_exec     id=0x20002A60
[t=919,828us] task_start_exec    id=0x20016A38
[t=919,831us] idle
[t=919,880us] task_stop_exec     id=0x20016A38
[t=919,882us] task_start_exec    id=0x20006160
[t=919,897us] task_stop_exec     id=0x20006160
[t=919,900us] task_start_exec    id=0x20016A38
[t=919,903us] idle
[t=923,880us] task_stop_exec     id=0x20016A38
[t=923,883us] task_start_exec    id=0x200031DC
[t=923,900us] task_stop_exec     id=0x200031DC
[t=923,903us] task_start_exec    id=0x20016A38
[t=923,906us] idle
[t=928,880us] task_stop_exec     id=0x20016A38
[t=928,883us] task_start_exec    id=0x20002A60
[t=928,890us] task_stop_exec     id=0x20002A60
[t=928,893us] task_start_exec    id=0x200031DC
[t=928,910us] task_stop_exec     id=0x200031DC
[t=928,913us] task_start_exec    id=0x20002A60
[t=929,995us] task_stop_exec     id=0x20002A60
[t=929,998us] task_start_exec    id=0x20016A38
[t=930,001us] idle
[t=933,880us] task_stop_exec     id=0x20016A38
[t=933,883us] task_start_exec    id=0x200031DC
[t=933,899us] task_stop_exec     id=0x200031DC
[t=933,902us] task_start_exec    id=0x20016A38
[t=933,905us] idle
[t=938,880us] task_stop_exec     id=0x20016A38
[t=938,883us] task_start_exec    id=0x200031DC
[t=938,900us] task_stop_exec     id=0x200031DC
[t=938,903us] task_start_exec    id=0x20016A38
[t=938,906us] idle
[t=939,880us] task_stop_exec     id=0x20016A38
[t=939,883us] task_start_exec    id=0x20006160
[t=939,890us] task_stop_exec     id=0x20006160
[t=939,893us] task_start_exec    id=0x20002A60
[t=941,277us] task_stop_exec     id=0x20002A60
[t=941,280us] task_start_exec    id=0x20006160
[t=941,293us] task_stop_exec     id=0x20006160
[t=941,296us] task_start_exec    id=0x20016A38
[t=941,299us] idle
[t=941,811us] task_stop_exec     id=0x20016A38
[t=941,814us] task_start_exec    id=0x20002A60
[t=941,834us] task_stop_exec     id=0x20002A60
[t=941,838us] task_start_exec    id=0x20016A38
[t=941,841us] idle
[t=943,880us] task_stop_exec     id=0x20016A38
[t=943,883us] task_start_exec    id=0x200031DC
[t=943,900us] task_stop_exec     id=0x200031DC
[t=943,903us] task_start_exec    id=0x20016A38
[t=943,906us] idle
[t=948,880us] task_stop_exec     id=0x20016A38
[t=948,883us] task_start_exec    id=0x200031DC
[t=948,900us] task_stop_exec     id=0x200031DC
[t=948,903us] task_start_exec    id=0x20016A38
[t=948,906us] idle
[t=950,880us] task_stop_exec     id=0x20016A38
[t=950,883us] task_start_exec    id=0x20002A60
[t=952,267us] task_stop_exec     id=0x20002A60
[t=952,270us] task_start_exec    id=0x20016A38
[t=952,273us] idle
[t=952,801us] task_stop_exec     id=0x20016A38
[t=952,804us] task_start_exec    id=0x20002A60
[t=952,824us] task_stop_exec     id=0x20002A60
[t=952,828us] task_start_exec    id=0x20016A38
[t=952,831us] idle
[t=953,880us] task_stop_exec     id=0x20016A38
[t=953,883us] task_start_exec    id=0x200031DC
[t=953,899us] task_stop_exec     id=0x200031DC
[t=953,903us] task_start_exec    id=0x20016A38
[t=953,906us] idle
[t=958,880us] task_stop_exec     id=0x20016A38
[t=958,883us] task_start_exec    id=0x200031DC
[t=958,900us] task_stop_exec     id=0x200031DC
[t=958,903us] task_start_exec    id=0x20016A38
[t=958,906us] idle
[t=960,880us] task_stop_exec     id=0x20016A38
[t=960,883us] task_start_exec    id=0x20006160
[t=960,897us] task_stop_exec     id=0x20006160
[t=960,900us] task_start_exec    id=0x20016A38
[t=960,903us] idle
[t=961,880us] task_stop_exec     id=0x20016A38
[t=961,883us] task_start_exec    id=0x20002A60
[t=963,267us] task_stop_exec     id=0x20002A60
[t=963,270us] task_start_exec    id=0x20016A38
[t=963,273us] idle
[t=963,801us] task_stop_exec     id=0x20016A38
[t=963,804us] task_start_exec    id=0x20002A60
[t=963,824us] task_stop_exec     id=0x20002A60
[t=963,827us] task_start_exec    id=0x20016A38
[t=963,830us] idle
[t=963,880us] task_stop_exec     id=0x20016A38
[t=963,882us] task_start_exec    id=0x200031DC
[t=963,899us] task_stop_exec     id=0x200031DC
[t=963,902us] task_start_exec    id=0x20016A38
[t=963,905us] idle
[t=968,880us] task_stop_exec     id=0x20016A38
[t=968,883us] task_start_exec    id=0x200031DC
[t=968,900us] task_stop_exec     id=0x200031DC
[t=968,903us] task_start_exec    id=0x20016A38
[t=968,906us] idle
[t=972,880us] task_stop_exec     id=0x20016A38
[t=972,883us] task_start_exec    id=0x20002A60
[t=973,880us] task_stop_exec     id=0x20002A60
[t=973,883us] task_start_exec    id=0x200031DC
[t=973,900us] task_stop_exec     id=0x200031DC
[t=973,903us] task_start_exec    id=0x20002A60
[t=974,267us] task_stop_exec     id=0x20002A60
[t=974,270us] task_start_exec    id=0x20016A38
[t=974,273us] idle
[t=974,801us] task_stop_exec     id=0x20016A38
[t=974,804us] task_start_exec    id=0x20002A60
[t=974,825us] task_stop_exec     id=0x20002A60
[t=974,828us] task_start_exec    id=0x20016A38
[t=974,831us] idle
[t=978,880us] task_stop_exec     id=0x20016A38
[t=978,883us] task_start_exec    id=0x200031DC
[t=978,900us] task_stop_exec     id=0x200031DC
[t=978,903us] task_start_exec    id=0x20016A38
[t=978,906us] idle
[t=980,880us] task_stop_exec     id=0x20016A38
[t=980,883us] task_start_exec    id=0x20006160
[t=980,897us] task_stop_exec     id=0x20006160
[t=980,900us] task_start_exec    id=0x20016A38
[t=980,903us] idle
[t=983,880us] task_stop_exec     id=0x20016A38
[t=983,883us] task_start_exec    id=0x20002A60
[t=983,890us] task_stop_exec     id=0x20002A60
[t=983,893us] task_start_exec    id=0x200031DC
[t=983,910us] task_stop_exec     id=0x200031DC
[t=983,913us] task_start_exec    id=0x20002A60
[t=985,295us] task_stop_exec     id=0x20002A60
[t=985,298us] task_start_exec    id=0x20016A38
[t=985,301us] idle
[t=985,829us] task_stop_exec     id=0x20016A38
[t=985,832us] task_start_exec    id=0x20002A60
[t=985,852us] task_stop_exec     id=0x20002A60
[t=985,855us] task_start_exec    id=0x20016A38
[t=985,858us] idle
[t=988,880us] task_stop_exec     id=0x20016A38
[t=988,883us] task_start_exec    id=0x200031DC
[t=988,899us] task_stop_exec     id=0x200031DC
[t=988,903us] task_start_exec    id=0x20016A38
[t=988,906us] idle
[t=993,880us] task_stop_exec     id=0x20016A38
[t=993,883us] task_start_exec    id=0x200031DC
[t=993,900us] task_stop_exec     id=0x200031DC
[t=993,903us] task_start_exec    id=0x20016A38
[t=993,906us] idle
[t=994,880us] task_stop_exec     id=0x20016A38
[t=994,883us] task_start_exec    id=0x20002A60
[t=995,967us] task_stop_exec     id=0x20002A60
[t=995,970us] task_start_exec    id=0x20016A38
[t=995,973us] idle
[t=998,880us] task_stop_exec     id=0x20016A38
[t=998,883us] task_start_exec    id=0x200031DC
[t=998,900us] task_stop_exec     id=0x200031DC
[t=998,903us] task_start_exec    id=0x20016A38
[t=998,906us] idle
[t=1,000,880us] task_stop_exec     id=0x20016A38
[t=1,000,883us] task_start_exec    id=0x20006160
[t=1,000,897us] task_stop_exec     id=0x20006160
[t=1,000,900us] task_start_exec    id=0x20016A38
[t=1,000,903us] idle
[t=1,003,880us] task_stop_exec     id=0x20016A38
[t=1,003,883us] task_start_exec    id=0x200031DC
[t=1,003,900us] task_stop_exec     id=0x200031DC
[t=1,003,903us] task_start_exec    id=0x20016A38
[t=1,003,906us] idle
[t=1,005,880us] task_stop_exec     id=0x20016A38
[t=1,005,883us] task_start_exec    id=0x20002A60
[t=1,007,267us] task_stop_exec     id=0x20002A60
[t=1,007,270us] task_start_exec    id=0x20016A38
[t=1,007,273us] idle
[t=1,007,801us] task_stop_exec     id=0x20016A38
[t=1,007,804us] task_start_exec    id=0x20002A60
[t=1,007,824us] task_stop_exec     id=0x20002A60
[t=1,007,827us] task_start_exec    id=0x20016A38
[t=1,007,830us] idle
[t=1,008,880us] task_stop_exec     id=0x20016A38
[t=1,008,883us] task_start_exec    id=0x200031DC
[t=1,008,899us] task_stop_exec     id=0x200031DC
[t=1,008,903us] task_start_exec    id=0x20016A38
[t=1,008,906us] idle
[t=1,013,880us] task_stop_exec     id=0x20016A38
[t=1,013,883us] task_start_exec    id=0x200031DC
[t=1,013,900us] task_stop_exec     id=0x200031DC
[t=1,013,903us] task_start_exec    id=0x20016A38
[t=1,013,906us] idle
[t=1,016,880us] task_stop_exec     id=0x20016A38
[t=1,016,883us] task_start_exec    id=0x20002A60
[t=1,018,267us] task_stop_exec     id=0x20002A60
[t=1,018,270us] task_start_exec    id=0x20016A38
[t=1,018,273us] idle
[t=1,018,801us] task_stop_exec     id=0x20016A38
[t=1,018,804us] task_start_exec    id=0x20002A60
[t=1,018,824us] task_stop_exec     id=0x20002A60
[t=1,018,827us] task_start_exec    id=0x20016A38
[t=1,018,830us] idle
[t=1,018,880us] task_stop_exec     id=0x20016A38
[t=1,018,882us] task_start_exec    id=0x200031DC
[t=1,018,900us] task_stop_exec     id=0x200031DC
[t=1,018,903us] task_start_exec    id=0x20016A38
[t=1,018,906us] idle
[t=1,020,880us] task_stop_exec     id=0x20016A38
[t=1,020,883us] task_start_exec    id=0x20006160
[t=1,020,897us] task_stop_exec     id=0x20006160
[t=1,020,900us] task_start_exec    id=0x20016A38
[t=1,020,903us] idle
[t=1,023,880us] task_stop_exec     id=0x20016A38
[t=1,023,883us] task_start_exec    id=0x200031DC
[t=1,023,900us] task_stop_exec     id=0x200031DC
[t=1,023,903us] task_start_exec    id=0x20016A38
[t=1,023,906us] idle
[t=1,027,880us] task_stop_exec     id=0x20016A38
[t=1,027,883us] task_start_exec    id=0x20002A60
[t=1,028,880us] task_stop_exec     id=0x20002A60
[t=1,028,883us] task_start_exec    id=0x200031DC
[t=1,028,900us] task_stop_exec     id=0x200031DC
[t=1,028,903us] task_start_exec    id=0x20002A60
[t=1,029,267us] task_stop_exec     id=0x20002A60
[t=1,029,270us] task_start_exec    id=0x20016A38
[t=1,029,273us] idle
[t=1,029,801us] task_stop_exec     id=0x20016A38
[t=1,029,804us] task_start_exec    id=0x20002A60
[t=1,029,824us] task_stop_exec     id=0x20002A60
[t=1,029,827us] task_start_exec    id=0x20016A38
[t=1,029,830us] idle
[t=1,033,880us] task_stop_exec     id=0x20016A38
[t=1,033,883us] task_start_exec    id=0x200031DC
[t=1,033,900us] task_stop_exec     id=0x200031DC
[t=1,033,903us] task_start_exec    id=0x20016A38
[t=1,033,906us] idle
[t=1,038,880us] task_stop_exec     id=0x20016A38
[t=1,038,883us] task_start_exec    id=0x20002A60
[t=1,038,890us] task_stop_exec     id=0x20002A60
[t=1,038,893us] task_start_exec    id=0x200031DC
[t=1,038,910us] task_stop_exec     id=0x200031DC
[t=1,038,913us] task_start_exec    id=0x20002A60
[t=1,040,295us] task_stop_exec     id=0x20002A60
[t=1,040,298us] task_start_exec    id=0x20016A38
[t=1,040,301us] idle
[t=1,040,829us] task_stop_exec     id=0x20016A38
[t=1,040,832us] task_start_exec    id=0x20002A60
[t=1,040,852us] task_stop_exec     id=0x20002A60
[t=1,040,855us] task_start_exec    id=0x20016A38
[t=1,040,858us] idle
[t=1,040,880us] task_stop_exec     id=0x20016A38
[t=1,040,882us] task_start_exec    id=0x20006160
[t=1,040,897us] task_stop_exec     id=0x20006160
[t=1,040,900us] task_start_exec    id=0x20016A38
[t=1,040,903us] idle
[t=1,043,880us] task_stop_exec     id=0x20016A38
[t=1,043,883us] task_start_exec    id=0x200031DC
[t=1,043,899us] task_stop_exec     id=0x200031DC
[t=1,043,903us] task_start_exec    id=0x20016A38
[t=1,043,906us] idle
[t=1,048,880us] task_stop_exec     id=0x20016A38
[t=1,048,883us] task_start_exec    id=0x200031DC
[t=1,048,900us] task_stop_exec     id=0x200031DC
[t=1,048,903us] task_start_exec    id=0x20016A38
[t=1,048,906us] idle
[t=1,049,880us] task_stop_exec     id=0x20016A38
[t=1,049,883us] task_start_exec    id=0x20002A60
[t=1,051,267us] task_stop_exec     id=0x20002A60
[t=1,051,270us] task_start_exec    id=0x20016A38
[t=1,051,273us] idle
[t=1,051,801us] task_stop_exec     id=0x20016A38
[t=1,051,804us] task_start_exec    id=0x20002A60
[t=1,051,824us] task_stop_exec     id=0x20002A60
[t=1,051,828us] task_start_exec    id=0x20016A38
[t=1,051,831us] idle
[t=1,053,880us] task_stop_exec     id=0x20016A38
[t=1,053,883us] task_start_exec    id=0x200031DC
[t=1,053,899us] task_stop_exec     id=0x200031DC
[t=1,053,903us] task_start_exec    id=0x20016A38
[t=1,053,906us] idle
[t=1,058,880us] task_stop_exec     id=0x20016A38
[t=1,058,883us] task_start_exec    id=0x200031DC
[t=1,058,900us] task_stop_exec     id=0x200031DC
[t=1,058,903us] task_start_exec    id=0x20016A38
[t=1,058,906us] idle
[t=1,060,880us] task_stop_exec     id=0x20016A38
[t=1,060,883us] task_start_exec    id=0x20006160
[t=1,060,890us] task_stop_exec     id=0x20006160
[t=1,060,893us] task_start_exec    id=0x20002A60
[t=1,061,976us] task_stop_exec     id=0x20002A60
[t=1,061,980us] task_start_exec    id=0x20006160
[t=1,061,992us] task_stop_exec     id=0x20006160
[t=1,061,995us] task_start_exec    id=0x20016A38
[t=1,061,998us] idle
[t=1,063,880us] task_stop_exec     id=0x20016A38
[t=1,063,883us] task_start_exec    id=0x200031DC
[t=1,063,899us] task_stop_exec     id=0x200031DC
[t=1,063,903us] task_start_exec    id=0x20016A38
[t=1,063,906us] idle
[t=1,068,880us] task_stop_exec     id=0x20016A38
[t=1,068,883us] task_start_exec    id=0x200031DC
[t=1,068,900us] task_stop_exec     id=0x200031DC
[t=1,068,903us] task_start_exec    id=0x20016A38
[t=1,068,906us] idle
[t=1,071,880us] task_stop_exec     id=0x20016A38
[t=1,071,883us] task_start_exec    id=0x20002A60
[t=1,073,267us] task_stop_exec     id=0x20002A60
[t=1,073,270us] task_start_exec    id=0x20016A38
[t=1,073,273us] idle
[t=1,073,801us] task_stop_exec     id=0x20016A38
[t=1,073,804us] task_start_exec    id=0x20002A60
[t=1,073,824us] task_stop_exec     id=0x20002A60
[t=1,073,827us] task_start_exec    id=0x20016A38
[t=1,073,830us] idle
[t=1,073,880us] task_stop_exec     id=0x20016A38
[t=1,073,882us] task_start_exec    id=0x200031DC
[t=1,073,899us] task_stop_exec     id=0x200031DC
[t=1,073,902us] task_start_exec    id=0x20016A38
[t=1,073,905us] idle
[t=1,078,880us] task_stop_exec     id=0x20016A38
[t=1,078,883us] task_start_exec    id=0x200031DC
[t=1,078,900us] task_stop_exec     id=0x200031DC
[t=1,078,903us] task_start_exec    id=0x20016A38
[t=1,078,906us] idle
[t=1,081,880us] task_stop_exec     id=0x20016A38
[t=1,081,883us] task_start_exec    id=0x20006160
[t=1,081,897us] task_stop_exec     id=0x20006160
[t=1,081,900us] task_start_exec    id=0x20016A38
[t=1,081,903us] idle
[t=1,082,880us] task_stop_exec     id=0x20016A38
[t=1,082,883us] task_start_exec    id=0x20002A60
[t=1,083,880us] task_stop_exec     id=0x20002A60
[t=1,083,883us] task_start_exec    id=0x200031DC
[t=1,083,900us] task_stop_exec     id=0x200031DC
[t=1,083,903us] task_start_exec    id=0x20002A60
[t=1,084,266us] task_stop_exec     id=0x20002A60
[t=1,084,270us] task_start_exec    id=0x20016A38
[t=1,084,273us] idle
[t=1,084,800us] task_stop_exec     id=0x20016A38
[t=1,084,803us] task_start_exec    id=0x20002A60
[t=1,084,824us] task_stop_exec     id=0x20002A60
[t=1,084,827us] task_start_exec    id=0x20016A38
[t=1,084,830us] idle
[t=1,088,880us] task_stop_exec     id=0x20016A38
[t=1,088,883us] task_start_exec    id=0x200031DC
[t=1,088,900us] task_stop_exec     id=0x200031DC
[t=1,088,903us] task_start_exec    id=0x20016A38
[t=1,088,906us] idle
[t=1,093,880us] task_stop_exec     id=0x20016A38
[t=1,093,883us] task_start_exec    id=0x20002A60
[t=1,093,890us] task_stop_exec     id=0x20002A60
[t=1,093,893us] task_start_exec    id=0x200031DC
[t=1,093,910us] task_stop_exec     id=0x200031DC
[t=1,093,913us] task_start_exec    id=0x20002A60
[t=1,095,295us] task_stop_exec     id=0x20002A60
[t=1,095,298us] task_start_exec    id=0x20016A38
[t=1,095,301us] idle
[t=1,095,829us] task_stop_exec     id=0x20016A38
[t=1,095,832us] task_start_exec    id=0x20002A60
[t=1,095,852us] task_stop_exec     id=0x20002A60
[t=1,095,855us] task_start_exec    id=0x20016A38
[t=1,095,858us] idle
[t=1,098,880us] task_stop_exec     id=0x20016A38
[t=1,098,883us] task_start_exec    id=0x200031DC
[t=1,098,900us] task_stop_exec     id=0x200031DC
[t=1,098,903us] task_start_exec    id=0x20016A38
[t=1,098,906us] idle
[t=1,101,880us] task_stop_exec     id=0x20016A38
[t=1,101,883us] task_start_exec    id=0x20006160
[t=1,101,897us] task_stop_exec     id=0x20006160
[t=1,101,900us] task_start_exec    id=0x20016A38
[t=1,101,903us] idle
[t=1,103,880us] task_stop_exec     id=0x20016A38
[t=1,103,883us] task_start_exec    id=0x200031DC
[t=1,103,900us] task_stop_exec     id=0x200031DC
[t=1,103,903us] task_start_exec    id=0x20016A38
[t=1,103,906us] idle
[t=1,104,880us] task_stop_exec     id=0x20016A38
[t=1,104,883us] task_start_exec    id=0x20002A60
[t=1,106,267us] task_stop_exec     id=0x20002A60
[t=1,106,270us] task_start_exec    id=0x20016A38
[t=1,106,273us] idle
[t=1,106,801us] task_stop_exec     id=0x20016A38
[t=1,106,804us] task_start_exec    id=0x20002A60
[t=1,106,824us] task_stop_exec     id=0x20002A60
[t=1,106,827us] task_start_exec    id=0x20016A38
[t=1,106,830us] idle
[t=1,108,880us] task_stop_exec     id=0x20016A38
[t=1,108,883us] task_start_exec    id=0x200031DC
[t=1,108,899us] task_stop_exec     id=0x200031DC
[t=1,108,903us] task_start_exec    id=0x20016A38
[t=1,108,906us] idle
[t=1,113,880us] task_stop_exec     id=0x20016A38
[t=1,113,883us] task_start_exec    id=0x200031DC
[t=1,113,900us] task_stop_exec     id=0x200031DC
[t=1,113,903us] task_start_exec    id=0x20016A38
[t=1,113,906us] idle
[t=1,115,880us] task_stop_exec     id=0x20016A38
[t=1,115,883us] task_start_exec    id=0x20002A60
[t=1,116,967us] task_stop_exec     id=0x20002A60
[t=1,116,970us] task_start_exec    id=0x20016A38
[t=1,116,973us] idle
[t=1,118,880us] task_stop_exec     id=0x20016A38
[t=1,118,883us] task_start_exec    id=0x200031DC
[t=1,118,900us] task_stop_exec     id=0x200031DC
[t=1,118,903us] task_start_exec    id=0x20016A38
[t=1,118,906us] idle
[t=1,121,880us] task_stop_exec     id=0x20016A38
[t=1,121,883us] task_start_exec    id=0x20006160
[t=1,121,897us] task_stop_exec     id=0x20006160
[t=1,121,900us] task_start_exec    id=0x20016A38
[t=1,121,903us] idle
[t=1,123,880us] task_stop_exec     id=0x20016A38
[t=1,123,883us] task_start_exec    id=0x200031DC
[t=1,123,900us] task_stop_exec     id=0x200031DC
[t=1,123,903us] task_start_exec    id=0x20016A38
[t=1,123,906us] idle
[t=1,126,880us] task_stop_exec     id=0x20016A38
[t=1,126,883us] task_start_exec    id=0x20002A60
[t=1,128,267us] task_stop_exec     id=0x20002A60
[t=1,128,270us] task_start_exec    id=0x20016A38
[t=1,128,273us] idle
[t=1,128,880us] task_stop_exec     id=0x20016A38
[t=1,128,883us] task_start_exec    id=0x200031DC
[t=1,128,899us] task_stop_exec     id=0x200031DC
[t=1,128,902us] task_start_exec    id=0x20016A38
[t=1,128,905us] idle
[t=1,129,071us] task_stop_exec     id=0x20016A38
[t=1,129,073us] task_start_exec    id=0x20002A60
[t=1,129,094us] task_stop_exec     id=0x20002A60
[t=1,129,097us] task_start_exec    id=0x20016A38
[t=1,129,100us] idle
[t=1,133,880us] task_stop_exec     id=0x20016A38
[t=1,133,883us] task_start_exec    id=0x200031DC
[t=1,133,900us] task_stop_exec     id=0x200031DC
[t=1,133,903us] task_start_exec    id=0x20016A38
[t=1,133,906us] idle
[t=1,138,880us] task_stop_exec     id=0x20016A38
[t=1,138,883us] task_start_exec    id=0x20002A60
[t=1,138,890us] task_stop_exec     id=0x20002A60
[t=1,138,893us] task_start_exec    id=0x200031DC
[t=1,138,910us] task_stop_exec     id=0x200031DC
[t=1,138,913us] task_start_exec    id=0x20002A60
[t=1,139,995us] task_stop_exec     id=0x20002A60
[t=1,139,998us] task_start_exec    id=0x20016A38
[t=1,140,001us] idle
[t=1,141,880us] task_stop_exec     id=0x20016A38
[t=1,141,883us] task_start_exec    id=0x20006160
[t=1,141,897us] task_stop_exec     id=0x20006160
[t=1,141,900us] task_start_exec    id=0x20016A38
[t=1,141,903us] idle
[t=1,143,880us] task_stop_exec     id=0x20016A38
[t=1,143,883us] task_start_exec    id=0x200031DC
[t=1,143,899us] task_stop_exec     id=0x200031DC
[t=1,143,902us] task_start_exec    id=0x20016A38
[t=1,143,905us] idle
[t=1,148,880us] task_stop_exec     id=0x20016A38
[t=1,148,883us] task_start_exec    id=0x200031DC
[t=1,148,900us] task_stop_exec     id=0x200031DC
[t=1,148,903us] task_start_exec    id=0x20016A38
[t=1,148,906us] idle
[t=1,149,880us] task_stop_exec     id=0x20016A38
[t=1,149,883us] task_start_exec    id=0x20002A60
[t=1,151,267us] task_stop_exec     id=0x20002A60
[t=1,151,270us] task_start_exec    id=0x20016A38
[t=1,151,273us] idle
[t=1,152,071us] task_stop_exec     id=0x20016A38
[t=1,152,074us] task_start_exec    id=0x20002A60
[t=1,152,097us] task_stop_exec     id=0x20002A60
[t=1,152,100us] task_start_exec    id=0x20016A38
[t=1,152,103us] idle
[t=1,153,880us] task_stop_exec     id=0x20016A38
[t=1,153,883us] task_start_exec    id=0x200031DC
[t=1,153,899us] task_stop_exec     id=0x200031DC
[t=1,153,903us] task_start_exec    id=0x20016A38
[t=1,153,906us] idle
[t=1,158,880us] task_stop_exec     id=0x20016A38
[t=1,158,883us] task_start_exec    id=0x200031DC
[t=1,158,900us] task_stop_exec     id=0x200031DC
[t=1,158,903us] task_start_exec    id=0x20016A38
[t=1,158,906us] idle
[t=1,161,880us] task_stop_exec     id=0x20016A38
[t=1,161,883us] task_start_exec    id=0x20006160
[t=1,161,890us] task_stop_exec     id=0x20006160
[t=1,161,893us] task_start_exec    id=0x20002A60
[t=1,163,277us] task_stop_exec     id=0x20002A60
[t=1,163,280us] task_start_exec    id=0x20006160
[t=1,163,293us] task_stop_exec     id=0x20006160
[t=1,163,296us] task_start_exec    id=0x20016A38
[t=1,163,299us] idle
[t=1,163,812us] task_stop_exec     id=0x20016A38
[t=1,163,815us] task_start_exec    id=0x20002A60
[t=1,163,835us] task_stop_exec     id=0x20002A60
[t=1,163,838us] task_start_exec    id=0x20016A38
[t=1,163,841us] idle
[t=1,163,880us] task_stop_exec     id=0x20016A38
[t=1,163,882us] task_start_exec    id=0x200031DC
[t=1,163,899us] task_stop_exec     id=0x200031DC
[t=1,163,902us] task_start_exec    id=0x20016A38
[t=1,163,905us] idle
[t=1,168,880us] task_stop_exec     id=0x20016A38
[t=1,168,883us] task_start_exec    id=0x200031DC
[t=1,168,900us] task_stop_exec     id=0x200031DC
[t=1,168,903us] task_start_exec    id=0x20016A38
[t=1,168,906us] idle
[t=1,172,880us] task_stop_exec     id=0x20016A38
[t=1,172,883us] task_start_exec    id=0x20002A60
[t=1,173,880us] task_stop_exec     id=0x20002A60
[t=1,173,883us] task_start_exec    id=0x200031DC
[t=1,173,900us] task_stop_exec     id=0x200031DC
[t=1,173,903us] task_start_exec    id=0x20002A60
[t=1,174,267us] task_stop_exec     id=0x20002A60
[t=1,174,270us] task_start_exec    id=0x20016A38
[t=1,174,273us] idle
[t=1,174,801us] task_stop_exec     id=0x20016A38
[t=1,174,804us] task_start_exec    id=0x20002A60
[t=1,174,825us] task_stop_exec     id=0x20002A60
[t=1,174,828us] task_start_exec    id=0x20016A38
[t=1,174,831us] idle
[t=1,178,880us] task_stop_exec     id=0x20016A38
[t=1,178,883us] task_start_exec    id=0x200031DC
[t=1,178,900us] task_stop_exec     id=0x200031DC
[t=1,178,903us] task_start_exec    id=0x20016A38
[t=1,178,906us] idle
[t=1,182,880us] task_stop_exec     id=0x20016A38
[t=1,182,883us] task_start_exec    id=0x20006160
[t=1,182,898us] task_stop_exec     id=0x20006160
[t=1,182,901us] task_start_exec    id=0x20016A38
[t=1,182,904us] idle
[t=1,183,880us] task_stop_exec     id=0x20016A38
[t=1,183,883us] task_start_exec    id=0x20002A60
[t=1,183,890us] task_stop_exec     id=0x20002A60
[t=1,183,893us] task_start_exec    id=0x200031DC
[t=1,183,910us] task_stop_exec     id=0x200031DC
[t=1,183,913us] task_start_exec    id=0x20002A60
[t=1,185,295us] task_stop_exec     id=0x20002A60
[t=1,185,298us] task_start_exec    id=0x20016A38
[t=1,185,301us] idle
[t=1,185,829us] task_stop_exec     id=0x20016A38
[t=1,185,832us] task_start_exec    id=0x20002A60
[t=1,185,852us] task_stop_exec     id=0x20002A60
[t=1,185,855us] task_start_exec    id=0x20016A38
[t=1,185,858us] idle
[t=1,188,880us] task_stop_exec     id=0x20016A38
[t=1,188,883us] task_start_exec    id=0x200031DC
[t=1,188,899us] task_stop_exec     id=0x200031DC
[t=1,188,903us] task_start_exec    id=0x20016A38
[t=1,188,906us] idle
[t=1,193,880us] task_stop_exec     id=0x20016A38
[t=1,193,883us] task_start_exec    id=0x200031DC
[t=1,193,900us] task_stop_exec     id=0x200031DC
[t=1,193,903us] task_start_exec    id=0x20016A38
[t=1,193,906us] idle
[t=1,194,880us] task_stop_exec     id=0x20016A38
[t=1,194,883us] task_start_exec    id=0x20002A60
[t=1,195,967us] task_stop_exec     id=0x20002A60
[t=1,195,970us] task_start_exec    id=0x20016A38
[t=1,195,973us] idle
[t=1,198,880us] task_stop_exec     id=0x20016A38
[t=1,198,883us] task_start_exec    id=0x200031DC
[t=1,198,900us] task_stop_exec     id=0x200031DC
[t=1,198,903us] task_start_exec    id=0x20016A38
[t=1,198,906us] idle
[t=1,202,880us] task_stop_exec     id=0x20016A38
[t=1,202,883us] task_start_exec    id=0x20006160
[t=1,202,897us] task_stop_exec     id=0x20006160
[t=1,202,900us] task_start_exec    id=0x20016A38
[t=1,202,903us] idle
[t=1,203,880us] task_stop_exec     id=0x20016A38
[t=1,203,883us] task_start_exec    id=0x200031DC
[t=1,203,900us] task_stop_exec     id=0x200031DC
[t=1,203,903us] task_start_exec    id=0x20016A38
[t=1,203,906us] idle
[t=1,205,880us] task_stop_exec     id=0x20016A38
[t=1,205,883us] task_start_exec    id=0x20002A60
[t=1,207,267us] task_stop_exec     id=0x20002A60
[t=1,207,270us] task_start_exec    id=0x20016A38
[t=1,207,273us] idle
[t=1,207,801us] task_stop_exec     id=0x20016A38
[t=1,207,804us] task_start_exec    id=0x20002A60
[t=1,207,824us] task_stop_exec     id=0x20002A60
[t=1,207,827us] task_start_exec    id=0x20016A38
[t=1,207,830us] idle
[t=1,208,880us] task_stop_exec     id=0x20016A38
[t=1,208,883us] task_start_exec    id=0x200031DC
[t=1,208,899us] task_stop_exec     id=0x200031DC
[t=1,208,903us] task_start_exec    id=0x20016A38
[t=1,208,906us] idle
[t=1,213,880us] task_stop_exec     id=0x20016A38
[t=1,213,883us] task_start_exec    id=0x200031DC
[t=1,213,900us] task_stop_exec     id=0x200031DC
[t=1,213,903us] task_start_exec    id=0x20016A38
[t=1,213,906us] idle
[t=1,216,880us] task_stop_exec     id=0x20016A38
[t=1,216,883us] task_start_exec    id=0x20002A60
[t=1,218,267us] task_stop_exec     id=0x20002A60
[t=1,218,270us] task_start_exec    id=0x20016A38
[t=1,218,273us] idle
[t=1,218,801us] task_stop_exec     id=0x20016A38
[t=1,218,804us] task_start_exec    id=0x20002A60
[t=1,218,824us] task_stop_exec     id=0x20002A60
[t=1,218,828us] task_start_exec    id=0x20016A38
[t=1,218,831us] idle
[t=1,218,880us] task_stop_exec     id=0x20016A38
[t=1,218,883us] task_start_exec    id=0x200031DC
[t=1,218,900us] task_stop_exec     id=0x200031DC
[t=1,218,903us] task_start_exec    id=0x20016A38
[t=1,218,906us] idle
[t=1,222,880us] task_stop_exec     id=0x20016A38
[t=1,222,883us] task_start_exec    id=0x20006160
[t=1,222,897us] task_stop_exec     id=0x20006160
[t=1,222,900us] task_start_exec    id=0x20016A38
[t=1,222,903us] idle
[t=1,223,880us] task_stop_exec     id=0x20016A38
[t=1,223,883us] task_start_exec    id=0x200031DC
[t=1,223,900us] task_stop_exec     id=0x200031DC
[t=1,223,903us] task_start_exec    id=0x20016A38
[t=1,223,906us] idle
[t=1,227,880us] task_stop_exec     id=0x20016A38
[t=1,227,883us] task_start_exec    id=0x20002A60
[t=1,228,880us] task_stop_exec     id=0x20002A60
[t=1,228,883us] task_start_exec    id=0x200031DC
[t=1,228,900us] task_stop_exec     id=0x200031DC
[t=1,228,903us] task_start_exec    id=0x20002A60
[t=1,229,267us] task_stop_exec     id=0x20002A60
[t=1,229,270us] task_start_exec    id=0x20016A38
[t=1,229,273us] idle
[t=1,229,801us] task_stop_exec     id=0x20016A38
[t=1,229,804us] task_start_exec    id=0x20002A60
[t=1,229,824us] task_stop_exec     id=0x20002A60
[t=1,229,828us] task_start_exec    id=0x20016A38
[t=1,229,831us] idle
[t=1,233,880us] task_stop_exec     id=0x20016A38
[t=1,233,883us] task_start_exec    id=0x200031DC
[t=1,233,900us] task_stop_exec     id=0x200031DC
[t=1,233,903us] task_start_exec    id=0x20016A38
[t=1,233,906us] idle
[t=1,238,880us] task_stop_exec     id=0x20016A38
[t=1,238,883us] task_start_exec    id=0x20002A60
[t=1,238,890us] task_stop_exec     id=0x20002A60
[t=1,238,893us] task_start_exec    id=0x200031DC
[t=1,238,910us] task_stop_exec     id=0x200031DC
[t=1,238,913us] task_start_exec    id=0x20002A60
[t=1,240,295us] task_stop_exec     id=0x20002A60
[t=1,240,298us] task_start_exec    id=0x20016A38
[t=1,240,301us] idle
[t=1,240,829us] task_stop_exec     id=0x20016A38
[t=1,240,832us] task_start_exec    id=0x20002A60
[t=1,240,852us] task_stop_exec     id=0x20002A60
[t=1,240,855us] task_start_exec    id=0x20016A38
[t=1,240,858us] idle
[t=1,242,880us] task_stop_exec     id=0x20016A38
[t=1,242,883us] task_start_exec    id=0x20006160
[t=1,242,897us] task_stop_exec     id=0x20006160
[t=1,242,900us] task_start_exec    id=0x20016A38
[t=1,242,903us] idle
[t=1,243,880us] task_stop_exec     id=0x20016A38
[t=1,243,883us] task_start_exec    id=0x200031DC
[t=1,243,900us] task_stop_exec     id=0x200031DC
[t=1,243,903us] task_start_exec    id=0x20016A38
[t=1,243,906us] idle
[t=1,248,880us] task_stop_exec     id=0x20016A38
[t=1,248,883us] task_start_exec    id=0x200031DC
[t=1,248,900us] task_stop_exec     id=0x200031DC
[t=1,248,903us] task_start_exec    id=0x20016A38
[t=1,248,906us] idle
[t=1,249,880us] task_stop_exec     id=0x20016A38
[t=1,249,883us] task_start_exec    id=0x20002A60
[t=1,251,267us] task_stop_exec     id=0x20002A60
[t=1,251,270us] task_start_exec    id=0x20016A38
[t=1,251,273us] idle
[t=1,251,801us] task_stop_exec     id=0x20016A38
[t=1,251,804us] task_start_exec    id=0x20002A60
[t=1,251,824us] task_stop_exec     id=0x20002A60
[t=1,251,827us] task_start_exec    id=0x20016A38
[t=1,251,830us] idle
[t=1,253,880us] task_stop_exec     id=0x20016A38
[t=1,253,883us] task_start_exec    id=0x200031DC
[t=1,253,900us] task_stop_exec     id=0x200031DC
[t=1,253,903us] task_start_exec    id=0x20016A38
[t=1,253,906us] idle
[t=1,258,880us] task_stop_exec     id=0x20016A38
[t=1,258,883us] task_start_exec    id=0x200031DC
[t=1,258,900us] task_stop_exec     id=0x200031DC
[t=1,258,903us] task_start_exec    id=0x20016A38
[t=1,258,906us] idle
[t=1,260,880us] task_stop_exec     id=0x20016A38
[t=1,260,883us] task_start_exec    id=0x20002A60
[t=1,261,967us] task_stop_exec     id=0x20002A60
[t=1,261,970us] task_start_exec    id=0x20016A38
[t=1,261,973us] idle
[t=1,262,880us] task_stop_exec     id=0x20016A38
[t=1,262,883us] task_start_exec    id=0x20006160
[t=1,262,897us] task_stop_exec     id=0x20006160
[t=1,262,900us] task_start_exec    id=0x20016A38
[t=1,262,903us] idle
[t=1,263,880us] task_stop_exec     id=0x20016A38
[t=1,263,883us] task_start_exec    id=0x200031DC
[t=1,263,899us] task_stop_exec     id=0x200031DC
[t=1,263,903us] task_start_exec    id=0x20016A38
[t=1,263,906us] idle
[t=1,268,880us] task_stop_exec     id=0x20016A38
[t=1,268,883us] task_start_exec    id=0x200031DC
[t=1,268,900us] task_stop_exec     id=0x200031DC
[t=1,268,903us] task_start_exec    id=0x20016A38
[t=1,268,906us] idle
[t=1,271,880us] task_stop_exec     id=0x20016A38
[t=1,271,883us] task_start_exec    id=0x20002A60
[t=1,273,267us] task_stop_exec     id=0x20002A60
[t=1,273,270us] task_start_exec    id=0x20016A38
[t=1,273,273us] idle
[t=1,273,801us] task_stop_exec     id=0x20016A38
[t=1,273,804us] task_start_exec    id=0x20002A60
[t=1,273,824us] task_stop_exec     id=0x20002A60
[t=1,273,827us] task_start_exec    id=0x20016A38
[t=1,273,830us] idle
[t=1,273,880us] task_stop_exec     id=0x20016A38
[t=1,273,882us] task_start_exec    id=0x200031DC
[t=1,273,899us] task_stop_exec     id=0x200031DC
[t=1,273,902us] task_start_exec    id=0x20016A38
[t=1,273,905us] idle
[t=1,278,880us] task_stop_exec     id=0x20016A38
[t=1,278,883us] task_start_exec    id=0x200031DC
[t=1,278,900us] task_stop_exec     id=0x200031DC
[t=1,278,903us] task_start_exec    id=0x20016A38
[t=1,278,906us] idle
[t=1,282,880us] task_stop_exec     id=0x20016A38
[t=1,282,883us] task_start_exec    id=0x20006160
[t=1,282,890us] task_stop_exec     id=0x20006160
[t=1,282,893us] task_start_exec    id=0x20002A60
[t=1,283,880us] task_stop_exec     id=0x20002A60
[t=1,283,883us] task_start_exec    id=0x200031DC
[t=1,283,899us] task_stop_exec     id=0x200031DC
[t=1,283,902us] task_start_exec    id=0x20002A60
[t=1,284,276us] task_stop_exec     id=0x20002A60
[t=1,284,280us] task_start_exec    id=0x20006160
[t=1,284,292us] task_stop_exec     id=0x20006160
[t=1,284,295us] task_start_exec    id=0x20016A38
[t=1,284,298us] idle
[t=1,284,811us] task_stop_exec     id=0x20016A38
[t=1,284,814us] task_start_exec    id=0x20002A60
[t=1,284,834us] task_stop_exec     id=0x20002A60
[t=1,284,837us] task_start_exec    id=0x20016A38
[t=1,284,840us] idle
[t=1,288,880us] task_stop_exec     id=0x20016A38
[t=1,288,883us] task_start_exec    id=0x200031DC
[t=1,288,900us] task_stop_exec     id=0x200031DC
[t=1,288,903us] task_start_exec    id=0x20016A38
[t=1,288,906us] idle
[t=1,293,880us] task_stop_exec     id=0x20016A38
[t=1,293,883us] task_start_exec    id=0x20002A60
[t=1,293,890us] task_stop_exec     id=0x20002A60
[t=1,293,893us] task_start_exec    id=0x200031DC
[t=1,293,910us] task_stop_exec     id=0x200031DC
[t=1,293,913us] task_start_exec    id=0x20002A60
[t=1,295,295us] task_stop_exec     id=0x20002A60
[t=1,295,298us] task_start_exec    id=0x20016A38
[t=1,295,301us] idle
[t=1,295,829us] task_stop_exec     id=0x20016A38
[t=1,295,832us] task_start_exec    id=0x20002A60
[t=1,295,852us] task_stop_exec     id=0x20002A60
[t=1,295,855us] task_start_exec    id=0x20016A38
[t=1,295,858us] idle
[t=1,298,880us] task_stop_exec     id=0x20016A38
[t=1,298,883us] task_start_exec    id=0x200031DC
[t=1,298,900us] task_stop_exec     id=0x200031DC
[t=1,298,903us] task_start_exec    id=0x20016A38
[t=1,298,906us] idle
[t=1,303,880us] task_stop_exec     id=0x20016A38
[t=1,303,883us] task_start_exec    id=0x20006160
[t=1,303,890us] task_stop_exec     id=0x20006160
[t=1,303,893us] task_start_exec    id=0x200031DC
[t=1,303,910us] task_stop_exec     id=0x200031DC
[t=1,303,913us] task_start_exec    id=0x20006160
[t=1,303,925us] task_stop_exec     id=0x20006160
[t=1,303,928us] task_start_exec    id=0x20016A38
[t=1,303,931us] idle
[t=1,304,880us] task_stop_exec     id=0x20016A38
[t=1,304,883us] task_start_exec    id=0x20002A60
[t=1,306,267us] task_stop_exec     id=0x20002A60
[t=1,306,270us] task_start_exec    id=0x20016A38
[t=1,306,273us] idle
[t=1,306,801us] task_stop_exec     id=0x20016A38
[t=1,306,804us] task_start_exec    id=0x20002A60
[t=1,306,824us] task_stop_exec     id=0x20002A60
[t=1,306,827us] task_start_exec    id=0x20016A38
[t=1,306,830us] idle
[t=1,308,880us] task_stop_exec     id=0x20016A38
[t=1,308,883us] task_start_exec    id=0x200031DC
[t=1,308,899us] task_stop_exec     id=0x200031DC
[t=1,308,903us] task_start_exec    id=0x20016A38
[t=1,308,906us] idle
[t=1,313,880us] task_stop_exec     id=0x20016A38
[t=1,313,883us] task_start_exec    id=0x200031DC
[t=1,313,900us] task_stop_exec     id=0x200031DC
[t=1,313,903us] task_start_exec    id=0x20016A38
[t=1,313,906us] idle
[t=1,315,880us] task_stop_exec     id=0x20016A38
[t=1,315,883us] task_start_exec    id=0x20002A60
[t=1,317,267us] task_stop_exec     id=0x20002A60
[t=1,317,270us] task_start_exec    id=0x20016A38
[t=1,317,273us] idle
[t=1,317,801us] task_stop_exec     id=0x20016A38
[t=1,317,804us] task_start_exec    id=0x20002A60
[t=1,317,824us] task_stop_exec     id=0x20002A60
[t=1,317,827us] task_start_exec    id=0x20016A38
[t=1,317,830us] idle
[t=1,318,880us] task_stop_exec     id=0x20016A38
[t=1,318,883us] task_start_exec    id=0x200031DC
[t=1,318,900us] task_stop_exec     id=0x200031DC
[t=1,318,903us] task_start_exec    id=0x20016A38
[t=1,318,906us] idle
[t=1,323,880us] task_stop_exec     id=0x20016A38
[t=1,323,883us] task_start_exec    id=0x20006160
[t=1,323,891us] task_stop_exec     id=0x20006160
[t=1,323,894us] task_start_exec    id=0x200031DC
[t=1,323,910us] task_stop_exec     id=0x200031DC
[t=1,323,913us] task_start_exec    id=0x20006160
[t=1,323,926us] task_stop_exec     id=0x20006160
[t=1,323,929us] task_start_exec    id=0x20016A38
[t=1,323,932us] idle
[t=1,326,880us] task_stop_exec     id=0x20016A38
[t=1,326,883us] task_start_exec    id=0x20002A60
[t=1,327,967us] task_stop_exec     id=0x20002A60
[t=1,327,970us] task_start_exec    id=0x20016A38
[t=1,327,973us] idle
[t=1,328,880us] task_stop_exec     id=0x20016A38
[t=1,328,883us] task_start_exec    id=0x200031DC
[t=1,328,899us] task_stop_exec     id=0x200031DC
[t=1,328,902us] task_start_exec    id=0x20016A38
[t=1,328,905us] idle
[t=1,333,880us] task_stop_exec     id=0x20016A38
[t=1,333,883us] task_start_exec    id=0x200031DC
[t=1,333,900us] task_stop_exec     id=0x200031DC
[t=1,333,903us] task_start_exec    id=0x20016A38
[t=1,333,906us] idle
[t=1,337,880us] task_stop_exec     id=0x20016A38
[t=1,337,883us] task_start_exec    id=0x20002A60
[t=1,338,880us] task_stop_exec     id=0x20002A60
[t=1,338,883us] task_start_exec    id=0x200031DC
[t=1,338,900us] task_stop_exec     id=0x200031DC
[t=1,338,903us] task_start_exec    id=0x20002A60
[t=1,339,267us] task_stop_exec     id=0x20002A60
[t=1,339,270us] task_start_exec    id=0x20016A38
[t=1,339,273us] idle
[t=1,339,801us] task_stop_exec     id=0x20016A38
[t=1,339,804us] task_start_exec    id=0x20002A60
[t=1,339,824us] task_stop_exec     id=0x20002A60
[t=1,339,827us] task_start_exec    id=0x20016A38
[t=1,339,830us] idle
[t=1,343,880us] task_stop_exec     id=0x20016A38
[t=1,343,883us] task_start_exec    id=0x20006160
[t=1,343,890us] task_stop_exec     id=0x20006160
[t=1,343,893us] task_start_exec    id=0x200031DC
[t=1,343,910us] task_stop_exec     id=0x200031DC
[t=1,343,913us] task_start_exec    id=0x20006160
[t=1,343,925us] task_stop_exec     id=0x20006160
[t=1,343,928us] task_start_exec    id=0x20016A38
[t=1,343,931us] idle
[t=1,348,880us] task_stop_exec     id=0x20016A38
[t=1,348,883us] task_start_exec    id=0x20002A60
[t=1,348,890us] task_stop_exec     id=0x20002A60
[t=1,348,893us] task_start_exec    id=0x200031DC
[t=1,348,910us] task_stop_exec     id=0x200031DC
[t=1,348,913us] task_start_exec    id=0x20002A60
[t=1,350,295us] task_stop_exec     id=0x20002A60
[t=1,350,298us] task_start_exec    id=0x20016A38
[t=1,350,301us] idle
[t=1,350,829us] task_stop_exec     id=0x20016A38
[t=1,350,832us] task_start_exec    id=0x20002A60
[t=1,350,852us] task_stop_exec     id=0x20002A60
[t=1,350,855us] task_start_exec    id=0x20016A38
[t=1,350,858us] idle
[t=1,353,880us] task_stop_exec     id=0x20016A38
[t=1,353,883us] task_start_exec    id=0x200031DC
[t=1,353,899us] task_stop_exec     id=0x200031DC
[t=1,353,903us] task_start_exec    id=0x20016A38
[t=1,353,906us] idle
[t=1,358,880us] task_stop_exec     id=0x20016A38
[t=1,358,883us] task_start_exec    id=0x200031DC
[t=1,358,900us] task_stop_exec     id=0x200031DC
[t=1,358,903us] task_start_exec    id=0x20016A38
[t=1,358,906us] idle
[t=1,359,880us] task_stop_exec     id=0x20016A38
[t=1,359,883us] task_start_exec    id=0x20002A60
[t=1,361,267us] task_stop_exec     id=0x20002A60
[t=1,361,270us] task_start_exec    id=0x20016A38
[t=1,361,273us] idle
[t=1,361,801us] task_stop_exec     id=0x20016A38
[t=1,361,804us] task_start_exec    id=0x20002A60
[t=1,361,824us] task_stop_exec     id=0x20002A60
[t=1,361,828us] task_start_exec    id=0x20016A38
[t=1,361,831us] idle
[t=1,363,880us] task_stop_exec     id=0x20016A38
[t=1,363,883us] task_start_exec    id=0x20006160
[t=1,363,890us] task_stop_exec     id=0x20006160
[t=1,363,893us] task_start_exec    id=0x200031DC
[t=1,363,910us] task_stop_exec     id=0x200031DC
[t=1,363,913us] task_start_exec    id=0x20006160
[t=1,363,925us] task_stop_exec     id=0x20006160
[t=1,363,928us] task_start_exec    id=0x20016A38
[t=1,363,931us] idle
[t=1,368,880us] task_stop_exec     id=0x20016A38
[t=1,368,883us] task_start_exec    id=0x200031DC
[t=1,368,900us] task_stop_exec     id=0x200031DC
[t=1,368,903us] task_start_exec    id=0x20016A38
[t=1,368,906us] idle
[t=1,370,880us] task_stop_exec     id=0x20016A38
[t=1,370,883us] task_start_exec    id=0x20002A60
[t=1,372,267us] task_stop_exec     id=0x20002A60
[t=1,372,270us] task_start_exec    id=0x20016A38
[t=1,372,273us] idle
[t=1,372,801us] task_stop_exec     id=0x20016A38
[t=1,372,804us] task_start_exec    id=0x20002A60
[t=1,372,824us] task_stop_exec     id=0x20002A60
[t=1,372,827us] task_start_exec    id=0x20016A38
[t=1,372,830us] idle
[t=1,373,880us] task_stop_exec     id=0x20016A38
[t=1,373,883us] task_start_exec    id=0x200031DC
[t=1,373,899us] task_stop_exec     id=0x200031DC
[t=1,373,903us] task_start_exec    id=0x20016A38
[t=1,373,906us] idle
[t=1,378,880us] task_stop_exec     id=0x20016A38
[t=1,378,883us] task_start_exec    id=0x200031DC
[t=1,378,900us] task_stop_exec     id=0x200031DC
[t=1,378,903us] task_start_exec    id=0x20016A38
[t=1,378,906us] idle
[t=1,381,880us] task_stop_exec     id=0x20016A38
[t=1,381,883us] task_start_exec    id=0x20002A60
[t=1,382,967us] task_stop_exec     id=0x20002A60
[t=1,382,970us] task_start_exec    id=0x20016A38
[t=1,382,973us] idle
[t=1,383,880us] task_stop_exec     id=0x20016A38
[t=1,383,883us] task_start_exec    id=0x20006160
[t=1,383,890us] task_stop_exec     id=0x20006160
[t=1,383,893us] task_start_exec    id=0x200031DC
[t=1,383,910us] task_stop_exec     id=0x200031DC
[t=1,383,913us] task_start_exec    id=0x20006160
[t=1,383,925us] task_stop_exec     id=0x20006160
[t=1,383,928us] task_start_exec    id=0x20016A38
[t=1,383,931us] idle
[t=1,388,880us] task_stop_exec     id=0x20016A38
[t=1,388,883us] task_start_exec    id=0x200031DC
[t=1,388,900us] task_stop_exec     id=0x200031DC
[t=1,388,903us] task_start_exec    id=0x20016A38
[t=1,388,906us] idle
[t=1,392,880us] task_stop_exec     id=0x20016A38
[t=1,392,883us] task_start_exec    id=0x20002A60
[t=1,393,880us] task_stop_exec     id=0x20002A60
[t=1,393,883us] task_start_exec    id=0x200031DC
[t=1,393,900us] task_stop_exec     id=0x200031DC
[t=1,393,903us] task_start_exec    id=0x20002A60
[t=1,394,267us] task_stop_exec     id=0x20002A60
[t=1,394,270us] task_start_exec    id=0x20016A38
[t=1,394,273us] idle
[t=1,394,801us] task_stop_exec     id=0x20016A38
[t=1,394,804us] task_start_exec    id=0x20002A60
[t=1,394,824us] task_stop_exec     id=0x20002A60
[t=1,394,827us] task_start_exec    id=0x20016A38
[t=1,394,830us] idle
[t=1,398,880us] task_stop_exec     id=0x20016A38
[t=1,398,883us] task_start_exec    id=0x200031DC
[t=1,398,900us] task_stop_exec     id=0x200031DC
[t=1,398,903us] task_start_exec    id=0x20016A38
[t=1,398,906us] idle
[t=1,403,880us] task_stop_exec     id=0x20016A38
[t=1,403,883us] task_start_exec    id=0x20006160
[t=1,403,890us] task_stop_exec     id=0x20006160
[t=1,403,893us] task_start_exec    id=0x20002A60
[t=1,403,901us] task_stop_exec     id=0x20002A60
[t=1,403,904us] task_start_exec    id=0x200031DC
[t=1,403,920us] task_stop_exec     id=0x200031DC
[t=1,403,923us] task_start_exec    id=0x20002A60
[t=1,405,304us] task_stop_exec     id=0x20002A60
[t=1,405,307us] task_start_exec    id=0x20006160
[t=1,405,320us] task_stop_exec     id=0x20006160
[t=1,405,323us] task_start_exec    id=0x20016A38
[t=1,405,326us] idle
[t=1,405,839us] task_stop_exec     id=0x20016A38
[t=1,405,842us] task_start_exec    id=0x20002A60
[t=1,405,862us] task_stop_exec     id=0x20002A60
[t=1,405,865us] task_start_exec    id=0x20016A38
[t=1,405,868us] idle
[t=1,408,880us] task_stop_exec     id=0x20016A38
[t=1,408,883us] task_start_exec    id=0x200031DC
[t=1,408,900us] task_stop_exec     id=0x200031DC
[t=1,408,903us] task_start_exec    id=0x20016A38
[t=1,408,906us] idle
[t=1,413,880us] task_stop_exec     id=0x20016A38
[t=1,413,883us] task_start_exec    id=0x200031DC
[t=1,413,900us] task_stop_exec     id=0x200031DC
[t=1,413,903us] task_start_exec    id=0x20016A38
[t=1,413,906us] idle
[t=1,414,880us] task_stop_exec     id=0x20016A38
[t=1,414,883us] task_start_exec    id=0x20002A60
[t=1,416,267us] task_stop_exec     id=0x20002A60
[t=1,416,270us] task_start_exec    id=0x20016A38
[t=1,416,273us] idle
[t=1,416,801us] task_stop_exec     id=0x20016A38
[t=1,416,804us] task_start_exec    id=0x20002A60
[t=1,416,824us] task_stop_exec     id=0x20002A60
[t=1,416,828us] task_start_exec    id=0x20016A38
[t=1,416,831us] idle
[t=1,418,880us] task_stop_exec     id=0x20016A38
[t=1,418,883us] task_start_exec    id=0x200031DC
[t=1,418,899us] task_stop_exec     id=0x200031DC
[t=1,418,903us] task_start_exec    id=0x20016A38
[t=1,418,906us] idle
[t=1,423,880us] task_stop_exec     id=0x20016A38
[t=1,423,883us] task_start_exec    id=0x200031DC
[t=1,423,900us] task_stop_exec     id=0x200031DC
[t=1,423,903us] task_start_exec    id=0x20016A38
[t=1,423,906us] idle
[t=1,424,880us] task_stop_exec     id=0x20016A38
[t=1,424,883us] task_start_exec    id=0x20006160
[t=1,424,897us] task_stop_exec     id=0x20006160
[t=1,424,900us] task_start_exec    id=0x20016A38
[t=1,424,903us] idle
[t=1,425,880us] task_stop_exec     id=0x20016A38
[t=1,425,883us] task_start_exec    id=0x20002A60
[t=1,427,267us] task_stop_exec     id=0x20002A60
[t=1,427,270us] task_start_exec    id=0x20016A38
[t=1,427,273us] idle
[t=1,427,801us] task_stop_exec     id=0x20016A38
[t=1,427,804us] task_start_exec    id=0x20002A60
[t=1,427,824us] task_stop_exec     id=0x20002A60
[t=1,427,827us] task_start_exec    id=0x20016A38
[t=1,427,830us] idle
[t=1,428,880us] task_stop_exec     id=0x20016A38
[t=1,428,883us] task_start_exec    id=0x200031DC
[t=1,428,899us] task_stop_exec     id=0x200031DC
[t=1,428,903us] task_start_exec    id=0x20016A38
[t=1,428,906us] idle
[t=1,433,880us] task_stop_exec     id=0x20016A38
[t=1,433,883us] task_start_exec    id=0x200031DC
[t=1,433,900us] task_stop_exec     id=0x200031DC
[t=1,433,903us] task_start_exec    id=0x20016A38
[t=1,433,906us] idle
[t=1,436,880us] task_stop_exec     id=0x20016A38
[t=1,436,883us] task_start_exec    id=0x20002A60
[t=1,438,267us] task_stop_exec     id=0x20002A60
[t=1,438,270us] task_start_exec    id=0x20016A38
[t=1,438,273us] idle
[t=1,438,801us] task_stop_exec     id=0x20016A38
[t=1,438,804us] task_start_exec    id=0x20002A60
[t=1,438,824us] task_stop_exec     id=0x20002A60
[t=1,438,828us] task_start_exec    id=0x20016A38
[t=1,438,831us] idle
[t=1,438,880us] task_stop_exec     id=0x20016A38
[t=1,438,882us] task_start_exec    id=0x200031DC
[t=1,438,899us] task_stop_exec     id=0x200031DC
[t=1,438,902us] task_start_exec    id=0x20016A38
[t=1,438,905us] idle
[t=1,443,880us] task_stop_exec     id=0x20016A38
[t=1,443,883us] task_start_exec    id=0x200031DC
[t=1,443,900us] task_stop_exec     id=0x200031DC
[t=1,443,903us] task_start_exec    id=0x20016A38
[t=1,443,906us] idle
[t=1,444,880us] task_stop_exec     id=0x20016A38
[t=1,444,883us] task_start_exec    id=0x20006160
[t=1,444,897us] task_stop_exec     id=0x20006160
[t=1,444,900us] task_start_exec    id=0x20016A38
[t=1,444,903us] idle
[t=1,447,880us] task_stop_exec     id=0x20016A38
[t=1,447,883us] task_start_exec    id=0x20002A60
[t=1,448,880us] task_stop_exec     id=0x20002A60
[t=1,448,883us] task_start_exec    id=0x200031DC
[t=1,448,900us] task_stop_exec     id=0x200031DC
[t=1,448,903us] task_start_exec    id=0x20002A60
[t=1,448,966us] task_stop_exec     id=0x20002A60
[t=1,448,969us] task_start_exec    id=0x20016A38
[t=1,448,972us] idle
[t=1,453,880us] task_stop_exec     id=0x20016A38
[t=1,453,883us] task_start_exec    id=0x200031DC
[t=1,453,900us] task_stop_exec     id=0x200031DC
[t=1,453,903us] task_start_exec    id=0x20016A38
[t=1,453,906us] idle
[t=1,458,880us] task_stop_exec     id=0x20016A38
[t=1,458,883us] task_start_exec    id=0x20002A60
[t=1,458,890us] task_stop_exec     id=0x20002A60
[t=1,458,893us] task_start_exec    id=0x200031DC
[t=1,458,910us] task_stop_exec     id=0x200031DC
[t=1,458,913us] task_start_exec    id=0x20002A60
[t=1,460,295us] task_stop_exec     id=0x20002A60
[t=1,460,298us] task_start_exec    id=0x20016A38
[t=1,460,301us] idle
[t=1,460,829us] task_stop_exec     id=0x20016A38
[t=1,460,832us] task_start_exec    id=0x20002A60
[t=1,460,852us] task_stop_exec     id=0x20002A60
[t=1,460,855us] task_start_exec    id=0x20016A38
[t=1,460,858us] idle
[t=1,463,880us] task_stop_exec     id=0x20016A38
[t=1,463,883us] task_start_exec    id=0x200031DC
[t=1,463,900us] task_stop_exec     id=0x200031DC
[t=1,463,903us] task_start_exec    id=0x20016A38
[t=1,463,906us] idle
[t=1,464,880us] task_stop_exec     id=0x20016A38
[t=1,464,883us] task_start_exec    id=0x20006160
[t=1,464,898us] task_stop_exec     id=0x20006160
[t=1,464,901us] task_start_exec    id=0x20016A38
[t=1,464,904us] idle
[t=1,468,880us] task_stop_exec     id=0x20016A38
[t=1,468,883us] task_start_exec    id=0x200031DC
[t=1,468,900us] task_stop_exec     id=0x200031DC
[t=1,468,903us] task_start_exec    id=0x20016A38
[t=1,468,906us] idle
[t=1,469,880us] task_stop_exec     id=0x20016A38
[t=1,469,883us] task_start_exec    id=0x20002A60
[t=1,471,267us] task_stop_exec     id=0x20002A60
[t=1,471,270us] task_start_exec    id=0x20016A38
[t=1,471,273us] idle
[t=1,471,801us] task_stop_exec     id=0x20016A38
[t=1,471,804us] task_start_exec    id=0x20002A60
[t=1,471,824us] task_stop_exec     id=0x20002A60
[t=1,471,828us] task_start_exec    id=0x20016A38
[t=1,471,831us] idle
[t=1,473,880us] task_stop_exec     id=0x20016A38
[t=1,473,883us] task_start_exec    id=0x200031DC
[t=1,473,899us] task_stop_exec     id=0x200031DC
[t=1,473,903us] task_start_exec    id=0x20016A38
[t=1,473,906us] idle
[t=1,478,880us] task_stop_exec     id=0x20016A38
[t=1,478,883us] task_start_exec    id=0x200031DC
[t=1,478,900us] task_stop_exec     id=0x200031DC
[t=1,478,903us] task_start_exec    id=0x20016A38
[t=1,478,906us] idle
[t=1,480,880us] task_stop_exec     id=0x20016A38
[t=1,480,883us] task_start_exec    id=0x20002A60
[t=1,482,267us] task_stop_exec     id=0x20002A60
[t=1,482,270us] task_start_exec    id=0x20016A38
[t=1,482,273us] idle
[t=1,482,801us] task_stop_exec     id=0x20016A38
[t=1,482,804us] task_start_exec    id=0x20002A60
[t=1,482,824us] task_stop_exec     id=0x20002A60
[t=1,482,827us] task_start_exec    id=0x20016A38
[t=1,482,830us] idle
[t=1,483,880us] task_stop_exec     id=0x20016A38
[t=1,483,883us] task_start_exec    id=0x200031DC
[t=1,483,900us] task_stop_exec     id=0x200031DC
[t=1,483,903us] task_start_exec    id=0x20016A38
[t=1,483,906us] idle
[t=1,484,880us] task_stop_exec     id=0x20016A38
[t=1,484,883us] task_start_exec    id=0x20006160
[t=1,484,897us] task_stop_exec     id=0x20006160
[t=1,484,900us] task_start_exec    id=0x20016A38
[t=1,484,903us] idle
[t=1,488,880us] task_stop_exec     id=0x20016A38
[t=1,488,883us] task_start_exec    id=0x200031DC
[t=1,488,900us] task_stop_exec     id=0x200031DC
[t=1,488,903us] task_start_exec    id=0x20016A38
[t=1,488,906us] idle
[t=1,491,880us] task_stop_exec     id=0x20016A38
[t=1,491,883us] task_start_exec    id=0x20002A60
[t=1,493,267us] task_stop_exec     id=0x20002A60
[t=1,493,270us] task_start_exec    id=0x20016A38
[t=1,493,273us] idle
[t=1,493,801us] task_stop_exec     id=0x20016A38
[t=1,493,804us] task_start_exec    id=0x20002A60
[t=1,493,824us] task_stop_exec     id=0x20002A60
[t=1,493,827us] task_start_exec    id=0x20016A38
[t=1,493,830us] idle
[t=1,493,880us] task_stop_exec     id=0x20016A38
[t=1,493,882us] task_start_exec    id=0x200031DC
[t=1,493,899us] task_stop_exec     id=0x200031DC
[t=1,493,902us] task_start_exec    id=0x20016A38
[t=1,493,905us] idle
[t=1,498,880us] task_stop_exec     id=0x20016A38
[t=1,498,883us] task_start_exec    id=0x200031DC
[t=1,498,900us] task_stop_exec     id=0x200031DC
[t=1,498,903us] task_start_exec    id=0x20016A38
[t=1,498,906us] idle
[t=1,502,880us] task_stop_exec     id=0x20016A38
[t=1,502,883us] task_start_exec    id=0x20002A60
[t=1,503,880us] task_stop_exec     id=0x20002A60
[t=1,503,883us] task_start_exec    id=0x200031DC
[t=1,503,900us] task_stop_exec     id=0x200031DC
[t=1,503,903us] task_start_exec    id=0x20002A60
[t=1,504,267us] task_stop_exec     id=0x20002A60
[t=1,504,270us] task_start_exec    id=0x20016A38
[t=1,504,273us] idle
[t=1,504,801us] task_stop_exec     id=0x20016A38
[t=1,504,804us] task_start_exec    id=0x20002A60
[t=1,504,825us] task_stop_exec     id=0x20002A60
[t=1,504,828us] task_start_exec    id=0x20016A38
[t=1,504,831us] idle
[t=1,504,880us] task_stop_exec     id=0x20016A38
[t=1,504,882us] task_start_exec    id=0x20006160
[t=1,504,897us] task_stop_exec     id=0x20006160
[t=1,504,900us] task_start_exec    id=0x20016A38
[t=1,504,903us] idle
[t=1,508,880us] task_stop_exec     id=0x20016A38
[t=1,508,883us] task_start_exec    id=0x200031DC
[t=1,508,900us] task_stop_exec     id=0x200031DC
[t=1,508,903us] task_start_exec    id=0x20016A38
[t=1,508,906us] idle
[t=1,513,880us] task_stop_exec     id=0x20016A38
[t=1,513,883us] task_start_exec    id=0x20002A60
[t=1,513,890us] task_stop_exec     id=0x20002A60
[t=1,513,893us] task_start_exec    id=0x200031DC
[t=1,513,910us] task_stop_exec     id=0x200031DC
[t=1,513,913us] task_start_exec    id=0x20002A60
[t=1,514,994us] task_stop_exec     id=0x20002A60
[t=1,514,998us] task_start_exec    id=0x20016A38
[t=1,515,001us] idle
[t=1,518,880us] task_stop_exec     id=0x20016A38
[t=1,518,883us] task_start_exec    id=0x200031DC
[t=1,518,899us] task_stop_exec     id=0x200031DC
[t=1,518,902us] task_start_exec    id=0x20016A38
[t=1,518,905us] idle
[t=1,523,880us] task_stop_exec     id=0x20016A38
[t=1,523,883us] task_start_exec    id=0x200031DC
[t=1,523,900us] task_stop_exec     id=0x200031DC
[t=1,523,903us] task_start_exec    id=0x20016A38
[t=1,523,906us] idle
[t=1,524,880us] task_stop_exec     id=0x20016A38
[t=1,524,883us] task_start_exec    id=0x20006160
[t=1,524,890us] task_stop_exec     id=0x20006160
[t=1,524,893us] task_start_exec    id=0x20002A60
[t=1,526,277us] task_stop_exec     id=0x20002A60
[t=1,526,280us] task_start_exec    id=0x20006160
[t=1,526,293us] task_stop_exec     id=0x20006160
[t=1,526,296us] task_start_exec    id=0x20016A38
[t=1,526,299us] idle
[t=1,526,811us] task_stop_exec     id=0x20016A38
[t=1,526,814us] task_start_exec    id=0x20002A60
[t=1,526,835us] task_stop_exec     id=0x20002A60
[t=1,526,838us] task_start_exec    id=0x20016A38
[t=1,526,841us] idle
[t=1,528,880us] task_stop_exec     id=0x20016A38
[t=1,528,883us] task_start_exec    id=0x200031DC
[t=1,528,900us] task_stop_exec     id=0x200031DC
[t=1,528,903us] task_start_exec    id=0x20016A38
[t=1,528,906us] idle
[t=1,533,880us] task_stop_exec     id=0x20016A38
[t=1,533,883us] task_start_exec    id=0x200031DC
[t=1,533,900us] task_stop_exec     id=0x200031DC
[t=1,533,903us] task_start_exec    id=0x20016A38
[t=1,533,906us] idle
[t=1,535,880us] task_stop_exec     id=0x20016A38
[t=1,535,883us] task_start_exec    id=0x20002A60
[t=1,537,267us] task_stop_exec     id=0x20002A60
[t=1,537,270us] task_start_exec    id=0x20016A38
[t=1,537,273us] idle
[t=1,537,801us] task_stop_exec     id=0x20016A38
[t=1,537,804us] task_start_exec    id=0x20002A60
[t=1,537,825us] task_stop_exec     id=0x20002A60
[t=1,537,828us] task_start_exec    id=0x20016A38
[t=1,537,831us] idle
[t=1,538,880us] task_stop_exec     id=0x20016A38
[t=1,538,883us] task_start_exec    id=0x200031DC
[t=1,538,899us] task_stop_exec     id=0x200031DC
[t=1,538,903us] task_start_exec    id=0x20016A38
[t=1,538,906us] idle
[t=1,543,880us] task_stop_exec     id=0x20016A38
[t=1,543,883us] task_start_exec    id=0x200031DC
[t=1,543,900us] task_stop_exec     id=0x200031DC
[t=1,543,903us] task_start_exec    id=0x20016A38
[t=1,543,906us] idle
[t=1,545,880us] task_stop_exec     id=0x20016A38
[t=1,545,883us] task_start_exec    id=0x20006160
[t=1,545,897us] task_stop_exec     id=0x20006160
[t=1,545,900us] task_start_exec    id=0x20016A38
[t=1,545,903us] idle
[t=1,546,880us] task_stop_exec     id=0x20016A38
[t=1,546,883us] task_start_exec    id=0x20002A60
[t=1,548,267us] task_stop_exec     id=0x20002A60
[t=1,548,270us] task_start_exec    id=0x20016A38
[t=1,548,273us] idle
[t=1,548,801us] task_stop_exec     id=0x20016A38
[t=1,548,804us] task_start_exec    id=0x20002A60
[t=1,548,824us] task_stop_exec     id=0x20002A60
[t=1,548,827us] task_start_exec    id=0x20016A38
[t=1,548,830us] idle
[t=1,548,880us] task_stop_exec     id=0x20016A38
[t=1,548,882us] task_start_exec    id=0x200031DC
[t=1,548,899us] task_stop_exec     id=0x200031DC
[t=1,548,902us] task_start_exec    id=0x20016A38
[t=1,548,905us] idle
[t=1,553,880us] task_stop_exec     id=0x20016A38
[t=1,553,883us] task_start_exec    id=0x200031DC
[t=1,553,900us] task_stop_exec     id=0x200031DC
[t=1,553,903us] task_start_exec    id=0x20016A38
[t=1,553,906us] idle
[t=1,557,880us] task_stop_exec     id=0x20016A38
[t=1,557,883us] task_start_exec    id=0x20002A60
[t=1,558,880us] task_stop_exec     id=0x20002A60
[t=1,558,883us] task_start_exec    id=0x200031DC
[t=1,558,900us] task_stop_exec     id=0x200031DC
[t=1,558,903us] task_start_exec    id=0x20002A60
[t=1,559,267us] task_stop_exec     id=0x20002A60
[t=1,559,270us] task_start_exec    id=0x20016A38
[t=1,559,273us] idle
[t=1,559,801us] task_stop_exec     id=0x20016A38
[t=1,559,804us] task_start_exec    id=0x20002A60
[t=1,559,825us] task_stop_exec     id=0x20002A60
[t=1,559,828us] task_start_exec    id=0x20016A38
[t=1,559,831us] idle
[t=1,563,880us] task_stop_exec     id=0x20016A38
[t=1,563,883us] task_start_exec    id=0x200031DC
[t=1,563,900us] task_stop_exec     id=0x200031DC
[t=1,563,903us] task_start_exec    id=0x20016A38
[t=1,563,906us] idle
[t=1,565,880us] task_stop_exec     id=0x20016A38
[t=1,565,883us] task_start_exec    id=0x20006160
[t=1,565,897us] task_stop_exec     id=0x20006160
[t=1,565,900us] task_start_exec    id=0x20016A38
[t=1,565,903us] idle
[t=1,568,880us] task_stop_exec     id=0x20016A38
[t=1,568,883us] task_start_exec    id=0x20002A60
[t=1,568,890us] task_stop_exec     id=0x20002A60
[t=1,568,893us] task_start_exec    id=0x200031DC
[t=1,568,910us] task_stop_exec     id=0x200031DC
[t=1,568,913us] task_start_exec    id=0x20002A60
[t=1,570,295us] task_stop_exec     id=0x20002A60
[t=1,570,298us] task_start_exec    id=0x20016A38
[t=1,570,301us] idle
[t=1,570,829us] task_stop_exec     id=0x20016A38
[t=1,570,832us] task_start_exec    id=0x20002A60
[t=1,570,852us] task_stop_exec     id=0x20002A60
[t=1,570,855us] task_start_exec    id=0x20016A38
[t=1,570,858us] idle
[t=1,573,880us] task_stop_exec     id=0x20016A38
[t=1,573,883us] task_start_exec    id=0x200031DC
[t=1,573,899us] task_stop_exec     id=0x200031DC
[t=1,573,903us] task_start_exec    id=0x20016A38
[t=1,573,906us] idle
[t=1,578,880us] task_stop_exec     id=0x20016A38
[t=1,578,883us] task_start_exec    id=0x200031DC
[t=1,578,900us] task_stop_exec     id=0x200031DC
[t=1,578,903us] task_start_exec    id=0x20016A38
[t=1,578,906us] idle
[t=1,579,880us] task_stop_exec     id=0x20016A38
[t=1,579,883us] task_start_exec    id=0x20002A60
[t=1,580,967us] task_stop_exec     id=0x20002A60
[t=1,580,970us] task_start_exec    id=0x20016A38
[t=1,580,973us] idle
[t=1,583,880us] task_stop_exec     id=0x20016A38
[t=1,583,883us] task_start_exec    id=0x200031DC
[t=1,583,900us] task_stop_exec     id=0x200031DC
[t=1,583,903us] task_start_exec    id=0x20016A38
[t=1,583,906us] idle
[t=1,585,880us] task_stop_exec     id=0x20016A38
[t=1,585,883us] task_start_exec    id=0x20006160
[t=1,585,897us] task_stop_exec     id=0x20006160
[t=1,585,900us] task_start_exec    id=0x20016A38
[t=1,585,903us] idle
[t=1,588,880us] task_stop_exec     id=0x20016A38
[t=1,588,883us] task_start_exec    id=0x200031DC
[t=1,588,900us] task_stop_exec     id=0x200031DC
[t=1,588,903us] task_start_exec    id=0x20016A38
[t=1,588,906us] idle
[t=1,590,880us] task_stop_exec     id=0x20016A38
[t=1,590,883us] task_start_exec    id=0x20002A60
[t=1,592,267us] task_stop_exec     id=0x20002A60
[t=1,592,270us] task_start_exec    id=0x20016A38
[t=1,592,273us] idle
[t=1,592,801us] task_stop_exec     id=0x20016A38
[t=1,592,804us] task_start_exec    id=0x20002A60
[t=1,592,824us] task_stop_exec     id=0x20002A60
[t=1,592,827us] task_start_exec    id=0x20016A38
[t=1,592,830us] idle
[t=1,593,880us] task_stop_exec     id=0x20016A38
[t=1,593,883us] task_start_exec    id=0x200031DC
[t=1,593,899us] task_stop_exec     id=0x200031DC
[t=1,593,903us] task_start_exec    id=0x20016A38
[t=1,593,906us] idle
[t=1,598,880us] task_stop_exec     id=0x20016A38
[t=1,598,883us] task_start_exec    id=0x200031DC
[t=1,598,900us] task_stop_exec     id=0x200031DC
[t=1,598,903us] task_start_exec    id=0x20016A38
[t=1,598,906us] idle
[t=1,601,880us] task_stop_exec     id=0x20016A38
[t=1,601,883us] task_start_exec    id=0x20002A60
[t=1,603,267us] task_stop_exec     id=0x20002A60
[t=1,603,270us] task_start_exec    id=0x20016A38
[t=1,603,273us] idle
[t=1,603,801us] task_stop_exec     id=0x20016A38
[t=1,603,804us] task_start_exec    id=0x20002A60
[t=1,603,824us] task_stop_exec     id=0x20002A60
[t=1,603,828us] task_start_exec    id=0x20016A38
[t=1,603,831us] idle
[t=1,603,880us] task_stop_exec     id=0x20016A38
[t=1,603,882us] task_start_exec    id=0x200031DC
[t=1,603,900us] task_stop_exec     id=0x200031DC
[t=1,603,903us] task_start_exec    id=0x20016A38
[t=1,603,906us] idle
[t=1,605,880us] task_stop_exec     id=0x20016A38
[t=1,605,883us] task_start_exec    id=0x20006160
[t=1,605,898us] task_stop_exec     id=0x20006160
[t=1,605,901us] task_start_exec    id=0x20016A38
[t=1,605,904us] idle
[t=1,608,880us] task_stop_exec     id=0x20016A38
[t=1,608,883us] task_start_exec    id=0x200031DC
[t=1,608,900us] task_stop_exec     id=0x200031DC
[t=1,608,903us] task_start_exec    id=0x20016A38
[t=1,608,906us] idle
[t=1,612,880us] task_stop_exec     id=0x20016A38
[t=1,612,883us] task_start_exec    id=0x20002A60
[t=1,613,880us] task_stop_exec     id=0x20002A60
[t=1,613,883us] task_start_exec    id=0x200031DC
[t=1,613,900us] task_stop_exec     id=0x200031DC
[t=1,613,903us] task_start_exec    id=0x20002A60
[t=1,614,267us] task_stop_exec     id=0x20002A60
[t=1,614,270us] task_start_exec    id=0x20016A38
[t=1,614,273us] idle
[t=1,614,801us] task_stop_exec     id=0x20016A38
[t=1,614,804us] task_start_exec    id=0x20002A60
[t=1,614,824us] task_stop_exec     id=0x20002A60
[t=1,614,828us] task_start_exec    id=0x20016A38
[t=1,614,831us] idle
[t=1,618,880us] task_stop_exec     id=0x20016A38
[t=1,618,883us] task_start_exec    id=0x200031DC
[t=1,618,900us] task_stop_exec     id=0x200031DC
[t=1,618,903us] task_start_exec    id=0x20016A38
[t=1,618,906us] idle
[t=1,623,880us] task_stop_exec     id=0x20016A38
[t=1,623,883us] task_start_exec    id=0x20002A60
[t=1,623,890us] task_stop_exec     id=0x20002A60
[t=1,623,893us] task_start_exec    id=0x200031DC
[t=1,623,910us] task_stop_exec     id=0x200031DC
[t=1,623,913us] task_start_exec    id=0x20002A60
[t=1,625,295us] task_stop_exec     id=0x20002A60
[t=1,625,298us] task_start_exec    id=0x20016A38
[t=1,625,301us] idle
[t=1,625,829us] task_stop_exec     id=0x20016A38
[t=1,625,832us] task_start_exec    id=0x20002A60
[t=1,625,852us] task_stop_exec     id=0x20002A60
[t=1,625,855us] task_start_exec    id=0x20016A38
[t=1,625,858us] idle
[t=1,625,880us] task_stop_exec     id=0x20016A38
[t=1,625,882us] task_start_exec    id=0x20006160
[t=1,625,897us] task_stop_exec     id=0x20006160
[t=1,625,900us] task_start_exec    id=0x20016A38
[t=1,625,903us] idle
[t=1,628,880us] task_stop_exec     id=0x20016A38
[t=1,628,883us] task_start_exec    id=0x200031DC
[t=1,628,899us] task_stop_exec     id=0x200031DC
[t=1,628,903us] task_start_exec    id=0x20016A38
[t=1,628,906us] idle
[t=1,633,880us] task_stop_exec     id=0x20016A38
[t=1,633,883us] task_start_exec    id=0x200031DC
[t=1,633,900us] task_stop_exec     id=0x200031DC
[t=1,633,903us] task_start_exec    id=0x20016A38
[t=1,633,906us] idle
[t=1,634,880us] task_stop_exec     id=0x20016A38
[t=1,634,883us] task_start_exec    id=0x20002A60
[t=1,635,967us] task_stop_exec     id=0x20002A60
[t=1,635,970us] task_start_exec    id=0x20016A38
[t=1,635,973us] idle
[t=1,638,880us] task_stop_exec     id=0x20016A38
[t=1,638,883us] task_start_exec    id=0x200031DC
[t=1,638,899us] task_stop_exec     id=0x200031DC
[t=1,638,902us] task_start_exec    id=0x20016A38
[t=1,638,905us] idle
[t=1,643,880us] task_stop_exec     id=0x20016A38
[t=1,643,883us] task_start_exec    id=0x200031DC
[t=1,643,900us] task_stop_exec     id=0x200031DC
[t=1,643,903us] task_start_exec    id=0x20016A38
[t=1,643,906us] idle
[t=1,645,880us] task_stop_exec     id=0x20016A38
[t=1,645,883us] task_start_exec    id=0x20006160
[t=1,645,890us] task_stop_exec     id=0x20006160
[t=1,645,893us] task_start_exec    id=0x20002A60
[t=1,647,277us] task_stop_exec     id=0x20002A60
[t=1,647,280us] task_start_exec    id=0x20006160
[t=1,647,293us] task_stop_exec     id=0x20006160
[t=1,647,296us] task_start_exec    id=0x20016A38
[t=1,647,299us] idle
[t=1,648,081us] task_stop_exec     id=0x20016A38
[t=1,648,084us] task_start_exec    id=0x20002A60
[t=1,648,105us] task_stop_exec     id=0x20002A60
[t=1,648,108us] task_start_exec    id=0x20016A38
[t=1,648,111us] idle
[t=1,648,880us] task_stop_exec     id=0x20016A38
[t=1,648,883us] task_start_exec    id=0x200031DC
[t=1,648,900us] task_stop_exec     id=0x200031DC
[t=1,648,903us] task_start_exec    id=0x20016A38
[t=1,648,906us] idle
[t=1,653,880us] task_stop_exec     id=0x20016A38
[t=1,653,883us] task_start_exec    id=0x200031DC
[t=1,653,900us] task_stop_exec     id=0x200031DC
[t=1,653,903us] task_start_exec    id=0x20016A38
[t=1,653,906us] idle
[t=1,657,880us] task_stop_exec     id=0x20016A38
[t=1,657,883us] task_start_exec    id=0x20002A60
[t=1,658,880us] task_stop_exec     id=0x20002A60
[t=1,658,883us] task_start_exec    id=0x200031DC
[t=1,658,900us] task_stop_exec     id=0x200031DC
[t=1,658,903us] task_start_exec    id=0x20002A60
[t=1,658,967us] task_stop_exec     id=0x20002A60
[t=1,658,970us] task_start_exec    id=0x20016A38
[t=1,658,973us] idle
[t=1,663,880us] task_stop_exec     id=0x20016A38
[t=1,663,883us] task_start_exec    id=0x200031DC
[t=1,663,900us] task_stop_exec     id=0x200031DC
[t=1,663,903us] task_start_exec    id=0x20016A38
[t=1,663,906us] idle
[t=1,666,880us] task_stop_exec     id=0x20016A38
[t=1,666,883us] task_start_exec    id=0x20006160
[t=1,666,897us] task_stop_exec     id=0x20006160
[t=1,666,900us] task_start_exec    id=0x20016A38
[t=1,666,903us] idle
[t=1,668,880us] task_stop_exec     id=0x20016A38
[t=1,668,883us] task_start_exec    id=0x20002A60
[t=1,668,890us] task_stop_exec     id=0x20002A60
[t=1,668,893us] task_start_exec    id=0x200031DC
[t=1,668,910us] task_stop_exec     id=0x200031DC
[t=1,668,913us] task_start_exec    id=0x20002A60
[t=1,670,295us] task_stop_exec     id=0x20002A60
[t=1,670,298us] task_start_exec    id=0x20016A38
[t=1,670,301us] idle
[t=1,671,099us] task_stop_exec     id=0x20016A38
[t=1,671,102us] task_start_exec    id=0x20002A60
[t=1,671,125us] task_stop_exec     id=0x20002A60
[t=1,671,128us] task_start_exec    id=0x20016A38
[t=1,671,131us] idle
[t=1,673,880us] task_stop_exec     id=0x20016A38
[t=1,673,883us] task_start_exec    id=0x200031DC
[t=1,673,899us] task_stop_exec     id=0x200031DC
[t=1,673,903us] task_start_exec    id=0x20016A38
[t=1,673,906us] idle
[t=1,678,880us] task_stop_exec     id=0x20016A38
[t=1,678,883us] task_start_exec    id=0x200031DC
[t=1,678,900us] task_stop_exec     id=0x200031DC
[t=1,678,903us] task_start_exec    id=0x20016A38
[t=1,678,906us] idle
[t=1,680,880us] task_stop_exec     id=0x20016A38
[t=1,680,883us] task_start_exec    id=0x20002A60
[t=1,682,267us] task_stop_exec     id=0x20002A60
[t=1,682,270us] task_start_exec    id=0x20016A38
[t=1,682,273us] idle
[t=1,682,801us] task_stop_exec     id=0x20016A38
[t=1,682,804us] task_start_exec    id=0x20002A60
[t=1,682,824us] task_stop_exec     id=0x20002A60
[t=1,682,827us] task_start_exec    id=0x20016A38
[t=1,682,830us] idle
[t=1,683,880us] task_stop_exec     id=0x20016A38
[t=1,683,883us] task_start_exec    id=0x200031DC
[t=1,683,900us] task_stop_exec     id=0x200031DC
[t=1,683,903us] task_start_exec    id=0x20016A38
[t=1,683,906us] idle
[t=1,686,880us] task_stop_exec     id=0x20016A38
[t=1,686,883us] task_start_exec    id=0x20006160
[t=1,686,897us] task_stop_exec     id=0x20006160
[t=1,686,900us] task_start_exec    id=0x20016A38
[t=1,686,903us] idle
[t=1,688,880us] task_stop_exec     id=0x20016A38
[t=1,688,883us] task_start_exec    id=0x200031DC
[t=1,688,900us] task_stop_exec     id=0x200031DC
[t=1,688,903us] task_start_exec    id=0x20016A38
[t=1,688,906us] idle
[t=1,691,880us] task_stop_exec     id=0x20016A38
[t=1,691,883us] task_start_exec    id=0x20002A60
[t=1,693,267us] task_stop_exec     id=0x20002A60
[t=1,693,270us] task_start_exec    id=0x20016A38
[t=1,693,273us] idle
[t=1,693,801us] task_stop_exec     id=0x20016A38
[t=1,693,804us] task_start_exec    id=0x20002A60
[t=1,693,824us] task_stop_exec     id=0x20002A60
[t=1,693,827us] task_start_exec    id=0x20016A38
[t=1,693,830us] idle
[t=1,693,880us] task_stop_exec     id=0x20016A38
[t=1,693,882us] task_start_exec    id=0x200031DC
[t=1,693,899us] task_stop_exec     id=0x200031DC
[t=1,693,902us] task_start_exec    id=0x20016A38
[t=1,693,905us] idle
[t=1,698,880us] task_stop_exec     id=0x20016A38
[t=1,698,883us] task_start_exec    id=0x200031DC
[t=1,698,900us] task_stop_exec     id=0x200031DC
[t=1,698,903us] task_start_exec    id=0x20016A38
[t=1,698,906us] idle
[t=1,702,880us] task_stop_exec     id=0x20016A38
[t=1,702,883us] task_start_exec    id=0x20002A60
[t=1,703,880us] task_stop_exec     id=0x20002A60
[t=1,703,883us] task_start_exec    id=0x200031DC
[t=1,703,900us] task_stop_exec     id=0x200031DC
[t=1,703,903us] task_start_exec    id=0x20002A60
[t=1,704,267us] task_stop_exec     id=0x20002A60
[t=1,704,270us] task_start_exec    id=0x20016A38
[t=1,704,273us] idle
[t=1,704,801us] task_stop_exec     id=0x20016A38
[t=1,704,804us] task_start_exec    id=0x20002A60
[t=1,704,824us] task_stop_exec     id=0x20002A60
[t=1,704,828us] task_start_exec    id=0x20016A38
[t=1,704,831us] idle
[t=1,706,880us] task_stop_exec     id=0x20016A38
[t=1,706,883us] task_start_exec    id=0x20006160
[t=1,706,897us] task_stop_exec     id=0x20006160
[t=1,706,900us] task_start_exec    id=0x20016A38
[t=1,706,903us] idle
[t=1,708,880us] task_stop_exec     id=0x20016A38
[t=1,708,883us] task_start_exec    id=0x200031DC
[t=1,708,900us] task_stop_exec     id=0x200031DC
[t=1,708,903us] task_start_exec    id=0x20016A38
[t=1,708,906us] idle
[t=1,713,880us] task_stop_exec     id=0x20016A38
[t=1,713,883us] task_start_exec    id=0x20002A60
[t=1,713,890us] task_stop_exec     id=0x20002A60
[t=1,713,893us] task_start_exec    id=0x200031DC
[t=1,713,910us] task_stop_exec     id=0x200031DC
[t=1,713,913us] task_start_exec    id=0x20002A60
[t=1,714,995us] task_stop_exec     id=0x20002A60
[t=1,714,998us] task_start_exec    id=0x20016A38
[t=1,715,001us] idle
[t=1,718,880us] task_stop_exec     id=0x20016A38
[t=1,718,883us] task_start_exec    id=0x200031DC
[t=1,718,899us] task_stop_exec     id=0x200031DC
[t=1,718,902us] task_start_exec    id=0x20016A38
[t=1,718,905us] idle
[t=1,723,880us] task_stop_exec     id=0x20016A38
[t=1,723,883us] task_start_exec    id=0x200031DC
[t=1,723,900us] task_stop_exec     id=0x200031DC
[t=1,723,903us] task_start_exec    id=0x20016A38
[t=1,723,906us] idle
[t=1,724,880us] task_stop_exec     id=0x20016A38
[t=1,724,883us] task_start_exec    id=0x20002A60
[t=1,726,267us] task_stop_exec     id=0x20002A60
[t=1,726,270us] task_start_exec    id=0x20016A38
[t=1,726,273us] idle
[t=1,726,801us] task_stop_exec     id=0x20016A38
[t=1,726,804us] task_start_exec    id=0x20002A60
[t=1,726,824us] task_stop_exec     id=0x20002A60
[t=1,726,827us] task_start_exec    id=0x20016A38
[t=1,726,830us] idle
[t=1,726,880us] task_stop_exec     id=0x20016A38
[t=1,726,882us] task_start_exec    id=0x20006160
[t=1,726,897us] task_stop_exec     id=0x20006160
[t=1,726,900us] task_start_exec    id=0x20016A38
[t=1,726,903us] idle
[t=1,728,880us] task_stop_exec     id=0x20016A38
[t=1,728,883us] task_start_exec    id=0x200031DC
[t=1,728,899us] task_stop_exec     id=0x200031DC
[t=1,728,903us] task_start_exec    id=0x20016A38
[t=1,728,906us] idle
[t=1,733,880us] task_stop_exec     id=0x20016A38
[t=1,733,883us] task_start_exec    id=0x200031DC
[t=1,733,900us] task_stop_exec     id=0x200031DC
[t=1,733,903us] task_start_exec    id=0x20016A38
[t=1,733,906us] idle
[t=1,735,880us] task_stop_exec     id=0x20016A38
[t=1,735,883us] task_start_exec    id=0x20002A60
[t=1,737,267us] task_stop_exec     id=0x20002A60
[t=1,737,270us] task_start_exec    id=0x20016A38
[t=1,737,273us] idle
[t=1,737,801us] task_stop_exec     id=0x20016A38
[t=1,737,804us] task_start_exec    id=0x20002A60
[t=1,737,831us] task_stop_exec     id=0x20002A60
[t=1,737,834us] task_start_exec    id=0x20004D40
[t=1,737,854us] task_stop_exec     id=0x20004D40
[t=1,737,857us] task_start_exec    id=0x200031DC
[t=1,737,873us] task_stop_exec     id=0x200031DC
[t=1,737,876us] task_start_exec    id=0x20004D40
[t=1,737,889us] task_stop_exec     id=0x20004D40
[t=1,737,893us] task_start_exec    id=0x20016A38
[t=1,737,896us] idle
[t=1,741,880us] task_stop_exec     id=0x20016A38
[t=1,741,883us] task_start_exec    id=0x200031DC
[t=1,741,900us] task_stop_exec     id=0x200031DC
[t=1,741,903us] task_start_exec    id=0x20016A38
[t=1,741,906us] idle
[t=1,746,880us] task_stop_exec     id=0x20016A38
[t=1,746,883us] task_start_exec    id=0x20006160
[t=1,746,891us] task_stop_exec     id=0x20006160
[t=1,746,894us] task_start_exec    id=0x20002A60
[t=1,746,901us] task_stop_exec     id=0x20002A60
[t=1,746,904us] task_start_exec    id=0x200031DC
[t=1,746,920us] task_stop_exec     id=0x200031DC
[t=1,746,923us] task_start_exec    id=0x20002A60
[t=1,748,305us] task_stop_exec     id=0x20002A60
[t=1,748,308us] task_start_exec    id=0x20006160
[t=1,748,321us] task_stop_exec     id=0x20006160
[t=1,748,324us] task_start_exec    id=0x20016A38
[t=1,748,327us] idle
[t=1,748,840us] task_stop_exec     id=0x20016A38
[t=1,748,843us] task_start_exec    id=0x20002A60
[t=1,748,863us] task_stop_exec     id=0x20002A60
[t=1,748,866us] task_start_exec    id=0x20016A38
[t=1,748,869us] idle
[t=1,751,880us] task_stop_exec     id=0x20016A38
[t=1,751,883us] task_start_exec    id=0x200031DC
[t=1,751,900us] task_stop_exec     id=0x200031DC
[t=1,751,903us] task_start_exec    id=0x20016A38
[t=1,751,906us] idle
[t=1,756,880us] task_stop_exec     id=0x20016A38
[t=1,756,883us] task_start_exec    id=0x200031DC
[t=1,756,900us] task_stop_exec     id=0x200031DC
[t=1,756,903us] task_start_exec    id=0x20016A38
[t=1,756,906us] idle
[t=1,757,880us] task_stop_exec     id=0x20016A38
[t=1,757,883us] task_start_exec    id=0x20002A60
[t=1,759,267us] task_stop_exec     id=0x20002A60
[t=1,759,270us] task_start_exec    id=0x20016A38
[t=1,759,273us] idle
[t=1,759,801us] task_stop_exec     id=0x20016A38
[t=1,759,804us] task_start_exec    id=0x20002A60
[t=1,759,824us] task_stop_exec     id=0x20002A60
[t=1,759,828us] task_start_exec    id=0x20016A38
[t=1,759,831us] idle
[t=1,761,880us] task_stop_exec     id=0x20016A38
[t=1,761,883us] task_start_exec    id=0x200031DC
[t=1,761,899us] task_stop_exec     id=0x200031DC
[t=1,761,903us] task_start_exec    id=0x20016A38
[t=1,761,906us] idle
[t=1,766,880us] task_stop_exec     id=0x20016A38
[t=1,766,883us] task_start_exec    id=0x200031DC
[t=1,766,900us] task_stop_exec     id=0x200031DC
[t=1,766,903us] task_start_exec    id=0x20016A38
[t=1,766,906us] idle
[t=1,767,880us] task_stop_exec     id=0x20016A38
[t=1,767,883us] task_start_exec    id=0x20006160
[t=1,767,897us] task_stop_exec     id=0x20006160
[t=1,767,900us] task_start_exec    id=0x20016A38
[t=1,767,903us] idle
[t=1,768,880us] task_stop_exec     id=0x20016A38
[t=1,768,883us] task_start_exec    id=0x20002A60
[t=1,770,267us] task_stop_exec     id=0x20002A60
[t=1,770,270us] task_start_exec    id=0x20016A38
[t=1,770,273us] idle
[t=1,770,801us] task_stop_exec     id=0x20016A38
[t=1,770,804us] task_start_exec    id=0x20002A60
[t=1,770,824us] task_stop_exec     id=0x20002A60
[t=1,770,827us] task_start_exec    id=0x20016A38
[t=1,770,830us] idle
[t=1,771,880us] task_stop_exec     id=0x20016A38
[t=1,771,883us] task_start_exec    id=0x200031DC
[t=1,771,899us] task_stop_exec     id=0x200031DC
[t=1,771,903us] task_start_exec    id=0x20016A38
[t=1,771,906us] idle
[t=1,776,880us] task_stop_exec     id=0x20016A38
[t=1,776,883us] task_start_exec    id=0x200031DC
[t=1,776,900us] task_stop_exec     id=0x200031DC
[t=1,776,903us] task_start_exec    id=0x20016A38
[t=1,776,906us] idle
[t=1,779,880us] task_stop_exec     id=0x20016A38
[t=1,779,883us] task_start_exec    id=0x20002A60
[t=1,780,967us] task_stop_exec     id=0x20002A60
[t=1,780,970us] task_start_exec    id=0x20016A38
[t=1,780,973us] idle
[t=1,781,880us] task_stop_exec     id=0x20016A38
[t=1,781,883us] task_start_exec    id=0x200031DC
[t=1,781,899us] task_stop_exec     id=0x200031DC
[t=1,781,902us] task_start_exec    id=0x20016A38
[t=1,781,905us] idle
[t=1,786,880us] task_stop_exec     id=0x20016A38
[t=1,786,883us] task_start_exec    id=0x200031DC
[t=1,786,900us] task_stop_exec     id=0x200031DC
[t=1,786,903us] task_start_exec    id=0x20016A38
[t=1,786,906us] idle
[t=1,787,880us] task_stop_exec     id=0x20016A38
[t=1,787,883us] task_start_exec    id=0x20006160
[t=1,787,897us] task_stop_exec     id=0x20006160
[t=1,787,900us] task_start_exec    id=0x20016A38
[t=1,787,903us] idle
[t=1,790,880us] task_stop_exec     id=0x20016A38
[t=1,790,883us] task_start_exec    id=0x20002A60
[t=1,791,880us] task_stop_exec     id=0x20002A60
[t=1,791,883us] task_start_exec    id=0x200031DC
[t=1,791,900us] task_stop_exec     id=0x200031DC
[t=1,791,903us] task_start_exec    id=0x20002A60
[t=1,792,267us] task_stop_exec     id=0x20002A60
[t=1,792,270us] task_start_exec    id=0x20016A38
[t=1,792,273us] idle
[t=1,792,801us] task_stop_exec     id=0x20016A38
[t=1,792,804us] task_start_exec    id=0x20002A60
[t=1,792,824us] task_stop_exec     id=0x20002A60
[t=1,792,827us] task_start_exec    id=0x20016A38
[t=1,792,830us] idle
[t=1,796,880us] task_stop_exec     id=0x20016A38
[t=1,796,883us] task_start_exec    id=0x200031DC
[t=1,796,900us] task_stop_exec     id=0x200031DC
[t=1,796,903us] task_start_exec    id=0x20016A38
[t=1,796,906us] idle
[t=1,801,880us] task_stop_exec     id=0x20016A38
[t=1,801,883us] task_start_exec    id=0x20002A60
[t=1,801,890us] task_stop_exec     id=0x20002A60
[t=1,801,893us] task_start_exec    id=0x200031DC
[t=1,801,910us] task_stop_exec     id=0x200031DC
[t=1,801,913us] task_start_exec    id=0x20002A60
[t=1,803,295us] task_stop_exec     id=0x20002A60
[t=1,803,298us] task_start_exec    id=0x20016A38
[t=1,803,301us] idle
[t=1,803,829us] task_stop_exec     id=0x20016A38
[t=1,803,832us] task_start_exec    id=0x20002A60
[t=1,803,852us] task_stop_exec     id=0x20002A60
[t=1,803,855us] task_start_exec    id=0x20016A38
[t=1,803,858us] idle
[t=1,806,880us] task_stop_exec     id=0x20016A38
[t=1,806,883us] task_start_exec    id=0x200031DC
[t=1,806,900us] task_stop_exec     id=0x200031DC
[t=1,806,903us] task_start_exec    id=0x20016A38
[t=1,806,906us] idle
[t=1,807,880us] task_stop_exec     id=0x20016A38
[t=1,807,883us] task_start_exec    id=0x20006160
[t=1,807,897us] task_stop_exec     id=0x20006160
[t=1,807,900us] task_start_exec    id=0x20016A38
[t=1,807,903us] idle
[t=1,811,880us] task_stop_exec     id=0x20016A38
[t=1,811,883us] task_start_exec    id=0x200031DC
[t=1,811,900us] task_stop_exec     id=0x200031DC
[t=1,811,903us] task_start_exec    id=0x20016A38
[t=1,811,906us] idle
[t=1,812,880us] task_stop_exec     id=0x20016A38
[t=1,812,883us] task_start_exec    id=0x20002A60
[t=1,814,267us] task_stop_exec     id=0x20002A60
[t=1,814,270us] task_start_exec    id=0x20016A38
[t=1,814,273us] idle
[t=1,814,801us] task_stop_exec     id=0x20016A38
[t=1,814,804us] task_start_exec    id=0x20002A60
[t=1,814,824us] task_stop_exec     id=0x20002A60
[t=1,814,827us] task_start_exec    id=0x20016A38
[t=1,814,830us] idle
[t=1,816,880us] task_stop_exec     id=0x20016A38
[t=1,816,883us] task_start_exec    id=0x200031DC
[t=1,816,899us] task_stop_exec     id=0x200031DC
[t=1,816,903us] task_start_exec    id=0x20016A38
[t=1,816,906us] idle
[t=1,821,880us] task_stop_exec     id=0x20016A38
[t=1,821,883us] task_start_exec    id=0x200031DC
[t=1,821,900us] task_stop_exec     id=0x200031DC
[t=1,821,903us] task_start_exec    id=0x20016A38
[t=1,821,906us] idle
[t=1,823,880us] task_stop_exec     id=0x20016A38
[t=1,823,883us] task_start_exec    id=0x20002A60
[t=1,825,267us] task_stop_exec     id=0x20002A60
[t=1,825,270us] task_start_exec    id=0x20016A38
[t=1,825,273us] idle
[t=1,825,801us] task_stop_exec     id=0x20016A38
[t=1,825,804us] task_start_exec    id=0x20002A60
[t=1,825,824us] task_stop_exec     id=0x20002A60
[t=1,825,827us] task_start_exec    id=0x20016A38
[t=1,825,830us] idle
[t=1,826,880us] task_stop_exec     id=0x20016A38
[t=1,826,883us] task_start_exec    id=0x200031DC
[t=1,826,900us] task_stop_exec     id=0x200031DC
[t=1,826,903us] task_start_exec    id=0x20016A38
[t=1,826,906us] idle
[t=1,827,880us] task_stop_exec     id=0x20016A38
[t=1,827,883us] task_start_exec    id=0x20006160
[t=1,827,897us] task_stop_exec     id=0x20006160
[t=1,827,900us] task_start_exec    id=0x20016A38
[t=1,827,903us] idle
[t=1,831,880us] task_stop_exec     id=0x20016A38
[t=1,831,883us] task_start_exec    id=0x200031DC
[t=1,831,900us] task_stop_exec     id=0x200031DC
[t=1,831,903us] task_start_exec    id=0x20016A38
[t=1,831,906us] idle
[t=1,834,880us] task_stop_exec     id=0x20016A38
[t=1,834,883us] task_start_exec    id=0x20002A60
[t=1,836,267us] task_stop_exec     id=0x20002A60
[t=1,836,270us] task_start_exec    id=0x20016A38
[t=1,836,273us] idle
[t=1,836,801us] task_stop_exec     id=0x20016A38
[t=1,836,804us] task_start_exec    id=0x20002A60
[t=1,836,824us] task_stop_exec     id=0x20002A60
[t=1,836,827us] task_start_exec    id=0x20016A38
[t=1,836,830us] idle
[t=1,836,880us] task_stop_exec     id=0x20016A38
[t=1,836,882us] task_start_exec    id=0x200031DC
[t=1,836,899us] task_stop_exec     id=0x200031DC
[t=1,836,902us] task_start_exec    id=0x20016A38
[t=1,836,905us] idle
[t=1,841,880us] task_stop_exec     id=0x20016A38
[t=1,841,883us] task_start_exec    id=0x200031DC
[t=1,841,900us] task_stop_exec     id=0x200031DC
[t=1,841,903us] task_start_exec    id=0x20016A38
[t=1,841,906us] idle
[t=1,845,880us] task_stop_exec     id=0x20016A38
[t=1,845,883us] task_start_exec    id=0x20002A60
[t=1,846,880us] task_stop_exec     id=0x20002A60
[t=1,846,883us] task_start_exec    id=0x200031DC
[t=1,846,900us] task_stop_exec     id=0x200031DC
[t=1,846,903us] task_start_exec    id=0x20002A60
[t=1,846,966us] task_stop_exec     id=0x20002A60
[t=1,846,969us] task_start_exec    id=0x20016A38
[t=1,846,972us] idle
[t=1,847,880us] task_stop_exec     id=0x20016A38
[t=1,847,883us] task_start_exec    id=0x20006160
[t=1,847,897us] task_stop_exec     id=0x20006160
[t=1,847,900us] task_start_exec    id=0x20016A38
[t=1,847,903us] idle
[t=1,851,880us] task_stop_exec     id=0x20016A38
[t=1,851,883us] task_start_exec    id=0x200031DC
[t=1,851,900us] task_stop_exec     id=0x200031DC
[t=1,851,903us] task_start_exec    id=0x20016A38
[t=1,851,906us] idle
[t=1,856,880us] task_stop_exec     id=0x20016A38
[t=1,856,883us] task_start_exec    id=0x20002A60
[t=1,856,890us] task_stop_exec     id=0x20002A60
[t=1,856,893us] task_start_exec    id=0x200031DC
[t=1,856,910us] task_stop_exec     id=0x200031DC
[t=1,856,913us] task_start_exec    id=0x20002A60
[t=1,858,295us] task_stop_exec     id=0x20002A60
[t=1,858,298us] task_start_exec    id=0x20016A38
[t=1,858,301us] idle
[t=1,858,829us] task_stop_exec     id=0x20016A38
[t=1,858,832us] task_start_exec    id=0x20002A60
[t=1,858,852us] task_stop_exec     id=0x20002A60
[t=1,858,855us] task_start_exec    id=0x20016A38
[t=1,858,858us] idle
[t=1,861,880us] task_stop_exec     id=0x20016A38
[t=1,861,883us] task_start_exec    id=0x200031DC
[t=1,861,899us] task_stop_exec     id=0x200031DC
[t=1,861,903us] task_start_exec    id=0x20016A38
[t=1,861,906us] idle
[t=1,866,880us] task_stop_exec     id=0x20016A38
[t=1,866,883us] task_start_exec    id=0x200031DC
[t=1,866,900us] task_stop_exec     id=0x200031DC
[t=1,866,903us] task_start_exec    id=0x20016A38
[t=1,866,906us] idle
[t=1,867,880us] task_stop_exec     id=0x20016A38
[t=1,867,883us] task_start_exec    id=0x20006160
[t=1,867,890us] task_stop_exec     id=0x20006160
[t=1,867,893us] task_start_exec    id=0x20002A60
[t=1,869,277us] task_stop_exec     id=0x20002A60
[t=1,869,280us] task_start_exec    id=0x20006160
[t=1,869,293us] task_stop_exec     id=0x20006160
[t=1,869,296us] task_start_exec    id=0x20016A38
[t=1,869,299us] idle
[t=1,869,812us] task_stop_exec     id=0x20016A38
[t=1,869,815us] task_start_exec    id=0x20002A60
[t=1,869,835us] task_stop_exec     id=0x20002A60
[t=1,869,838us] task_start_exec    id=0x20016A38
[t=1,869,841us] idle
[t=1,871,880us] task_stop_exec     id=0x20016A38
[t=1,871,883us] task_start_exec    id=0x200031DC
[t=1,871,899us] task_stop_exec     id=0x200031DC
[t=1,871,903us] task_start_exec    id=0x20016A38
[t=1,871,906us] idle
[t=1,876,880us] task_stop_exec     id=0x20016A38
[t=1,876,883us] task_start_exec    id=0x200031DC
[t=1,876,900us] task_stop_exec     id=0x200031DC
[t=1,876,903us] task_start_exec    id=0x20016A38
[t=1,876,906us] idle
[t=1,878,880us] task_stop_exec     id=0x20016A38
[t=1,878,883us] task_start_exec    id=0x20002A60
[t=1,880,267us] task_stop_exec     id=0x20002A60
[t=1,880,270us] task_start_exec    id=0x20016A38
[t=1,880,273us] idle
[t=1,880,801us] task_stop_exec     id=0x20016A38
[t=1,880,804us] task_start_exec    id=0x20002A60
[t=1,880,824us] task_stop_exec     id=0x20002A60
[t=1,880,827us] task_start_exec    id=0x20016A38
[t=1,880,830us] idle
[t=1,881,880us] task_stop_exec     id=0x20016A38
[t=1,881,883us] task_start_exec    id=0x200031DC
[t=1,881,899us] task_stop_exec     id=0x200031DC
[t=1,881,903us] task_start_exec    id=0x20016A38
[t=1,881,906us] idle
[t=1,886,880us] task_stop_exec     id=0x20016A38
[t=1,886,883us] task_start_exec    id=0x200031DC
[t=1,886,900us] task_stop_exec     id=0x200031DC
[t=1,886,903us] task_start_exec    id=0x20016A38
[t=1,886,906us] idle
[t=1,888,880us] task_stop_exec     id=0x20016A38
[t=1,888,883us] task_start_exec    id=0x20006160
[t=1,888,897us] task_stop_exec     id=0x20006160
[t=1,888,900us] task_start_exec    id=0x20016A38
[t=1,888,903us] idle
[t=1,889,880us] task_stop_exec     id=0x20016A38
[t=1,889,883us] task_start_exec    id=0x20002A60
[t=1,891,267us] task_stop_exec     id=0x20002A60
[t=1,891,270us] task_start_exec    id=0x20016A38
[t=1,891,273us] idle
[t=1,891,801us] task_stop_exec     id=0x20016A38
[t=1,891,804us] task_start_exec    id=0x20002A60
[t=1,891,824us] task_stop_exec     id=0x20002A60
[t=1,891,827us] task_start_exec    id=0x20016A38
[t=1,891,830us] idle
[t=1,891,880us] task_stop_exec     id=0x20016A38
[t=1,891,882us] task_start_exec    id=0x200031DC
[t=1,891,899us] task_stop_exec     id=0x200031DC
[t=1,891,902us] task_start_exec    id=0x20016A38
[t=1,891,905us] idle
[t=1,896,880us] task_stop_exec     id=0x20016A38
[t=1,896,883us] task_start_exec    id=0x200031DC
[t=1,896,900us] task_stop_exec     id=0x200031DC
[t=1,896,903us] task_start_exec    id=0x20016A38
[t=1,896,906us] idle
[t=1,900,880us] task_stop_exec     id=0x20016A38
[t=1,900,883us] task_start_exec    id=0x20002A60
[t=1,901,880us] task_stop_exec     id=0x20002A60
[t=1,901,883us] task_start_exec    id=0x200031DC
[t=1,901,900us] task_stop_exec     id=0x200031DC
[t=1,901,903us] task_start_exec    id=0x20002A60
[t=1,901,966us] task_stop_exec     id=0x20002A60
[t=1,901,969us] task_start_exec    id=0x20016A38
[t=1,901,972us] idle
[t=1,906,880us] task_stop_exec     id=0x20016A38
[t=1,906,883us] task_start_exec    id=0x200031DC
[t=1,906,900us] task_stop_exec     id=0x200031DC
[t=1,906,903us] task_start_exec    id=0x20016A38
[t=1,906,906us] idle
[t=1,908,880us] task_stop_exec     id=0x20016A38
[t=1,908,883us] task_start_exec    id=0x20006160
[t=1,908,897us] task_stop_exec     id=0x20006160
[t=1,908,900us] task_start_exec    id=0x20016A38
[t=1,908,903us] idle
[t=1,911,880us] task_stop_exec     id=0x20016A38
[t=1,911,883us] task_start_exec    id=0x20002A60
[t=1,911,890us] task_stop_exec     id=0x20002A60
[t=1,911,893us] task_start_exec    id=0x200031DC
[t=1,911,910us] task_stop_exec     id=0x200031DC
[t=1,911,913us] task_start_exec    id=0x20002A60
[t=1,913,295us] task_stop_exec     id=0x20002A60
[t=1,913,298us] task_start_exec    id=0x20016A38
[t=1,913,301us] idle
[t=1,913,829us] task_stop_exec     id=0x20016A38
[t=1,913,832us] task_start_exec    id=0x20002A60
[t=1,913,852us] task_stop_exec     id=0x20002A60
[t=1,913,855us] task_start_exec    id=0x20016A38
[t=1,913,858us] idle
[t=1,916,880us] task_stop_exec     id=0x20016A38
[t=1,916,883us] task_start_exec    id=0x200031DC
[t=1,916,899us] task_stop_exec     id=0x200031DC
[t=1,916,903us] task_start_exec    id=0x20016A38
[t=1,916,906us] idle
[t=1,921,880us] task_stop_exec     id=0x20016A38
[t=1,921,883us] task_start_exec    id=0x200031DC
[t=1,921,900us] task_stop_exec     id=0x200031DC
[t=1,921,903us] task_start_exec    id=0x20016A38
[t=1,921,906us] idle
[t=1,922,880us] task_stop_exec     id=0x20016A38
[t=1,922,883us] task_start_exec    id=0x20002A60
[t=1,924,268us] task_stop_exec     id=0x20002A60
[t=1,924,271us] task_start_exec    id=0x20016A38
[t=1,924,274us] idle
[t=1,924,802us] task_stop_exec     id=0x20016A38
[t=1,924,805us] task_start_exec    id=0x20002A60
[t=1,924,825us] task_stop_exec     id=0x20002A60
[t=1,924,828us] task_start_exec    id=0x20016A38
[t=1,924,831us] idle
[t=1,926,880us] task_stop_exec     id=0x20016A38
[t=1,926,883us] task_start_exec    id=0x200031DC
[t=1,926,900us] task_stop_exec     id=0x200031DC
[t=1,926,903us] task_start_exec    id=0x20016A38
[t=1,926,906us] idle
[t=1,928,880us] task_stop_exec     id=0x20016A38
[t=1,928,883us] task_start_exec    id=0x20006160
[t=1,928,897us] task_stop_exec     id=0x20006160
[t=1,928,900us] task_start_exec    id=0x20016A38
[t=1,928,903us] idle
[t=1,931,880us] task_stop_exec     id=0x20016A38
[t=1,931,883us] task_start_exec    id=0x200031DC
[t=1,931,900us] task_stop_exec     id=0x200031DC
[t=1,931,903us] task_start_exec    id=0x20016A38
[t=1,931,906us] idle
[t=1,933,880us] task_stop_exec     id=0x20016A38
[t=1,933,883us] task_start_exec    id=0x20002A60
[t=1,935,267us] task_stop_exec     id=0x20002A60
[t=1,935,270us] task_start_exec    id=0x20016A38
[t=1,935,273us] idle
[t=1,935,801us] task_stop_exec     id=0x20016A38
[t=1,935,804us] task_start_exec    id=0x20002A60
[t=1,935,824us] task_stop_exec     id=0x20002A60
[t=1,935,827us] task_start_exec    id=0x20016A38
[t=1,935,830us] idle
[t=1,936,880us] task_stop_exec     id=0x20016A38
[t=1,936,883us] task_start_exec    id=0x200031DC
[t=1,936,899us] task_stop_exec     id=0x200031DC
[t=1,936,903us] task_start_exec    id=0x20016A38
[t=1,936,906us] idle
[t=1,941,880us] task_stop_exec     id=0x20016A38
[t=1,941,883us] task_start_exec    id=0x200031DC
[t=1,941,900us] task_stop_exec     id=0x200031DC
[t=1,941,903us] task_start_exec    id=0x20016A38
[t=1,941,906us] idle
[t=1,944,880us] task_stop_exec     id=0x20016A38
[t=1,944,883us] task_start_exec    id=0x20002A60
[t=1,946,267us] task_stop_exec     id=0x20002A60
[t=1,946,270us] task_start_exec    id=0x20016A38
[t=1,946,273us] idle
[t=1,946,801us] task_stop_exec     id=0x20016A38
[t=1,946,804us] task_start_exec    id=0x20002A60
[t=1,946,824us] task_stop_exec     id=0x20002A60
[t=1,946,827us] task_start_exec    id=0x20016A38
[t=1,946,830us] idle
[t=1,946,880us] task_stop_exec     id=0x20016A38
[t=1,946,882us] task_start_exec    id=0x200031DC
[t=1,946,900us] task_stop_exec     id=0x200031DC
[t=1,946,903us] task_start_exec    id=0x20016A38
[t=1,946,906us] idle
[t=1,948,880us] task_stop_exec     id=0x20016A38
[t=1,948,883us] task_start_exec    id=0x20006160
[t=1,948,897us] task_stop_exec     id=0x20006160
[t=1,948,900us] task_start_exec    id=0x20016A38
[t=1,948,903us] idle
[t=1,951,880us] task_stop_exec     id=0x20016A38
[t=1,951,883us] task_start_exec    id=0x200031DC
[t=1,951,900us] task_stop_exec     id=0x200031DC
[t=1,951,903us] task_start_exec    id=0x20016A38
[t=1,951,906us] idle
[t=1,955,880us] task_stop_exec     id=0x20016A38
[t=1,955,883us] task_start_exec    id=0x20002A60
[t=1,956,880us] task_stop_exec     id=0x20002A60
[t=1,956,883us] task_start_exec    id=0x200031DC
[t=1,956,900us] task_stop_exec     id=0x200031DC
[t=1,956,903us] task_start_exec    id=0x20002A60
[t=1,957,267us] task_stop_exec     id=0x20002A60
[t=1,957,270us] task_start_exec    id=0x20016A38
[t=1,957,273us] idle
[t=1,957,801us] task_stop_exec     id=0x20016A38
[t=1,957,804us] task_start_exec    id=0x20002A60
[t=1,957,824us] task_stop_exec     id=0x20002A60
[t=1,957,827us] task_start_exec    id=0x20016A38
[t=1,957,830us] idle
[t=1,961,880us] task_stop_exec     id=0x20016A38
[t=1,961,883us] task_start_exec    id=0x200031DC
[t=1,961,900us] task_stop_exec     id=0x200031DC
[t=1,961,903us] task_start_exec    id=0x20016A38
[t=1,961,906us] idle
[t=1,966,880us] task_stop_exec     id=0x20016A38
[t=1,966,883us] task_start_exec    id=0x20002A60
[t=1,966,890us] task_stop_exec     id=0x20002A60
[t=1,966,893us] task_start_exec    id=0x200031DC
[t=1,966,910us] task_stop_exec     id=0x200031DC
[t=1,966,913us] task_start_exec    id=0x20002A60
[t=1,967,995us] task_stop_exec     id=0x20002A60
[t=1,967,998us] task_start_exec    id=0x20016A38
[t=1,968,001us] idle
[t=1,968,880us] task_stop_exec     id=0x20016A38
[t=1,968,883us] task_start_exec    id=0x20006160
[t=1,968,897us] task_stop_exec     id=0x20006160
[t=1,968,900us] task_start_exec    id=0x20016A38
[t=1,968,903us] idle
[t=1,971,880us] task_stop_exec     id=0x20016A38
[t=1,971,883us] task_start_exec    id=0x200031DC
[t=1,971,899us] task_stop_exec     id=0x200031DC
[t=1,971,902us] task_start_exec    id=0x20016A38
[t=1,971,905us] idle
[t=1,976,880us] task_stop_exec     id=0x20016A38
[t=1,976,883us] task_start_exec    id=0x200031DC
[t=1,976,900us] task_stop_exec     id=0x200031DC
[t=1,976,903us] task_start_exec    id=0x20016A38
[t=1,976,906us] idle
[t=1,977,880us] task_stop_exec     id=0x20016A38
[t=1,977,883us] task_start_exec    id=0x20002A60
[t=1,979,267us] task_stop_exec     id=0x20002A60
[t=1,979,270us] task_start_exec    id=0x20016A38
[t=1,979,273us] idle
[t=1,979,801us] task_stop_exec     id=0x20016A38
[t=1,979,804us] task_start_exec    id=0x20002A60
[t=1,979,824us] task_stop_exec     id=0x20002A60
[t=1,979,827us] task_start_exec    id=0x20016A38
[t=1,979,830us] idle
[t=1,981,880us] task_stop_exec     id=0x20016A38
[t=1,981,883us] task_start_exec    id=0x200031DC
[t=1,981,899us] task_stop_exec     id=0x200031DC
[t=1,981,903us] task_start_exec    id=0x20016A38
[t=1,981,906us] idle
[t=1,986,880us] task_stop_exec     id=0x20016A38
[t=1,986,883us] task_start_exec    id=0x200031DC
[t=1,986,900us] task_stop_exec     id=0x200031DC
[t=1,986,903us] task_start_exec    id=0x20016A38
[t=1,986,906us] idle
[t=1,988,880us] task_stop_exec     id=0x20016A38
[t=1,988,883us] task_start_exec    id=0x20006160
[t=1,988,890us] task_stop_exec     id=0x20006160
[t=1,988,893us] task_start_exec    id=0x20002A60
[t=1,990,277us] task_stop_exec     id=0x20002A60
[t=1,990,280us] task_start_exec    id=0x20006160
[t=1,990,293us] task_stop_exec     id=0x20006160
[t=1,990,296us] task_start_exec    id=0x20016A38
[t=1,990,299us] idle
[t=1,990,812us] task_stop_exec     id=0x20016A38
[t=1,990,815us] task_start_exec    id=0x20002A60
[t=1,990,835us] task_stop_exec     id=0x20002A60
[t=1,990,838us] task_start_exec    id=0x20016A38
[t=1,990,841us] idle
[t=1,991,880us] task_stop_exec     id=0x20016A38
[t=1,991,883us] task_start_exec    id=0x200031DC
[t=1,991,899us] task_stop_exec     id=0x200031DC
[t=1,991,903us] task_start_exec    id=0x20016A38
[t=1,991,906us] idle
[t=1,996,880us] task_stop_exec     id=0x20016A38
[t=1,996,883us] task_start_exec    id=0x200031DC
[t=1,996,900us] task_stop_exec     id=0x200031DC
[t=1,996,903us] task_start_exec    id=0x20016A38
[t=1,996,906us] idle
[t=1,999,880us] task_stop_exec     id=0x20016A38
[t=1,999,883us] task_start_exec    id=0x20002A60
[t=2,001,267us] task_stop_exec     id=0x20002A60
[t=2,001,270us] task_start_exec    id=0x20016A38
[t=2,001,273us] idle
[t=2,001,801us] task_stop_exec     id=0x20016A38
[t=2,001,804us] task_start_exec    id=0x20002A60
[t=2,001,825us] task_stop_exec     id=0x20002A60
[t=2,001,828us] task_start_exec    id=0x20016A38
[t=2,001,831us] idle
[t=2,001,880us] task_stop_exec     id=0x20016A38
[t=2,001,882us] task_start_exec    id=0x200031DC
[t=2,001,899us] task_stop_exec     id=0x200031DC
[t=2,001,902us] task_start_exec    id=0x20016A38
[t=2,001,905us] idle
[t=2,006,880us] task_stop_exec     id=0x20016A38
[t=2,006,883us] task_start_exec    id=0x200031DC
[t=2,006,900us] task_stop_exec     id=0x200031DC
[t=2,006,903us] task_start_exec    id=0x20016A38
[t=2,006,906us] idle
[t=2,009,880us] task_stop_exec     id=0x20016A38
[t=2,009,883us] task_start_exec    id=0x20006160
[t=2,009,897us] task_stop_exec     id=0x20006160
[t=2,009,900us] task_start_exec    id=0x20016A38
[t=2,009,903us] idle
[t=2,010,880us] task_stop_exec     id=0x20016A38
[t=2,010,883us] task_start_exec    id=0x20002A60
[t=2,011,880us] task_stop_exec     id=0x20002A60
[t=2,011,883us] task_start_exec    id=0x200031DC
[t=2,011,900us] task_stop_exec     id=0x200031DC
[t=2,011,903us] task_start_exec    id=0x20002A60
[t=2,012,267us] task_stop_exec     id=0x20002A60
[t=2,012,270us] task_start_exec    id=0x20016A38
[t=2,012,273us] idle
[t=2,012,801us] task_stop_exec     id=0x20016A38
[t=2,012,804us] task_start_exec    id=0x20002A60
[t=2,012,824us] task_stop_exec     id=0x20002A60
[t=2,012,827us] task_start_exec    id=0x20016A38
[t=2,012,830us] idle
[t=2,016,880us] task_stop_exec     id=0x20016A38
[t=2,016,883us] task_start_exec    id=0x200031DC
[t=2,016,900us] task_stop_exec     id=0x200031DC
[t=2,016,903us] task_start_exec    id=0x20016A38
[t=2,016,906us] idle
[t=2,021,880us] task_stop_exec     id=0x20016A38
[t=2,021,883us] task_start_exec    id=0x20002A60
[t=2,021,890us] task_stop_exec     id=0x20002A60
[t=2,021,893us] task_start_exec    id=0x200031DC
[t=2,021,910us] task_stop_exec     id=0x200031DC
[t=2,021,913us] task_start_exec    id=0x20002A60
[t=2,023,295us] task_stop_exec     id=0x20002A60
[t=2,023,298us] task_start_exec    id=0x20016A38
[t=2,023,301us] idle
[t=2,023,829us] task_stop_exec     id=0x20016A38
[t=2,023,832us] task_start_exec    id=0x20002A60
[t=2,023,852us] task_stop_exec     id=0x20002A60
[t=2,023,855us] task_start_exec    id=0x20016A38
[t=2,023,858us] idle
[t=2,026,880us] task_stop_exec     id=0x20016A38
[t=2,026,883us] task_start_exec    id=0x200031DC
[t=2,026,900us] task_stop_exec     id=0x200031DC
[t=2,026,903us] task_start_exec    id=0x20016A38
[t=2,026,906us] idle
[t=2,029,880us] task_stop_exec     id=0x20016A38
[t=2,029,883us] task_start_exec    id=0x20006160
[t=2,029,897us] task_stop_exec     id=0x20006160
[t=2,029,900us] task_start_exec    id=0x20016A38
[t=2,029,903us] idle
[t=2,031,880us] task_stop_exec     id=0x20016A38
[t=2,031,883us] task_start_exec    id=0x200031DC
[t=2,031,900us] task_stop_exec     id=0x200031DC
[t=2,031,903us] task_start_exec    id=0x20016A38
[t=2,031,906us] idle
[t=2,032,880us] task_stop_exec     id=0x20016A38
[t=2,032,883us] task_start_exec    id=0x20002A60
[t=2,033,967us] task_stop_exec     id=0x20002A60
[t=2,033,970us] task_start_exec    id=0x20016A38
[t=2,033,973us] idle
[t=2,036,880us] task_stop_exec     id=0x20016A38
[t=2,036,883us] task_start_exec    id=0x200031DC
[t=2,036,899us] task_stop_exec     id=0x200031DC
[t=2,036,902us] task_start_exec    id=0x20016A38
[t=2,036,905us] idle
[t=2,041,880us] task_stop_exec     id=0x20016A38
[t=2,041,883us] task_start_exec    id=0x200031DC
[t=2,041,900us] task_stop_exec     id=0x200031DC
[t=2,041,903us] task_start_exec    id=0x20016A38
[t=2,041,906us] idle
[t=2,043,880us] task_stop_exec     id=0x20016A38
[t=2,043,883us] task_start_exec    id=0x20002A60
[t=2,045,267us] task_stop_exec     id=0x20002A60
[t=2,045,270us] task_start_exec    id=0x20016A38
[t=2,045,273us] idle
[t=2,045,801us] task_stop_exec     id=0x20016A38
[t=2,045,804us] task_start_exec    id=0x20002A60
[t=2,045,824us] task_stop_exec     id=0x20002A60
[t=2,045,827us] task_start_exec    id=0x20016A38
[t=2,045,830us] idle
[t=2,046,880us] task_stop_exec     id=0x20016A38
[t=2,046,883us] task_start_exec    id=0x200031DC
[t=2,046,900us] task_stop_exec     id=0x200031DC
[t=2,046,903us] task_start_exec    id=0x20016A38
[t=2,046,906us] idle
[t=2,049,880us] task_stop_exec     id=0x20016A38
[t=2,049,883us] task_start_exec    id=0x20006160
[t=2,049,897us] task_stop_exec     id=0x20006160
[t=2,049,900us] task_start_exec    id=0x20016A38
[t=2,049,903us] idle
[t=2,051,880us] task_stop_exec     id=0x20016A38
[t=2,051,883us] task_start_exec    id=0x200031DC
[t=2,051,900us] task_stop_exec     id=0x200031DC
[t=2,051,903us] task_start_exec    id=0x20016A38
[t=2,051,906us] idle
[t=2,054,880us] task_stop_exec     id=0x20016A38
[t=2,054,883us] task_start_exec    id=0x20002A60
[t=2,056,267us] task_stop_exec     id=0x20002A60
[t=2,056,270us] task_start_exec    id=0x20016A38
[t=2,056,273us] idle
[t=2,056,801us] task_stop_exec     id=0x20016A38
[t=2,056,804us] task_start_exec    id=0x20002A60
[t=2,056,824us] task_stop_exec     id=0x20002A60
[t=2,056,827us] task_start_exec    id=0x20016A38
[t=2,056,830us] idle
[t=2,056,880us] task_stop_exec     id=0x20016A38
[t=2,056,882us] task_start_exec    id=0x200031DC
[t=2,056,899us] task_stop_exec     id=0x200031DC
[t=2,056,902us] task_start_exec    id=0x20016A38
[t=2,056,905us] idle
[t=2,061,880us] task_stop_exec     id=0x20016A38
[t=2,061,883us] task_start_exec    id=0x200031DC
[t=2,061,900us] task_stop_exec     id=0x200031DC
[t=2,061,903us] task_start_exec    id=0x20016A38
[t=2,061,906us] idle
[t=2,065,880us] task_stop_exec     id=0x20016A38
[t=2,065,883us] task_start_exec    id=0x20002A60
[t=2,066,880us] task_stop_exec     id=0x20002A60
[t=2,066,883us] task_start_exec    id=0x200031DC
[t=2,066,900us] task_stop_exec     id=0x200031DC
[t=2,066,903us] task_start_exec    id=0x20002A60
[t=2,067,267us] task_stop_exec     id=0x20002A60
[t=2,067,270us] task_start_exec    id=0x20016A38
[t=2,067,273us] idle
[t=2,067,801us] task_stop_exec     id=0x20016A38
[t=2,067,804us] task_start_exec    id=0x20002A60
[t=2,067,824us] task_stop_exec     id=0x20002A60
[t=2,067,827us] task_start_exec    id=0x20016A38
[t=2,067,830us] idle
[t=2,069,880us] task_stop_exec     id=0x20016A38
[t=2,069,883us] task_start_exec    id=0x20006160
[t=2,069,897us] task_stop_exec     id=0x20006160
[t=2,069,900us] task_start_exec    id=0x20016A38
[t=2,069,903us] idle
[t=2,071,880us] task_stop_exec     id=0x20016A38
[t=2,071,883us] task_start_exec    id=0x200031DC
[t=2,071,900us] task_stop_exec     id=0x200031DC
[t=2,071,903us] task_start_exec    id=0x20016A38
[t=2,071,906us] idle
[t=2,076,880us] task_stop_exec     id=0x20016A38
[t=2,076,883us] task_start_exec    id=0x20002A60
[t=2,076,890us] task_stop_exec     id=0x20002A60
[t=2,076,893us] task_start_exec    id=0x200031DC
[t=2,076,910us] task_stop_exec     id=0x200031DC
[t=2,076,913us] task_start_exec    id=0x20002A60
[t=2,078,295us] task_stop_exec     id=0x20002A60
[t=2,078,298us] task_start_exec    id=0x20016A38
[t=2,078,301us] idle
[t=2,078,829us] task_stop_exec     id=0x20016A38
[t=2,078,832us] task_start_exec    id=0x20002A60
[t=2,078,852us] task_stop_exec     id=0x20002A60
[t=2,078,855us] task_start_exec    id=0x20016A38
[t=2,078,858us] idle
[t=2,081,880us] task_stop_exec     id=0x20016A38
[t=2,081,883us] task_start_exec    id=0x200031DC
[t=2,081,899us] task_stop_exec     id=0x200031DC
[t=2,081,903us] task_start_exec    id=0x20016A38
[t=2,081,906us] idle
[t=2,086,880us] task_stop_exec     id=0x20016A38
[t=2,086,883us] task_start_exec    id=0x200031DC
[t=2,086,900us] task_stop_exec     id=0x200031DC
[t=2,086,903us] task_start_exec    id=0x20016A38
[t=2,086,906us] idle
[t=2,087,880us] task_stop_exec     id=0x20016A38
[t=2,087,883us] task_start_exec    id=0x20002A60
[t=2,089,267us] task_stop_exec     id=0x20002A60
[t=2,089,270us] task_start_exec    id=0x20016A38
[t=2,089,273us] idle
[t=2,089,801us] task_stop_exec     id=0x20016A38
[t=2,089,804us] task_start_exec    id=0x20002A60
[t=2,089,824us] task_stop_exec     id=0x20002A60
[t=2,089,827us] task_start_exec    id=0x20016A38
[t=2,089,830us] idle
[t=2,089,880us] task_stop_exec     id=0x20016A38
[t=2,089,882us] task_start_exec    id=0x20006160
[t=2,089,897us] task_stop_exec     id=0x20006160
[t=2,089,900us] task_start_exec    id=0x20016A38
[t=2,089,903us] idle
[t=2,091,880us] task_stop_exec     id=0x20016A38
[t=2,091,883us] task_start_exec    id=0x200031DC
[t=2,091,899us] task_stop_exec     id=0x200031DC
[t=2,091,903us] task_start_exec    id=0x20016A38
[t=2,091,906us] idle
[t=2,096,880us] task_stop_exec     id=0x20016A38
[t=2,096,883us] task_start_exec    id=0x200031DC
[t=2,096,900us] task_stop_exec     id=0x200031DC
[t=2,096,903us] task_start_exec    id=0x20016A38
[t=2,096,906us] idle
[t=2,098,880us] task_stop_exec     id=0x20016A38
[t=2,098,883us] task_start_exec    id=0x20002A60
[t=2,099,967us] task_stop_exec     id=0x20002A60
[t=2,099,970us] task_start_exec    id=0x20016A38
[t=2,099,973us] idle
[t=2,101,880us] task_stop_exec     id=0x20016A38
[t=2,101,883us] task_start_exec    id=0x200031DC
[t=2,101,899us] task_stop_exec     id=0x200031DC
[t=2,101,902us] task_start_exec    id=0x20016A38
[t=2,101,905us] idle
[t=2,106,880us] task_stop_exec     id=0x20016A38
[t=2,106,883us] task_start_exec    id=0x200031DC
[t=2,106,900us] task_stop_exec     id=0x200031DC
[t=2,106,903us] task_start_exec    id=0x20016A38
[t=2,106,906us] idle
[t=2,109,880us] task_stop_exec     id=0x20016A38
[t=2,109,883us] task_start_exec    id=0x20006160
[t=2,109,890us] task_stop_exec     id=0x20006160
[t=2,109,893us] task_start_exec    id=0x20002A60
[t=2,111,277us] task_stop_exec     id=0x20002A60
[t=2,111,280us] task_start_exec    id=0x20006160
[t=2,111,293us] task_stop_exec     id=0x20006160
[t=2,111,296us] task_start_exec    id=0x20016A38
[t=2,111,299us] idle
[t=2,111,811us] task_stop_exec     id=0x20016A38
[t=2,111,814us] task_start_exec    id=0x20002A60
[t=2,111,834us] task_stop_exec     id=0x20002A60
[t=2,111,838us] task_start_exec    id=0x20016A38
[t=2,111,841us] idle
[t=2,111,880us] task_stop_exec     id=0x20016A38
[t=2,111,882us] task_start_exec    id=0x200031DC
[t=2,111,899us] task_stop_exec     id=0x200031DC
[t=2,111,902us] task_start_exec    id=0x20016A38
[t=2,111,905us] idle
[t=2,116,880us] task_stop_exec     id=0x20016A38
[t=2,116,883us] task_start_exec    id=0x200031DC
[t=2,116,900us] task_stop_exec     id=0x200031DC
[t=2,116,903us] task_start_exec    id=0x20016A38
[t=2,116,906us] idle
[t=2,120,880us] task_stop_exec     id=0x20016A38
[t=2,120,883us] task_start_exec    id=0x20002A60
[t=2,121,880us] task_stop_exec     id=0x20002A60
[t=2,121,883us] task_start_exec    id=0x200031DC
[t=2,121,900us] task_stop_exec     id=0x200031DC
[t=2,121,903us] task_start_exec    id=0x20002A60
[t=2,122,267us] task_stop_exec     id=0x20002A60
[t=2,122,270us] task_start_exec    id=0x20016A38
[t=2,122,273us] idle
[t=2,122,801us] task_stop_exec     id=0x20016A38
[t=2,122,804us] task_start_exec    id=0x20002A60
[t=2,122,824us] task_stop_exec     id=0x20002A60
[t=2,122,827us] task_start_exec    id=0x20016A38
[t=2,122,830us] idle
[t=2,126,880us] task_stop_exec     id=0x20016A38
[t=2,126,883us] task_start_exec    id=0x200031DC
[t=2,126,900us] task_stop_exec     id=0x200031DC
[t=2,126,903us] task_start_exec    id=0x20016A38
[t=2,126,906us] idle
[t=2,130,880us] task_stop_exec     id=0x20016A38
[t=2,130,883us] task_start_exec    id=0x20006160
[t=2,130,897us] task_stop_exec     id=0x20006160
[t=2,130,900us] task_start_exec    id=0x20016A38
[t=2,130,903us] idle
[t=2,131,880us] task_stop_exec     id=0x20016A38
[t=2,131,883us] task_start_exec    id=0x20002A60
[t=2,131,890us] task_stop_exec     id=0x20002A60
[t=2,131,893us] task_start_exec    id=0x200031DC
[t=2,131,910us] task_stop_exec     id=0x200031DC
[t=2,131,913us] task_start_exec    id=0x20002A60
[t=2,133,295us] task_stop_exec     id=0x20002A60
[t=2,133,298us] task_start_exec    id=0x20016A38
[t=2,133,301us] idle
[t=2,133,829us] task_stop_exec     id=0x20016A38
[t=2,133,832us] task_start_exec    id=0x20002A60
[t=2,133,852us] task_stop_exec     id=0x20002A60
[t=2,133,855us] task_start_exec    id=0x20016A38
[t=2,133,858us] idle
[t=2,136,880us] task_stop_exec     id=0x20016A38
[t=2,136,883us] task_start_exec    id=0x200031DC
[t=2,136,899us] task_stop_exec     id=0x200031DC
[t=2,136,903us] task_start_exec    id=0x20016A38
[t=2,136,906us] idle
[t=2,141,880us] task_stop_exec     id=0x20016A38
[t=2,141,883us] task_start_exec    id=0x200031DC
[t=2,141,900us] task_stop_exec     id=0x200031DC
[t=2,141,903us] task_start_exec    id=0x20016A38
[t=2,141,906us] idle
[t=2,142,880us] task_stop_exec     id=0x20016A38
[t=2,142,883us] task_start_exec    id=0x20002A60
[t=2,144,267us] task_stop_exec     id=0x20002A60
[t=2,144,270us] task_start_exec    id=0x20016A38
[t=2,144,273us] idle
[t=2,144,801us] task_stop_exec     id=0x20016A38
[t=2,144,804us] task_start_exec    id=0x20002A60
[t=2,144,824us] task_stop_exec     id=0x20002A60
[t=2,144,828us] task_start_exec    id=0x20016A38
[t=2,144,830us] idle
[t=2,146,880us] task_stop_exec     id=0x20016A38
[t=2,146,883us] task_start_exec    id=0x200031DC
[t=2,146,900us] task_stop_exec     id=0x200031DC
[t=2,146,903us] task_start_exec    id=0x20016A38
[t=2,146,906us] idle
[t=2,150,880us] task_stop_exec     id=0x20016A38
[t=2,150,883us] task_start_exec    id=0x20006160
[t=2,150,897us] task_stop_exec     id=0x20006160
[t=2,150,900us] task_start_exec    id=0x20016A38
[t=2,150,903us] idle
[t=2,151,880us] task_stop_exec     id=0x20016A38
[t=2,151,883us] task_start_exec    id=0x200031DC
[t=2,151,900us] task_stop_exec     id=0x200031DC
[t=2,151,903us] task_start_exec    id=0x20016A38
[t=2,151,906us] idle
[t=2,153,880us] task_stop_exec     id=0x20016A38
[t=2,153,883us] task_start_exec    id=0x20002A60
[t=2,154,966us] task_stop_exec     id=0x20002A60
[t=2,154,970us] task_start_exec    id=0x20016A38
[t=2,154,973us] idle
[t=2,156,880us] task_stop_exec     id=0x20016A38
[t=2,156,883us] task_start_exec    id=0x200031DC
[t=2,156,899us] task_stop_exec     id=0x200031DC
[t=2,156,902us] task_start_exec    id=0x20016A38
[t=2,156,905us] idle
[t=2,161,880us] task_stop_exec     id=0x20016A38
[t=2,161,883us] task_start_exec    id=0x200031DC
[t=2,161,900us] task_stop_exec     id=0x200031DC
[t=2,161,903us] task_start_exec    id=0x20016A38
[t=2,161,906us] idle
[t=2,164,880us] task_stop_exec     id=0x20016A38
[t=2,164,883us] task_start_exec    id=0x20002A60
[t=2,166,267us] task_stop_exec     id=0x20002A60
[t=2,166,270us] task_start_exec    id=0x20016A38
[t=2,166,273us] idle
[t=2,166,801us] task_stop_exec     id=0x20016A38
[t=2,166,804us] task_start_exec    id=0x20002A60
[t=2,166,824us] task_stop_exec     id=0x20002A60
[t=2,166,827us] task_start_exec    id=0x20016A38
[t=2,166,830us] idle
[t=2,166,880us] task_stop_exec     id=0x20016A38
[t=2,166,882us] task_start_exec    id=0x200031DC
[t=2,166,900us] task_stop_exec     id=0x200031DC
[t=2,166,903us] task_start_exec    id=0x20016A38
[t=2,166,906us] idle
[t=2,170,880us] task_stop_exec     id=0x20016A38
[t=2,170,883us] task_start_exec    id=0x20006160
[t=2,170,897us] task_stop_exec     id=0x20006160
[t=2,170,900us] task_start_exec    id=0x20016A38
[t=2,170,903us] idle
[t=2,171,880us] task_stop_exec     id=0x20016A38
[t=2,171,883us] task_start_exec    id=0x200031DC
[t=2,171,900us] task_stop_exec     id=0x200031DC
[t=2,171,903us] task_start_exec    id=0x20016A38
[t=2,171,906us] idle
[t=2,175,880us] task_stop_exec     id=0x20016A38
[t=2,175,883us] task_start_exec    id=0x20002A60
[t=2,176,880us] task_stop_exec     id=0x20002A60
[t=2,176,883us] task_start_exec    id=0x200031DC
[t=2,176,900us] task_stop_exec     id=0x200031DC
[t=2,176,903us] task_start_exec    id=0x20002A60
[t=2,177,267us] task_stop_exec     id=0x20002A60
[t=2,177,270us] task_start_exec    id=0x20016A38
[t=2,177,273us] idle
[t=2,177,801us] task_stop_exec     id=0x20016A38
[t=2,177,804us] task_start_exec    id=0x20002A60
[t=2,177,824us] task_stop_exec     id=0x20002A60
[t=2,177,827us] task_start_exec    id=0x20016A38
[t=2,177,830us] idle
[t=2,181,880us] task_stop_exec     id=0x20016A38
[t=2,181,883us] task_start_exec    id=0x200031DC
[t=2,181,900us] task_stop_exec     id=0x200031DC
[t=2,181,903us] task_start_exec    id=0x20016A38
[t=2,181,906us] idle
[t=2,186,880us] task_stop_exec     id=0x20016A38
[t=2,186,883us] task_start_exec    id=0x20002A60
[t=2,186,890us] task_stop_exec     id=0x20002A60
[t=2,186,893us] task_start_exec    id=0x200031DC
[t=2,186,910us] task_stop_exec     id=0x200031DC
[t=2,186,913us] task_start_exec    id=0x20002A60
[t=2,188,295us] task_stop_exec     id=0x20002A60
[t=2,188,298us] task_start_exec    id=0x20016A38
[t=2,188,301us] idle
[t=2,188,829us] task_stop_exec     id=0x20016A38
[t=2,188,832us] task_start_exec    id=0x20002A60
[t=2,188,853us] task_stop_exec     id=0x20002A60
[t=2,188,856us] task_start_exec    id=0x20016A38
[t=2,188,859us] idle
[t=2,190,880us] task_stop_exec     id=0x20016A38
[t=2,190,883us] task_start_exec    id=0x20006160
[t=2,190,897us] task_stop_exec     id=0x20006160
[t=2,190,900us] task_start_exec    id=0x20016A38
[t=2,190,903us] idle
[t=2,191,880us] task_stop_exec     id=0x20016A38
[t=2,191,883us] task_start_exec    id=0x200031DC
[t=2,191,900us] task_stop_exec     id=0x200031DC
[t=2,191,903us] task_start_exec    id=0x20016A38
[t=2,191,906us] idle
[t=2,196,880us] task_stop_exec     id=0x20016A38
[t=2,196,883us] task_start_exec    id=0x200031DC
[t=2,196,900us] task_stop_exec     id=0x200031DC
[t=2,196,903us] task_start_exec    id=0x20016A38
[t=2,196,906us] idle
[t=2,197,880us] task_stop_exec     id=0x20016A38
[t=2,197,883us] task_start_exec    id=0x20002A60
[t=2,199,267us] task_stop_exec     id=0x20002A60
[t=2,199,270us] task_start_exec    id=0x20016A38
[t=2,199,273us] idle
[t=2,199,801us] task_stop_exec     id=0x20016A38
[t=2,199,804us] task_start_exec    id=0x20002A60
[t=2,199,824us] task_stop_exec     id=0x20002A60
[t=2,199,827us] task_start_exec    id=0x20016A38
[t=2,199,830us] idle
[t=2,201,880us] task_stop_exec     id=0x20016A38
[t=2,201,883us] task_start_exec    id=0x200031DC
[t=2,201,899us] task_stop_exec     id=0x200031DC
[t=2,201,903us] task_start_exec    id=0x20016A38
[t=2,201,906us] idle
[t=2,206,880us] task_stop_exec     id=0x20016A38
[t=2,206,883us] task_start_exec    id=0x200031DC
[t=2,206,900us] task_stop_exec     id=0x200031DC
[t=2,206,903us] task_start_exec    id=0x20016A38
[t=2,206,906us] idle
[t=2,208,880us] task_stop_exec     id=0x20016A38
[t=2,208,883us] task_start_exec    id=0x20002A60
[t=2,210,267us] task_stop_exec     id=0x20002A60
[t=2,210,270us] task_start_exec    id=0x20016A38
[t=2,210,273us] idle
[t=2,210,801us] task_stop_exec     id=0x20016A38
[t=2,210,804us] task_start_exec    id=0x20002A60
[t=2,210,824us] task_stop_exec     id=0x20002A60
[t=2,210,828us] task_start_exec    id=0x20016A38
[t=2,210,830us] idle
[t=2,210,880us] task_stop_exec     id=0x20016A38
[t=2,210,882us] task_start_exec    id=0x20006160
[t=2,210,897us] task_stop_exec     id=0x20006160
[t=2,210,900us] task_start_exec    id=0x20016A38
[t=2,210,903us] idle
[t=2,211,880us] task_stop_exec     id=0x20016A38
[t=2,211,883us] task_start_exec    id=0x200031DC
[t=2,211,900us] task_stop_exec     id=0x200031DC
[t=2,211,903us] task_start_exec    id=0x20016A38
[t=2,211,906us] idle
[t=2,216,880us] task_stop_exec     id=0x20016A38
[t=2,216,883us] task_start_exec    id=0x200031DC
[t=2,216,900us] task_stop_exec     id=0x200031DC
[t=2,216,903us] task_start_exec    id=0x20016A38
[t=2,216,906us] idle
[t=2,219,880us] task_stop_exec     id=0x20016A38
[t=2,219,883us] task_start_exec    id=0x20002A60
[t=2,220,967us] task_stop_exec     id=0x20002A60
[t=2,220,970us] task_start_exec    id=0x20016A38
[t=2,220,973us] idle
[t=2,221,880us] task_stop_exec     id=0x20016A38
[t=2,221,883us] task_start_exec    id=0x200031DC
[t=2,221,899us] task_stop_exec     id=0x200031DC
[t=2,221,902us] task_start_exec    id=0x20016A38
[t=2,221,905us] idle
[t=2,226,880us] task_stop_exec     id=0x20016A38
[t=2,226,883us] task_start_exec    id=0x200031DC
[t=2,226,900us] task_stop_exec     id=0x200031DC
[t=2,226,903us] task_start_exec    id=0x20016A38
[t=2,226,906us] idle
[t=2,230,880us] task_stop_exec     id=0x20016A38
[t=2,230,883us] task_start_exec    id=0x20006160
[t=2,230,890us] task_stop_exec     id=0x20006160
[t=2,230,893us] task_start_exec    id=0x20002A60
[t=2,231,880us] task_stop_exec     id=0x20002A60
[t=2,231,883us] task_start_exec    id=0x200031DC
[t=2,231,900us] task_stop_exec     id=0x200031DC
[t=2,231,903us] task_start_exec    id=0x20002A60
[t=2,232,277us] task_stop_exec     id=0x20002A60
[t=2,232,280us] task_start_exec    id=0x20006160
[t=2,232,293us] task_stop_exec     id=0x20006160
[t=2,232,296us] task_start_exec    id=0x20016A38
[t=2,232,299us] idle
[t=2,232,811us] task_stop_exec     id=0x20016A38
[t=2,232,814us] task_start_exec    id=0x20002A60
[t=2,232,835us] task_stop_exec     id=0x20002A60
[t=2,232,838us] task_start_exec    id=0x20016A38
[t=2,232,841us] idle
[t=2,236,880us] task_stop_exec     id=0x20016A38
[t=2,236,883us] task_start_exec    id=0x200031DC
[t=2,236,900us] task_stop_exec     id=0x200031DC
[t=2,236,903us] task_start_exec    id=0x20016A38
[t=2,236,906us] idle
[t=2,241,880us] task_stop_exec     id=0x20016A38
[t=2,241,883us] task_start_exec    id=0x20002A60
[t=2,241,890us] task_stop_exec     id=0x20002A60
[t=2,241,893us] task_start_exec    id=0x200031DC
[t=2,241,910us] task_stop_exec     id=0x200031DC
[t=2,241,913us] task_start_exec    id=0x20002A60
[t=2,243,295us] task_stop_exec     id=0x20002A60
[t=2,243,298us] task_start_exec    id=0x20016A38
[t=2,243,301us] idle
[t=2,243,829us] task_stop_exec     id=0x20016A38
[t=2,243,832us] task_start_exec    id=0x20002A60
[t=2,243,853us] task_stop_exec     id=0x20002A60
[t=2,243,856us] task_start_exec    id=0x20016A38
[t=2,243,859us] idle
[t=2,246,880us] task_stop_exec     id=0x20016A38
[t=2,246,883us] task_start_exec    id=0x200031DC
[t=2,246,900us] task_stop_exec     id=0x200031DC
[t=2,246,903us] task_start_exec    id=0x20016A38
[t=2,246,906us] idle
[t=2,251,880us] task_stop_exec     id=0x20016A38
[t=2,251,883us] task_start_exec    id=0x20006160
[t=2,251,890us] task_stop_exec     id=0x20006160
[t=2,251,893us] task_start_exec    id=0x200031DC
[t=2,251,910us] task_stop_exec     id=0x200031DC
[t=2,251,913us] task_start_exec    id=0x20006160
[t=2,251,925us] task_stop_exec     id=0x20006160
[t=2,251,928us] task_start_exec    id=0x20016A38
[t=2,251,931us] idle
[t=2,252,880us] task_stop_exec     id=0x20016A38
[t=2,252,883us] task_start_exec    id=0x20002A60
[t=2,254,267us] task_stop_exec     id=0x20002A60
[t=2,254,270us] task_start_exec    id=0x20016A38
[t=2,254,273us] idle
[t=2,254,801us] task_stop_exec     id=0x20016A38
[t=2,254,804us] task_start_exec    id=0x20002A60
[t=2,254,824us] task_stop_exec     id=0x20002A60
[t=2,254,827us] task_start_exec    id=0x20016A38
[t=2,254,830us] idle
[t=2,256,880us] task_stop_exec     id=0x20016A38
[t=2,256,883us] task_start_exec    id=0x200031DC
[t=2,256,899us] task_stop_exec     id=0x200031DC
[t=2,256,903us] task_start_exec    id=0x20016A38
[t=2,256,906us] idle
[t=2,261,880us] task_stop_exec     id=0x20016A38
[t=2,261,883us] task_start_exec    id=0x200031DC
[t=2,261,900us] task_stop_exec     id=0x200031DC
[t=2,261,903us] task_start_exec    id=0x20016A38
[t=2,261,906us] idle
[t=2,263,880us] task_stop_exec     id=0x20016A38
[t=2,263,883us] task_start_exec    id=0x20002A60
[t=2,265,267us] task_stop_exec     id=0x20002A60
[t=2,265,270us] task_start_exec    id=0x20016A38
[t=2,265,273us] idle
[t=2,265,801us] task_stop_exec     id=0x20016A38
[t=2,265,804us] task_start_exec    id=0x20002A60
[t=2,265,824us] task_stop_exec     id=0x20002A60
[t=2,265,827us] task_start_exec    id=0x20016A38
[t=2,265,830us] idle
[t=2,266,880us] task_stop_exec     id=0x20016A38
[t=2,266,883us] task_start_exec    id=0x200031DC
[t=2,266,900us] task_stop_exec     id=0x200031DC
[t=2,266,903us] task_start_exec    id=0x20016A38
[t=2,266,906us] idle
[t=2,271,880us] task_stop_exec     id=0x20016A38
[t=2,271,883us] task_start_exec    id=0x20006160
[t=2,271,890us] task_stop_exec     id=0x20006160
[t=2,271,893us] task_start_exec    id=0x200031DC
[t=2,271,910us] task_stop_exec     id=0x200031DC
[t=2,271,913us] task_start_exec    id=0x20006160
[t=2,271,925us] task_stop_exec     id=0x20006160
[t=2,271,928us] task_start_exec    id=0x20016A38
[t=2,271,931us] idle
[t=2,274,880us] task_stop_exec     id=0x20016A38
[t=2,274,883us] task_start_exec    id=0x20002A60
[t=2,276,268us] task_stop_exec     id=0x20002A60
[t=2,276,271us] task_start_exec    id=0x20016A38
[t=2,276,274us] idle
[t=2,276,802us] task_stop_exec     id=0x20016A38
[t=2,276,805us] task_start_exec    id=0x20002A60
[t=2,276,825us] task_stop_exec     id=0x20002A60
[t=2,276,828us] task_start_exec    id=0x20016A38
[t=2,276,831us] idle
[t=2,276,880us] task_stop_exec     id=0x20016A38
[t=2,276,882us] task_start_exec    id=0x200031DC
[t=2,276,899us] task_stop_exec     id=0x200031DC
[t=2,276,902us] task_start_exec    id=0x20016A38
[t=2,276,905us] idle
[t=2,281,880us] task_stop_exec     id=0x20016A38
[t=2,281,883us] task_start_exec    id=0x200031DC
[t=2,281,900us] task_stop_exec     id=0x200031DC
[t=2,281,903us] task_start_exec    id=0x20016A38
[t=2,281,906us] idle
[t=2,285,880us] task_stop_exec     id=0x20016A38
[t=2,285,883us] task_start_exec    id=0x20002A60
[t=2,286,880us] task_stop_exec     id=0x20002A60
[t=2,286,883us] task_start_exec    id=0x200031DC
[t=2,286,900us] task_stop_exec     id=0x200031DC
[t=2,286,903us] task_start_exec    id=0x20002A60
[t=2,286,966us] task_stop_exec     id=0x20002A60
[t=2,286,969us] task_start_exec    id=0x20016A38
[t=2,286,972us] idle
[t=2,291,880us] task_stop_exec     id=0x20016A38
[t=2,291,883us] task_start_exec    id=0x20006160
[t=2,291,890us] task_stop_exec     id=0x20006160
[t=2,291,893us] task_start_exec    id=0x200031DC
[t=2,291,910us] task_stop_exec     id=0x200031DC
[t=2,291,913us] task_start_exec    id=0x20006160
[t=2,291,925us] task_stop_exec     id=0x20006160
[t=2,291,928us] task_start_exec    id=0x20016A38
[t=2,291,931us] idle
[t=2,296,880us] task_stop_exec     id=0x20016A38
[t=2,296,883us] task_start_exec    id=0x20002A60
[t=2,296,890us] task_stop_exec     id=0x20002A60
[t=2,296,893us] task_start_exec    id=0x200031DC
[t=2,296,910us] task_stop_exec     id=0x200031DC
[t=2,296,913us] task_start_exec    id=0x20002A60
[t=2,298,295us] task_stop_exec     id=0x20002A60
[t=2,298,298us] task_start_exec    id=0x20016A38
[t=2,298,301us] idle
[t=2,298,829us] task_stop_exec     id=0x20016A38
[t=2,298,832us] task_start_exec    id=0x20002A60
[t=2,298,852us] task_stop_exec     id=0x20002A60
[t=2,298,855us] task_start_exec    id=0x20016A38
[t=2,298,858us] idle
[t=2,301,880us] task_stop_exec     id=0x20016A38
[t=2,301,883us] task_start_exec    id=0x200031DC
[t=2,301,899us] task_stop_exec     id=0x200031DC
[t=2,301,903us] task_start_exec    id=0x20016A38
[t=2,301,906us] idle
[t=2,306,880us] task_stop_exec     id=0x20016A38
[t=2,306,883us] task_start_exec    id=0x200031DC
[t=2,306,900us] task_stop_exec     id=0x200031DC
[t=2,306,903us] task_start_exec    id=0x20016A38
[t=2,306,906us] idle
[t=2,307,880us] task_stop_exec     id=0x20016A38
[t=2,307,883us] task_start_exec    id=0x20002A60
[t=2,309,267us] task_stop_exec     id=0x20002A60
[t=2,309,270us] task_start_exec    id=0x20016A38
[t=2,309,273us] idle
[t=2,309,801us] task_stop_exec     id=0x20016A38
[t=2,309,804us] task_start_exec    id=0x20002A60
[t=2,309,824us] task_stop_exec     id=0x20002A60
[t=2,309,828us] task_start_exec    id=0x20016A38
[t=2,309,831us] idle
[t=2,311,880us] task_stop_exec     id=0x20016A38
[t=2,311,883us] task_start_exec    id=0x20006160
[t=2,311,890us] task_stop_exec     id=0x20006160
[t=2,311,893us] task_start_exec    id=0x200031DC
[t=2,311,910us] task_stop_exec     id=0x200031DC
[t=2,311,913us] task_start_exec    id=0x20006160
[t=2,311,925us] task_stop_exec     id=0x20006160
[t=2,311,928us] task_start_exec    id=0x20016A38
[t=2,311,931us] idle
[t=2,316,880us] task_stop_exec     id=0x20016A38
[t=2,316,883us] task_start_exec    id=0x200031DC
[t=2,316,900us] task_stop_exec     id=0x200031DC
[t=2,316,903us] task_start_exec    id=0x20016A38
[t=2,316,906us] idle
[t=2,318,880us] task_stop_exec     id=0x20016A38
[t=2,318,883us] task_start_exec    id=0x20002A60
[t=2,320,267us] task_stop_exec     id=0x20002A60
[t=2,320,271us] task_start_exec    id=0x20016A38
[t=2,320,274us] idle
[t=2,320,801us] task_stop_exec     id=0x20016A38
[t=2,320,804us] task_start_exec    id=0x20002A60
[t=2,320,824us] task_stop_exec     id=0x20002A60
[t=2,320,828us] task_start_exec    id=0x20016A38
[t=2,320,831us] idle
[t=2,321,880us] task_stop_exec     id=0x20016A38
[t=2,321,883us] task_start_exec    id=0x200031DC
[t=2,321,899us] task_stop_exec     id=0x200031DC
[t=2,321,903us] task_start_exec    id=0x20016A38
[t=2,321,906us] idle
[t=2,326,880us] task_stop_exec     id=0x20016A38
[t=2,326,883us] task_start_exec    id=0x200031DC
[t=2,326,900us] task_stop_exec     id=0x200031DC
[t=2,326,903us] task_start_exec    id=0x20016A38
[t=2,326,906us] idle
[t=2,329,880us] task_stop_exec     id=0x20016A38
[t=2,329,883us] task_start_exec    id=0x20002A60
[t=2,331,267us] task_stop_exec     id=0x20002A60
[t=2,331,270us] task_start_exec    id=0x20016A38
[t=2,331,273us] idle
[t=2,331,801us] task_stop_exec     id=0x20016A38
[t=2,331,804us] task_start_exec    id=0x20002A60
[t=2,331,824us] task_stop_exec     id=0x20002A60
[t=2,331,827us] task_start_exec    id=0x20016A38
[t=2,331,830us] idle
[t=2,331,880us] task_stop_exec     id=0x20016A38
[t=2,331,882us] task_start_exec    id=0x20006160
[t=2,331,890us] task_stop_exec     id=0x20006160
[t=2,331,893us] task_start_exec    id=0x200031DC
[t=2,331,910us] task_stop_exec     id=0x200031DC
[t=2,331,913us] task_start_exec    id=0x20006160
[t=2,331,925us] task_stop_exec     id=0x20006160
[t=2,331,928us] task_start_exec    id=0x20016A38
[t=2,331,931us] idle
[t=2,336,880us] task_stop_exec     id=0x20016A38
[t=2,336,883us] task_start_exec    id=0x200031DC
[t=2,336,900us] task_stop_exec     id=0x200031DC
[t=2,336,903us] task_start_exec    id=0x20016A38
[t=2,336,906us] idle
[t=2,340,880us] task_stop_exec     id=0x20016A38
[t=2,340,883us] task_start_exec    id=0x20002A60
[t=2,341,880us] task_stop_exec     id=0x20002A60
[t=2,341,883us] task_start_exec    id=0x200031DC
[t=2,341,900us] task_stop_exec     id=0x200031DC
[t=2,341,903us] task_start_exec    id=0x20002A60
[t=2,342,267us] task_stop_exec     id=0x20002A60
[t=2,342,270us] task_start_exec    id=0x20016A38
[t=2,342,273us] idle
[t=2,342,801us] task_stop_exec     id=0x20016A38
[t=2,342,804us] task_start_exec    id=0x20002A60
[t=2,342,824us] task_stop_exec     id=0x20002A60
[t=2,342,827us] task_start_exec    id=0x20016A38
[t=2,342,830us] idle
[t=2,346,880us] task_stop_exec     id=0x20016A38
[t=2,346,883us] task_start_exec    id=0x200031DC
[t=2,346,900us] task_stop_exec     id=0x200031DC
[t=2,346,903us] task_start_exec    id=0x20016A38
[t=2,346,906us] idle
[t=2,351,880us] task_stop_exec     id=0x20016A38
[t=2,351,883us] task_start_exec    id=0x20006160
[t=2,351,890us] task_stop_exec     id=0x20006160
[t=2,351,893us] task_start_exec    id=0x20002A60
[t=2,351,901us] task_stop_exec     id=0x20002A60
[t=2,351,904us] task_start_exec    id=0x200031DC
[t=2,351,920us] task_stop_exec     id=0x200031DC
[t=2,351,923us] task_start_exec    id=0x20002A60
[t=2,353,004us] task_stop_exec     id=0x20002A60
[t=2,353,007us] task_start_exec    id=0x20006160
[t=2,353,020us] task_stop_exec     id=0x20006160
[t=2,353,023us] task_start_exec    id=0x20016A38
[t=2,353,026us] idle
[t=2,356,880us] task_stop_exec     id=0x20016A38
[t=2,356,883us] task_start_exec    id=0x200031DC
[t=2,356,899us] task_stop_exec     id=0x200031DC
[t=2,356,903us] task_start_exec    id=0x20016A38
[t=2,356,906us] idle
[t=2,361,880us] task_stop_exec     id=0x20016A38
[t=2,361,883us] task_start_exec    id=0x200031DC
[t=2,361,900us] task_stop_exec     id=0x200031DC
[t=2,361,903us] task_start_exec    id=0x20016A38
[t=2,361,906us] idle
[t=2,362,880us] task_stop_exec     id=0x20016A38
[t=2,362,883us] task_start_exec    id=0x20002A60
[t=2,364,267us] task_stop_exec     id=0x20002A60
[t=2,364,270us] task_start_exec    id=0x20016A38
[t=2,364,273us] idle
[t=2,364,801us] task_stop_exec     id=0x20016A38
[t=2,364,804us] task_start_exec    id=0x20002A60
[t=2,364,824us] task_stop_exec     id=0x20002A60
[t=2,364,827us] task_start_exec    id=0x20016A38
[t=2,364,830us] idle
[t=2,366,880us] task_stop_exec     id=0x20016A38
[t=2,366,883us] task_start_exec    id=0x200031DC
[t=2,366,899us] task_stop_exec     id=0x200031DC
[t=2,366,903us] task_start_exec    id=0x20016A38
[t=2,366,906us] idle
[t=2,371,880us] task_stop_exec     id=0x20016A38
[t=2,371,883us] task_start_exec    id=0x200031DC
[t=2,371,900us] task_stop_exec     id=0x200031DC
[t=2,371,903us] task_start_exec    id=0x20016A38
[t=2,371,906us] idle
[t=2,372,880us] task_stop_exec     id=0x20016A38
[t=2,372,883us] task_start_exec    id=0x20006160
[t=2,372,897us] task_stop_exec     id=0x20006160
[t=2,372,900us] task_start_exec    id=0x20016A38
[t=2,372,903us] idle
[t=2,373,880us] task_stop_exec     id=0x20016A38
[t=2,373,883us] task_start_exec    id=0x20002A60
[t=2,375,267us] task_stop_exec     id=0x20002A60
[t=2,375,270us] task_start_exec    id=0x20016A38
[t=2,375,273us] idle
[t=2,375,801us] task_stop_exec     id=0x20016A38
[t=2,375,804us] task_start_exec    id=0x20002A60
[t=2,375,824us] task_stop_exec     id=0x20002A60
[t=2,375,827us] task_start_exec    id=0x20016A38
[t=2,375,830us] idle
[t=2,376,880us] task_stop_exec     id=0x20016A38
[t=2,376,883us] task_start_exec    id=0x200031DC
[t=2,376,899us] task_stop_exec     id=0x200031DC
[t=2,376,903us] task_start_exec    id=0x20016A38
[t=2,376,906us] idle
[t=2,381,880us] task_stop_exec     id=0x20016A38
[t=2,381,883us] task_start_exec    id=0x200031DC
[t=2,381,900us] task_stop_exec     id=0x200031DC
[t=2,381,903us] task_start_exec    id=0x20016A38
[t=2,381,906us] idle
[t=2,384,880us] task_stop_exec     id=0x20016A38
[t=2,384,883us] task_start_exec    id=0x20002A60
[t=2,386,267us] task_stop_exec     id=0x20002A60
[t=2,386,270us] task_start_exec    id=0x20016A38
[t=2,386,273us] idle
[t=2,386,801us] task_stop_exec     id=0x20016A38
[t=2,386,804us] task_start_exec    id=0x20002A60
[t=2,386,824us] task_stop_exec     id=0x20002A60
[t=2,386,828us] task_start_exec    id=0x20016A38
[t=2,386,830us] idle
[t=2,386,880us] task_stop_exec     id=0x20016A38
[t=2,386,882us] task_start_exec    id=0x200031DC
[t=2,386,899us] task_stop_exec     id=0x200031DC
[t=2,386,902us] task_start_exec    id=0x20016A38
[t=2,386,905us] idle
[t=2,391,880us] task_stop_exec     id=0x20016A38
[t=2,391,883us] task_start_exec    id=0x200031DC
[t=2,391,900us] task_stop_exec     id=0x200031DC
[t=2,391,903us] task_start_exec    id=0x20016A38
[t=2,391,906us] idle
[t=2,392,880us] task_stop_exec     id=0x20016A38
[t=2,392,883us] task_start_exec    id=0x20006160
[t=2,392,897us] task_stop_exec     id=0x20006160
[t=2,392,900us] task_start_exec    id=0x20016A38
[t=2,392,903us] idle
[t=2,395,880us] task_stop_exec     id=0x20016A38
[t=2,395,883us] task_start_exec    id=0x20002A60
[t=2,396,880us] task_stop_exec     id=0x20002A60
[t=2,396,883us] task_start_exec    id=0x200031DC
[t=2,396,900us] task_stop_exec     id=0x200031DC
[t=2,396,903us] task_start_exec    id=0x20002A60
[t=2,397,267us] task_stop_exec     id=0x20002A60
[t=2,397,270us] task_start_exec    id=0x20016A38
[t=2,397,273us] idle
[t=2,397,801us] task_stop_exec     id=0x20016A38
[t=2,397,804us] task_start_exec    id=0x20002A60
[t=2,397,824us] task_stop_exec     id=0x20002A60
[t=2,397,827us] task_start_exec    id=0x20016A38
[t=2,397,830us] idle
[t=2,401,880us] task_stop_exec     id=0x20016A38
[t=2,401,883us] task_start_exec    id=0x200031DC
[t=2,401,900us] task_stop_exec     id=0x200031DC
[t=2,401,903us] task_start_exec    id=0x20016A38
[t=2,401,906us] idle
[t=2,406,880us] task_stop_exec     id=0x20016A38
[t=2,406,883us] task_start_exec    id=0x20002A60
[t=2,406,890us] task_stop_exec     id=0x20002A60
[t=2,406,893us] task_start_exec    id=0x200031DC
[t=2,406,910us] task_stop_exec     id=0x200031DC
[t=2,406,913us] task_start_exec    id=0x20002A60
[t=2,407,995us] task_stop_exec     id=0x20002A60
[t=2,407,998us] task_start_exec    id=0x20016A38
[t=2,408,001us] idle
[t=2,411,880us] task_stop_exec     id=0x20016A38
[t=2,411,883us] task_start_exec    id=0x200031DC
[t=2,411,900us] task_stop_exec     id=0x200031DC
[t=2,411,903us] task_start_exec    id=0x20016A38
[t=2,411,906us] idle
[t=2,412,880us] task_stop_exec     id=0x20016A38
[t=2,412,883us] task_start_exec    id=0x20006160
[t=2,412,897us] task_stop_exec     id=0x20006160
[t=2,412,900us] task_start_exec    id=0x20016A38
[t=2,412,903us] idle
[t=2,416,880us] task_stop_exec     id=0x20016A38
[t=2,416,883us] task_start_exec    id=0x200031DC
[t=2,416,900us] task_stop_exec     id=0x200031DC
[t=2,416,903us] task_start_exec    id=0x20016A38
[t=2,416,906us] idle
[t=2,417,880us] task_stop_exec     id=0x20016A38
[t=2,417,883us] task_start_exec    id=0x20002A60
[t=2,419,267us] task_stop_exec     id=0x20002A60
[t=2,419,270us] task_start_exec    id=0x20016A38
[t=2,419,273us] idle
[t=2,420,071us] task_stop_exec     id=0x20016A38
[t=2,420,074us] task_start_exec    id=0x20002A60
[t=2,420,095us] task_stop_exec     id=0x20002A60
[t=2,420,098us] task_start_exec    id=0x20016A38
[t=2,420,101us] idle
[t=2,421,880us] task_stop_exec     id=0x20016A38
[t=2,421,883us] task_start_exec    id=0x200031DC
[t=2,421,899us] task_stop_exec     id=0x200031DC
[t=2,421,903us] task_start_exec    id=0x20016A38
[t=2,421,906us] idle
[t=2,426,880us] task_stop_exec     id=0x20016A38
[t=2,426,883us] task_start_exec    id=0x200031DC
[t=2,426,900us] task_stop_exec     id=0x200031DC
[t=2,426,903us] task_start_exec    id=0x20016A38
[t=2,426,906us] idle
[t=2,429,880us] task_stop_exec     id=0x20016A38
[t=2,429,883us] task_start_exec    id=0x20002A60
[t=2,430,967us] task_stop_exec     id=0x20002A60
[t=2,430,970us] task_start_exec    id=0x20016A38
[t=2,430,973us] idle
[t=2,431,880us] task_stop_exec     id=0x20016A38
[t=2,431,883us] task_start_exec    id=0x200031DC
[t=2,431,900us] task_stop_exec     id=0x200031DC
[t=2,431,903us] task_start_exec    id=0x20016A38
[t=2,431,906us] idle
[t=2,432,880us] task_stop_exec     id=0x20016A38
[t=2,432,883us] task_start_exec    id=0x20006160
[t=2,432,897us] task_stop_exec     id=0x20006160
[t=2,432,900us] task_start_exec    id=0x20016A38
[t=2,432,903us] idle
[t=2,436,880us] task_stop_exec     id=0x20016A38
[t=2,436,883us] task_start_exec    id=0x200031DC
[t=2,436,900us] task_stop_exec     id=0x200031DC
[t=2,436,903us] task_start_exec    id=0x20016A38
[t=2,436,906us] idle
[t=2,440,880us] task_stop_exec     id=0x20016A38
[t=2,440,883us] task_start_exec    id=0x20002A60
[t=2,441,880us] task_stop_exec     id=0x20002A60
[t=2,441,883us] task_start_exec    id=0x200031DC
[t=2,441,900us] task_stop_exec     id=0x200031DC
[t=2,441,903us] task_start_exec    id=0x20002A60
[t=2,442,267us] task_stop_exec     id=0x20002A60
[t=2,442,270us] task_start_exec    id=0x20016A38
[t=2,442,273us] idle
[t=2,443,071us] task_stop_exec     id=0x20016A38
[t=2,443,074us] task_start_exec    id=0x20002A60
[t=2,443,097us] task_stop_exec     id=0x20002A60
[t=2,443,100us] task_start_exec    id=0x20016A38
[t=2,443,103us] idle
[t=2,446,880us] task_stop_exec     id=0x20016A38
[t=2,446,883us] task_start_exec    id=0x200031DC
[t=2,446,899us] task_stop_exec     id=0x200031DC
[t=2,446,903us] task_start_exec    id=0x20016A38
[t=2,446,906us] idle
[t=2,451,880us] task_stop_exec     id=0x20016A38
[t=2,451,883us] task_start_exec    id=0x200031DC
[t=2,451,900us] task_stop_exec     id=0x200031DC
[t=2,451,903us] task_start_exec    id=0x20016A38
[t=2,451,906us] idle
[t=2,452,880us] task_stop_exec     id=0x20016A38
[t=2,452,883us] task_start_exec    id=0x20006160
[t=2,452,890us] task_stop_exec     id=0x20006160
[t=2,452,893us] task_start_exec    id=0x20002A60
[t=2,454,277us] task_stop_exec     id=0x20002A60
[t=2,454,280us] task_start_exec    id=0x20006160
[t=2,454,293us] task_stop_exec     id=0x20006160
[t=2,454,296us] task_start_exec    id=0x20016A38
[t=2,454,299us] idle
[t=2,454,811us] task_stop_exec     id=0x20016A38
[t=2,454,814us] task_start_exec    id=0x20002A60
[t=2,454,835us] task_stop_exec     id=0x20002A60
[t=2,454,838us] task_start_exec    id=0x20016A38
[t=2,454,841us] idle
[t=2,456,880us] task_stop_exec     id=0x20016A38
[t=2,456,883us] task_start_exec    id=0x200031DC
[t=2,456,899us] task_stop_exec     id=0x200031DC
[t=2,456,903us] task_start_exec    id=0x20016A38
[t=2,456,906us] idle
[t=2,461,880us] task_stop_exec     id=0x20016A38
[t=2,461,883us] task_start_exec    id=0x200031DC
[t=2,461,900us] task_stop_exec     id=0x200031DC
[t=2,461,903us] task_start_exec    id=0x20016A38
[t=2,461,906us] idle
[t=2,463,880us] task_stop_exec     id=0x20016A38
[t=2,463,883us] task_start_exec    id=0x20002A60
[t=2,465,267us] task_stop_exec     id=0x20002A60
[t=2,465,270us] task_start_exec    id=0x20016A38
[t=2,465,273us] idle
[t=2,465,801us] task_stop_exec     id=0x20016A38
[t=2,465,804us] task_start_exec    id=0x20002A60
[t=2,465,825us] task_stop_exec     id=0x20002A60
[t=2,465,828us] task_start_exec    id=0x20016A38
[t=2,465,831us] idle
[t=2,466,880us] task_stop_exec     id=0x20016A38
[t=2,466,883us] task_start_exec    id=0x200031DC
[t=2,466,899us] task_stop_exec     id=0x200031DC
[t=2,466,902us] task_start_exec    id=0x20016A38
[t=2,466,905us] idle
[t=2,471,880us] task_stop_exec     id=0x20016A38
[t=2,471,883us] task_start_exec    id=0x200031DC
[t=2,471,900us] task_stop_exec     id=0x200031DC
[t=2,471,903us] task_start_exec    id=0x20016A38
[t=2,471,906us] idle
[t=2,473,880us] task_stop_exec     id=0x20016A38
[t=2,473,883us] task_start_exec    id=0x20006160
[t=2,473,897us] task_stop_exec     id=0x20006160
[t=2,473,900us] task_start_exec    id=0x20016A38
[t=2,473,903us] idle
[t=2,474,880us] task_stop_exec     id=0x20016A38
[t=2,474,883us] task_start_exec    id=0x20002A60
[t=2,476,267us] task_stop_exec     id=0x20002A60
[t=2,476,270us] task_start_exec    id=0x20016A38
[t=2,476,273us] idle
[t=2,476,801us] task_stop_exec     id=0x20016A38
[t=2,476,804us] task_start_exec    id=0x20002A60
[t=2,476,824us] task_stop_exec     id=0x20002A60
[t=2,476,827us] task_start_exec    id=0x20016A38
[t=2,476,830us] idle
[t=2,476,880us] task_stop_exec     id=0x20016A38
[t=2,476,882us] task_start_exec    id=0x200031DC
[t=2,476,899us] task_stop_exec     id=0x200031DC
[t=2,476,902us] task_start_exec    id=0x20016A38
[t=2,476,905us] idle
[t=2,481,880us] task_stop_exec     id=0x20016A38
[t=2,481,883us] task_start_exec    id=0x200031DC
[t=2,481,900us] task_stop_exec     id=0x200031DC
[t=2,481,903us] task_start_exec    id=0x20016A38
[t=2,481,906us] idle
[t=2,485,880us] task_stop_exec     id=0x20016A38
[t=2,485,883us] task_start_exec    id=0x20002A60
[t=2,486,880us] task_stop_exec     id=0x20002A60
[t=2,486,883us] task_start_exec    id=0x200031DC
[t=2,486,900us] task_stop_exec     id=0x200031DC
[t=2,486,903us] task_start_exec    id=0x20002A60
[t=2,486,967us] task_stop_exec     id=0x20002A60
[t=2,486,970us] task_start_exec    id=0x20016A38
[t=2,486,973us] idle
[t=2,491,880us] task_stop_exec     id=0x20016A38
[t=2,491,883us] task_start_exec    id=0x200031DC
[t=2,491,900us] task_stop_exec     id=0x200031DC
[t=2,491,903us] task_start_exec    id=0x20016A38
[t=2,491,906us] idle
[t=2,493,880us] task_stop_exec     id=0x20016A38
[t=2,493,883us] task_start_exec    id=0x20006160
[t=2,493,897us] task_stop_exec     id=0x20006160
[t=2,493,900us] task_start_exec    id=0x20016A38
[t=2,493,903us] idle
[t=2,496,880us] task_stop_exec     id=0x20016A38
[t=2,496,883us] task_start_exec    id=0x20002A60
[t=2,496,890us] task_stop_exec     id=0x20002A60
[t=2,496,893us] task_start_exec    id=0x200031DC
[t=2,496,910us] task_stop_exec     id=0x200031DC
[t=2,496,913us] task_start_exec    id=0x20002A60
[t=2,498,295us] task_stop_exec     id=0x20002A60
[t=2,498,298us] task_start_exec    id=0x20016A38
[t=2,498,301us] idle
[t=2,498,829us] task_stop_exec     id=0x20016A38
[t=2,498,832us] task_start_exec    id=0x20002A60
[t=2,498,852us] task_stop_exec     id=0x20002A60
[t=2,498,855us] task_start_exec    id=0x20016A38
[t=2,498,858us] idle
[t=2,501,880us] task_stop_exec     id=0x20016A38
[t=2,501,883us] task_start_exec    id=0x200031DC
[t=2,501,899us] task_stop_exec     id=0x200031DC
[t=2,501,903us] task_start_exec    id=0x20016A38
[t=2,501,906us] idle
[t=2,506,880us] task_stop_exec     id=0x20016A38
[t=2,506,883us] task_start_exec    id=0x200031DC
[t=2,506,900us] task_stop_exec     id=0x200031DC
[t=2,506,903us] task_start_exec    id=0x20016A38
[t=2,506,906us] idle
[t=2,507,880us] task_stop_exec     id=0x20016A38
[t=2,507,883us] task_start_exec    id=0x20002A60
[t=2,509,267us] task_stop_exec     id=0x20002A60
[t=2,509,270us] task_start_exec    id=0x20016A38
[t=2,509,273us] idle
[t=2,509,801us] task_stop_exec     id=0x20016A38
[t=2,509,804us] task_start_exec    id=0x20002A60
[t=2,509,824us] task_stop_exec     id=0x20002A60
[t=2,509,827us] task_start_exec    id=0x20016A38
[t=2,509,830us] idle
[t=2,511,880us] task_stop_exec     id=0x20016A38
[t=2,511,883us] task_start_exec    id=0x200031DC
[t=2,511,900us] task_stop_exec     id=0x200031DC
[t=2,511,903us] task_start_exec    id=0x20016A38
[t=2,511,906us] idle
[t=2,513,880us] task_stop_exec     id=0x20016A38
[t=2,513,883us] task_start_exec    id=0x20006160
[t=2,513,897us] task_stop_exec     id=0x20006160
[t=2,513,900us] task_start_exec    id=0x20016A38
[t=2,513,903us] idle
[t=2,516,880us] task_stop_exec     id=0x20016A38
[t=2,516,883us] task_start_exec    id=0x200031DC
[t=2,516,900us] task_stop_exec     id=0x200031DC
[t=2,516,903us] task_start_exec    id=0x20016A38
[t=2,516,906us] idle
[t=2,518,880us] task_stop_exec     id=0x20016A38
[t=2,518,883us] task_start_exec    id=0x20002A60
[t=2,520,267us] task_stop_exec     id=0x20002A60
[t=2,520,270us] task_start_exec    id=0x20016A38
[t=2,520,273us] idle
[t=2,520,801us] task_stop_exec     id=0x20016A38
[t=2,520,804us] task_start_exec    id=0x20002A60
[t=2,520,824us] task_stop_exec     id=0x20002A60
[t=2,520,828us] task_start_exec    id=0x20016A38
[t=2,520,831us] idle
[t=2,521,880us] task_stop_exec     id=0x20016A38
[t=2,521,883us] task_start_exec    id=0x200031DC
[t=2,521,900us] task_stop_exec     id=0x200031DC
[t=2,521,903us] task_start_exec    id=0x20016A38
[t=2,521,906us] idle
[t=2,526,880us] task_stop_exec     id=0x20016A38
[t=2,526,883us] task_start_exec    id=0x200031DC
[t=2,526,900us] task_stop_exec     id=0x200031DC
[t=2,526,903us] task_start_exec    id=0x20016A38
[t=2,526,906us] idle
[t=2,529,880us] task_stop_exec     id=0x20016A38
[t=2,529,883us] task_start_exec    id=0x20002A60
[t=2,531,267us] task_stop_exec     id=0x20002A60
[t=2,531,270us] task_start_exec    id=0x20016A38
[t=2,531,273us] idle
[t=2,531,801us] task_stop_exec     id=0x20016A38
[t=2,531,804us] task_start_exec    id=0x20002A60
[t=2,531,824us] task_stop_exec     id=0x20002A60
[t=2,531,828us] task_start_exec    id=0x20016A38
[t=2,531,831us] idle
[t=2,531,880us] task_stop_exec     id=0x20016A38
[t=2,531,882us] task_start_exec    id=0x200031DC
[t=2,531,900us] task_stop_exec     id=0x200031DC
[t=2,531,903us] task_start_exec    id=0x20016A38
[t=2,531,906us] idle
[t=2,533,880us] task_stop_exec     id=0x20016A38
[t=2,533,883us] task_start_exec    id=0x20006160
[t=2,533,897us] task_stop_exec     id=0x20006160
[t=2,533,900us] task_start_exec    id=0x20016A38
[t=2,533,903us] idle
[t=2,536,880us] task_stop_exec     id=0x20016A38
[t=2,536,883us] task_start_exec    id=0x200031DC
[t=2,536,900us] task_stop_exec     id=0x200031DC
[t=2,536,903us] task_start_exec    id=0x20016A38
[t=2,536,906us] idle
[t=2,540,880us] task_stop_exec     id=0x20016A38
[t=2,540,883us] task_start_exec    id=0x20002A60
[t=2,541,880us] task_stop_exec     id=0x20002A60
[t=2,541,883us] task_start_exec    id=0x200031DC
[t=2,541,900us] task_stop_exec     id=0x200031DC
[t=2,541,903us] task_start_exec    id=0x20002A60
[t=2,542,267us] task_stop_exec     id=0x20002A60
[t=2,542,270us] task_start_exec    id=0x20016A38
[t=2,542,273us] idle
[t=2,542,801us] task_stop_exec     id=0x20016A38
[t=2,542,804us] task_start_exec    id=0x20002A60
[t=2,542,824us] task_stop_exec     id=0x20002A60
[t=2,542,828us] task_start_exec    id=0x20016A38
[t=2,542,831us] idle
[t=2,546,880us] task_stop_exec     id=0x20016A38
[t=2,546,883us] task_start_exec    id=0x200031DC
[t=2,546,900us] task_stop_exec     id=0x200031DC
[t=2,546,903us] task_start_exec    id=0x20016A38
[t=27,889,637us] overflow
[t=27,889,640us] task_stop_exec
[t=27,889,646us] task_start_exec    id=0x200031DC
[t=27,889,665us] task_stop_exec     id=0x200031DC
[t=27,889,668us] task_start_exec    id=0x20004D40
[t=27,894,637us] task_stop_exec     id=0x20004D40
[t=27,894,640us] task_start_exec    id=0x200031DC
[t=27,894,659us] task_stop_exec     id=0x200031DC
[t=27,894,662us] task_start_exec    id=0x20004D40
[t=27,895,637us] task_stop_exec     id=0x20004D40
[t=27,895,640us] task_start_exec    id=0x20002A60
[t=27,897,025us] task_stop_exec     id=0x20002A60
[t=27,897,028us] task_start_exec    id=0x20004D40
[t=27,897,559us] task_stop_exec     id=0x20004D40
[t=27,897,562us] task_start_exec    id=0x20002A60
[t=27,897,583us] task_stop_exec     id=0x20002A60
[t=27,897,586us] task_start_exec    id=0x20004D40
[t=27,899,637us] task_stop_exec     id=0x20004D40
[t=27,899,640us] task_start_exec    id=0x20006160
[t=27,899,648us] task_stop_exec     id=0x20006160
[t=27,899,651us] task_start_exec    id=0x200031DC
[t=27,899,669us] task_stop_exec     id=0x200031DC
[t=27,899,672us] task_start_exec    id=0x20006160
[t=27,899,685us] task_stop_exec     id=0x20006160
[t=27,899,688us] task_start_exec    id=0x20004D40
[t=27,904,637us] task_stop_exec     id=0x20004D40
[t=27,904,640us] task_start_exec    id=0x200031DC
[t=27,904,659us] task_stop_exec     id=0x200031DC
[t=27,904,662us] task_start_exec    id=0x20004D40
[t=27,906,637us] task_stop_exec     id=0x20004D40
[t=27,906,640us] task_start_exec    id=0x20002A60
[t=27,907,724us] task_stop_exec     id=0x20002A60
[t=27,907,728us] task_start_exec    id=0x20004D40
[t=27,909,637us] task_stop_exec     id=0x20004D40
[t=27,909,640us] task_start_exec    id=0x200031DC
[t=27,909,658us] task_stop_exec     id=0x200031DC
[t=27,909,661us] task_start_exec    id=0x20004D40
[t=27,914,637us] task_stop_exec     id=0x20004D40
[t=27,914,640us] task_start_exec    id=0x200031DC
[t=27,914,659us] task_stop_exec     id=0x200031DC
[t=27,914,662us] task_start_exec    id=0x20004D40
[t=27,917,637us] task_stop_exec     id=0x20004D40
[t=27,917,640us] task_start_exec    id=0x20002A60
[t=27,919,025us] task_stop_exec     id=0x20002A60
[t=27,919,028us] task_start_exec    id=0x20004D40
[t=27,919,559us] task_stop_exec     id=0x20004D40
[t=27,919,562us] task_start_exec    id=0x20002A60
[t=27,919,583us] task_stop_exec     id=0x20002A60
[t=27,919,586us] task_start_exec    id=0x20004D40
[t=27,919,637us] task_stop_exec     id=0x20004D40
[t=27,919,640us] task_start_exec    id=0x20006160
[t=27,919,648us] task_stop_exec     id=0x20006160
[t=27,919,650us] task_start_exec    id=0x200031DC
[t=27,919,669us] task_stop_exec     id=0x200031DC
[t=27,919,672us] task_start_exec    id=0x20006160
[t=27,919,685us] task_stop_exec     id=0x20006160
[t=27,919,688us] task_start_exec    id=0x20004D40
[t=27,924,637us] task_stop_exec     id=0x20004D40
[t=27,924,640us] task_start_exec    id=0x200031DC
[t=27,924,659us] task_stop_exec     id=0x200031DC
[t=27,924,662us] task_start_exec    id=0x20004D40
[t=27,928,637us] task_stop_exec     id=0x20004D40
[t=27,928,640us] task_start_exec    id=0x20002A60
[t=27,929,637us] task_stop_exec     id=0x20002A60
[t=27,929,640us] task_start_exec    id=0x200031DC
[t=27,929,658us] task_stop_exec     id=0x200031DC
[t=27,929,661us] task_start_exec    id=0x20002A60
[t=27,930,024us] task_stop_exec     id=0x20002A60
[t=27,930,028us] task_start_exec    id=0x20004D40
[t=27,930,558us] task_stop_exec     id=0x20004D40
[t=27,930,562us] task_start_exec    id=0x20002A60
[t=27,930,582us] task_stop_exec     id=0x20002A60
[t=27,930,585us] task_start_exec    id=0x20004D40
[t=27,931,000us] task_stop_exec     id=0x20004D40
[t=27,931,003us] task_start_exec    id=0x200031DC
[t=27,932,783us] task_stop_exec     id=0x200031DC
[t=27,932,787us] task_start_exec    id=0x20004D40
[t=27,932,798us] task_stop_exec     id=0x20004D40
[t=27,932,801us] task_start_exec    id=0x20016A38
[t=27,932,804us] idle
[t=27,937,637us] task_stop_exec     id=0x20016A38
[t=27,937,640us] task_start_exec    id=0x200031DC
[t=27,937,659us] task_stop_exec     id=0x200031DC
[t=27,937,662us] task_start_exec    id=0x20016A38
[t=27,937,665us] idle
[t=27,939,637us] task_stop_exec     id=0x20016A38
[t=27,939,640us] task_start_exec    id=0x20006160
[t=27,939,648us] task_stop_exec     id=0x20006160
[t=27,939,651us] task_start_exec    id=0x20002A60
[t=27,941,035us] task_stop_exec     id=0x20002A60
[t=27,941,038us] task_start_exec    id=0x20006160
[t=27,941,051us] task_stop_exec     id=0x20006160
[t=27,941,054us] task_start_exec    id=0x20016A38
[t=27,941,057us] idle
[t=27,941,570us] task_stop_exec     id=0x20016A38
[t=27,941,573us] task_start_exec    id=0x20002A60
[t=27,941,593us] task_stop_exec     id=0x20002A60
[t=27,941,596us] task_start_exec    id=0x20016A38
[t=27,941,600us] idle
[t=27,942,637us] task_stop_exec     id=0x20016A38
[t=27,942,640us] task_start_exec    id=0x200031DC
[t=27,942,658us] task_stop_exec     id=0x200031DC
[t=27,942,661us] task_start_exec    id=0x20016A38
[t=27,942,664us] idle
[t=27,945,947us] task_stop_exec     id=0x20016A38
[t=27,945,950us] task_start_exec    id=0x200031DC
[t=27,946,016us] task_stop_exec     id=0x200031DC
[t=27,946,020us] task_start_exec    id=0x20016A38
[t=27,946,023us] idle
[t=27,950,637us] task_stop_exec     id=0x20016A38
[t=27,950,641us] task_start_exec    id=0x20002A60
[t=27,950,648us] task_stop_exec     id=0x20002A60
[t=27,950,651us] task_start_exec    id=0x200031DC
[t=27,950,669us] task_stop_exec     id=0x200031DC
[t=27,950,672us] task_start_exec    id=0x20002A60
[t=27,952,056us] task_stop_exec     id=0x20002A60
[t=27,952,059us] task_start_exec    id=0x20016A38
[t=27,952,062us] idle
[t=27,952,590us] task_stop_exec     id=0x20016A38
[t=27,952,593us] task_start_exec    id=0x20002A60
[t=27,952,613us] task_stop_exec     id=0x20002A60
[t=27,952,616us] task_start_exec    id=0x20016A38
[t=27,952,619us] idle
[t=27,955,637us] task_stop_exec     id=0x20016A38
[t=27,955,640us] task_start_exec    id=0x200031DC
[t=27,955,659us] task_stop_exec     id=0x200031DC
[t=27,955,662us] task_start_exec    id=0x20016A38
[t=27,955,665us] idle
[t=27,960,637us] task_stop_exec     id=0x20016A38
[t=27,960,640us] task_start_exec    id=0x20006160
[t=27,960,648us] task_stop_exec     id=0x20006160
[t=27,960,651us] task_start_exec    id=0x200031DC
[t=27,960,669us] task_stop_exec     id=0x200031DC
[t=27,960,672us] task_start_exec    id=0x20006160
[t=27,960,684us] task_stop_exec     id=0x20006160
[t=27,960,688us] task_start_exec    id=0x20016A38
[t=27,960,691us] idle
[t=27,961,637us] task_stop_exec     id=0x20016A38
[t=27,961,640us] task_start_exec    id=0x20002A60
[t=27,962,723us] task_stop_exec     id=0x20002A60
[t=27,962,726us] task_start_exec    id=0x20016A38
[t=27,962,730us] idle
[t=27,965,637us] task_stop_exec     id=0x20016A38
[t=27,965,640us] task_start_exec    id=0x200031DC
[t=27,965,658us] task_stop_exec     id=0x200031DC
[t=27,965,661us] task_start_exec    id=0x20016A38
[t=27,965,664us] idle
[t=27,970,637us] task_stop_exec     id=0x20016A38
[t=27,970,640us] task_start_exec    id=0x200031DC
[t=27,970,659us] task_stop_exec     id=0x200031DC
[t=27,970,662us] task_start_exec    id=0x20016A38
[t=27,970,665us] idle
[t=27,972,637us] task_stop_exec     id=0x20016A38
[t=27,972,640us] task_start_exec    id=0x20002A60
[t=27,974,025us] task_stop_exec     id=0x20002A60
[t=27,974,028us] task_start_exec    id=0x20016A38
[t=27,974,031us] idle
[t=27,974,829us] task_stop_exec     id=0x20016A38
[t=27,974,832us] task_start_exec    id=0x20002A60
[t=27,974,853us] task_stop_exec     id=0x20002A60
[t=27,974,856us] task_start_exec    id=0x20016A38
[t=27,974,859us] idle
[t=27,975,637us] task_stop_exec     id=0x20016A38
[t=27,975,640us] task_start_exec    id=0x200031DC
[t=27,975,659us] task_stop_exec     id=0x200031DC
[t=27,975,662us] task_start_exec    id=0x20016A38
[t=27,975,665us] idle
[t=27,980,637us] task_stop_exec     id=0x20016A38
[t=27,980,640us] task_start_exec    id=0x20006160
[t=27,980,648us] task_stop_exec     id=0x20006160
[t=27,980,651us] task_start_exec    id=0x200031DC
[t=27,980,669us] task_stop_exec     id=0x200031DC
[t=27,980,672us] task_start_exec    id=0x20006160
[t=27,980,684us] task_stop_exec     id=0x20006160
[t=27,980,688us] task_start_exec    id=0x20016A38
[t=27,980,691us] idle
[t=27,984,637us] task_stop_exec     id=0x20016A38
[t=27,984,640us] task_start_exec    id=0x20002A60
[t=27,985,637us] task_stop_exec     id=0x20002A60
[t=27,985,640us] task_start_exec    id=0x200031DC
[t=27,985,658us] task_stop_exec     id=0x200031DC
[t=27,985,661us] task_start_exec    id=0x20002A60
[t=27,985,723us] task_stop_exec     id=0x20002A60
[t=27,985,726us] task_start_exec    id=0x20016A38
[t=27,985,730us] idle
[t=27,990,637us] task_stop_exec     id=0x20016A38
[t=27,990,640us] task_start_exec    id=0x200031DC
[t=27,990,658us] task_stop_exec     id=0x200031DC
[t=27,990,662us] task_start_exec    id=0x20016A38
[t=27,990,665us] idle
[t=27,995,637us] task_stop_exec     id=0x20016A38
[t=27,995,640us] task_start_exec    id=0x20002A60
[t=27,995,648us] task_stop_exec     id=0x20002A60
[t=27,995,651us] task_start_exec    id=0x200031DC
[t=27,995,669us] task_stop_exec     id=0x200031DC
[t=27,995,672us] task_start_exec    id=0x20002A60
[t=27,997,054us] task_stop_exec     id=0x20002A60
[t=27,997,057us] task_start_exec    id=0x20016A38
[t=27,997,060us] idle
[t=27,997,858us] task_stop_exec     id=0x20016A38
[t=27,997,861us] task_start_exec    id=0x20002A60
[t=27,997,884us] task_stop_exec     id=0x20002A60
[t=27,997,887us] task_start_exec    id=0x20016A38
[t=27,997,890us] idle
[t=28,000,637us] task_stop_exec     id=0x20016A38
[t=28,000,640us] task_start_exec    id=0x20006160
[t=28,000,648us] task_stop_exec     id=0x20006160
[t=28,000,651us] task_start_exec    id=0x200031DC
[t=28,000,669us] task_stop_exec     id=0x200031DC
[t=28,000,672us] task_start_exec    id=0x20006160
[t=28,000,684us] task_stop_exec     id=0x20006160
[t=28,000,688us] task_start_exec    id=0x20016A38
[t=28,000,691us] idle
[t=28,005,637us] task_stop_exec     id=0x20016A38
[t=28,005,640us] task_start_exec    id=0x200031DC
[t=28,005,659us] task_stop_exec     id=0x200031DC
[t=28,005,662us] task_start_exec    id=0x20016A38
[t=28,005,665us] idle
[t=28,007,637us] task_stop_exec     id=0x20016A38
[t=28,007,640us] task_start_exec    id=0x20002A60
[t=28,009,024us] task_stop_exec     id=0x20002A60
[t=28,009,027us] task_start_exec    id=0x20016A38
[t=28,009,030us] idle
[t=28,009,558us] task_stop_exec     id=0x20016A38
[t=28,009,561us] task_start_exec    id=0x20002A60
[t=28,009,581us] task_stop_exec     id=0x20002A60
[t=28,009,584us] task_start_exec    id=0x20016A38
[t=28,009,587us] idle
[t=28,010,637us] task_stop_exec     id=0x20016A38
[t=28,010,640us] task_start_exec    id=0x200031DC
[t=28,010,658us] task_stop_exec     id=0x200031DC
[t=28,010,661us] task_start_exec    id=0x20016A38
[t=28,010,664us] idle
[t=28,015,637us] task_stop_exec     id=0x20016A38
[t=28,015,640us] task_start_exec    id=0x200031DC
[t=28,015,659us] task_stop_exec     id=0x200031DC
[t=28,015,662us] task_start_exec    id=0x20016A38
[t=28,015,665us] idle
[t=28,018,637us] task_stop_exec     id=0x20016A38
[t=28,018,640us] task_start_exec    id=0x20002A60
[t=28,020,024us] task_stop_exec     id=0x20002A60
[t=28,020,028us] task_start_exec    id=0x20016A38
[t=28,020,031us] idle
[t=28,020,558us] task_stop_exec     id=0x20016A38
[t=28,020,561us] task_start_exec    id=0x20002A60
[t=28,020,582us] task_stop_exec     id=0x20002A60
[t=28,020,585us] task_start_exec    id=0x20016A38
[t=28,020,588us] idle
[t=28,020,637us] task_stop_exec     id=0x20016A38
[t=28,020,640us] task_start_exec    id=0x20006160
[t=28,020,648us] task_stop_exec     id=0x20006160
[t=28,020,650us] task_start_exec    id=0x200031DC
[t=28,020,668us] task_stop_exec     id=0x200031DC
[t=28,020,671us] task_start_exec    id=0x20006160
[t=28,020,684us] task_stop_exec     id=0x20006160
[t=28,020,687us] task_start_exec    id=0x20016A38
[t=28,020,690us] idle
[t=28,025,637us] task_stop_exec     id=0x20016A38
[t=28,025,640us] task_start_exec    id=0x200031DC
[t=28,025,659us] task_stop_exec     id=0x200031DC
[t=28,025,662us] task_start_exec    id=0x20016A38
[t=28,025,665us] idle
[t=28,029,637us] task_stop_exec     id=0x20016A38
[t=28,029,640us] task_start_exec    id=0x20002A60
[t=28,030,637us] task_stop_exec     id=0x20002A60
[t=28,030,640us] task_start_exec    id=0x200031DC
[t=28,030,658us] task_stop_exec     id=0x200031DC
[t=28,030,661us] task_start_exec    id=0x20002A60
[t=28,031,024us] task_stop_exec     id=0x20002A60
[t=28,031,028us] task_start_exec    id=0x20016A38
[t=28,031,031us] idle
[t=28,031,558us] task_stop_exec     id=0x20016A38
[t=28,031,561us] task_start_exec    id=0x20002A60
[t=28,031,582us] task_stop_exec     id=0x20002A60
[t=28,031,585us] task_start_exec    id=0x20016A38
[t=28,031,588us] idle
[t=28,035,637us] task_stop_exec     id=0x20016A38
[t=28,035,640us] task_start_exec    id=0x200031DC
[t=28,035,659us] task_stop_exec     id=0x200031DC
[t=28,035,662us] task_start_exec    id=0x20016A38
[t=28,035,665us] idle
[t=28,040,637us] task_stop_exec     id=0x20016A38
[t=28,040,640us] task_start_exec    id=0x20006160
[t=28,040,648us] task_stop_exec     id=0x20006160
[t=28,040,651us] task_start_exec    id=0x20002A60
[t=28,040,658us] task_stop_exec     id=0x20002A60
[t=28,040,661us] task_start_exec    id=0x200031DC
[t=28,040,679us] task_stop_exec     id=0x200031DC
[t=28,040,682us] task_start_exec    id=0x20002A60
[t=28,041,763us] task_stop_exec     id=0x20002A60
[t=28,041,767us] task_start_exec    id=0x20006160
[t=28,041,779us] task_stop_exec     id=0x20006160
[t=28,041,782us] task_start_exec    id=0x20016A38
[t=28,041,786us] idle
[t=28,045,637us] task_stop_exec     id=0x20016A38
[t=28,045,640us] task_start_exec    id=0x200031DC
[t=28,045,658us] task_stop_exec     id=0x200031DC
[t=28,045,661us] task_start_exec    id=0x20016A38
[t=28,045,664us] idle
[t=28,050,637us] task_stop_exec     id=0x20016A38
[t=28,050,640us] task_start_exec    id=0x200031DC
[t=28,050,659us] task_stop_exec     id=0x200031DC
[t=28,050,662us] task_start_exec    id=0x20016A38
[t=28,050,665us] idle
[t=28,051,637us] task_stop_exec     id=0x20016A38
[t=28,051,640us] task_start_exec    id=0x20002A60
[t=28,053,024us] task_stop_exec     id=0x20002A60
[t=28,053,027us] task_start_exec    id=0x20016A38
[t=28,053,030us] idle
[t=28,053,558us] task_stop_exec     id=0x20016A38
[t=28,053,561us] task_start_exec    id=0x20002A60
[t=28,053,581us] task_stop_exec     id=0x20002A60
[t=28,053,585us] task_start_exec    id=0x20016A38
[t=28,053,588us] idle
[t=28,055,637us] task_stop_exec     id=0x20016A38
[t=28,055,640us] task_start_exec    id=0x200031DC
[t=28,055,658us] task_stop_exec     id=0x200031DC
[t=28,055,661us] task_start_exec    id=0x20016A38
[t=28,055,664us] idle
[t=28,060,637us] task_stop_exec     id=0x20016A38
[t=28,060,640us] task_start_exec    id=0x200031DC
[t=28,060,659us] task_stop_exec     id=0x200031DC
[t=28,060,662us] task_start_exec    id=0x20016A38
[t=28,060,665us] idle
[t=28,061,637us] task_stop_exec     id=0x20016A38
[t=28,061,640us] task_start_exec    id=0x20006160
[t=28,061,654us] task_stop_exec     id=0x20006160
[t=28,061,658us] task_start_exec    id=0x20016A38
[t=28,061,661us] idle
[t=28,062,637us] task_stop_exec     id=0x20016A38
[t=28,062,640us] task_start_exec    id=0x20002A60
[t=28,064,025us] task_stop_exec     id=0x20002A60
[t=28,064,028us] task_start_exec    id=0x20016A38
[t=28,064,031us] idle
[t=28,064,559us] task_stop_exec     id=0x20016A38
[t=28,064,562us] task_start_exec    id=0x20002A60
[t=28,064,582us] task_stop_exec     id=0x20002A60
[t=28,064,585us] task_start_exec    id=0x20016A38
[t=28,064,588us] idle
[t=28,065,637us] task_stop_exec     id=0x20016A38
[t=28,065,640us] task_start_exec    id=0x200031DC
[t=28,065,658us] task_stop_exec     id=0x200031DC
[t=28,065,661us] task_start_exec    id=0x20016A38
[t=28,065,664us] idle
[t=28,070,637us] task_stop_exec     id=0x20016A38
[t=28,070,640us] task_start_exec    id=0x200031DC
[t=28,070,659us] task_stop_exec     id=0x200031DC
[t=28,070,662us] task_start_exec    id=0x20016A38
[t=28,070,665us] idle
[t=28,073,637us] task_stop_exec     id=0x20016A38
[t=28,073,640us] task_start_exec    id=0x20002A60
[t=28,075,024us] task_stop_exec     id=0x20002A60
[t=28,075,034us] task_info          spo2 id=0x20004D40
[t=28,075,039us] stack_info         spo2 id=0x20004D40
[t=28,075,045us] task_info          ppg id=0x20002A60
[t=28,075,049us] stack_info         ppg id=0x20002A60
[t=28,075,056us] task_info          ble id=0x200031DC
[t=28,075,060us] stack_info         ble id=0x200031DC
[t=28,075,066us] task_info          key id=0x20006160
[t=28,075,070us] stack_info         key id=0x20006160
[t=28,075,077us] task_info          power id=0x20005DE0
[t=28,075,081us] stack_info         power id=0x20005DE0
[t=28,075,088us] task_info          timer id=0x20016DE8
[t=28,075,092us] stack_info         timer id=0x20016DE8
[t=28,075,099us] task_start_exec    id=0x20016A38
[t=28,075,102us] idle
[t=28,075,558us] task_stop_exec     id=0x20016A38
[t=28,075,561us] task_start_exec    ppg id=0x20002A60
[t=28,075,582us] task_stop_exec     ppg id=0x20002A60
[t=28,075,585us] task_start_exec    id=0x20016A38
[t=28,075,588us] idle
[t=28,075,637us] task_stop_exec     id=0x20016A38
[t=28,075,640us] task_start_exec    ble id=0x200031DC
[t=28,075,658us] task_stop_exec     ble id=0x200031DC
[t=28,075,661us] task_start_exec    id=0x20016A38
[t=28,075,664us] idle
[t=28,080,637us] task_stop_exec     id=0x20016A38
[t=28,080,640us] task_start_exec    ble id=0x200031DC
[t=28,080,659us] task_stop_exec     ble id=0x200031DC
[t=28,080,662us] task_start_exec    id=0x20016A38
[t=28,080,665us] idle
[t=28,081,637us] task_stop_exec     id=0x20016A38
[t=28,081,640us] task_start_exec    key id=0x20006160
[t=28,081,654us] task_stop_exec     key id=0x20006160
[t=28,081,658us] task_start_exec    id=0x20016A38
[t=28,081,661us] idle
[t=28,084,637us] task_stop_exec     id=0x20016A38
[t=28,084,640us] task_start_exec    ppg id=0x20002A60
[t=28,085,637us] task_stop_exec     ppg id=0x20002A60
[t=28,085,640us] task_start_exec    ble id=0x200031DC
[t=28,085,658us] task_stop_exec     ble id=0x200031DC
[t=28,085,661us] task_start_exec    ppg id=0x20002A60
[t=28,086,024us] task_stop_exec     ppg id=0x20002A60
[t=28,086,027us] task_start_exec    id=0x20016A38
[t=28,086,031us] idle
[t=28,086,558us] task_stop_exec     id=0x20016A38
[t=28,086,561us] task_start_exec    ppg id=0x20002A60
[t=28,086,581us] task_stop_exec     ppg id=0x20002A60
[t=28,086,585us] task_start_exec    id=0x20016A38
[t=28,086,588us] idle
[t=28,090,637us] task_stop_exec     id=0x20016A38
[t=28,090,640us] task_start_exec    ble id=0x200031DC
[t=28,090,659us] task_stop_exec     ble id=0x200031DC
[t=28,090,662us] task_start_exec    id=0x20016A38
[t=28,090,665us] idle
[t=28,095,637us] task_stop_exec     id=0x20016A38
[t=28,095,640us] task_start_exec    ppg id=0x20002A60
[t=28,095,648us] task_stop_exec     ppg id=0x20002A60
[t=28,095,651us] task_start_exec    ble id=0x200031DC
[t=28,095,669us] task_stop_exec     ble id=0x200031DC
[t=28,095,672us] task_start_exec    ppg id=0x20002A60
[t=28,097,055us] task_stop_exec     ppg id=0x20002A60
[t=28,097,058us] task_start_exec    id=0x20016A38
[t=28,097,061us] idle
[t=28,097,588us] task_stop_exec     id=0x20016A38
[t=28,097,592us] task_start_exec    ppg id=0x20002A60
[t=28,097,612us] task_stop_exec     ppg id=0x20002A60
[t=28,097,615us] task_start_exec    id=0x20016A38
[t=28,097,618us] idle
[t=28,100,637us] task_stop_exec     id=0x20016A38
[t=28,100,640us] task_start_exec    ble id=0x200031DC
[t=28,100,659us] task_stop_exec     ble id=0x200031DC
[t=28,100,662us] task_start_exec    id=0x20016A38
[t=28,100,665us] idle
[t=28,101,637us] task_stop_exec     id=0x20016A38
[t=28,101,640us] task_start_exec    key id=0x20006160
[t=28,101,654us] task_stop_exec     key id=0x20006160
[t=28,101,658us] task_start_exec    id=0x20016A38
[t=28,101,661us] idle
[t=28,105,637us] task_stop_exec     id=0x20016A38
[t=28,105,640us] task_start_exec    ble id=0x200031DC
[t=28,105,659us] task_stop_exec     ble id=0x200031DC
[t=28,105,662us] task_start_exec    id=0x20016A38
[t=28,105,665us] idle
[t=28,106,637us] task_stop_exec     id=0x20016A38
[t=28,106,640us] task_start_exec    ppg id=0x20002A60
[t=28,107,723us] task_stop_exec     ppg id=0x20002A60
[t=28,107,727us] task_start_exec    id=0x20016A38
[t=28,107,730us] idle
[t=28,110,637us] task_stop_exec     id=0x20016A38
[t=28,110,640us] task_start_exec    ble id=0x200031DC
[t=28,110,658us] task_stop_exec     ble id=0x200031DC
[t=28,110,661us] task_start_exec    id=0x20016A38
[t=28,110,664us] idle
[t=28,115,637us] task_stop_exec     id=0x20016A38
[t=28,115,640us] task_start_exec    ble id=0x200031DC
[t=28,115,659us] task_stop_exec     ble id=0x200031DC
[t=28,115,662us] task_start_exec    id=0x20016A38
[t=28,115,665us] idle
[t=28,117,637us] task_stop_exec     id=0x20016A38
[t=28,117,640us] task_start_exec    ppg id=0x20002A60
[t=28,119,025us] task_stop_exec     ppg id=0x20002A60
[t=28,119,028us] task_start_exec    id=0x20016A38
[t=28,119,031us] idle
[t=28,119,559us] task_stop_exec     id=0x20016A38
[t=28,119,562us] task_start_exec    ppg id=0x20002A60
[t=28,119,582us] task_stop_exec     ppg id=0x20002A60
[t=28,119,585us] task_start_exec    id=0x20016A38
[t=28,119,588us] idle
[t=28,120,637us] task_stop_exec     id=0x20016A38
[t=28,120,640us] task_start_exec    ble id=0x200031DC
[t=28,120,659us] task_stop_exec     ble id=0x200031DC
[t=28,120,662us] task_start_exec    id=0x20016A38
[t=28,120,665us] idle
[t=28,121,637us] task_stop_exec     id=0x20016A38
[t=28,121,640us] task_start_exec    key id=0x20006160
[t=28,121,654us] task_stop_exec     key id=0x20006160
[t=28,121,658us] task_start_exec    id=0x20016A38
[t=28,121,661us] idle
[t=28,125,637us] task_stop_exec     id=0x20016A38
[t=28,125,640us] task_start_exec    ble id=0x200031DC
[t=28,125,659us] task_stop_exec     ble id=0x200031DC
[t=28,125,662us] task_start_exec    id=0x20016A38
[t=28,125,665us] idle
[t=28,128,637us] task_stop_exec     id=0x20016A38
[t=28,128,640us] task_start_exec    ppg id=0x20002A60
[t=28,130,025us] task_stop_exec     ppg id=0x20002A60
[t=28,130,028us] task_start_exec    id=0x20016A38
[t=28,130,031us] idle
[t=28,130,559us] task_stop_exec     id=0x20016A38
[t=28,130,562us] task_start_exec    ppg id=0x20002A60
[t=28,130,582us] task_stop_exec     ppg id=0x20002A60
[t=28,130,585us] task_start_exec    id=0x20016A38
[t=28,130,588us] idle
[t=28,130,637us] task_stop_exec     id=0x20016A38
[t=28,130,640us] task_start_exec    ble id=0x200031DC
[t=28,130,658us] task_stop_exec     ble id=0x200031DC
[t=28,130,661us] task_start_exec    id=0x20016A38
[t=28,130,664us] idle
[t=28,135,637us] task_stop_exec     id=0x20016A38
[t=28,135,640us] task_start_exec    ble id=0x200031DC
[t=28,135,658us] task_stop_exec     ble id=0x200031DC
[t=28,135,662us] task_start_exec    id=0x20016A38
[t=28,135,664us] idle
[t=28,139,637us] task_stop_exec     id=0x20016A38
[t=28,139,640us] task_start_exec    ppg id=0x20002A60
[t=28,140,637us] task_stop_exec     ppg id=0x20002A60
[t=28,140,640us] task_start_exec    ble id=0x200031DC
[t=28,140,658us] task_stop_exec     ble id=0x200031DC
[t=28,140,661us] task_start_exec    ppg id=0x20002A60
[t=28,141,024us] task_stop_exec     ppg id=0x20002A60
[t=28,141,028us] task_start_exec    id=0x20016A38
[t=28,141,031us] idle
[t=28,141,558us] task_stop_exec     id=0x20016A38
[t=28,141,561us] task_start_exec    ppg id=0x20002A60
[t=28,141,582us] task_stop_exec     ppg id=0x20002A60
[t=28,141,585us] task_start_exec    id=0x20016A38
[t=28,141,588us] idle
[t=28,141,637us] task_stop_exec     id=0x20016A38
[t=28,141,640us] task_start_exec    key id=0x20006160
[t=28,141,654us] task_stop_exec     key id=0x20006160
[t=28,141,657us] task_start_exec    id=0x20016A38
[t=28,141,660us] idle
[t=28,145,637us] task_stop_exec     id=0x20016A38
[t=28,145,640us] task_start_exec    ble id=0x200031DC
[t=28,145,659us] task_stop_exec     ble id=0x200031DC
[t=28,145,662us] task_start_exec    id=0x20016A38
[t=28,145,665us] idle
[t=28,150,637us] task_stop_exec     id=0x20016A38
[t=28,150,640us] task_start_exec    ppg id=0x20002A60
[t=28,150,648us] task_stop_exec     ppg id=0x20002A60
[t=28,150,650us] task_start_exec    ble id=0x200031DC
[t=28,150,668us] task_stop_exec     ble id=0x200031DC
[t=28,150,671us] task_start_exec    ppg id=0x20002A60
[t=28,152,054us] task_stop_exec     ppg id=0x20002A60
[t=28,152,057us] task_start_exec    id=0x20016A38
[t=28,152,060us] idle
[t=28,152,588us] task_stop_exec     id=0x20016A38
[t=28,152,591us] task_start_exec    ppg id=0x20002A60
[t=28,152,611us] task_stop_exec     ppg id=0x20002A60
[t=28,152,614us] task_start_exec    id=0x20016A38
[t=28,152,617us] idle
[t=28,155,637us] task_stop_exec     id=0x20016A38
[t=28,155,640us] task_start_exec    ble id=0x200031DC
[t=28,155,658us] task_stop_exec     ble id=0x200031DC
[t=28,155,661us] task_start_exec    id=0x20016A38
[t=28,155,664us] idle
[t=28,160,637us] task_stop_exec     id=0x20016A38
[t=28,160,640us] task_start_exec    ble id=0x200031DC
[t=28,160,659us] task_stop_exec     ble id=0x200031DC
[t=28,160,662us] task_start_exec    id=0x20016A38
[t=28,160,665us] idle
[t=28,161,637us] task_stop_exec     id=0x20016A38
[t=28,161,640us] task_start_exec    key id=0x20006160
[t=28,161,648us] task_stop_exec     key id=0x20006160
[t=28,161,651us] task_start_exec    ppg id=0x20002A60
[t=28,162,734us] task_stop_exec     ppg id=0x20002A60
[t=28,162,738us] task_start_exec    key id=0x20006160
[t=28,162,750us] task_stop_exec     key id=0x20006160
[t=28,162,753us] task_start_exec    id=0x20016A38
[t=28,162,756us] idle
[t=28,165,637us] task_stop_exec     id=0x20016A38
[t=28,165,640us] task_start_exec    ble id=0x200031DC
[t=28,165,658us] task_stop_exec     ble id=0x200031DC
[t=28,165,661us] task_start_exec    id=0x20016A38
[t=28,165,664us] idle
[t=28,170,637us] task_stop_exec     id=0x20016A38
[t=28,170,640us] task_start_exec    ble id=0x200031DC
[t=28,170,658us] task_stop_exec     ble id=0x200031DC
[t=28,170,662us] task_start_exec    id=0x20016A38
[t=28,170,665us] idle
[t=28,172,637us] task_stop_exec     id=0x20016A38
[t=28,172,640us] task_start_exec    ppg id=0x20002A60
[t=28,174,024us] task_stop_exec     ppg id=0x20002A60
[t=28,174,028us] task_start_exec    id=0x20016A38
[t=28,174,031us] idle
[t=28,174,828us] task_stop_exec     id=0x20016A38
[t=28,174,831us] task_start_exec    ppg id=0x20002A60
[t=28,174,852us] task_stop_exec     ppg id=0x20002A60
[t=28,174,855us] task_start_exec    id=0x20016A38
[t=28,174,858us] idle
[t=28,175,637us] task_stop_exec     id=0x20016A38
[t=28,175,640us] task_start_exec    ble id=0x200031DC
[t=28,175,658us] task_stop_exec     ble id=0x200031DC
[t=28,175,661us] task_start_exec    id=0x20016A38
[t=28,175,664us] idle
[t=28,180,637us] task_stop_exec     id=0x20016A38
[t=28,180,640us] task_start_exec    ble id=0x200031DC
[t=28,180,659us] task_stop_exec     ble id=0x200031DC
[t=28,180,662us] task_start_exec    id=0x20016A38
[t=28,180,665us] idle
[t=28,182,637us] task_stop_exec     id=0x20016A38
[t=28,182,640us] task_start_exec    key id=0x20006160
[t=28,182,654us] task_stop_exec     key id=0x20006160
[t=28,182,657us] task_start_exec    id=0x20016A38
[t=28,182,660us] idle
[t=28,184,637us] task_stop_exec     id=0x20016A38
[t=28,184,640us] task_start_exec    ppg id=0x20002A60
[t=28,185,637us] task_stop_exec     ppg id=0x20002A60
[t=28,185,640us] task_start_exec    ble id=0x200031DC
[t=28,185,658us] task_stop_exec     ble id=0x200031DC
[t=28,185,661us] task_start_exec    ppg id=0x20002A60
[t=28,185,724us] task_stop_exec     ppg id=0x20002A60
[t=28,185,727us] task_start_exec    id=0x20016A38
[t=28,185,730us] idle
[t=28,190,637us] task_stop_exec     id=0x20016A38
[t=28,190,640us] task_start_exec    ble id=0x200031DC
[t=28,190,658us] task_stop_exec     ble id=0x200031DC
[t=28,190,661us] task_start_exec    id=0x20016A38
[t=28,190,664us] idle
[t=28,195,637us] task_stop_exec     id=0x20016A38
[t=28,195,640us] task_start_exec    ppg id=0x20002A60
[t=28,195,648us] task_stop_exec     ppg id=0x20002A60
[t=28,195,650us] task_start_exec    ble id=0x200031DC
[t=28,195,668us] task_stop_exec     ble id=0x200031DC
[t=28,195,671us] task_start_exec    ppg id=0x20002A60
[t=28,197,054us] task_stop_exec     ppg id=0x20002A60
[t=28,197,057us] task_start_exec    id=0x20016A38
[t=28,197,060us] idle
[t=28,197,858us] task_stop_exec     id=0x20016A38
[t=28,197,861us] task_start_exec    ppg id=0x20002A60
[t=28,197,883us] task_stop_exec     ppg id=0x20002A60
[t=28,197,887us] task_start_exec    id=0x20016A38
[t=28,197,890us] idle
[t=28,200,637us] task_stop_exec     id=0x20016A38
[t=28,200,640us] task_start_exec    ble id=0x200031DC
[t=28,200,659us] task_stop_exec     ble id=0x200031DC
[t=28,200,662us] task_start_exec    id=0x20016A38
[t=28,200,665us] idle
[t=28,202,637us] task_stop_exec     id=0x20016A38
[t=28,202,640us] task_start_exec    key id=0x20006160
[t=28,202,654us] task_stop_exec     key id=0x20006160
[t=28,202,657us] task_start_exec    id=0x20016A38
[t=28,202,660us] idle
[t=28,205,637us] task_stop_exec     id=0x20016A38
[t=28,205,640us] task_start_exec    ble id=0x200031DC
[t=28,205,659us] task_stop_exec     ble id=0x200031DC
[t=28,205,662us] task_start_exec    id=0x20016A38
[t=28,205,665us] idle
[t=28,207,637us] task_stop_exec     id=0x20016A38
[t=28,207,640us] task_start_exec    ppg id=0x20002A60
[t=28,209,024us] task_stop_exec     ppg id=0x20002A60
[t=28,209,027us] task_start_exec    id=0x20016A38
[t=28,209,030us] idle
[t=28,209,558us] task_stop_exec     id=0x20016A38
[t=28,209,561us] task_start_exec    ppg id=0x20002A60
[t=28,209,581us] task_stop_exec     ppg id=0x20002A60
[t=28,209,584us] task_start_exec    id=0x20016A38
[t=28,209,587us] idle
[t=28,210,637us] task_stop_exec     id=0x20016A38
[t=28,210,640us] task_start_exec    ble id=0x200031DC
[t=28,210,658us] task_stop_exec     ble id=0x200031DC
[t=28,210,661us] task_start_exec    id=0x20016A38
[t=28,210,664us] idle
[t=28,215,637us] task_stop_exec     id=0x20016A38
[t=28,215,640us] task_start_exec    ble id=0x200031DC
[t=28,215,658us] task_stop_exec     ble id=0x200031DC
[t=28,215,662us] task_start_exec    id=0x20016A38
[t=28,215,664us] idle
[t=28,218,637us] task_stop_exec     id=0x20016A38
[t=28,218,640us] task_start_exec    ppg id=0x20002A60
[t=28,220,024us] task_stop_exec     ppg id=0x20002A60
[t=28,220,028us] task_start_exec    id=0x20016A38
[t=28,220,031us] idle
[t=28,220,558us] task_stop_exec     id=0x20016A38
[t=28,220,561us] task_start_exec    ppg id=0x20002A60
[t=28,220,582us] task_stop_exec     ppg id=0x20002A60
[t=28,220,585us] task_start_exec    id=0x20016A38
[t=28,220,588us] idle
[t=28,220,637us] task_stop_exec     id=0x20016A38
[t=28,220,640us] task_start_exec    ble id=0x200031DC
[t=28,220,658us] task_stop_exec     ble id=0x200031DC
[t=28,220,661us] task_start_exec    id=0x20016A38
[t=28,220,664us] idle
[t=28,222,637us] task_stop_exec     id=0x20016A38
[t=28,222,640us] task_start_exec    key id=0x20006160
[t=28,222,654us] task_stop_exec     key id=0x20006160
[t=28,222,657us] task_start_exec    id=0x20016A38
[t=28,222,660us] idle
[t=28,225,637us] task_stop_exec     id=0x20016A38
[t=28,225,640us] task_start_exec    ble id=0x200031DC
[t=28,225,659us] task_stop_exec     ble id=0x200031DC
[t=28,225,662us] task_start_exec    id=0x20016A38
[t=28,225,665us] idle
[t=28,229,637us] task_stop_exec     id=0x20016A38
[t=28,229,640us] task_start_exec    ppg id=0x20002A60
[t=28,230,637us] task_stop_exec     ppg id=0x20002A60
[t=28,230,640us] task_start_exec    ble id=0x200031DC
[t=28,230,658us] task_stop_exec     ble id=0x200031DC
[t=28,230,661us] task_start_exec    ppg id=0x20002A60
[t=28,231,024us] task_stop_exec     ppg id=0x20002A60
[t=28,231,028us] task_start_exec    id=0x20016A38
[t=28,231,031us] idle
[t=28,231,558us] task_stop_exec     id=0x20016A38
[t=28,231,561us] task_start_exec    ppg id=0x20002A60
[t=28,231,582us] task_stop_exec     ppg id=0x20002A60
[t=28,231,585us] task_start_exec    id=0x20016A38
[t=28,231,588us] idle
[t=28,235,637us] task_stop_exec     id=0x20016A38
[t=28,235,640us] task_start_exec    ble id=0x200031DC
[t=28,235,658us] task_stop_exec     ble id=0x200031DC
[t=28,235,662us] task_start_exec    id=0x20016A38
[t=28,235,665us] idle
[t=28,240,637us] task_stop_exec     id=0x20016A38
[t=28,240,640us] task_start_exec    ppg id=0x20002A60
[t=28,240,648us] task_stop_exec     ppg id=0x20002A60
[t=28,240,650us] task_start_exec    ble id=0x200031DC
[t=28,240,668us] task_stop_exec     ble id=0x200031DC
[t=28,240,671us] task_start_exec    ppg id=0x20002A60
[t=28,241,753us] task_stop_exec     ppg id=0x20002A60
[t=28,241,756us] task_start_exec    id=0x20016A38
[t=28,241,759us] idle
[t=28,242,637us] task_stop_exec     id=0x20016A38
[t=28,242,640us] task_start_exec    key id=0x20006160
[t=28,242,654us] task_stop_exec     key id=0x20006160
[t=28,242,657us] task_start_exec    id=0x20016A38
[t=28,242,660us] idle
[t=28,245,637us] task_stop_exec     id=0x20016A38
[t=28,245,640us] task_start_exec    ble id=0x200031DC
[t=28,245,658us] task_stop_exec     ble id=0x200031DC
[t=28,245,661us] task_start_exec    id=0x20016A38
[t=28,245,664us] idle
[t=28,250,637us] task_stop_exec     id=0x20016A38
[t=28,250,640us] task_start_exec    ble id=0x200031DC
[t=28,250,658us] task_stop_exec     ble id=0x200031DC
[t=28,250,662us] task_start_exec    id=0x20016A38
[t=28,250,665us] idle
[t=28,251,637us] task_stop_exec     id=0x20016A38
[t=28,251,640us] task_start_exec    ppg id=0x20002A60
[t=28,253,024us] task_stop_exec     ppg id=0x20002A60
[t=28,253,028us] task_start_exec    id=0x20016A38
[t=28,253,031us] idle
[t=28,253,558us] task_stop_exec     id=0x20016A38
[t=28,253,561us] task_start_exec    ppg id=0x20002A60
[t=28,253,582us] task_stop_exec     ppg id=0x20002A60
[t=28,253,585us] task_start_exec    id=0x20016A38
[t=28,253,588us] idle
[t=28,255,637us] task_stop_exec     id=0x20016A38
[t=28,255,640us] task_start_exec    ble id=0x200031DC
[t=28,255,658us] task_stop_exec     ble id=0x200031DC
[t=28,255,661us] task_start_exec    id=0x20016A38
[t=28,255,664us] idle
[t=28,260,637us] task_stop_exec     id=0x20016A38
[t=28,260,640us] task_start_exec    ble id=0x200031DC
[t=28,260,659us] task_stop_exec     ble id=0x200031DC
[t=28,260,662us] task_start_exec    id=0x20016A38
[t=28,260,665us] idle
[t=28,262,637us] task_stop_exec     id=0x20016A38
[t=28,262,640us] task_start_exec    key id=0x20006160
[t=28,262,648us] task_stop_exec     key id=0x20006160
[t=28,262,650us] task_start_exec    ppg id=0x20002A60
[t=28,264,034us] task_stop_exec     ppg id=0x20002A60
[t=28,264,037us] task_start_exec    key id=0x20006160
[t=28,264,050us] task_stop_exec     key id=0x20006160
[t=28,264,053us] task_start_exec    id=0x20016A38
[t=28,264,056us] idle
[t=28,264,568us] task_stop_exec     id=0x20016A38
[t=28,264,571us] task_start_exec    ppg id=0x20002A60
[t=28,264,591us] task_stop_exec     ppg id=0x20002A60
[t=28,264,594us] task_start_exec    id=0x20016A38
[t=28,264,597us] idle
[t=28,265,637us] task_stop_exec     id=0x20016A38
[t=28,265,640us] task_start_exec    ble id=0x200031DC
[t=28,265,658us] task_stop_exec     ble id=0x200031DC
[t=28,265,661us] task_start_exec    id=0x20016A38
[t=28,265,664us] idle
[t=28,270,637us] task_stop_exec     id=0x20016A38
[t=28,270,640us] task_start_exec    ble id=0x200031DC
[t=28,270,658us] task_stop_exec     ble id=0x200031DC
[t=28,270,662us] task_start_exec    id=0x20016A38
[t=28,270,665us] idle
[t=28,273,637us] task_stop_exec     id=0x20016A38
[t=28,273,640us] task_start_exec    ppg id=0x20002A60
[t=28,275,025us] task_stop_exec     ppg id=0x20002A60
[t=28,275,028us] task_start_exec    id=0x20016A38
[t=28,275,031us] idle
[t=28,275,558us] task_stop_exec     id=0x20016A38
[t=28,275,562us] task_start_exec    ppg id=0x20002A60
[t=28,275,582us] task_stop_exec     ppg id=0x20002A60
[t=28,275,585us] task_start_exec    id=0x20016A38
[t=28,275,588us] idle
[t=28,275,637us] task_stop_exec     id=0x20016A38
[t=28,275,640us] task_start_exec    ble id=0x200031DC
[t=28,275,658us] task_stop_exec     ble id=0x200031DC
[t=28,275,661us] task_start_exec    id=0x20016A38
[t=28,275,664us] idle
[t=28,280,637us] task_stop_exec     id=0x20016A38
[t=28,280,640us] task_start_exec    ble id=0x200031DC
[t=28,280,659us] task_stop_exec     ble id=0x200031DC
[t=28,280,662us] task_start_exec    id=0x20016A38
[t=28,280,665us] idle
[t=28,283,637us] task_stop_exec     id=0x20016A38
[t=28,283,640us] task_start_exec    key id=0x20006160
[t=28,283,654us] task_stop_exec     key id=0x20006160
[t=28,283,657us] task_start_exec    id=0x20016A38
[t=28,283,660us] idle
[t=28,284,637us] task_stop_exec     id=0x20016A38
[t=28,284,640us] task_start_exec    ppg id=0x20002A60
[t=28,285,637us] task_stop_exec     ppg id=0x20002A60
[t=28,285,640us] task_start_exec    ble id=0x200031DC
[t=28,285,658us] task_stop_exec     ble id=0x200031DC
[t=28,285,661us] task_start_exec    ppg id=0x20002A60
[t=28,286,024us] task_stop_exec     ppg id=0x20002A60
[t=28,286,027us] task_start_exec    id=0x20016A38
[t=28,286,030us] idle
[t=28,286,558us] task_stop_exec     id=0x20016A38
[t=28,286,561us] task_start_exec    ppg id=0x20002A60
[t=28,286,581us] task_stop_exec     ppg id=0x20002A60
[t=28,286,584us] task_start_exec    id=0x20016A38
[t=28,286,587us] idle
[t=28,290,637us] task_stop_exec     id=0x20016A38
[t=28,290,640us] task_start_exec    ble id=0x200031DC
[t=28,290,658us] task_stop_exec     ble id=0x200031DC
[t=28,290,662us] task_start_exec    id=0x20016A38
[t=28,290,665us] idle
[t=28,295,637us] task_stop_exec     id=0x20016A38
[t=28,295,640us] task_start_exec    ppg id=0x20002A60
[t=28,295,648us] task_stop_exec     ppg id=0x20002A60
[t=28,295,650us] task_start_exec    ble id=0x200031DC
[t=28,295,668us] task_stop_exec     ble id=0x200031DC
[t=28,295,671us] task_start_exec    ppg id=0x20002A60
[t=28,297,054us] task_stop_exec     ppg id=0x20002A60
[t=28,297,057us] task_start_exec    id=0x20016A38
[t=28,297,060us] idle
[t=28,297,588us] task_stop_exec     id=0x20016A38
[t=28,297,591us] task_start_exec    ppg id=0x20002A60
[t=28,297,611us] task_stop_exec     ppg id=0x20002A60
[t=28,297,614us] task_start_exec    id=0x20016A38
[t=28,297,617us] idle
[t=28,300,637us] task_stop_exec     id=0x20016A38
[t=28,300,640us] task_start_exec    ble id=0x200031DC
[t=28,300,659us] task_stop_exec     ble id=0x200031DC
[t=28,300,662us] task_start_exec    id=0x20016A38
[t=28,300,665us] idle
[t=28,303,637us] task_stop_exec     id=0x20016A38
[t=28,303,640us] task_start_exec    key id=0x20006160
[t=28,303,654us] task_stop_exec     key id=0x20006160
[t=28,303,657us] task_start_exec    id=0x20016A38
[t=28,303,660us] idle
[t=28,305,637us] task_stop_exec     id=0x20016A38
[t=28,305,640us] task_start_exec    ble id=0x200031DC
[t=28,305,659us] task_stop_exec     ble id=0x200031DC
[t=28,305,662us] task_start_exec    id=0x20016A38
[t=28,305,665us] idle
[t=28,306,637us] task_stop_exec     id=0x20016A38
[t=28,306,640us] task_start_exec    ppg id=0x20002A60
[t=28,307,724us] task_stop_exec     ppg id=0x20002A60
[t=28,307,727us] task_start_exec    id=0x20016A38
[t=28,307,730us] idle
[t=28,310,637us] task_stop_exec     id=0x20016A38
[t=28,310,640us] task_start_exec    ble id=0x200031DC
[t=28,310,658us] task_stop_exec     ble id=0x200031DC
[t=28,310,661us] task_start_exec    id=0x20016A38
[t=28,310,664us] idle
[t=28,315,637us] task_stop_exec     id=0x20016A38
[t=28,315,640us] task_start_exec    ble id=0x200031DC
[t=28,315,658us] task_stop_exec     ble id=0x200031DC
[t=28,315,662us] task_start_exec    id=0x20016A38
[t=28,315,664us] idle
[t=28,317,637us] task_stop_exec     id=0x20016A38
[t=28,317,640us] task_start_exec    ppg id=0x20002A60
[t=28,319,024us] task_stop_exec     ppg id=0x20002A60
[t=28,319,028us] task_start_exec    id=0x20016A38
[t=28,319,031us] idle
[t=28,319,558us] task_stop_exec     id=0x20016A38
[t=28,319,561us] task_start_exec    ppg id=0x20002A60
[t=28,319,582us] task_stop_exec     ppg id=0x20002A60
[t=28,319,585us] task_start_exec    id=0x20016A38
[t=28,319,588us] idle
[t=28,320,637us] task_stop_exec     id=0x20016A38
[t=28,320,640us] task_start_exec    ble id=0x200031DC
[t=28,320,659us] task_stop_exec     ble id=0x200031DC
[t=28,320,662us] task_start_exec    id=0x20016A38
[t=28,320,665us] idle
[t=28,323,637us] task_stop_exec     id=0x20016A38
[t=28,323,640us] task_start_exec    key id=0x20006160
[t=28,323,654us] task_stop_exec     key id=0x20006160
[t=28,323,657us] task_start_exec    id=0x20016A38
[t=28,323,660us] idle
[t=28,325,637us] task_stop_exec     id=0x20016A38
[t=28,325,640us] task_start_exec    ble id=0x200031DC
[t=28,325,659us] task_stop_exec     ble id=0x200031DC
[t=28,325,662us] task_start_exec    id=0x20016A38
[t=28,325,665us] idle
[t=28,328,637us] task_stop_exec     id=0x20016A38
[t=28,328,640us] task_start_exec    ppg id=0x20002A60
[t=28,330,024us] task_stop_exec     ppg id=0x20002A60
[t=28,330,027us] task_start_exec    id=0x20016A38
[t=28,330,030us] idle
[t=28,330,558us] task_stop_exec     id=0x20016A38
[t=28,330,561us] task_start_exec    ppg id=0x20002A60
[t=28,330,581us] task_stop_exec     ppg id=0x20002A60
[t=28,330,584us] task_start_exec    id=0x20016A38
[t=28,330,587us] idle
[t=28,330,637us] task_stop_exec     id=0x20016A38
[t=28,330,640us] task_start_exec    ble id=0x200031DC
[t=28,330,658us] task_stop_exec     ble id=0x200031DC
[t=28,330,661us] task_start_exec    id=0x20016A38
[t=28,330,664us] idle
[t=28,335,637us] task_stop_exec     id=0x20016A38
[t=28,335,640us] task_start_exec    ble id=0x200031DC
[t=28,335,658us] task_stop_exec     ble id=0x200031DC
[t=28,335,662us] task_start_exec    id=0x20016A38
[t=28,335,664us] idle
[t=28,339,637us] task_stop_exec     id=0x20016A38
[t=28,339,640us] task_start_exec    ppg id=0x20002A60
[t=28,340,637us] task_stop_exec     ppg id=0x20002A60
[t=28,340,640us] task_start_exec    ble id=0x200031DC
[t=28,340,658us] task_stop_exec     ble id=0x200031DC
[t=28,340,661us] task_start_exec    ppg id=0x20002A60
[t=28,341,024us] task_stop_exec     ppg id=0x20002A60
[t=28,341,027us] task_start_exec    id=0x20016A38
[t=28,341,030us] idle
[t=28,341,558us] task_stop_exec     id=0x20016A38
[t=28,341,561us] task_start_exec    ppg id=0x20002A60
[t=28,341,581us] task_stop_exec     ppg id=0x20002A60
[t=28,341,584us] task_start_exec    id=0x20016A38
[t=28,341,587us] idle
[t=28,343,637us] task_stop_exec     id=0x20016A38
[t=28,343,640us] task_start_exec    key id=0x20006160
[t=28,343,654us] task_stop_exec     key id=0x20006160
[t=28,343,657us] task_start_exec    id=0x20016A38
[t=28,343,660us] idle
[t=28,345,637us] task_stop_exec     id=0x20016A38
[t=28,345,640us] task_start_exec    ble id=0x200031DC
[t=28,345,658us] task_stop_exec     ble id=0x200031DC
[t=28,345,662us] task_start_exec    id=0x20016A38
[t=28,345,665us] idle
[t=28,350,637us] task_stop_exec     id=0x20016A38
[t=28,350,640us] task_start_exec    ppg id=0x20002A60
[t=28,350,648us] task_stop_exec     ppg id=0x20002A60
[t=28,350,650us] task_start_exec    ble id=0x200031DC
[t=28,350,668us] task_stop_exec     ble id=0x200031DC
[t=28,350,671us] task_start_exec    ppg id=0x20002A60
[t=28,352,054us] task_stop_exec     ppg id=0x20002A60
[t=28,352,057us] task_start_exec    id=0x20016A38
[t=28,352,060us] idle
[t=28,352,588us] task_stop_exec     id=0x20016A38
[t=28,352,591us] task_start_exec    ppg id=0x20002A60
[t=28,352,611us] task_stop_exec     ppg id=0x20002A60
[t=28,352,614us] task_start_exec    id=0x20016A38
[t=28,352,617us] idle
[t=28,355,637us] task_stop_exec     id=0x20016A38
[t=28,355,640us] task_start_exec    ble id=0x200031DC
[t=28,355,658us] task_stop_exec     ble id=0x200031DC
[t=28,355,661us] task_start_exec    id=0x20016A38
[t=28,355,664us] idle
[t=28,360,637us] task_stop_exec     id=0x20016A38
[t=28,360,640us] task_start_exec    ble id=0x200031DC
[t=28,360,659us] task_stop_exec     ble id=0x200031DC
[t=28,360,662us] task_start_exec    id=0x20016A38
[t=28,360,665us] idle
[t=28,361,637us] task_stop_exec     id=0x20016A38
[t=28,361,640us] task_start_exec    ppg id=0x20002A60
[t=28,363,024us] task_stop_exec     ppg id=0x20002A60
[t=28,363,027us] task_start_exec    id=0x20016A38
[t=28,363,030us] idle
[t=28,363,558us] task_stop_exec     id=0x20016A38
[t=28,363,561us] task_start_exec    ppg id=0x20002A60
[t=28,363,581us] task_stop_exec     ppg id=0x20002A60
[t=28,363,584us] task_start_exec    id=0x20016A38
[t=28,363,587us] idle
[t=28,363,637us] task_stop_exec     id=0x20016A38
[t=28,363,640us] task_start_exec    key id=0x20006160
[t=28,363,654us] task_stop_exec     key id=0x20006160
[t=28,363,657us] task_start_exec    id=0x20016A38
[t=28,363,660us] idle
[t=28,365,637us] task_stop_exec     id=0x20016A38
[t=28,365,640us] task_start_exec    ble id=0x200031DC
[t=28,365,658us] task_stop_exec     ble id=0x200031DC
[t=28,365,661us] task_start_exec    id=0x20016A38
[t=28,365,664us] idle
[t=28,370,637us] task_stop_exec     id=0x20016A38
[t=28,370,640us] task_start_exec    ble id=0x200031DC
[t=28,370,658us] task_stop_exec     ble id=0x200031DC
[t=28,370,662us] task_start_exec    id=0x20016A38
[t=28,370,665us] idle
[t=28,372,637us] task_stop_exec     id=0x20016A38
[t=28,372,640us] task_start_exec    ppg id=0x20002A60
[t=28,373,724us] task_stop_exec     ppg id=0x20002A60
[t=28,373,727us] task_start_exec    id=0x20016A38
[t=28,373,730us] idle
[t=28,375,637us] task_stop_exec     id=0x20016A38
[t=28,375,640us] task_start_exec    ble id=0x200031DC
[t=28,375,658us] task_stop_exec     ble id=0x200031DC
[t=28,375,661us] task_start_exec    id=0x20016A38
[t=28,375,664us] idle
[t=28,380,637us] task_stop_exec     id=0x20016A38
[t=28,380,640us] task_start_exec    ble id=0x200031DC
[t=28,380,659us] task_stop_exec     ble id=0x200031DC
[t=28,380,662us] task_start_exec    id=0x20016A38
[t=28,380,665us] idle
[t=28,383,637us] task_stop_exec     id=0x20016A38
[t=28,383,640us] task_start_exec    key id=0x20006160
[t=28,383,648us] task_stop_exec     key id=0x20006160
[t=28,383,650us] task_start_exec    ppg id=0x20002A60
[t=28,385,034us] task_stop_exec     ppg id=0x20002A60
[t=28,385,037us] task_start_exec    key id=0x20006160
[t=28,385,050us] task_stop_exec     key id=0x20006160
[t=28,385,053us] task_start_exec    id=0x20016A38
[t=28,385,056us] idle
[t=28,385,569us] task_stop_exec     id=0x20016A38
[t=28,385,572us] task_start_exec    ppg id=0x20002A60
[t=28,385,592us] task_stop_exec     ppg id=0x20002A60
[t=28,385,595us] task_start_exec    id=0x20016A38
[t=28,385,598us] idle
[t=28,385,637us] task_stop_exec     id=0x20016A38
[t=28,385,640us] task_start_exec    ble id=0x200031DC
[t=28,385,658us] task_stop_exec     ble id=0x200031DC
[t=28,385,661us] task_start_exec    id=0x20016A38
[t=28,385,664us] idle
[t=28,390,637us] task_stop_exec     id=0x20016A38
[t=28,390,640us] task_start_exec    ble id=0x200031DC
[t=28,390,658us] task_stop_exec     ble id=0x200031DC
[t=28,390,662us] task_start_exec    id=0x20016A38
[t=28,390,665us] idle
[t=28,394,637us] task_stop_exec     id=0x20016A38
[t=28,394,640us] task_start_exec    ppg id=0x20002A60
[t=28,395,637us] task_stop_exec     ppg id=0x20002A60
[t=28,395,640us] task_start_exec    ble id=0x200031DC
[t=28,395,658us] task_stop_exec     ble id=0x200031DC
[t=28,395,661us] task_start_exec    ppg id=0x20002A60
[t=28,396,024us] task_stop_exec     ppg id=0x20002A60
[t=28,396,027us] task_start_exec    id=0x20016A38
[t=28,396,030us] idle
[t=28,396,558us] task_stop_exec     id=0x20016A38
[t=28,396,561us] task_start_exec    ppg id=0x20002A60
[t=28,396,581us] task_stop_exec     ppg id=0x20002A60
[t=28,396,584us] task_start_exec    id=0x20016A38
[t=28,396,587us] idle
[t=28,400,637us] task_stop_exec     id=0x20016A38
[t=28,400,640us] task_start_exec    ble id=0x200031DC
[t=28,400,659us] task_stop_exec     ble id=0x200031DC
[t=28,400,662us] task_start_exec    id=0x20016A38
[t=28,400,665us] idle
[t=28,404,637us] task_stop_exec     id=0x20016A38
[t=28,404,640us] task_start_exec    key id=0x20006160
[t=28,404,654us] task_stop_exec     key id=0x20006160
[t=28,404,657us] task_start_exec    id=0x20016A38
[t=28,404,660us] idle
[t=28,405,637us] task_stop_exec     id=0x20016A38
[t=28,405,640us] task_start_exec    ppg id=0x20002A60
[t=28,405,648us] task_stop_exec     ppg id=0x20002A60
[t=28,405,650us] task_start_exec    ble id=0x200031DC
[t=28,405,668us] task_stop_exec     ble id=0x200031DC
[t=28,405,671us] task_start_exec    ppg id=0x20002A60
[t=28,407,054us] task_stop_exec     ppg id=0x20002A60
[t=28,407,057us] task_start_exec    id=0x20016A38
[t=28,407,060us] idle
[t=28,407,588us] task_stop_exec     id=0x20016A38
[t=28,407,591us] task_start_exec    ppg id=0x20002A60
[t=28,407,611us] task_stop_exec     ppg id=0x20002A60
[t=28,407,614us] task_start_exec    id=0x20016A38
[t=28,407,617us] idle
[t=28,410,637us] task_stop_exec     id=0x20016A38
[t=28,410,640us] task_start_exec    ble id=0x200031DC
[t=28,410,658us] task_stop_exec     ble id=0x200031DC
[t=28,410,661us] task_start_exec    id=0x20016A38
[t=28,410,664us] idle
[t=28,415,637us] task_stop_exec     id=0x20016A38
[t=28,415,640us] task_start_exec    ble id=0x200031DC
[t=28,415,658us] task_stop_exec     ble id=0x200031DC
[t=28,415,661us] task_start_exec    id=0x20016A38
[t=28,415,664us] idle
[t=28,416,637us] task_stop_exec     id=0x20016A38
[t=28,416,640us] task_start_exec    ppg id=0x20002A60
[t=28,418,024us] task_stop_exec     ppg id=0x20002A60
[t=28,418,027us] task_start_exec    id=0x20016A38
[t=28,418,030us] idle
[t=28,418,558us] task_stop_exec     id=0x20016A38
[t=28,418,561us] task_start_exec    ppg id=0x20002A60
[t=28,418,581us] task_stop_exec     ppg id=0x20002A60
[t=28,418,584us] task_start_exec    id=0x20016A38
[t=28,418,587us] idle
[t=28,420,637us] task_stop_exec     id=0x20016A38
[t=28,420,640us] task_start_exec    ble id=0x200031DC
[t=28,420,659us] task_stop_exec     ble id=0x200031DC
[t=28,420,662us] task_start_exec    id=0x20016A38
[t=28,420,665us] idle
[t=28,424,637us] task_stop_exec     id=0x20016A38
[t=28,424,640us] task_start_exec    key id=0x20006160
[t=28,424,654us] task_stop_exec     key id=0x20006160
[t=28,424,657us] task_start_exec    id=0x20016A38
[t=28,424,660us] idle
[t=28,425,637us] task_stop_exec     id=0x20016A38
[t=28,425,640us] task_start_exec    ble id=0x200031DC
[t=28,425,659us] task_stop_exec     ble id=0x200031DC
[t=28,425,662us] task_start_exec    id=0x20016A38
[t=28,425,665us] idle
[t=28,427,637us] task_stop_exec     id=0x20016A38
[t=28,427,640us] task_start_exec    ppg id=0x20002A60
[t=28,428,723us] task_stop_exec     ppg id=0x20002A60
[t=28,428,727us] task_start_exec    id=0x20016A38
[t=28,428,730us] idle
[t=28,430,637us] task_stop_exec     id=0x20016A38
[t=28,430,640us] task_start_exec    ble id=0x200031DC
[t=28,430,658us] task_stop_exec     ble id=0x200031DC
[t=28,430,661us] task_start_exec    id=0x20016A38
[t=28,430,664us] idle
[t=28,435,637us] task_stop_exec     id=0x20016A38
[t=28,435,640us] task_start_exec    ble id=0x200031DC
[t=28,435,658us] task_stop_exec     ble id=0x200031DC
[t=28,435,662us] task_start_exec    id=0x20016A38
[t=28,435,665us] idle
[t=28,438,637us] task_stop_exec     id=0x20016A38
[t=28,438,640us] task_start_exec    ppg id=0x20002A60
[t=28,440,024us] task_stop_exec     ppg id=0x20002A60
[t=28,440,028us] task_start_exec    id=0x20016A38
[t=28,440,031us] idle
[t=28,440,637us] task_stop_exec     id=0x20016A38
[t=28,440,640us] task_start_exec    ble id=0x200031DC
[t=28,440,658us] task_stop_exec     ble id=0x200031DC
[t=28,440,662us] task_start_exec    id=0x20016A38
[t=28,440,665us] idle
[t=28,440,828us] task_stop_exec     id=0x20016A38
[t=28,440,831us] task_start_exec    ppg id=0x20002A60
[t=28,440,852us] task_stop_exec     ppg id=0x20002A60
[t=28,440,855us] task_start_exec    id=0x20016A38
[t=28,440,858us] idle
[t=28,444,637us] task_stop_exec     id=0x20016A38
[t=28,444,640us] task_start_exec    key id=0x20006160
[t=28,444,654us] task_stop_exec     key id=0x20006160
[t=28,444,657us] task_start_exec    id=0x20016A38
[t=28,444,660us] idle
[t=28,445,637us] task_stop_exec     id=0x20016A38
[t=28,445,640us] task_start_exec    ble id=0x200031DC
[t=28,445,659us] task_stop_exec     ble id=0x200031DC
[t=28,445,662us] task_start_exec    id=0x20016A38
[t=28,445,665us] idle
[t=28,450,637us] task_stop_exec     id=0x20016A38
[t=28,450,640us] task_start_exec    ppg id=0x20002A60
[t=28,450,648us] task_stop_exec     ppg id=0x20002A60
[t=28,450,650us] task_start_exec    ble id=0x200031DC
[t=28,450,668us] task_stop_exec     ble id=0x200031DC
[t=28,450,671us] task_start_exec    ppg id=0x20002A60
[t=28,451,753us] task_stop_exec     ppg id=0x20002A60
[t=28,451,757us] task_start_exec    id=0x20016A38
[t=28,451,760us] idle
[t=28,455,637us] task_stop_exec     id=0x20016A38
[t=28,455,640us] task_start_exec    ble id=0x200031DC
[t=28,455,658us] task_stop_exec     ble id=0x200031DC
[t=28,455,661us] task_start_exec    id=0x20016A38
[t=28,455,664us] idle
[t=28,460,637us] task_stop_exec     id=0x20016A38
[t=28,460,640us] task_start_exec    ble id=0x200031DC
[t=28,460,659us] task_stop_exec     ble id=0x200031DC
[t=28,460,662us] task_start_exec    id=0x20016A38
[t=28,460,665us] idle
[t=28,461,637us] task_stop_exec     id=0x20016A38
[t=28,461,640us] task_start_exec    ppg id=0x20002A60
[t=28,463,024us] task_stop_exec     ppg id=0x20002A60
[t=28,463,028us] task_start_exec    id=0x20016A38
[t=28,463,031us] idle
[t=28,463,828us] task_stop_exec     id=0x20016A38
[t=28,463,831us] task_start_exec    ppg id=0x20002A60
[t=28,463,854us] task_stop_exec     ppg id=0x20002A60
[t=28,463,858us] task_start_exec    id=0x20016A38
[t=28,463,860us] idle
[t=28,464,637us] task_stop_exec     id=0x20016A38
[t=28,464,640us] task_start_exec    key id=0x20006160
[t=28,464,654us] task_stop_exec     key id=0x20006160
[t=28,464,657us] task_start_exec    id=0x20016A38
[t=28,464,660us] idle
[t=28,465,637us] task_stop_exec     id=0x20016A38
[t=28,465,640us] task_start_exec    ble id=0x200031DC
[t=28,465,658us] task_stop_exec     ble id=0x200031DC
[t=28,465,661us] task_start_exec    id=0x20016A38
[t=28,465,664us] idle
[t=28,470,637us] task_stop_exec     id=0x20016A38
[t=28,470,640us] task_start_exec    ble id=0x200031DC
[t=28,470,658us] task_stop_exec     ble id=0x200031DC
[t=28,470,662us] task_start_exec    id=0x20016A38
[t=28,470,665us] idle
[t=28,473,637us] task_stop_exec     id=0x20016A38
[t=28,473,640us] task_start_exec    ppg id=0x20002A60
[t=28,475,024us] task_stop_exec     ppg id=0x20002A60
[t=28,475,027us] task_start_exec    id=0x20016A38
[t=28,475,030us] idle
[t=28,475,558us] task_stop_exec     id=0x20016A38
[t=28,475,561us] task_start_exec    ppg id=0x20002A60
[t=28,475,581us] task_stop_exec     ppg id=0x20002A60
[t=28,475,584us] task_start_exec    id=0x20016A38
[t=28,475,587us] idle
[t=28,475,637us] task_stop_exec     id=0x20016A38
[t=28,475,640us] task_start_exec    ble id=0x200031DC
[t=28,475,658us] task_stop_exec     ble id=0x200031DC
[t=28,475,661us] task_start_exec    id=0x20016A38
[t=28,475,664us] idle
[t=28,480,637us] task_stop_exec     id=0x20016A38
[t=28,480,640us] task_start_exec    ble id=0x200031DC
[t=28,480,659us] task_stop_exec     ble id=0x200031DC
[t=28,480,662us] task_start_exec    id=0x20016A38
[t=28,480,665us] idle
[t=28,484,637us] task_stop_exec     id=0x20016A38
[t=28,484,640us] task_start_exec    key id=0x20006160
[t=28,484,648us] task_stop_exec     key id=0x20006160
[t=28,484,650us] task_start_exec    ppg id=0x20002A60
[t=28,485,637us] task_stop_exec     ppg id=0x20002A60
[t=28,485,640us] task_start_exec    ble id=0x200031DC
[t=28,485,658us] task_stop_exec     ble id=0x200031DC
[t=28,485,661us] task_start_exec    ppg id=0x20002A60
[t=28,486,034us] task_stop_exec     ppg id=0x20002A60
[t=28,486,037us] task_start_exec    key id=0x20006160
[t=28,486,050us] task_stop_exec     key id=0x20006160
[t=28,486,053us] task_start_exec    id=0x20016A38
[t=28,486,056us] idle
[t=28,486,569us] task_stop_exec     id=0x20016A38
[t=28,486,572us] task_start_exec    ppg id=0x20002A60
[t=28,486,592us] task_stop_exec     ppg id=0x20002A60
[t=28,486,595us] task_start_exec    id=0x20016A38
[t=28,486,598us] idle
[t=28,490,637us] task_stop_exec     id=0x20016A38
[t=28,490,640us] task_start_exec    ble id=0x200031DC
[t=28,490,659us] task_stop_exec     ble id=0x200031DC
[t=28,490,662us] task_start_exec    id=0x20016A38
[t=28,490,665us] idle
[t=28,495,637us] task_stop_exec     id=0x20016A38
[t=28,495,640us] task_start_exec    ppg id=0x20002A60
[t=28,495,648us] task_stop_exec     ppg id=0x20002A60
[t=28,495,650us] task_start_exec    ble id=0x200031DC
[t=28,495,668us] task_stop_exec     ble id=0x200031DC
[t=28,495,671us] task_start_exec    ppg id=0x20002A60
[t=28,497,054us] task_stop_exec     ppg id=0x20002A60
[t=28,497,057us] task_start_exec    id=0x20016A38
[t=28,497,060us] idle
[t=28,497,587us] task_stop_exec     id=0x20016A38
[t=28,497,590us] task_start_exec    ppg id=0x20002A60
[t=28,497,611us] task_stop_exec     ppg id=0x20002A60
[t=28,497,614us] task_start_exec    id=0x20016A38
[t=28,497,617us] idle
[t=28,500,637us] task_stop_exec     id=0x20016A38
[t=28,500,640us] task_start_exec    ble id=0x200031DC
[t=28,500,658us] task_stop_exec     ble id=0x200031DC
[t=28,500,662us] task_start_exec    id=0x20016A38
[t=28,500,665us] idle
[t=28,505,637us] task_stop_exec     id=0x20016A38
[t=28,505,640us] task_start_exec    key id=0x20006160
[t=28,505,648us] task_stop_exec     key id=0x20006160
[t=28,505,650us] task_start_exec    ble id=0x200031DC
[t=28,505,668us] task_stop_exec     ble id=0x200031DC
[t=28,505,671us] task_start_exec    key id=0x20006160
[t=28,505,684us] task_stop_exec     key id=0x20006160
[t=28,505,687us] task_start_exec    id=0x20016A38
[t=28,505,690us] idle
[t=28,506,637us] task_stop_exec     id=0x20016A38
[t=28,506,640us] task_start_exec    ppg id=0x20002A60
[t=28,507,723us] task_stop_exec     ppg id=0x20002A60
[t=28,507,726us] task_start_exec    id=0x20016A38
[t=28,507,729us] idle
[t=28,510,637us] task_stop_exec     id=0x20016A38
[t=28,510,640us] task_start_exec    ble id=0x200031DC
[t=28,510,658us] task_stop_exec     ble id=0x200031DC
[t=28,510,661us] task_start_exec    id=0x20016A38
[t=28,510,664us] idle
[t=28,515,637us] task_stop_exec     id=0x20016A38
[t=28,515,640us] task_start_exec    ble id=0x200031DC
[t=28,515,658us] task_stop_exec     ble id=0x200031DC
[t=28,515,662us] task_start_exec    id=0x20016A38
[t=28,515,665us] idle
[t=28,517,637us] task_stop_exec     id=0x20016A38
[t=28,517,640us] task_start_exec    ppg id=0x20002A60
[t=28,519,024us] task_stop_exec     ppg id=0x20002A60
[t=28,519,028us] task_start_exec    id=0x20016A38
[t=28,519,031us] idle
[t=28,519,558us] task_stop_exec     id=0x20016A38
[t=28,519,561us] task_start_exec    ppg id=0x20002A60
[t=28,519,582us] task_stop_exec     ppg id=0x20002A60
[t=28,519,585us] task_start_exec    id=0x20016A38
[t=28,519,588us] idle
[t=28,520,637us] task_stop_exec     id=0x20016A38
[t=28,520,640us] task_start_exec    ble id=0x200031DC
[t=28,520,658us] task_stop_exec     ble id=0x200031DC
[t=28,520,662us] task_start_exec    id=0x20016A38
[t=28,520,665us] idle
[t=28,525,637us] task_stop_exec     id=0x20016A38
[t=28,525,640us] task_start_exec    key id=0x20006160
[t=28,525,648us] task_stop_exec     key id=0x20006160
[t=28,525,650us] task_start_exec    ble id=0x200031DC
[t=28,525,668us] task_stop_exec     ble id=0x200031DC
[t=28,525,671us] task_start_exec    key id=0x20006160
[t=28,525,684us] task_stop_exec     key id=0x20006160
[t=28,525,687us] task_start_exec    id=0x20016A38
[t=28,525,690us] idle
[t=28,528,637us] task_stop_exec     id=0x20016A38
[t=28,528,640us] task_start_exec    ppg id=0x20002A60
[t=28,530,024us] task_stop_exec     ppg id=0x20002A60
[t=28,530,027us] task_start_exec    id=0x20016A38
[t=28,530,030us] idle
[t=28,530,558us] task_stop_exec     id=0x20016A38
[t=28,530,561us] task_start_exec    ppg id=0x20002A60
[t=28,530,581us] task_stop_exec     ppg id=0x20002A60
[t=28,530,584us] task_start_exec    id=0x20016A38
[t=28,530,587us] idle
[t=28,530,637us] task_stop_exec     id=0x20016A38
[t=28,530,640us] task_start_exec    ble id=0x200031DC
[t=28,530,658us] task_stop_exec     ble id=0x200031DC
[t=28,530,661us] task_start_exec    id=0x20016A38
[t=28,530,664us] idle
[t=28,535,637us] task_stop_exec     id=0x20016A38
[t=28,535,640us] task_start_exec    ble id=0x200031DC
[t=28,535,658us] task_stop_exec     ble id=0x200031DC
[t=28,535,662us] task_start_exec    id=0x20016A38
[t=28,535,665us] idle
[t=28,539,637us] task_stop_exec     id=0x20016A38
[t=28,539,640us] task_start_exec    ppg id=0x20002A60
[t=28,540,637us] task_stop_exec     ppg id=0x20002A60
[t=28,540,640us] task_start_exec    ble id=0x200031DC
[t=28,540,658us] task_stop_exec     ble id=0x200031DC
[t=28,540,661us] task_start_exec    ppg id=0x20002A60
[t=28,541,024us] task_stop_exec     ppg id=0x20002A60
[t=28,541,027us] task_start_exec    id=0x20016A38
[t=28,541,030us] idle
[t=28,541,558us] task_stop_exec     id=0x20016A38
[t=28,541,561us] task_start_exec    ppg id=0x20002A60
[t=28,541,581us] task_stop_exec     ppg id=0x20002A60
[t=28,541,584us] task_start_exec    id=0x20016A38
[t=28,541,587us] idle
[t=28,545,637us] task_stop_exec     id=0x20016A38
[t=28,545,640us] task_start_exec    key id=0x20006160
[t=28,545,648us] task_stop_exec     key id=0x20006160
[t=28,545,650us] task_start_exec    ble id=0x200031DC
[t=28,545,668us] task_stop_exec     ble id=0x200031DC
[t=28,545,671us] task_start_exec    key id=0x20006160
[t=28,545,684us] task_stop_exec     key id=0x20006160
[t=28,545,687us] task_start_exec    id=0x20016A38
[t=28,545,690us] idle
[t=28,550,637us] task_stop_exec     id=0x20016A38
[t=28,550,640us] task_start_exec    ppg id=0x20002A60
[t=28,550,648us] task_stop_exec     ppg id=0x20002A60
[t=28,550,650us] task_start_exec    ble id=0x200031DC
[t=28,550,668us] task_stop_exec     ble id=0x200031DC
[t=28,550,671us] task_start_exec    ppg id=0x20002A60
[t=28,552,054us] task_stop_exec     ppg id=0x20002A60
[t=28,552,058us] task_start_exec    id=0x20016A38
[t=28,552,061us] idle
[t=28,552,588us] task_stop_exec     id=0x20016A38
[t=28,552,591us] task_start_exec    ppg id=0x20002A60
[t=28,552,612us] task_stop_exec     ppg id=0x20002A60
[t=28,552,615us] task_start_exec    id=0x20016A38
[t=28,552,618us] idle
[t=28,555,637us] task_stop_exec     id=0x20016A38
[t=28,555,640us] task_start_exec    ble id=0x200031DC
[t=28,555,658us] task_stop_exec     ble id=0x200031DC
[t=28,555,661us] task_start_exec    id=0x20016A38
[t=28,555,664us] idle
[t=28,560,637us] task_stop_exec     id=0x20016A38
[t=28,560,640us] task_start_exec    ble id=0x200031DC
[t=28,560,658us] task_stop_exec     ble id=0x200031DC
[t=28,560,662us] task_start_exec    id=0x20016A38
[t=28,560,665us] idle
[t=28,561,637us] task_stop_exec     id=0x20016A38
[t=28,561,640us] task_start_exec    ppg id=0x20002A60
[t=28,563,024us] task_stop_exec     ppg id=0x20002A60
[t=28,563,027us] task_start_exec    id=0x20016A38
[t=28,563,030us] idle
[t=28,563,558us] task_stop_exec     id=0x20016A38
[t=28,563,561us] task_start_exec    ppg id=0x20002A60
[t=28,563,581us] task_stop_exec     ppg id=0x20002A60
[t=28,563,584us] task_start_exec    id=0x20016A38
[t=28,563,587us] idle
[t=28,565,637us] task_stop_exec     id=0x20016A38
[t=28,565,640us] task_start_exec    key id=0x20006160
[t=28,565,648us] task_stop_exec     key id=0x20006160
[t=28,565,650us] task_start_exec    ble id=0x200031DC
[t=28,565,668us] task_stop_exec     ble id=0x200031DC
[t=28,565,671us] task_start_exec    key id=0x20006160
[t=28,565,684us] task_stop_exec     key id=0x20006160
[t=28,565,687us] task_start_exec    id=0x20016A38
[t=28,565,690us] idle
[t=28,570,637us] task_stop_exec     id=0x20016A38
[t=28,570,640us] task_start_exec    ble id=0x200031DC
[t=28,570,659us] task_stop_exec     ble id=0x200031DC
[t=28,570,662us] task_start_exec    id=0x20016A38
[t=28,570,665us] idle
[t=28,572,637us] task_stop_exec     id=0x20016A38
[t=28,572,640us] task_start_exec    ppg id=0x20002A60
[t=28,573,723us] task_stop_exec     ppg id=0x20002A60
[t=28,573,726us] task_start_exec    id=0x20016A38
[t=28,573,730us] idle
[t=28,575,637us] task_stop_exec     id=0x20016A38
[t=28,575,640us] task_start_exec    ble id=0x200031DC
[t=28,575,658us] task_stop_exec     ble id=0x200031DC
[t=28,575,661us] task_start_exec    id=0x20016A38
[t=28,575,664us] idle
[t=28,580,637us] task_stop_exec     id=0x20016A38
[t=28,580,640us] task_start_exec    ble id=0x200031DC
[t=28,580,658us] task_stop_exec     ble id=0x200031DC
[t=28,580,662us] task_start_exec    id=0x20016A38
[t=28,580,665us] idle
[t=28,583,637us] task_stop_exec     id=0x20016A38
[t=28,583,640us] task_start_exec    ppg id=0x20002A60
[t=28,585,025us] task_stop_exec     ppg id=0x20002A60
[t=28,585,028us] task_start_exec    id=0x20016A38
[t=28,585,031us] idle
[t=28,585,558us] task_stop_exec     id=0x20016A38
[t=28,585,561us] task_start_exec    ppg id=0x20002A60
[t=28,585,582us] task_stop_exec     ppg id=0x20002A60
[t=28,585,585us] task_start_exec    id=0x20016A38
[t=28,585,588us] idle
[t=28,585,637us] task_stop_exec     id=0x20016A38
[t=28,585,640us] task_start_exec    key id=0x20006160
[t=28,585,647us] task_stop_exec     key id=0x20006160
[t=28,585,650us] task_start_exec    ble id=0x200031DC
[t=28,585,668us] task_stop_exec     ble id=0x200031DC
[t=28,585,671us] task_start_exec    key id=0x20006160
[t=28,585,684us] task_stop_exec     key id=0x20006160
[t=28,585,687us] task_start_exec    id=0x20016A38
[t=28,585,690us] idle
[t=28,590,637us] task_stop_exec     id=0x20016A38
[t=28,590,640us] task_start_exec    ble id=0x200031DC
[t=28,590,659us] task_stop_exec     ble id=0x200031DC
[t=28,590,662us] task_start_exec    id=0x20016A38
[t=28,590,665us] idle
[t=28,594,637us] task_stop_exec     id=0x20016A38
[t=28,594,640us] task_start_exec    ppg id=0x20002A60
[t=28,595,637us] task_stop_exec     ppg id=0x20002A60
[t=28,595,640us] task_start_exec    ble id=0x200031DC
[t=28,595,658us] task_stop_exec     ble id=0x200031DC
[t=28,595,661us] task_start_exec    ppg id=0x20002A60
[t=28,596,024us] task_stop_exec     ppg id=0x20002A60
[t=28,596,027us] task_start_exec    id=0x20016A38
[t=28,596,030us] idle
[t=28,596,558us] task_stop_exec     id=0x20016A38
[t=28,596,561us] task_start_exec    ppg id=0x20002A60
[t=28,596,581us] task_stop_exec     ppg id=0x20002A60
[t=28,596,584us] task_start_exec    id=0x20016A38
[t=28,596,587us] idle
[t=28,600,637us] task_stop_exec     id=0x20016A38
[t=28,600,640us] task_start_exec    ble id=0x200031DC
[t=28,600,658us] task_stop_exec     ble id=0x200031DC
[t=28,600,662us] task_start_exec    id=0x20016A38
[t=28,600,665us] idle
[t=28,605,637us] task_stop_exec     id=0x20016A38
[t=28,605,640us] task_start_exec    key id=0x20006160
[t=28,605,648us] task_stop_exec     key id=0x20006160
[t=28,605,650us] task_start_exec    ppg id=0x20002A60
[t=28,605,658us] task_stop_exec     ppg id=0x20002A60
[t=28,605,661us] task_start_exec    ble id=0x200031DC
[t=28,605,678us] task_stop_exec     ble id=0x200031DC
[t=28,605,681us] task_start_exec    ppg id=0x20002A60
[t=28,607,064us] task_stop_exec     ppg id=0x20002A60
[t=28,607,067us] task_start_exec    key id=0x20006160
[t=28,607,079us] task_stop_exec     key id=0x20006160
[t=28,607,082us] task_start_exec    id=0x20016A38
[t=28,607,085us] idle
[t=28,607,598us] task_stop_exec     id=0x20016A38
[t=28,607,601us] task_start_exec    ppg id=0x20002A60
[t=28,607,621us] task_stop_exec     ppg id=0x20002A60
[t=28,607,624us] task_start_exec    id=0x20016A38
[t=28,607,627us] idle
[t=28,610,637us] task_stop_exec     id=0x20016A38
[t=28,610,640us] task_start_exec    ble id=0x200031DC
[t=28,610,658us] task_stop_exec     ble id=0x200031DC
[t=28,610,661us] task_start_exec    id=0x20016A38
[t=28,610,664us] idle
[t=28,615,637us] task_stop_exec     id=0x20016A38
[t=28,615,640us] task_start_exec    ble id=0x200031DC
[t=28,615,658us] task_stop_exec     ble id=0x200031DC
[t=28,615,662us] task_start_exec    id=0x20016A38
[t=28,615,665us] idle
[t=28,616,637us] task_stop_exec     id=0x20016A38
[t=28,616,640us] task_start_exec    ppg id=0x20002A60
[t=28,618,024us] task_stop_exec     ppg id=0x20002A60
[t=28,618,027us] task_start_exec    id=0x20016A38
[t=28,618,030us] idle
[t=28,618,558us] task_stop_exec     id=0x20016A38
[t=28,618,561us] task_start_exec    ppg id=0x20002A60
[t=28,618,581us] task_stop_exec     ppg id=0x20002A60
[t=28,618,584us] task_start_exec    id=0x20016A38
[t=28,618,587us] idle
[t=28,620,637us] task_stop_exec     id=0x20016A38
[t=28,620,640us] task_start_exec    ble id=0x200031DC
[t=28,620,658us] task_stop_exec     ble id=0x200031DC
[t=28,620,661us] task_start_exec    id=0x20016A38
[t=28,620,664us] idle
[t=28,625,637us] task_stop_exec     id=0x20016A38
[t=28,625,640us] task_start_exec    ble id=0x200031DC
[t=28,625,659us] task_stop_exec     ble id=0x200031DC
[t=28,625,662us] task_start_exec    id=0x20016A38
[t=28,625,665us] idle
[t=28,626,637us] task_stop_exec     id=0x20016A38
[t=28,626,640us] task_start_exec    key id=0x20006160
[t=28,626,654us] task_stop_exec     key id=0x20006160
[t=28,626,657us] task_start_exec    id=0x20016A38
[t=28,626,660us] idle
[t=28,627,637us] task_stop_exec     id=0x20016A38
[t=28,627,640us] task_start_exec    ppg id=0x20002A60
[t=28,629,024us] task_stop_exec     ppg id=0x20002A60
[t=28,629,027us] task_start_exec    id=0x20016A38
[t=28,629,030us] idle
[t=28,629,558us] task_stop_exec     id=0x20016A38
[t=28,629,561us] task_start_exec    ppg id=0x20002A60
[t=28,629,581us] task_stop_exec     ppg id=0x20002A60
[t=28,629,584us] task_start_exec    id=0x20016A38
[t=28,629,587us] idle
[t=28,630,637us] task_stop_exec     id=0x20016A38
[t=28,630,640us] task_start_exec    ble id=0x200031DC
[t=28,630,658us] task_stop_exec     ble id=0x200031DC
[t=28,630,661us] task_start_exec    id=0x20016A38
[t=28,630,664us] idle
[t=28,635,637us] task_stop_exec     id=0x20016A38
[t=28,635,640us] task_start_exec    ble id=0x200031DC
[t=28,635,658us] task_stop_exec     ble id=0x200031DC
[t=28,635,662us] task_start_exec    id=0x20016A38
[t=28,635,665us] idle
[t=28,638,637us] task_stop_exec     id=0x20016A38
[t=28,638,640us] task_start_exec    ppg id=0x20002A60
[t=28,639,723us] task_stop_exec     ppg id=0x20002A60
[t=28,639,727us] task_start_exec    id=0x20016A38
[t=28,639,730us] idle
[t=28,640,637us] task_stop_exec     id=0x20016A38
[t=28,640,640us] task_start_exec    ble id=0x200031DC
[t=28,640,658us] task_stop_exec     ble id=0x200031DC
[t=28,640,661us] task_start_exec    id=0x20016A38
[t=28,640,664us] idle
[t=28,645,637us] task_stop_exec     id=0x20016A38
[t=28,645,640us] task_start_exec    ble id=0x200031DC
[t=28,645,659us] task_stop_exec     ble id=0x200031DC
[t=28,645,662us] task_start_exec    id=0x20016A38
[t=28,645,665us] idle
[t=28,646,637us] task_stop_exec     id=0x20016A38
[t=28,646,640us] task_start_exec    key id=0x20006160
[t=28,646,654us] task_stop_exec     key id=0x20006160
[t=28,646,657us] task_start_exec    id=0x20016A38
[t=28,646,660us] idle
[t=28,649,637us] task_stop_exec     id=0x20016A38
[t=28,649,640us] task_start_exec    ppg id=0x20002A60
[t=28,650,637us] task_stop_exec     ppg id=0x20002A60
[t=28,650,640us] task_start_exec    ble id=0x200031DC
[t=28,650,658us] task_stop_exec     ble id=0x200031DC
[t=28,650,661us] task_start_exec    ppg id=0x20002A60
[t=28,651,024us] task_stop_exec     ppg id=0x20002A60
[t=28,651,028us] task_start_exec    id=0x20016A38
[t=28,651,031us] idle
[t=28,651,558us] task_stop_exec     id=0x20016A38
[t=28,651,561us] task_start_exec    ppg id=0x20002A60
[t=28,651,582us] task_stop_exec     ppg id=0x20002A60
[t=28,651,585us] task_start_exec    id=0x20016A38
[t=28,651,588us] idle
[t=28,655,637us] task_stop_exec     id=0x20016A38
[t=28,655,640us] task_start_exec    ble id=0x200031DC
[t=28,655,658us] task_stop_exec     ble id=0x200031DC
[t=28,655,662us] task_start_exec    id=0x20016A38
[t=28,655,665us] idle
[t=28,660,637us] task_stop_exec     id=0x20016A38
[t=28,660,640us] task_start_exec    ppg id=0x20002A60
[t=28,660,648us] task_stop_exec     ppg id=0x20002A60
[t=28,660,650us] task_start_exec    ble id=0x200031DC
[t=28,660,668us] task_stop_exec     ble id=0x200031DC
[t=28,660,671us] task_start_exec    ppg id=0x20002A60
[t=28,662,054us] task_stop_exec     ppg id=0x20002A60
[t=28,662,057us] task_start_exec    id=0x20016A38
[t=28,662,060us] idle
[t=28,662,588us] task_stop_exec     id=0x20016A38
[t=28,662,591us] task_start_exec    ppg id=0x20002A60
[t=28,662,611us] task_stop_exec     ppg id=0x20002A60
[t=28,662,614us] task_start_exec    id=0x20016A38
[t=28,662,617us] idle
[t=28,665,637us] task_stop_exec     id=0x20016A38
[t=28,665,640us] task_start_exec    ble id=0x200031DC
[t=28,665,659us] task_stop_exec     ble id=0x200031DC
[t=28,665,662us] task_start_exec    id=0x20016A38
[t=28,665,665us] idle
[t=28,666,637us] task_stop_exec     id=0x20016A38
[t=28,666,640us] task_start_exec    key id=0x20006160
[t=28,666,654us] task_stop_exec     key id=0x20006160
[t=28,666,657us] task_start_exec    id=0x20016A38
[t=28,666,660us] idle
[t=28,670,637us] task_stop_exec     id=0x20016A38
[t=28,670,640us] task_start_exec    ble id=0x200031DC
[t=28,670,659us] task_stop_exec     ble id=0x200031DC
[t=28,670,662us] task_start_exec    id=0x20016A38
[t=28,670,665us] idle
[t=28,671,637us] task_stop_exec     id=0x20016A38
[t=28,671,640us] task_start_exec    ppg id=0x20002A60
[t=28,673,024us] task_stop_exec     ppg id=0x20002A60
[t=28,673,027us] task_start_exec    id=0x20016A38
[t=28,673,030us] idle
[t=28,673,558us] task_stop_exec     id=0x20016A38
[t=28,673,561us] task_start_exec    ppg id=0x20002A60
[t=28,673,581us] task_stop_exec     ppg id=0x20002A60
[t=28,673,584us] task_start_exec    id=0x20016A38
[t=28,673,587us] idle
[t=28,675,637us] task_stop_exec     id=0x20016A38
[t=28,675,640us] task_start_exec    ble id=0x200031DC
[t=28,675,658us] task_stop_exec     ble id=0x200031DC
[t=28,675,661us] task_start_exec    id=0x20016A38
[t=28,675,664us] idle
[t=28,680,637us] task_stop_exec     id=0x20016A38
[t=28,680,640us] task_start_exec    ble id=0x200031DC
[t=28,680,658us] task_stop_exec     ble id=0x200031DC
[t=28,680,662us] task_start_exec    id=0x20016A38
[t=28,680,664us] idle
[t=28,682,637us] task_stop_exec     id=0x20016A38
[t=28,682,640us] task_start_exec    ppg id=0x20002A60
[t=28,684,024us] task_stop_exec     ppg id=0x20002A60
[t=28,684,027us] task_start_exec    id=0x20016A38
[t=28,684,030us] idle
[t=28,684,558us] task_stop_exec     id=0x20016A38
[t=28,684,561us] task_start_exec    ppg id=0x20002A60
[t=28,684,581us] task_stop_exec     ppg id=0x20002A60
[t=28,684,584us] task_start_exec    id=0x20016A38
[t=28,684,587us] idle
[t=28,685,637us] task_stop_exec     id=0x20016A38
[t=28,685,640us] task_start_exec    ble id=0x200031DC
[t=28,685,659us] task_stop_exec     ble id=0x200031DC
[t=28,685,662us] task_start_exec    id=0x20016A38
[t=28,685,665us] idle
[t=28,686,637us] task_stop_exec     id=0x20016A38
[t=28,686,640us] task_start_exec    key id=0x20006160
[t=28,686,654us] task_stop_exec     key id=0x20006160
[t=28,686,657us] task_start_exec    id=0x20016A38
[t=28,686,660us] idle
[t=28,690,637us] task_stop_exec     id=0x20016A38
[t=28,690,640us] task_start_exec    ble id=0x200031DC
[t=28,690,659us] task_stop_exec     ble id=0x200031DC
[t=28,690,662us] task_start_exec    id=0x20016A38
[t=28,690,665us] idle
[t=28,693,637us] task_stop_exec     id=0x20016A38
[t=28,693,640us] task_start_exec    ppg id=0x20002A60
[t=28,694,723us] task_stop_exec     ppg id=0x20002A60
[t=28,694,726us] task_start_exec    id=0x20016A38
[t=28,694,729us] idle
[t=28,695,637us] task_stop_exec     id=0x20016A38
[t=28,695,640us] task_start_exec    ble id=0x200031DC
[t=28,695,658us] task_stop_exec     ble id=0x200031DC
[t=28,695,661us] task_start_exec    id=0x20016A38
[t=28,695,664us] idle
[t=28,700,637us] task_stop_exec     id=0x20016A38
[t=28,700,640us] task_start_exec    ble id=0x200031DC
[t=28,700,658us] task_stop_exec     ble id=0x200031DC
[t=28,700,662us] task_start_exec    id=0x20016A38
[t=28,700,664us] idle
[t=28,704,637us] task_stop_exec     id=0x20016A38
[t=28,704,640us] task_start_exec    ppg id=0x20002A60
[t=28,705,637us] task_stop_exec     ppg id=0x20002A60
[t=28,705,640us] task_start_exec    ble id=0x200031DC
[t=28,705,658us] task_stop_exec     ble id=0x200031DC
[t=28,705,661us] task_start_exec    ppg id=0x20002A60
[t=28,706,024us] task_stop_exec     ppg id=0x20002A60
[t=28,706,027us] task_start_exec    id=0x20016A38
[t=28,706,030us] idle
[t=28,706,558us] task_stop_exec     id=0x20016A38
[t=28,706,561us] task_start_exec    ppg id=0x20002A60
[t=28,706,581us] task_stop_exec     ppg id=0x20002A60
[t=28,706,584us] task_start_exec    id=0x20016A38
[t=28,706,587us] idle
[t=28,706,637us] task_stop_exec     id=0x20016A38
[t=28,706,640us] task_start_exec    key id=0x20006160
[t=28,706,654us] task_stop_exec     key id=0x20006160
[t=28,706,657us] task_start_exec    id=0x20016A38
[t=28,706,660us] idle
[t=28,710,637us] task_stop_exec     id=0x20016A38
[t=28,710,640us] task_start_exec    ble id=0x200031DC
[t=28,710,659us] task_stop_exec     ble id=0x200031DC
[t=28,710,662us] task_start_exec    id=0x20016A38
[t=28,710,665us] idle
[t=28,715,637us] task_stop_exec     id=0x20016A38
[t=28,715,640us] task_start_exec    ppg id=0x20002A60
[t=28,715,648us] task_stop_exec     ppg id=0x20002A60
[t=28,715,650us] task_start_exec    ble id=0x200031DC
[t=28,715,668us] task_stop_exec     ble id=0x200031DC
[t=28,715,671us] task_start_exec    ppg id=0x20002A60
[t=28,717,054us] task_stop_exec     ppg id=0x20002A60
[t=28,717,057us] task_start_exec    id=0x20016A38
[t=28,717,060us] idle
[t=28,717,587us] task_stop_exec     id=0x20016A38
[t=28,717,591us] task_start_exec    ppg id=0x20002A60
[t=28,717,611us] task_stop_exec     ppg id=0x20002A60
[t=28,717,614us] task_start_exec    id=0x20016A38
[t=28,717,617us] idle
[t=28,720,637us] task_stop_exec     id=0x20016A38
[t=28,720,640us] task_start_exec    ble id=0x200031DC
[t=28,720,658us] task_stop_exec     ble id=0x200031DC
[t=28,720,661us] task_start_exec    id=0x20016A38
[t=28,720,664us] idle
[t=28,725,637us] task_stop_exec     id=0x20016A38
[t=28,725,640us] task_start_exec    ble id=0x200031DC
[t=28,725,659us] task_stop_exec     ble id=0x200031DC
[t=28,725,662us] task_start_exec    id=0x20016A38
[t=28,725,665us] idle
[t=28,726,637us] task_stop_exec     id=0x20016A38
[t=28,726,640us] task_start_exec    key id=0x20006160
[t=28,726,648us] task_stop_exec     key id=0x20006160
[t=28,726,650us] task_start_exec    ppg id=0x20002A60
[t=28,728,034us] task_stop_exec     ppg id=0x20002A60
[t=28,728,037us] task_start_exec    key id=0x20006160
[t=28,728,050us] task_stop_exec     key id=0x20006160
[t=28,728,053us] task_start_exec    id=0x20016A38
[t=28,728,056us] idle
[t=28,728,568us] task_stop_exec     id=0x20016A38
[t=28,728,571us] task_start_exec    ppg id=0x20002A60
[t=28,728,591us] task_stop_exec     ppg id=0x20002A60
[t=28,728,595us] task_start_exec    id=0x20016A38
[t=28,728,598us] idle
[t=28,730,637us] task_stop_exec     id=0x20016A38
[t=28,730,640us] task_start_exec    ble id=0x200031DC
[t=28,730,658us] task_stop_exec     ble id=0x200031DC
[t=28,730,661us] task_start_exec    id=0x20016A38
[t=28,730,664us] idle
[t=28,735,637us] task_stop_exec     id=0x20016A38
[t=28,735,640us] task_start_exec    ble id=0x200031DC
[t=28,735,658us] task_stop_exec     ble id=0x200031DC
[t=28,735,662us] task_start_exec    id=0x20016A38
[t=28,735,665us] idle
[t=28,737,637us] task_stop_exec     id=0x20016A38
[t=28,737,640us] task_start_exec    ppg id=0x20002A60
[t=28,739,024us] task_stop_exec     ppg id=0x20002A60
[t=28,739,027us] task_start_exec    id=0x20016A38
[t=28,739,030us] idle
[t=28,739,558us] task_stop_exec     id=0x20016A38
[t=28,739,561us] task_start_exec    ppg id=0x20002A60
[t=28,739,581us] task_stop_exec     ppg id=0x20002A60
[t=28,739,584us] task_start_exec    id=0x20016A38
[t=28,739,587us] idle
[t=28,740,637us] task_stop_exec     id=0x20016A38
[t=28,740,640us] task_start_exec    ble id=0x200031DC
[t=28,740,658us] task_stop_exec     ble id=0x200031DC
[t=28,740,661us] task_start_exec    id=0x20016A38
[t=28,740,664us] idle
[t=28,745,637us] task_stop_exec     id=0x20016A38
[t=28,745,640us] task_start_exec    ble id=0x200031DC
[t=28,745,659us] task_stop_exec     ble id=0x200031DC
[t=28,745,662us] task_start_exec    id=0x20016A38
[t=28,745,665us] idle
[t=28,747,637us] task_stop_exec     id=0x20016A38
[t=28,747,640us] task_start_exec    key id=0x20006160
[t=28,747,654us] task_stop_exec     key id=0x20006160
[t=28,747,657us] task_start_exec    id=0x20016A38
[t=28,747,660us] idle
[t=28,748,637us] task_stop_exec     id=0x20016A38
[t=28,748,640us] task_start_exec    ppg id=0x20002A60
[t=28,750,024us] task_stop_exec     ppg id=0x20002A60
[t=28,750,027us] task_start_exec    id=0x20016A38
[t=28,750,030us] idle
[t=28,750,558us] task_stop_exec     id=0x20016A38
[t=28,750,561us] task_start_exec    ppg id=0x20002A60
[t=28,750,581us] task_stop_exec     ppg id=0x20002A60
[t=28,750,584us] task_start_exec    id=0x20016A38
[t=28,750,587us] idle
[t=28,750,637us] task_stop_exec     id=0x20016A38
[t=28,750,640us] task_start_exec    ble id=0x200031DC
[t=28,750,658us] task_stop_exec     ble id=0x200031DC
[t=28,750,661us] task_start_exec    id=0x20016A38
[t=28,750,664us] idle
[t=28,755,637us] task_stop_exec     id=0x20016A38
[t=28,755,640us] task_start_exec    ble id=0x200031DC
[t=28,755,658us] task_stop_exec     ble id=0x200031DC
[t=28,755,662us] task_start_exec    id=0x20016A38
[t=28,755,665us] idle
[t=28,759,637us] task_stop_exec     id=0x20016A38
[t=28,759,640us] task_start_exec    ppg id=0x20002A60
[t=28,760,637us] task_stop_exec     ppg id=0x20002A60
[t=28,760,640us] task_start_exec    ble id=0x200031DC
[t=28,760,658us] task_stop_exec     ble id=0x200031DC
[t=28,760,661us] task_start_exec    ppg id=0x20002A60
[t=28,760,724us] task_stop_exec     ppg id=0x20002A60
[t=28,760,727us] task_start_exec    id=0x20016A38
[t=28,760,730us] idle
[t=28,765,637us] task_stop_exec     id=0x20016A38
[t=28,765,640us] task_start_exec    ble id=0x200031DC
[t=28,765,658us] task_stop_exec     ble id=0x200031DC
[t=28,765,662us] task_start_exec    id=0x20016A38
[t=28,765,665us] idle
[t=28,767,637us] task_stop_exec     id=0x20016A38
[t=28,767,640us] task_start_exec    key id=0x20006160
[t=28,767,654us] task_stop_exec     key id=0x20006160
[t=28,767,657us] task_start_exec    id=0x20016A38
[t=28,767,660us] idle
[t=28,770,637us] task_stop_exec     id=0x20016A38
[t=28,770,640us] task_start_exec    ppg id=0x20002A60
[t=28,770,648us] task_stop_exec     ppg id=0x20002A60
[t=28,770,650us] task_start_exec    ble id=0x200031DC
[t=28,770,668us] task_stop_exec     ble id=0x200031DC
[t=28,770,671us] task_start_exec    ppg id=0x20002A60
[t=28,772,054us] task_stop_exec     ppg id=0x20002A60
[t=28,772,057us] task_start_exec    id=0x20016A38
[t=28,772,060us] idle
[t=28,772,588us] task_stop_exec     id=0x20016A38
[t=28,772,591us] task_start_exec    ppg id=0x20002A60
[t=28,772,611us] task_stop_exec     ppg id=0x20002A60
[t=28,772,614us] task_start_exec    id=0x20016A38
[t=28,772,617us] idle
[t=28,775,637us] task_stop_exec     id=0x20016A38
[t=28,775,640us] task_start_exec    ble id=0x200031DC
[t=28,775,658us] task_stop_exec     ble id=0x200031DC
[t=28,775,661us] task_start_exec    id=0x20016A38
[t=28,775,664us] idle
[t=28,780,637us] task_stop_exec     id=0x20016A38
[t=28,780,640us] task_start_exec    ble id=0x200031DC
[t=28,780,658us] task_stop_exec     ble id=0x200031DC
[t=28,780,662us] task_start_exec    id=0x20016A38
[t=28,780,665us] idle
[t=28,781,637us] task_stop_exec     id=0x20016A38
[t=28,781,640us] task_start_exec    ppg id=0x20002A60
[t=28,783,024us] task_stop_exec     ppg id=0x20002A60
[t=28,783,027us] task_start_exec    id=0x20016A38
[t=28,783,030us] idle
[t=28,783,558us] task_stop_exec     id=0x20016A38
[t=28,783,561us] task_start_exec    ppg id=0x20002A60
[t=28,783,581us] task_stop_exec     ppg id=0x20002A60
[t=28,783,584us] task_start_exec    id=0x20016A38
[t=28,783,587us] idle
[t=28,785,637us] task_stop_exec     id=0x20016A38
[t=28,785,640us] task_start_exec    ble id=0x200031DC
[t=28,785,659us] task_stop_exec     ble id=0x200031DC
[t=28,785,662us] task_start_exec    id=0x20016A38
[t=28,785,665us] idle
[t=28,787,637us] task_stop_exec     id=0x20016A38
[t=28,787,640us] task_start_exec    key id=0x20006160
[t=28,787,654us] task_stop_exec     key id=0x20006160
[t=28,787,657us] task_start_exec    id=0x20016A38
[t=28,787,660us] idle
[t=28,790,637us] task_stop_exec     id=0x20016A38
[t=28,790,640us] task_start_exec    ble id=0x200031DC
[t=28,790,659us] task_stop_exec     ble id=0x200031DC
[t=28,790,662us] task_start_exec    id=0x20016A38
[t=28,790,665us] idle
[t=28,792,637us] task_stop_exec     id=0x20016A38
[t=28,792,640us] task_start_exec    ppg id=0x20002A60
[t=28,794,024us] task_stop_exec     ppg id=0x20002A60
[t=28,794,027us] task_start_exec    id=0x20016A38
[t=28,794,030us] idle
[t=28,794,558us] task_stop_exec     id=0x20016A38
[t=28,794,561us] task_start_exec    ppg id=0x20002A60
[t=28,794,581us] task_stop_exec     ppg id=0x20002A60
[t=28,794,584us] task_start_exec    id=0x20016A38
[t=28,794,587us] idle
[t=28,795,637us] task_stop_exec     id=0x20016A38
[t=28,795,640us] task_start_exec    ble id=0x200031DC
[t=28,795,659us] task_stop_exec     ble id=0x200031DC
[t=28,795,662us] task_start_exec    id=0x20016A38
[t=28,795,665us] idle
[t=28,800,637us] task_stop_exec     id=0x20016A38
[t=28,800,640us] task_start_exec    ble id=0x200031DC
[t=28,800,658us] task_stop_exec     ble id=0x200031DC
[t=28,800,662us] task_start_exec    id=0x20016A38
[t=28,800,665us] idle
[t=28,803,637us] task_stop_exec     id=0x20016A38
[t=28,803,640us] task_start_exec    ppg id=0x20002A60
[t=28,805,025us] task_stop_exec     ppg id=0x20002A60
[t=28,805,028us] task_start_exec    id=0x20016A38
[t=28,805,031us] idle
[t=28,805,559us] task_stop_exec     id=0x20016A38
[t=28,805,562us] task_start_exec    ppg id=0x20002A60
[t=28,805,582us] task_stop_exec     ppg id=0x20002A60
[t=28,805,585us] task_start_exec    id=0x20016A38
[t=28,805,588us] idle
[t=28,805,637us] task_stop_exec     id=0x20016A38
[t=28,805,640us] task_start_exec    ble id=0x200031DC
[t=28,805,658us] task_stop_exec     ble id=0x200031DC
[t=28,805,662us] task_start_exec    id=0x20016A38
[t=28,805,665us] idle
[t=28,807,637us] task_stop_exec     id=0x20016A38
[t=28,807,640us] task_start_exec    key id=0x20006160
[t=28,807,654us] task_stop_exec     key id=0x20006160
[t=28,807,657us] task_start_exec    id=0x20016A38
[t=28,807,660us] idle
[t=28,810,637us] task_stop_exec     id=0x20016A38
[t=28,810,640us] task_start_exec    ble id=0x200031DC
[t=28,810,659us] task_stop_exec     ble id=0x200031DC
[t=28,810,662us] task_start_exec    id=0x20016A38
[t=28,810,665us] idle
[t=28,814,637us] task_stop_exec     id=0x20016A38
[t=28,814,640us] task_start_exec    ppg id=0x20002A60
[t=28,815,637us] task_stop_exec     ppg id=0x20002A60
[t=28,815,640us] task_start_exec    ble id=0x200031DC
[t=28,815,658us] task_stop_exec     ble id=0x200031DC
[t=28,815,661us] task_start_exec    ppg id=0x20002A60
[t=28,816,024us] task_stop_exec     ppg id=0x20002A60
[t=28,816,027us] task_start_exec    id=0x20016A38
[t=28,816,030us] idle
[t=28,816,558us] task_stop_exec     id=0x20016A38
[t=28,816,561us] task_start_exec    ppg id=0x20002A60
[t=28,816,581us] task_stop_exec     ppg id=0x20002A60
[t=28,816,584us] task_start_exec    id=0x20016A38
[t=28,816,587us] idle
[t=28,820,637us] task_stop_exec     id=0x20016A38
[t=28,820,640us] task_start_exec    ble id=0x200031DC
[t=28,820,658us] task_stop_exec     ble id=0x200031DC
[t=28,820,662us] task_start_exec    id=0x20016A38
[t=28,820,665us] idle
[t=28,825,637us] task_stop_exec     id=0x20016A38
[t=28,825,640us] task_start_exec    ppg id=0x20002A60
[t=28,825,648us] task_stop_exec     ppg id=0x20002A60
[t=28,825,650us] task_start_exec    ble id=0x200031DC
[t=28,825,668us] task_stop_exec     ble id=0x200031DC
[t=28,825,671us] task_start_exec    ppg id=0x20002A60
[t=28,826,754us] task_stop_exec     ppg id=0x20002A60
[t=28,826,757us] task_start_exec    id=0x20016A38
[t=28,826,760us] idle
[t=28,827,637us] task_stop_exec     id=0x20016A38
[t=28,827,640us] task_start_exec    key id=0x20006160
[t=28,827,654us] task_stop_exec     key id=0x20006160
[t=28,827,657us] task_start_exec    id=0x20016A38
[t=28,827,660us] idle
[t=28,830,637us] task_stop_exec     id=0x20016A38
[t=28,830,640us] task_start_exec    ble id=0x200031DC
[t=28,830,659us] task_stop_exec     ble id=0x200031DC
[t=28,830,662us] task_start_exec    id=0x20016A38
[t=28,830,665us] idle
[t=28,835,637us] task_stop_exec     id=0x20016A38
[t=28,835,640us] task_start_exec    ble id=0x200031DC
[t=28,835,658us] task_stop_exec     ble id=0x200031DC
[t=28,835,662us] task_start_exec    id=0x20016A38
[t=28,835,665us] idle
[t=28,836,637us] task_stop_exec     id=0x20016A38
[t=28,836,640us] task_start_exec    ppg id=0x20002A60
[t=28,838,024us] task_stop_exec     ppg id=0x20002A60
[t=28,838,027us] task_start_exec    id=0x20016A38
[t=28,838,030us] idle
[t=28,838,558us] task_stop_exec     id=0x20016A38
[t=28,838,561us] task_start_exec    ppg id=0x20002A60
[t=28,838,581us] task_stop_exec     ppg id=0x20002A60
[t=28,838,584us] task_start_exec    id=0x20016A38
[t=28,838,587us] idle
[t=28,840,637us] task_stop_exec     id=0x20016A38
[t=28,840,640us] task_start_exec    ble id=0x200031DC
[t=28,840,658us] task_stop_exec     ble id=0x200031DC
[t=28,840,661us] task_start_exec    id=0x20016A38
[t=28,840,664us] idle
[t=28,845,637us] task_stop_exec     id=0x20016A38
[t=28,845,640us] task_start_exec    ble id=0x200031DC
[t=28,845,659us] task_stop_exec     ble id=0x200031DC
[t=28,845,662us] task_start_exec    id=0x20016A38
[t=28,845,665us] idle
[t=28,847,637us] task_stop_exec     id=0x20016A38
[t=28,847,640us] task_start_exec    key id=0x20006160
[t=28,847,648us] task_stop_exec     key id=0x20006160
[t=28,847,650us] task_start_exec    ppg id=0x20002A60
[t=28,849,034us] task_stop_exec     ppg id=0x20002A60
[t=28,849,037us] task_start_exec    key id=0x20006160
[t=28,849,050us] task_stop_exec     key id=0x20006160
[t=28,849,053us] task_start_exec    id=0x20016A38
[t=28,849,056us] idle
[t=28,849,568us] task_stop_exec     id=0x20016A38
[t=28,849,571us] task_start_exec    ppg id=0x20002A60
[t=28,849,591us] task_stop_exec     ppg id=0x20002A60
[t=28,849,594us] task_start_exec    id=0x20016A38
[t=28,849,597us] idle
[t=28,850,637us] task_stop_exec     id=0x20016A38
[t=28,850,640us] task_start_exec    ble id=0x200031DC
[t=28,850,658us] task_stop_exec     ble id=0x200031DC
[t=28,850,661us] task_start_exec    id=0x20016A38
[t=28,850,664us] idle
[t=28,855,637us] task_stop_exec     id=0x20016A38
[t=28,855,640us] task_start_exec    ble id=0x200031DC
[t=28,855,658us] task_stop_exec     ble id=0x200031DC
[t=28,855,662us] task_start_exec    id=0x20016A38
[t=28,855,665us] idle
[t=28,858,637us] task_stop_exec     id=0x20016A38
[t=28,858,640us] task_start_exec    ppg id=0x20002A60
[t=28,860,024us] task_stop_exec     ppg id=0x20002A60
[t=28,860,027us] task_start_exec    id=0x20016A38
[t=28,860,030us] idle
[t=28,860,558us] task_stop_exec     id=0x20016A38
[t=28,860,561us] task_start_exec    ppg id=0x20002A60
[t=28,860,581us] task_stop_exec     ppg id=0x20002A60
[t=28,860,584us] task_start_exec    id=0x20016A38
[t=28,860,587us] idle
[t=28,860,637us] task_stop_exec     id=0x20016A38
[t=28,860,640us] task_start_exec    ble id=0x200031DC
[t=28,860,658us] task_stop_exec     ble id=0x200031DC
[t=28,860,661us] task_start_exec    id=0x20016A38
[t=28,860,664us] idle
[t=28,865,637us] task_stop_exec     id=0x20016A38
[t=28,865,640us] task_start_exec    ble id=0x200031DC
[t=28,865,659us] task_stop_exec     ble id=0x200031DC
[t=28,865,662us] task_start_exec    id=0x20016A38
[t=28,865,665us] idle
[t=28,868,637us] task_stop_exec     id=0x20016A38
[t=28,868,640us] task_start_exec    key id=0x20006160
[t=28,868,654us] task_stop_exec     key id=0x20006160
[t=28,868,657us] task_start_exec    id=0x20016A38
[t=28,868,660us] idle
[t=28,869,637us] task_stop_exec     id=0x20016A38
[t=28,869,640us] task_start_exec    ppg id=0x20002A60
[t=28,870,637us] task_stop_exec     ppg id=0x20002A60
[t=28,870,640us] task_start_exec    ble id=0x200031DC
[t=28,870,658us] task_stop_exec     ble id=0x200031DC
[t=28,870,661us] task_start_exec    ppg id=0x20002A60
[t=28,871,024us] task_stop_exec     ppg id=0x20002A60
[t=28,871,027us] task_start_exec    id=0x20016A38
[t=28,871,030us] idle
[t=28,871,558us] task_stop_exec     id=0x20016A38
[t=28,871,561us] task_start_exec    ppg id=0x20002A60
[t=28,871,588us] task_stop_exec     ppg id=0x20002A60
[t=28,871,591us] task_start_exec    spo2 id=0x20004D40
[t=28,875,637us] task_stop_exec     spo2 id=0x20004D40
[t=28,875,640us] task_start_exec    ble id=0x200031DC
[t=28,875,659us] task_stop_exec     ble id=0x200031DC
[t=28,875,662us] task_start_exec    spo2 id=0x20004D40
[t=28,880,637us] task_stop_exec     spo2 id=0x20004D40
[t=28,880,640us] task_start_exec    ppg id=0x20002A60
[t=28,880,648us] task_stop_exec     ppg id=0x20002A60
[t=28,880,650us] task_start_exec    ble id=0x200031DC
[t=28,880,669us] task_stop_exec     ble id=0x200031DC
[t=28,880,672us] task_start_exec    ppg id=0x20002A60
[t=28,882,054us] task_stop_exec     ppg id=0x20002A60
[t=28,882,058us] task_start_exec    spo2 id=0x20004D40
[t=28,882,588us] task_stop_exec     spo2 id=0x20004D40
[t=28,882,591us] task_start_exec    ppg id=0x20002A60
[t=28,882,612us] task_stop_exec     ppg id=0x20002A60
[t=28,882,615us] task_start_exec    spo2 id=0x20004D40
[t=28,885,637us] task_stop_exec     spo2 id=0x20004D40
[t=28,885,640us] task_start_exec    ble id=0x200031DC
[t=28,885,659us] task_stop_exec     ble id=0x200031DC
[t=28,885,662us] task_start_exec    spo2 id=0x20004D40
[t=28,888,637us] task_stop_exec     spo2 id=0x20004D40
[t=28,888,640us] task_start_exec    key id=0x20006160
[t=28,888,655us] task_stop_exec     key id=0x20006160
[t=28,888,658us] task_start_exec    spo2 id=0x20004D40
[t=28,890,637us] task_stop_exec     spo2 id=0x20004D40
[t=28,890,640us] task_start_exec    ble id=0x200031DC
[t=28,890,659us] task_stop_exec     ble id=0x200031DC
[t=28,890,662us] task_start_exec    spo2 id=0x20004D40
[t=28,891,637us] task_stop_exec     spo2 id=0x20004D40
[t=28,891,640us] task_start_exec    ppg id=0x20002A60
[t=28,892,724us] task_stop_exec     ppg id=0x20002A60
[t=28,892,727us] task_start_exec    spo2 id=0x20004D40
[t=28,895,637us] task_stop_exec     spo2 id=0x20004D40
[t=28,895,640us] task_start_exec    ble id=0x200031DC
[t=28,895,658us] task_stop_exec     ble id=0x200031DC
[t=28,895,661us] task_start_exec    spo2 id=0x20004D40
[t=28,900,637us] task_stop_exec     spo2 id=0x20004D40
[t=28,900,640us] task_start_exec    ble id=0x200031DC
[t=28,900,659us] task_stop_exec     ble id=0x200031DC
[t=28,900,662us] task_start_exec    spo2 id=0x20004D40
[t=28,902,637us] task_stop_exec     spo2 id=0x20004D40
[t=28,902,640us] task_start_exec    ppg id=0x20002A60
[t=28,904,025us] task_stop_exec     ppg id=0x20002A60
[t=28,904,028us] task_start_exec    spo2 id=0x20004D40
[t=28,904,559us] task_stop_exec     spo2 id=0x20004D40
[t=28,904,562us] task_start_exec    ppg id=0x20002A60
[t=28,904,583us] task_stop_exec     ppg id=0x20002A60
[t=28,904,586us] task_start_exec    spo2 id=0x20004D40
[t=28,905,637us] task_stop_exec     spo2 id=0x20004D40
[t=28,905,640us] task_start_exec    ble id=0x200031DC
[t=28,905,659us] task_stop_exec     ble id=0x200031DC
[t=28,905,662us] task_start_exec    spo2 id=0x20004D40
[t=28,908,637us] task_stop_exec     spo2 id=0x20004D40
[t=28,908,640us] task_start_exec    key id=0x20006160
[t=28,908,655us] task_stop_exec     key id=0x20006160
[t=28,908,658us] task_start_exec    spo2 id=0x20004D40
[t=28,910,637us] task_stop_exec     spo2 id=0x20004D40
[t=28,910,640us] task_start_exec    ble id=0x200031DC
[t=28,910,659us] task_stop_exec     ble id=0x200031DC
[t=28,910,662us] task_start_exec    spo2 id=0x20004D40
[t=28,913,637us] task_stop_exec     spo2 id=0x20004D40
[t=28,913,640us] task_start_exec    ppg id=0x20002A60
[t=28,915,024us] task_stop_exec     ppg id=0x20002A60
[t=28,915,027us] task_start_exec    spo2 id=0x20004D40
[t=28,915,558us] task_stop_exec     spo2 id=0x20004D40
[t=28,915,561us] task_start_exec    ppg id=0x20002A60
[t=28,915,582us] task_stop_exec     ppg id=0x20002A60
[t=28,915,584us] task_start_exec    spo2 id=0x20004D40
[t=28,915,637us] task_stop_exec     spo2 id=0x20004D40
[t=28,915,640us] task_start_exec    ble id=0x200031DC
[t=28,915,658us] task_stop_exec     ble id=0x200031DC
[t=28,915,661us] task_start_exec    spo2 id=0x20004D40
[t=28,920,637us] task_stop_exec     spo2 id=0x20004D40
[t=28,920,640us] task_start_exec    ble id=0x200031DC
[t=28,920,659us] task_stop_exec     ble id=0x200031DC
[t=28,920,662us] task_start_exec    spo2 id=0x20004D40
[t=28,924,637us] task_stop_exec     spo2 id=0x20004D40
[t=28,924,640us] task_start_exec    ppg id=0x20002A60
[t=28,925,637us] task_stop_exec     ppg id=0x20002A60
[t=28,925,640us] task_start_exec    ble id=0x200031DC
[t=28,925,659us] task_stop_exec     ble id=0x200031DC
[t=28,925,662us] task_start_exec    ppg id=0x20002A60
[t=28,926,024us] task_stop_exec     ppg id=0x20002A60
[t=28,926,027us] task_start_exec    spo2 id=0x20004D40
[t=28,926,558us] task_stop_exec     spo2 id=0x20004D40
[t=28,926,561us] task_start_exec    ppg id=0x20002A60
[t=28,926,582us] task_stop_exec     ppg id=0x20002A60
[t=28,926,585us] task_start_exec    spo2 id=0x20004D40
[t=28,926,945us] task_stop_exec     spo2 id=0x20004D40
[t=28,926,949us] task_start_exec    ble id=0x200031DC
[t=28,928,732us] task_stop_exec     ble id=0x200031DC
[t=28,928,736us] task_start_exec    key id=0x20006160
[t=28,928,749us] task_stop_exec     key id=0x20006160
[t=28,928,752us] task_start_exec    spo2 id=0x20004D40
[t=28,928,763us] task_stop_exec     spo2 id=0x20004D40
[t=28,928,766us] task_start_exec    id=0x20016A38
[t=28,928,769us] idle
[t=28,933,637us] task_stop_exec     id=0x20016A38
[t=28,933,640us] task_start_exec    ble id=0x200031DC
[t=28,933,659us] task_stop_exec     ble id=0x200031DC
[t=28,933,662us] task_start_exec    id=0x20016A38
[t=28,933,665us] idle
[t=28,935,178us] task_stop_exec     id=0x20016A38
[t=28,935,182us] task_start_exec    ble id=0x200031DC
[t=28,935,248us] task_stop_exec     ble id=0x200031DC
[t=28,935,251us] task_start_exec    id=0x20016A38
[t=28,935,254us] idle
[t=28,935,637us] task_stop_exec     id=0x20016A38
[t=28,935,640us] task_start_exec    ppg id=0x20002A60
[t=28,937,025us] task_stop_exec     ppg id=0x20002A60
[t=28,937,028us] task_start_exec    id=0x20016A38
[t=28,937,032us] idle
[t=28,937,559us] task_stop_exec     id=0x20016A38
[t=28,937,562us] task_start_exec    ppg id=0x20002A60
[t=28,937,583us] task_stop_exec     ppg id=0x20002A60
[t=28,937,586us] task_start_exec    id=0x20016A38
[t=28,937,589us] idle
[t=28,939,637us] task_stop_exec     id=0x20016A38
[t=28,939,640us] task_start_exec    ble id=0x200031DC
[t=28,939,658us] task_stop_exec     ble id=0x200031DC
[t=28,939,661us] task_start_exec    id=0x20016A38
[t=28,939,664us] idle
[t=28,944,637us] task_stop_exec     id=0x20016A38
[t=28,944,640us] task_start_exec    ble id=0x200031DC
[t=28,944,659us] task_stop_exec     ble id=0x200031DC
[t=28,944,662us] task_start_exec    id=0x20016A38
[t=28,944,665us] idle
[t=28,946,637us] task_stop_exec     id=0x20016A38
[t=28,946,640us] task_start_exec    ppg id=0x20002A60
[t=28,947,723us] task_stop_exec     ppg id=0x20002A60
[t=28,947,727us] task_start_exec    id=0x20016A38
[t=28,947,730us] idle
[t=28,948,637us] task_stop_exec     id=0x20016A38
[t=28,948,640us] task_start_exec    key id=0x20006160
[t=28,948,654us] task_stop_exec     key id=0x20006160
[t=28,948,658us] task_start_exec    id=0x20016A38
[t=28,948,661us] idle
[t=28,949,637us] task_stop_exec     id=0x20016A38
[t=28,949,640us] task_start_exec    ble id=0x200031DC
[t=28,949,658us] task_stop_exec     ble id=0x200031DC
[t=28,949,661us] task_start_exec    id=0x20016A38
[t=28,949,664us] idle
[t=28,954,637us] task_stop_exec     id=0x20016A38
[t=28,954,640us] task_start_exec    ble id=0x200031DC
[t=28,954,658us] task_stop_exec     ble id=0x200031DC
[t=28,954,662us] task_start_exec    id=0x20016A38
[t=28,954,665us] idle
[t=28,957,637us] task_stop_exec     id=0x20016A38
[t=28,957,640us] task_start_exec    ppg id=0x20002A60
[t=28,959,024us] task_stop_exec     ppg id=0x20002A60
[t=28,959,028us] task_start_exec    id=0x20016A38
[t=28,959,031us] idle
[t=28,959,637us] task_stop_exec     id=0x20016A38
[t=28,959,640us] task_start_exec    ble id=0x200031DC
[t=28,959,659us] task_stop_exec     ble id=0x200031DC
[t=28,959,662us] task_start_exec    id=0x20016A38
[t=28,959,665us] idle
[t=28,959,828us] task_stop_exec     id=0x20016A38
[t=28,959,831us] task_start_exec    ppg id=0x20002A60
[t=28,959,852us] task_stop_exec     ppg id=0x20002A60
[t=28,959,855us] task_start_exec    id=0x20016A38
[t=28,959,858us] idle
[t=28,964,637us] task_stop_exec     id=0x20016A38
[t=28,964,640us] task_start_exec    ble id=0x200031DC
[t=28,964,659us] task_stop_exec     ble id=0x200031DC
[t=28,964,662us] task_start_exec    id=0x20016A38
[t=28,964,665us] idle
[t=28,968,637us] task_stop_exec     id=0x20016A38
[t=28,968,640us] task_start_exec    key id=0x20006160
[t=28,968,654us] task_stop_exec     key id=0x20006160
[t=28,968,658us] task_start_exec    id=0x20016A38
[t=28,968,661us] idle
[t=28,969,637us] task_stop_exec     id=0x20016A38
[t=28,969,640us] task_start_exec    ppg id=0x20002A60
[t=28,969,648us] task_stop_exec     ppg id=0x20002A60
[t=28,969,650us] task_start_exec    ble id=0x200031DC
[t=28,969,668us] task_stop_exec     ble id=0x200031DC
[t=28,969,671us] task_start_exec    ppg id=0x20002A60
[t=28,970,753us] task_stop_exec     ppg id=0x20002A60
[t=28,970,756us] task_start_exec    id=0x20016A38
[t=28,970,759us] idle
[t=28,974,637us] task_stop_exec     id=0x20016A38
[t=28,974,640us] task_start_exec    ble id=0x200031DC
[t=28,974,658us] task_stop_exec     ble id=0x200031DC
[t=28,974,661us] task_start_exec    id=0x20016A38
[t=28,974,664us] idle
[t=28,979,637us] task_stop_exec     id=0x20016A38
[t=28,979,640us] task_start_exec    ble id=0x200031DC
[t=28,979,658us] task_stop_exec     ble id=0x200031DC
[t=28,979,662us] task_start_exec    id=0x20016A38
[t=28,979,664us] idle
[t=28,980,637us] task_stop_exec     id=0x20016A38
[t=28,980,640us] task_start_exec    ppg id=0x20002A60
[t=28,982,024us] task_stop_exec     ppg id=0x20002A60
[t=28,982,028us] task_start_exec    id=0x20016A38
[t=28,982,031us] idle
[t=28,982,828us] task_stop_exec     id=0x20016A38
[t=28,982,831us] task_start_exec    ppg id=0x20002A60
[t=28,982,854us] task_stop_exec     ppg id=0x20002A60
[t=28,982,857us] task_start_exec    id=0x20016A38
[t=28,982,860us] idle
[t=28,984,637us] task_stop_exec     id=0x20016A38
[t=28,984,640us] task_start_exec    ble id=0x200031DC
[t=28,984,659us] task_stop_exec     ble id=0x200031DC
[t=28,984,662us] task_start_exec    id=0x20016A38
[t=28,984,665us] idle
[t=28,988,637us] task_stop_exec     id=0x20016A38
[t=28,988,640us] task_start_exec    key id=0x20006160
[t=28,988,654us] task_stop_exec     key id=0x20006160
[t=28,988,657us] task_start_exec    id=0x20016A38
[t=28,988,660us] idle
[t=28,989,637us] task_stop_exec     id=0x20016A38
[t=28,989,640us] task_start_exec    ble id=0x200031DC
[t=28,989,659us] task_stop_exec     ble id=0x200031DC
[t=28,989,662us] task_start_exec    id=0x20016A38
[t=28,989,665us] idle
[t=28,992,637us] task_stop_exec     id=0x20016A38
[t=28,992,640us] task_start_exec    ppg id=0x20002A60
[t=28,994,024us] task_stop_exec     ppg id=0x20002A60
[t=28,994,028us] task_start_exec    id=0x20016A38
[t=28,994,031us] idle
[t=28,994,558us] task_stop_exec     id=0x20016A38
[t=28,994,561us] task_start_exec    ppg id=0x20002A60
[t=28,994,581us] task_stop_exec     ppg id=0x20002A60
[t=28,994,584us] task_start_exec    id=0x20016A38
[t=28,994,587us] idle
[t=28,994,638us] task_stop_exec     id=0x20016A38
[t=28,994,640us] task_start_exec    ble id=0x200031DC
[t=28,994,659us] task_stop_exec     ble id=0x200031DC
[t=28,994,662us] task_start_exec    id=0x20016A38
[t=28,994,665us] idle
[t=28,999,637us] task_stop_exec     id=0x20016A38
[t=28,999,640us] task_start_exec    ble id=0x200031DC
[t=28,999,658us] task_stop_exec     ble id=0x200031DC
[t=28,999,661us] task_start_exec    id=0x20016A38
[t=28,999,664us] idle
[t=29,003,637us] task_stop_exec     id=0x20016A38
[t=29,003,640us] task_start_exec    ppg id=0x20002A60
[t=29,004,637us] task_stop_exec     ppg id=0x20002A60
[t=29,004,640us] task_start_exec    ble id=0x200031DC
[t=29,004,658us] task_stop_exec     ble id=0x200031DC
[t=29,004,661us] task_start_exec    ppg id=0x20002A60
[t=29,005,024us] task_stop_exec     ppg id=0x20002A60
[t=29,005,028us] task_start_exec    id=0x20016A38
[t=29,005,031us] idle
[t=29,005,558us] task_stop_exec     id=0x20016A38
[t=29,005,561us] task_start_exec    ppg id=0x20002A60
[t=29,005,582us] task_stop_exec     ppg id=0x20002A60
[t=29,005,585us] task_start_exec    id=0x20016A38
[t=29,005,588us] idle
[t=29,008,637us] task_stop_exec     id=0x20016A38
[t=29,008,640us] task_start_exec    key id=0x20006160
[t=29,008,654us] task_stop_exec     key id=0x20006160
[t=29,008,657us] task_start_exec    id=0x20016A38
[t=29,008,660us] idle
[t=29,009,637us] task_stop_exec     id=0x20016A38
[t=29,009,640us] task_start_exec    ble id=0x200031DC
[t=29,009,659us] task_stop_exec     ble id=0x200031DC
[t=29,009,662us] task_start_exec    id=0x20016A38
[t=29,009,665us] idle
[t=29,014,637us] task_stop_exec     id=0x20016A38
[t=29,014,640us] task_start_exec    ppg id=0x20002A60
[t=29,014,648us] task_stop_exec     ppg id=0x20002A60
[t=29,014,650us] task_start_exec    ble id=0x200031DC
[t=29,014,668us] task_stop_exec     ble id=0x200031DC
[t=29,014,671us] task_start_exec    ppg id=0x20002A60
[t=29,016,054us] task_stop_exec     ppg id=0x20002A60
[t=29,016,057us] task_start_exec    id=0x20016A38
[t=29,016,060us] idle
[t=29,016,587us] task_stop_exec     id=0x20016A38
[t=29,016,590us] task_start_exec    ppg id=0x20002A60
[t=29,016,611us] task_stop_exec     ppg id=0x20002A60
[t=29,016,614us] task_start_exec    id=0x20016A38
[t=29,016,617us] idle
[t=29,019,637us] task_stop_exec     id=0x20016A38
[t=29,019,640us] task_start_exec    ble id=0x200031DC
[t=29,019,658us] task_stop_exec     ble id=0x200031DC
[t=29,019,661us] task_start_exec    id=0x20016A38
[t=29,019,664us] idle
[t=29,024,637us] task_stop_exec     id=0x20016A38
[t=29,024,640us] task_start_exec    ble id=0x200031DC
[t=29,024,659us] task_stop_exec     ble id=0x200031DC
[t=29,024,662us] task_start_exec    id=0x20016A38
[t=29,024,665us] idle
[t=29,025,637us] task_stop_exec     id=0x20016A38
[t=29,025,640us] task_start_exec    ppg id=0x20002A60
[t=29,026,723us] task_stop_exec     ppg id=0x20002A60
[t=29,026,727us] task_start_exec    id=0x20016A38
[t=29,026,730us] idle
[t=29,028,637us] task_stop_exec     id=0x20016A38
[t=29,028,640us] task_start_exec    key id=0x20006160
[t=29,028,654us] task_stop_exec     key id=0x20006160
[t=29,028,657us] task_start_exec    id=0x20016A38
[t=29,028,660us] idle
[t=29,029,637us] task_stop_exec     id=0x20016A38
[t=29,029,640us] task_start_exec    ble id=0x200031DC
[t=29,029,659us] task_stop_exec     ble id=0x200031DC
[t=29,029,662us] task_start_exec    id=0x20016A38
[t=29,029,665us] idle
[t=29,034,637us] task_stop_exec     id=0x20016A38
[t=29,034,640us] task_start_exec    ble id=0x200031DC
[t=29,034,658us] task_stop_exec     ble id=0x200031DC
[t=29,034,662us] task_start_exec    id=0x20016A38
[t=29,034,665us] idle
[t=29,036,637us] task_stop_exec     id=0x20016A38
[t=29,036,640us] task_start_exec    ppg id=0x20002A60
[t=29,038,024us] task_stop_exec     ppg id=0x20002A60
[t=29,038,028us] task_start_exec    id=0x20016A38
[t=29,038,031us] idle
[t=29,038,558us] task_stop_exec     id=0x20016A38
[t=29,038,561us] task_start_exec    ppg id=0x20002A60
[t=29,038,581us] task_stop_exec     ppg id=0x20002A60
[t=29,038,584us] task_start_exec    id=0x20016A38
[t=29,038,587us] idle
[t=29,039,637us] task_stop_exec     id=0x20016A38
[t=29,039,640us] task_start_exec    ble id=0x200031DC
[t=29,039,658us] task_stop_exec     ble id=0x200031DC
[t=29,039,661us] task_start_exec    id=0x20016A38
[t=29,039,664us] idle
[t=29,044,637us] task_stop_exec     id=0x20016A38
[t=29,044,640us] task_start_exec    ble id=0x200031DC
[t=29,044,659us] task_stop_exec     ble id=0x200031DC
[t=29,044,662us] task_start_exec    id=0x20016A38
[t=29,044,665us] idle
[t=29,047,637us] task_stop_exec     id=0x20016A38
[t=29,047,640us] task_start_exec    ppg id=0x20002A60
[t=29,049,023us] task_stop_exec     ppg id=0x20002A60
[t=29,049,027us] task_start_exec    key id=0x20006160
[t=29,049,039us] task_stop_exec     key id=0x20006160
[t=29,049,042us] task_start_exec    id=0x20016A38
[t=29,049,045us] idle
[t=29,049,558us] task_stop_exec     id=0x20016A38
[t=29,049,561us] task_start_exec    ppg id=0x20002A60
[t=29,049,581us] task_stop_exec     ppg id=0x20002A60
[t=29,049,584us] task_start_exec    id=0x20016A38
[t=29,049,587us] idle
[t=29,049,637us] task_stop_exec     id=0x20016A38
[t=29,049,640us] task_start_exec    ble id=0x200031DC
[t=29,049,658us] task_stop_exec     ble id=0x200031DC
[t=29,049,661us] task_start_exec    id=0x20016A38
[t=29,049,664us] idle
[t=29,054,637us] task_stop_exec     id=0x20016A38
[t=29,054,640us] task_start_exec    ble id=0x200031DC
[t=29,054,658us] task_stop_exec     ble id=0x200031DC
[t=29,054,662us] task_start_exec    id=0x20016A38
[t=29,054,665us] idle
[t=29,058,637us] task_stop_exec     id=0x20016A38
[t=29,058,640us] task_start_exec    ppg id=0x20002A60
[t=29,059,637us] task_stop_exec     ppg id=0x20002A60
[t=29,059,640us] task_start_exec    ble id=0x200031DC
[t=29,059,658us] task_stop_exec     ble id=0x200031DC
[t=29,059,661us] task_start_exec    ppg id=0x20002A60
[t=29,060,024us] task_stop_exec     ppg id=0x20002A60
[t=29,060,028us] task_start_exec    id=0x20016A38
[t=29,060,031us] idle
[t=29,060,558us] task_stop_exec     id=0x20016A38
[t=29,060,561us] task_start_exec    ppg id=0x20002A60
[t=29,060,582us] task_stop_exec     ppg id=0x20002A60
[t=29,060,585us] task_start_exec    id=0x20016A38
[t=29,060,588us] idle
[t=29,064,637us] task_stop_exec     id=0x20016A38
[t=29,064,640us] task_start_exec    ble id=0x200031DC
[t=29,064,659us] task_stop_exec     ble id=0x200031DC
[t=29,064,662us] task_start_exec    id=0x20016A38
[t=29,064,665us] idle
[t=29,068,637us] task_stop_exec     id=0x20016A38
[t=29,068,640us] task_start_exec    key id=0x20006160
[t=29,068,654us] task_stop_exec     key id=0x20006160
[t=29,068,657us] task_start_exec    id=0x20016A38
[t=29,068,660us] idle
[t=29,069,637us] task_stop_exec     id=0x20016A38
[t=29,069,640us] task_start_exec    ppg id=0x20002A60
[t=29,069,648us] task_stop_exec     ppg id=0x20002A60
[t=29,069,650us] task_start_exec    ble id=0x200031DC
[t=29,069,668us] task_stop_exec     ble id=0x200031DC
[t=29,069,671us] task_start_exec    ppg id=0x20002A60
[t=29,071,054us] task_stop_exec     ppg id=0x20002A60
[t=29,071,057us] task_start_exec    id=0x20016A38
[t=29,071,060us] idle
[t=29,071,588us] task_stop_exec     id=0x20016A38
[t=29,071,591us] task_start_exec    ppg id=0x20002A60
[t=29,071,611us] task_stop_exec     ppg id=0x20002A60
[t=29,071,614us] task_start_exec    id=0x20016A38
[t=29,071,617us] idle
[t=29,074,637us] task_stop_exec     id=0x20016A38
[t=29,074,640us] task_start_exec    ble id=0x200031DC
[t=29,074,658us] task_stop_exec     ble id=0x200031DC
[t=29,074,661us] task_start_exec    id=0x20016A38
[t=29,074,664us] idle
[t=29,079,637us] task_stop_exec     id=0x20016A38
[t=29,079,640us] task_start_exec    ble id=0x200031DC
[t=29,079,658us] task_stop_exec     ble id=0x200031DC
[t=29,079,662us] task_start_exec    id=0x20016A38
[t=29,079,665us] idle
[t=29,080,637us] task_stop_exec     id=0x20016A38
[t=29,080,640us] task_start_exec    ppg id=0x20002A60
[t=29,082,024us] task_stop_exec     ppg id=0x20002A60
[t=29,082,027us] task_start_exec    id=0x20016A38
[t=29,082,030us] idle
[t=29,082,558us] task_stop_exec     id=0x20016A38
[t=29,082,561us] task_start_exec    ppg id=0x20002A60
[t=29,082,581us] task_stop_exec     ppg id=0x20002A60
[t=29,082,584us] task_start_exec    id=0x20016A38
[t=29,082,587us] idle
[t=29,084,637us] task_stop_exec     id=0x20016A38
[t=29,084,640us] task_start_exec    ble id=0x200031DC
[t=29,084,659us] task_stop_exec     ble id=0x200031DC
[t=29,084,662us] task_start_exec    id=0x20016A38
[t=29,084,665us] idle
[t=29,088,637us] task_stop_exec     id=0x20016A38
[t=29,088,640us] task_start_exec    key id=0x20006160
[t=29,088,654us] task_stop_exec     key id=0x20006160
[t=29,088,657us] task_start_exec    id=0x20016A38
[t=29,088,660us] idle
[t=29,089,637us] task_stop_exec     id=0x20016A38
[t=29,089,640us] task_start_exec    ble id=0x200031DC
[t=29,089,659us] task_stop_exec     ble id=0x200031DC
[t=29,089,662us] task_start_exec    id=0x20016A38
[t=29,089,665us] idle
[t=29,091,637us] task_stop_exec     id=0x20016A38
[t=29,091,640us] task_start_exec    ppg id=0x20002A60
[t=29,092,723us] task_stop_exec     ppg id=0x20002A60
[t=29,092,726us] task_start_exec    id=0x20016A38
[t=29,092,729us] idle
[t=29,094,637us] task_stop_exec     id=0x20016A38
[t=29,094,640us] task_start_exec    ble id=0x200031DC
[t=29,094,658us] task_stop_exec     ble id=0x200031DC
[t=29,094,661us] task_start_exec    id=0x20016A38
[t=29,094,664us] idle
[t=29,099,637us] task_stop_exec     id=0x20016A38
[t=29,099,640us] task_start_exec    ble id=0x200031DC
[t=29,099,659us] task_stop_exec     ble id=0x200031DC
[t=29,099,662us] task_start_exec    id=0x20016A38
[t=29,099,665us] idle
[t=29,102,637us] task_stop_exec     id=0x20016A38
[t=29,102,640us] task_start_exec    ppg id=0x20002A60
[t=29,104,024us] task_stop_exec     ppg id=0x20002A60
[t=29,104,027us] task_start_exec    id=0x20016A38
[t=29,104,030us] idle
[t=29,104,558us] task_stop_exec     id=0x20016A38
[t=29,104,561us] task_start_exec    ppg id=0x20002A60
[t=29,104,581us] task_stop_exec     ppg id=0x20002A60
[t=29,104,584us] task_start_exec    id=0x20016A38
[t=29,104,587us] idle
[t=29,104,637us] task_stop_exec     id=0x20016A38
[t=29,104,640us] task_start_exec    ble id=0x200031DC
[t=29,104,658us] task_stop_exec     ble id=0x200031DC
[t=29,104,661us] task_start_exec    id=0x20016A38
[t=29,104,664us] idle
[t=29,108,637us] task_stop_exec     id=0x20016A38
[t=29,108,640us] task_start_exec    key id=0x20006160
[t=29,108,654us] task_stop_exec     key id=0x20006160
[t=29,108,657us] task_start_exec    id=0x20016A38
[t=29,108,660us] idle
[t=29,109,637us] task_stop_exec     id=0x20016A38
[t=29,109,640us] task_start_exec    ble id=0x200031DC
[t=29,109,659us] task_stop_exec     ble id=0x200031DC
[t=29,109,662us] task_start_exec    id=0x20016A38
[t=29,109,665us] idle
[t=29,113,637us] task_stop_exec     id=0x20016A38
[t=29,113,640us] task_start_exec    ppg id=0x20002A60
[t=29,114,637us] task_stop_exec     ppg id=0x20002A60
[t=29,114,640us] task_start_exec    ble id=0x200031DC
[t=29,114,658us] task_stop_exec     ble id=0x200031DC
[t=29,114,661us] task_start_exec    ppg id=0x20002A60
[t=29,115,024us] task_stop_exec     ppg id=0x20002A60
[t=29,115,027us] task_start_exec    id=0x20016A38
[t=29,115,030us] idle
[t=29,115,558us] task_stop_exec     id=0x20016A38
[t=29,115,561us] task_start_exec    ppg id=0x20002A60
[t=29,115,581us] task_stop_exec     ppg id=0x20002A60
[t=29,115,584us] task_start_exec    id=0x20016A38
[t=29,115,587us] idle
[t=29,119,637us] task_stop_exec     id=0x20016A38
[t=29,119,640us] task_start_exec    ble id=0x200031DC
[t=29,119,658us] task_stop_exec     ble id=0x200031DC
[t=29,119,662us] task_start_exec    id=0x20016A38
[t=29,119,665us] idle
[t=29,124,637us] task_stop_exec     id=0x20016A38
[t=29,124,640us] task_start_exec    ppg id=0x20002A60
[t=29,124,648us] task_stop_exec     ppg id=0x20002A60
[t=29,124,650us] task_start_exec    ble id=0x200031DC
[t=29,124,668us] task_stop_exec     ble id=0x200031DC
[t=29,124,671us] task_start_exec    ppg id=0x20002A60
[t=29,126,054us] task_stop_exec     ppg id=0x20002A60
[t=29,126,057us] task_start_exec    id=0x20016A38
[t=29,126,060us] idle
[t=29,126,588us] task_stop_exec     id=0x20016A38
[t=29,126,591us] task_start_exec    ppg id=0x20002A60
[t=29,126,611us] task_stop_exec     ppg id=0x20002A60
[t=29,126,614us] task_start_exec    id=0x20016A38
[t=29,126,617us] idle
[t=29,128,637us] task_stop_exec     id=0x20016A38
[t=29,128,640us] task_start_exec    key id=0x20006160
[t=29,128,654us] task_stop_exec     key id=0x20006160
[t=29,128,657us] task_start_exec    id=0x20016A38
[t=29,128,660us] idle
[t=29,129,637us] task_stop_exec     id=0x20016A38
[t=29,129,640us] task_start_exec    ble id=0x200031DC
[t=29,129,658us] task_stop_exec     ble id=0x200031DC
[t=29,129,661us] task_start_exec    id=0x20016A38
[t=29,129,664us] idle
[t=29,134,637us] task_stop_exec     id=0x20016A38
[t=29,134,640us] task_start_exec    ble id=0x200031DC
[t=29,134,659us] task_stop_exec     ble id=0x200031DC
[t=29,134,662us] task_start_exec    id=0x20016A38
[t=29,134,665us] idle
[t=29,135,637us] task_stop_exec     id=0x20016A38
[t=29,135,640us] task_start_exec    ppg id=0x20002A60
[t=29,137,024us] task_stop_exec     ppg id=0x20002A60
[t=29,137,027us] task_start_exec    id=0x20016A38
[t=29,137,030us] idle
[t=29,137,558us] task_stop_exec     id=0x20016A38
[t=29,137,561us] task_start_exec    ppg id=0x20002A60
[t=29,137,581us] task_stop_exec     ppg id=0x20002A60
[t=29,137,584us] task_start_exec    id=0x20016A38
[t=29,137,587us] idle
[t=29,139,637us] task_stop_exec     id=0x20016A38
[t=29,139,640us] task_start_exec    ble id=0x200031DC
[t=29,139,658us] task_stop_exec     ble id=0x200031DC
[t=29,139,661us] task_start_exec    id=0x20016A38
[t=29,139,664us] idle
[t=29,144,637us] task_stop_exec     id=0x20016A38
[t=29,144,640us] task_start_exec    ble id=0x200031DC
[t=29,144,659us] task_stop_exec     ble id=0x200031DC
[t=29,144,662us] task_start_exec    id=0x20016A38
[t=29,144,665us] idle
[t=29,146,637us] task_stop_exec     id=0x20016A38
[t=29,146,640us] task_start_exec    ppg id=0x20002A60
[t=29,147,724us] task_stop_exec     ppg id=0x20002A60
[t=29,147,727us] task_start_exec    id=0x20016A38
[t=29,147,730us] idle
[t=29,148,637us] task_stop_exec     id=0x20016A38
[t=29,148,640us] task_start_exec    key id=0x20006160
[t=29,148,654us] task_stop_exec     key id=0x20006160
[t=29,148,657us] task_start_exec    id=0x20016A38
[t=29,148,660us] idle
[t=29,149,637us] task_stop_exec     id=0x20016A38
[t=29,149,640us] task_start_exec    ble id=0x200031DC
[t=29,149,658us] task_stop_exec     ble id=0x200031DC
[t=29,149,661us] task_start_exec    id=0x20016A38
[t=29,149,664us] idle
[t=29,154,637us] task_stop_exec     id=0x20016A38
[t=29,154,640us] task_start_exec    ble id=0x200031DC
[t=29,154,658us] task_stop_exec     ble id=0x200031DC
[t=29,154,662us] task_start_exec    id=0x20016A38
[t=29,154,665us] idle
[t=29,157,637us] task_stop_exec     id=0x20016A38
[t=29,157,640us] task_start_exec    ppg id=0x20002A60
[t=29,159,024us] task_stop_exec     ppg id=0x20002A60
[t=29,159,027us] task_start_exec    id=0x20016A38
[t=29,159,030us] idle
[t=29,159,637us] task_stop_exec     id=0x20016A38
[t=29,159,640us] task_start_exec    ble id=0x200031DC
[t=29,159,658us] task_stop_exec     ble id=0x200031DC
[t=29,159,661us] task_start_exec    id=0x20016A38
[t=29,159,664us] idle
[t=29,159,828us] task_stop_exec     id=0x20016A38
[t=29,159,831us] task_start_exec    ppg id=0x20002A60
[t=29,159,852us] task_stop_exec     ppg id=0x20002A60
[t=29,159,855us] task_start_exec    id=0x20016A38
[t=29,159,858us] idle
[t=29,164,637us] task_stop_exec     id=0x20016A38
[t=29,164,640us] task_start_exec    ble id=0x200031DC
[t=29,164,659us] task_stop_exec     ble id=0x200031DC
[t=29,164,662us] task_start_exec    id=0x20016A38
[t=29,164,665us] idle
[t=29,168,637us] task_stop_exec     id=0x20016A38
[t=29,168,640us] task_start_exec    key id=0x20006160
[t=29,168,654us] task_stop_exec     key id=0x20006160
[t=29,168,657us] task_start_exec    id=0x20016A38
[t=29,168,660us] idle
[t=29,169,637us] task_stop_exec     id=0x20016A38
[t=29,169,640us] task_start_exec    ppg id=0x20002A60
[t=29,169,648us] task_stop_exec     ppg id=0x20002A60
[t=29,169,651us] task_start_exec    ble id=0x200031DC
[t=29,169,669us] task_stop_exec     ble id=0x200031DC
[t=29,169,672us] task_start_exec    ppg id=0x20002A60
[t=29,170,754us] task_stop_exec     ppg id=0x20002A60
[t=29,170,757us] task_start_exec    id=0x20016A38
[t=29,170,760us] idle
[t=29,174,637us] task_stop_exec     id=0x20016A38
[t=29,174,640us] task_start_exec    ble id=0x200031DC
[t=29,174,658us] task_stop_exec     ble id=0x200031DC
[t=29,174,661us] task_start_exec    id=0x20016A38
[t=29,174,664us] idle
[t=29,179,637us] task_stop_exec     id=0x20016A38
[t=29,179,640us] task_start_exec    ble id=0x200031DC
[t=29,179,658us] task_stop_exec     ble id=0x200031DC
[t=29,179,662us] task_start_exec    id=0x20016A38
[t=29,179,665us] idle
[t=29,180,637us] task_stop_exec     id=0x20016A38
[t=29,180,640us] task_start_exec    ppg id=0x20002A60
[t=29,182,024us] task_stop_exec     ppg id=0x20002A60
[t=29,182,028us] task_start_exec    id=0x20016A38
[t=29,182,031us] idle
[t=29,182,828us] task_stop_exec     id=0x20016A38
[t=29,182,831us] task_start_exec    ppg id=0x20002A60
[t=29,182,854us] task_stop_exec     ppg id=0x20002A60
[t=29,182,857us] task_start_exec    id=0x20016A38
[t=29,182,860us] idle
[t=29,184,637us] task_stop_exec     id=0x20016A38
[t=29,184,640us] task_start_exec    ble id=0x200031DC
[t=29,184,659us] task_stop_exec     ble id=0x200031DC
[t=29,184,662us] task_start_exec    id=0x20016A38
[t=29,184,665us] idle
[t=29,188,637us] task_stop_exec     id=0x20016A38
[t=29,188,640us] task_start_exec    key id=0x20006160
[t=29,188,654us] task_stop_exec     key id=0x20006160
[t=29,188,657us] task_start_exec    id=0x20016A38
[t=29,188,660us] idle
[t=29,189,637us] task_stop_exec     id=0x20016A38
[t=29,189,640us] task_start_exec    ble id=0x200031DC
[t=29,189,659us] task_stop_exec     ble id=0x200031DC
[t=29,189,662us] task_start_exec    id=0x20016A38
[t=29,189,665us] idle
[t=29,192,637us] task_stop_exec     id=0x20016A38
[t=29,192,640us] task_start_exec    ppg id=0x20002A60
[t=29,194,024us] task_stop_exec     ppg id=0x20002A60
[t=29,194,027us] task_start_exec    id=0x20016A38
[t=29,194,030us] idle
[t=29,194,558us] task_stop_exec     id=0x20016A38
[t=29,194,561us] task_start_exec    ppg id=0x20002A60
[t=29,194,581us] task_stop_exec     ppg id=0x20002A60
[t=29,194,584us] task_start_exec    id=0x20016A38
[t=29,194,587us] idle
[t=29,194,637us] task_stop_exec     id=0x20016A38
[t=29,194,640us] task_start_exec    ble id=0x200031DC
[t=29,194,658us] task_stop_exec     ble id=0x200031DC
[t=29,194,661us] task_start_exec    id=0x20016A38
[t=29,194,664us] idle
[t=29,199,637us] task_stop_exec     id=0x20016A38
[t=29,199,640us] task_start_exec    ble id=0x200031DC
[t=29,199,658us] task_stop_exec     ble id=0x200031DC
[t=29,199,662us] task_start_exec    id=0x20016A38
[t=29,199,665us] idle
[t=29,203,637us] task_stop_exec     id=0x20016A38
[t=29,203,640us] task_start_exec    ppg id=0x20002A60
[t=29,204,637us] task_stop_exec     ppg id=0x20002A60
[t=29,204,640us] task_start_exec    ble id=0x200031DC
[t=29,204,658us] task_stop_exec     ble id=0x200031DC
[t=29,204,661us] task_start_exec    ppg id=0x20002A60
[t=29,205,024us] task_stop_exec     ppg id=0x20002A60
[t=29,205,027us] task_start_exec    id=0x20016A38
[t=29,205,030us] idle
[t=29,205,558us] task_stop_exec     id=0x20016A38
[t=29,205,561us] task_start_exec    ppg id=0x20002A60
[t=29,205,581us] task_stop_exec     ppg id=0x20002A60
[t=29,205,584us] task_start_exec    id=0x20016A38
[t=29,205,587us] idle
[t=29,208,637us] task_stop_exec     id=0x20016A38
[t=29,208,640us] task_start_exec    key id=0x20006160
[t=29,208,654us] task_stop_exec     key id=0x20006160
[t=29,208,657us] task_start_exec    id=0x20016A38
[t=29,208,660us] idle
[t=29,209,637us] task_stop_exec     id=0x20016A38
[t=29,209,640us] task_start_exec    ble id=0x200031DC
[t=29,209,659us] task_stop_exec     ble id=0x200031DC
[t=29,209,662us] task_start_exec    id=0x20016A38
[t=29,209,665us] idle
[t=29,214,637us] task_stop_exec     id=0x20016A38
[t=29,214,640us] task_start_exec    ppg id=0x20002A60
[t=29,214,648us] task_stop_exec     ppg id=0x20002A60
[t=29,214,650us] task_start_exec    ble id=0x200031DC
[t=29,214,668us] task_stop_exec     ble id=0x200031DC
[t=29,214,671us] task_start_exec    ppg id=0x20002A60
[t=29,216,054us] task_stop_exec     ppg id=0x20002A60
[t=29,216,057us] task_start_exec    id=0x20016A38
[t=29,216,060us] idle
[t=29,216,588us] task_stop_exec     id=0x20016A38
[t=29,216,591us] task_start_exec    ppg id=0x20002A60
[t=29,216,611us] task_stop_exec     ppg id=0x20002A60
[t=29,216,614us] task_start_exec    id=0x20016A38
[t=29,216,617us] idle
[t=29,219,637us] task_stop_exec     id=0x20016A38
[t=29,219,640us] task_start_exec    ble id=0x200031DC
[t=29,219,658us] task_stop_exec     ble id=0x200031DC
[t=29,219,661us] task_start_exec    id=0x20016A38
[t=29,219,664us] idle
[t=29,224,637us] task_stop_exec     id=0x20016A38
[t=29,224,640us] task_start_exec    ble id=0x200031DC
[t=29,224,659us] task_stop_exec     ble id=0x200031DC
[t=29,224,662us] task_start_exec    id=0x20016A38
[t=29,224,665us] idle
[t=29,225,637us] task_stop_exec     id=0x20016A38
[t=29,225,640us] task_start_exec    ppg id=0x20002A60
[t=29,226,723us] task_stop_exec     ppg id=0x20002A60
[t=29,226,726us] task_start_exec    id=0x20016A38
[t=29,226,729us] idle
[t=29,228,637us] task_stop_exec     id=0x20016A38
[t=29,228,640us] task_start_exec    key id=0x20006160
[t=29,228,654us] task_stop_exec     key id=0x20006160
[t=29,228,657us] task_start_exec    id=0x20016A38
[t=29,228,660us] idle
[t=29,229,637us] task_stop_exec     id=0x20016A38
[t=29,229,640us] task_start_exec    ble id=0x200031DC
[t=29,229,658us] task_stop_exec     ble id=0x200031DC
[t=29,229,661us] task_start_exec    id=0x20016A38
[t=29,229,664us] idle
[t=29,234,637us] task_stop_exec     id=0x20016A38
[t=29,234,640us] task_start_exec    ble id=0x200031DC
[t=29,234,658us] task_stop_exec     ble id=0x200031DC
[t=29,234,662us] task_start_exec    id=0x20016A38
[t=29,234,665us] idle
[t=29,236,637us] task_stop_exec     id=0x20016A38
[t=29,236,640us] task_start_exec    ppg id=0x20002A60
[t=29,238,024us] task_stop_exec     ppg id=0x20002A60
[t=29,238,028us] task_start_exec    id=0x20016A38
[t=29,238,031us] idle
[t=29,238,558us] task_stop_exec     id=0x20016A38
[t=29,238,561us] task_start_exec    ppg id=0x20002A60
[t=29,238,582us] task_stop_exec     ppg id=0x20002A60
[t=29,238,585us] task_start_exec    id=0x20016A38
[t=29,238,588us] idle
[t=29,239,637us] task_stop_exec     id=0x20016A38
[t=29,239,640us] task_start_exec    ble id=0x200031DC
[t=29,239,658us] task_stop_exec     ble id=0x200031DC
[t=29,239,661us] task_start_exec    id=0x20016A38
[t=29,239,664us] idle
[t=29,244,637us] task_stop_exec     id=0x20016A38
[t=29,244,640us] task_start_exec    ble id=0x200031DC
[t=29,244,659us] task_stop_exec     ble id=0x200031DC
[t=29,244,662us] task_start_exec    id=0x20016A38
[t=29,244,665us] idle
[t=29,247,637us] task_stop_exec     id=0x20016A38
[t=29,247,640us] task_start_exec    ppg id=0x20002A60
[t=29,249,024us] task_stop_exec     ppg id=0x20002A60
[t=29,249,027us] task_start_exec    key id=0x20006160
[t=29,249,040us] task_stop_exec     key id=0x20006160
[t=29,249,043us] task_start_exec    id=0x20016A38
[t=29,249,046us] idle
[t=29,249,558us] task_stop_exec     id=0x20016A38
[t=29,249,561us] task_start_exec    ppg id=0x20002A60
[t=29,249,582us] task_stop_exec     ppg id=0x20002A60
[t=29,249,585us] task_start_exec    id=0x20016A38
[t=29,249,588us] idle
[t=29,249,637us] task_stop_exec     id=0x20016A38
[t=29,249,640us] task_start_exec    ble id=0x200031DC
[t=29,249,658us] task_stop_exec     ble id=0x200031DC
[t=29,249,661us] task_start_exec    id=0x20016A38
[t=29,249,664us] idle
[t=29,254,637us] task_stop_exec     id=0x20016A38
[t=29,254,640us] task_start_exec    ble id=0x200031DC
[t=29,254,658us] task_stop_exec     ble id=0x200031DC
[t=29,254,662us] task_start_exec    id=0x20016A38
[t=29,254,665us] idle
[t=29,258,637us] task_stop_exec     id=0x20016A38
[t=29,258,640us] task_start_exec    ppg id=0x20002A60
[t=29,259,637us] task_stop_exec     ppg id=0x20002A60
[t=29,259,640us] task_start_exec    ble id=0x200031DC
[t=29,259,658us] task_stop_exec     ble id=0x200031DC
[t=29,259,661us] task_start_exec    ppg id=0x20002A60
[t=29,260,024us] task_stop_exec     ppg id=0x20002A60
[t=29,260,027us] task_start_exec    id=0x20016A38
[t=29,260,030us] idle
[t=29,260,558us] task_stop_exec     id=0x20016A38
[t=29,260,561us] task_start_exec    ppg id=0x20002A60
[t=29,260,581us] task_stop_exec     ppg id=0x20002A60
[t=29,260,584us] task_start_exec    id=0x20016A38
[t=29,260,587us] idle
[t=29,264,637us] task_stop_exec     id=0x20016A38
[t=29,264,640us] task_start_exec    ble id=0x200031DC
[t=29,264,659us] task_stop_exec     ble id=0x200031DC
[t=29,264,662us] task_start_exec    id=0x20016A38
[t=29,264,665us] idle
[t=29,268,637us] task_stop_exec     id=0x20016A38
[t=29,268,640us] task_start_exec    key id=0x20006160
[t=29,268,654us] task_stop_exec     key id=0x20006160
[t=29,268,657us] task_start_exec    id=0x20016A38
[t=29,268,660us] idle
[t=29,269,637us] task_stop_exec     id=0x20016A38
[t=29,269,640us] task_start_exec    ppg id=0x20002A60
[t=29,269,648us] task_stop_exec     ppg id=0x20002A60
[t=29,269,650us] task_start_exec    ble id=0x200031DC
[t=29,269,668us] task_stop_exec     ble id=0x200031DC
[t=29,269,671us] task_start_exec    ppg id=0x20002A60
[t=29,271,055us] task_stop_exec     ppg id=0x20002A60
[t=29,271,058us] task_start_exec    id=0x20016A38
[t=29,271,061us] idle
[t=29,271,588us] task_stop_exec     id=0x20016A38
[t=29,271,592us] task_start_exec    ppg id=0x20002A60
[t=29,271,612us] task_stop_exec     ppg id=0x20002A60
[t=29,271,615us] task_start_exec    id=0x20016A38
[t=29,271,618us] idle
[t=29,274,637us] task_stop_exec     id=0x20016A38
[t=29,274,640us] task_start_exec    ble id=0x200031DC
[t=29,274,658us] task_stop_exec     ble id=0x200031DC
[t=29,274,661us] task_start_exec    id=0x20016A38
[t=29,274,664us] idle
[t=29,279,637us] task_stop_exec     id=0x20016A38
[t=29,279,640us] task_start_exec    ble id=0x200031DC
[t=29,279,658us] task_stop_exec     ble id=0x200031DC
[t=29,279,662us] task_start_exec    id=0x20016A38
[t=29,279,664us] idle
[t=29,280,637us] task_stop_exec     id=0x20016A38
[t=29,280,640us] task_start_exec    ppg id=0x20002A60
[t=29,282,024us] task_stop_exec     ppg id=0x20002A60
[t=29,282,028us] task_start_exec    id=0x20016A38
[t=29,282,031us] idle
[t=29,282,558us] task_stop_exec     id=0x20016A38
[t=29,282,561us] task_start_exec    ppg id=0x20002A60
[t=29,282,582us] task_stop_exec     ppg id=0x20002A60
[t=29,282,585us] task_start_exec    id=0x20016A38
[t=29,282,588us] idle
[t=29,284,637us] task_stop_exec     id=0x20016A38
[t=29,284,640us] task_start_exec    ble id=0x200031DC
[t=29,284,659us] task_stop_exec     ble id=0x200031DC
[t=29,284,662us] task_start_exec    id=0x20016A38
[t=29,284,665us] idle
[t=29,288,637us] task_stop_exec     id=0x20016A38
[t=29,288,640us] task_start_exec    key id=0x20006160
[t=29,288,654us] task_stop_exec     key id=0x20006160
[t=29,288,657us] task_start_exec    id=0x20016A38
[t=29,288,660us] idle
[t=29,289,637us] task_stop_exec     id=0x20016A38
[t=29,289,640us] task_start_exec    ble id=0x200031DC
[t=29,289,659us] task_stop_exec     ble id=0x200031DC
[t=29,289,662us] task_start_exec    id=0x20016A38
[t=29,289,665us] idle
[t=29,291,637us] task_stop_exec     id=0x20016A38
[t=29,291,640us] task_start_exec    ppg id=0x20002A60
[t=29,292,724us] task_stop_exec     ppg id=0x20002A60
[t=29,292,727us] task_start_exec    id=0x20016A38
[t=29,292,730us] idle
[t=29,294,637us] task_stop_exec     id=0x20016A38
[t=29,294,640us] task_start_exec    ble id=0x200031DC
[t=29,294,658us] task_stop_exec     ble id=0x200031DC
[t=29,294,661us] task_start_exec    id=0x20016A38
[t=29,294,664us] idle
[t=29,299,637us] task_stop_exec     id=0x20016A38
[t=29,299,640us] task_start_exec    ble id=0x200031DC
[t=29,299,658us] task_stop_exec     ble id=0x200031DC
[t=29,299,661us] task_start_exec    id=0x20016A38
[t=29,299,664us] idle
[t=29,302,637us] task_stop_exec     id=0x20016A38
[t=29,302,640us] task_start_exec    ppg id=0x20002A60
[t=29,304,024us] task_stop_exec     ppg id=0x20002A60
[t=29,304,028us] task_start_exec    id=0x20016A38
[t=29,304,031us] idle
[t=29,304,558us] task_stop_exec     id=0x20016A38
[t=29,304,561us] task_start_exec    ppg id=0x20002A60
[t=29,304,582us] task_stop_exec     ppg id=0x20002A60
[t=29,304,585us] task_start_exec    id=0x20016A38
[t=29,304,588us] idle
[t=29,304,637us] task_stop_exec     id=0x20016A38
[t=29,304,640us] task_start_exec    ble id=0x200031DC
[t=29,304,658us] task_stop_exec     ble id=0x200031DC
[t=29,304,661us] task_start_exec    id=0x20016A38
[t=29,304,664us] idle
[t=29,308,637us] task_stop_exec     id=0x20016A38
[t=29,308,640us] task_start_exec    key id=0x20006160
[t=29,308,654us] task_stop_exec     key id=0x20006160
[t=29,308,657us] task_start_exec    id=0x20016A38
[t=29,308,660us] idle
[t=29,309,637us] task_stop_exec     id=0x20016A38
[t=29,309,640us] task_start_exec    ble id=0x200031DC
[t=29,309,659us] task_stop_exec     ble id=0x200031DC
[t=29,309,662us] task_start_exec    id=0x20016A38
[t=29,309,665us] idle
[t=29,313,637us] task_stop_exec     id=0x20016A38
[t=29,313,640us] task_start_exec    ppg id=0x20002A60
[t=29,314,637us] task_stop_exec     ppg id=0x20002A60
[t=29,314,640us] task_start_exec    ble id=0x200031DC
[t=29,314,658us] task_stop_exec     ble id=0x200031DC
[t=29,314,661us] task_start_exec    ppg id=0x20002A60
[t=29,315,024us] task_stop_exec     ppg id=0x20002A60
[t=29,315,028us] task_start_exec    id=0x20016A38
[t=29,315,030us] idle
[t=29,315,558us] task_stop_exec     id=0x20016A38
[t=29,315,561us] task_start_exec    ppg id=0x20002A60
[t=29,315,581us] task_stop_exec     ppg id=0x20002A60
[t=29,315,585us] task_start_exec    id=0x20016A38
[t=29,315,588us] idle
[t=29,319,637us] task_stop_exec     id=0x20016A38
[t=29,319,640us] task_start_exec    ble id=0x200031DC
[t=29,319,658us] task_stop_exec     ble id=0x200031DC
[t=29,319,662us] task_start_exec    id=0x20016A38
[t=29,319,665us] idle
[t=29,324,637us] task_stop_exec     id=0x20016A38
[t=29,324,640us] task_start_exec    ppg id=0x20002A60
[t=29,324,648us] task_stop_exec     ppg id=0x20002A60
[t=29,324,650us] task_start_exec    ble id=0x200031DC
[t=29,324,668us] task_stop_exec     ble id=0x200031DC
[t=29,324,671us] task_start_exec    ppg id=0x20002A60
[t=29,326,054us] task_stop_exec     ppg id=0x20002A60
[t=29,326,058us] task_start_exec    id=0x20016A38
[t=29,326,061us] idle
[t=29,326,588us] task_stop_exec     id=0x20016A38
[t=29,326,591us] task_start_exec    ppg id=0x20002A60
[t=29,326,612us] task_stop_exec     ppg id=0x20002A60
[t=29,326,615us] task_start_exec    id=0x20016A38
[t=29,326,618us] idle
[t=29,328,637us] task_stop_exec     id=0x20016A38
[t=29,328,640us] task_start_exec    key id=0x20006160
[t=29,328,654us] task_stop_exec     key id=0x20006160
[t=29,328,657us] task_start_exec    id=0x20016A38
[t=29,328,660us] idle
[t=29,329,637us] task_stop_exec     id=0x20016A38
[t=29,329,640us] task_start_exec    ble id=0x200031DC
[t=29,329,658us] task_stop_exec     ble id=0x200031DC
[t=29,329,661us] task_start_exec    id=0x20016A38
[t=29,329,664us] idle
[t=29,334,637us] task_stop_exec     id=0x20016A38
[t=29,334,640us] task_start_exec    ble id=0x200031DC
[t=29,334,658us] task_stop_exec     ble id=0x200031DC
[t=29,334,661us] task_start_exec    id=0x20016A38
[t=29,334,664us] idle
[t=29,335,637us] task_stop_exec     id=0x20016A38
[t=29,335,640us] task_start_exec    ppg id=0x20002A60
[t=29,337,024us] task_stop_exec     ppg id=0x20002A60
[t=29,337,027us] task_start_exec    id=0x20016A38
[t=29,337,030us] idle
[t=29,337,558us] task_stop_exec     id=0x20016A38
[t=29,337,561us] task_start_exec    ppg id=0x20002A60
[t=29,337,581us] task_stop_exec     ppg id=0x20002A60
[t=29,337,584us] task_start_exec    id=0x20016A38
[t=29,337,587us] idle
[t=29,339,637us] task_stop_exec     id=0x20016A38
[t=29,339,640us] task_start_exec    ble id=0x200031DC
[t=29,339,658us] task_stop_exec     ble id=0x200031DC
[t=29,339,661us] task_start_exec    id=0x20016A38
[t=29,339,664us] idle
[t=29,344,637us] task_stop_exec     id=0x20016A38
[t=29,344,640us] task_start_exec    ble id=0x200031DC
[t=29,344,659us] task_stop_exec     ble id=0x200031DC
[t=29,344,662us] task_start_exec    id=0x20016A38
[t=29,344,665us] idle
[t=29,346,637us] task_stop_exec     id=0x20016A38
[t=29,346,640us] task_start_exec    ppg id=0x20002A60
[t=29,348,024us] task_stop_exec     ppg id=0x20002A60
[t=29,348,028us] task_start_exec    id=0x20016A38
[t=29,348,031us] idle
[t=29,348,558us] task_stop_exec     id=0x20016A38
[t=29,348,561us] task_start_exec    ppg id=0x20002A60
[t=29,348,582us] task_stop_exec     ppg id=0x20002A60
[t=29,348,585us] task_start_exec    id=0x20016A38
[t=29,348,588us] idle
[t=29,348,637us] task_stop_exec     id=0x20016A38
[t=29,348,640us] task_start_exec    key id=0x20006160
[t=29,348,654us] task_stop_exec     key id=0x20006160
[t=29,348,657us] task_start_exec    id=0x20016A38
[t=29,348,660us] idle
[t=29,349,637us] task_stop_exec     id=0x20016A38
[t=29,349,640us] task_start_exec    ble id=0x200031DC
[t=29,349,658us] task_stop_exec     ble id=0x200031DC
[t=29,349,661us] task_start_exec    id=0x20016A38
[t=29,349,664us] idle
[t=29,354,637us] task_stop_exec     id=0x20016A38
[t=29,354,640us] task_start_exec    ble id=0x200031DC
[t=29,354,658us] task_stop_exec     ble id=0x200031DC
[t=29,354,662us] task_start_exec    id=0x20016A38
[t=29,354,665us] idle
[t=29,357,637us] task_stop_exec     id=0x20016A38
[t=29,357,640us] task_start_exec    ppg id=0x20002A60
[t=29,358,723us] task_stop_exec     ppg id=0x20002A60
[t=29,358,726us] task_start_exec    id=0x20016A38
[t=29,358,729us] idle
[t=29,359,637us] task_stop_exec     id=0x20016A38
[t=29,359,640us] task_start_exec    ble id=0x200031DC
[t=29,359,658us] task_stop_exec     ble id=0x200031DC
[t=29,359,661us] task_start_exec    id=0x20016A38
[t=29,359,664us] idle
[t=29,364,637us] task_stop_exec     id=0x20016A38
[t=29,364,640us] task_start_exec    ble id=0x200031DC
[t=29,364,659us] task_stop_exec     ble id=0x200031DC
[t=29,364,662us] task_start_exec    id=0x20016A38
[t=29,364,665us] idle
[t=29,368,637us] task_stop_exec     id=0x20016A38
[t=29,368,640us] task_start_exec    key id=0x20006160
[t=29,368,648us] task_stop_exec     key id=0x20006160
[t=29,368,650us] task_start_exec    ppg id=0x20002A60
[t=29,369,637us] task_stop_exec     ppg id=0x20002A60
[t=29,369,640us] task_start_exec    ble id=0x200031DC
[t=29,369,658us] task_stop_exec     ble id=0x200031DC
[t=29,369,661us] task_start_exec    ppg id=0x20002A60
[t=29,370,034us] task_stop_exec     ppg id=0x20002A60
[t=29,370,037us] task_start_exec    key id=0x20006160
[t=29,370,050us] task_stop_exec     key id=0x20006160
[t=29,370,053us] task_start_exec    id=0x20016A38
[t=29,370,056us] idle
[t=29,370,568us] task_stop_exec     id=0x20016A38
[t=29,370,572us] task_start_exec    ppg id=0x20002A60
[t=29,370,592us] task_stop_exec     ppg id=0x20002A60
[t=29,370,595us] task_start_exec    id=0x20016A38
[t=29,370,598us] idle
[t=29,374,637us] task_stop_exec     id=0x20016A38
[t=29,374,640us] task_start_exec    ble id=0x200031DC
[t=29,374,659us] task_stop_exec     ble id=0x200031DC
[t=29,374,662us] task_start_exec    id=0x20016A38
[t=29,374,665us] idle
[t=29,379,637us] task_stop_exec     id=0x20016A38
[t=29,379,640us] task_start_exec    ppg id=0x20002A60
[t=29,379,648us] task_stop_exec     ppg id=0x20002A60
[t=29,379,650us] task_start_exec    ble id=0x200031DC
[t=29,379,668us] task_stop_exec     ble id=0x200031DC
[t=29,379,671us] task_start_exec    ppg id=0x20002A60
[t=29,381,054us] task_stop_exec     ppg id=0x20002A60
[t=29,381,057us] task_start_exec    id=0x20016A38
[t=29,381,060us] idle
[t=29,381,587us] task_stop_exec     id=0x20016A38
[t=29,381,590us] task_start_exec    ppg id=0x20002A60
[t=29,381,611us] task_stop_exec     ppg id=0x20002A60
[t=29,381,614us] task_start_exec    id=0x20016A38
[t=29,381,617us] idle
[t=29,384,637us] task_stop_exec     id=0x20016A38
[t=29,384,640us] task_start_exec    ble id=0x200031DC
[t=29,384,658us] task_stop_exec     ble id=0x200031DC
[t=29,384,662us] task_start_exec    id=0x20016A38
[t=29,384,665us] idle
[t=29,389,637us] task_stop_exec     id=0x20016A38
[t=29,389,640us] task_start_exec    key id=0x20006160
[t=29,389,648us] task_stop_exec     key id=0x20006160
[t=29,389,650us] task_start_exec    ble id=0x200031DC
[t=29,389,668us] task_stop_exec     ble id=0x200031DC
[t=29,389,671us] task_start_exec    key id=0x20006160
[t=29,389,684us] task_stop_exec     key id=0x20006160
[t=29,389,687us] task_start_exec    id=0x20016A38
[t=29,389,690us] idle
[t=29,390,637us] task_stop_exec     id=0x20016A38
[t=29,390,640us] task_start_exec    ppg id=0x20002A60
[t=29,392,024us] task_stop_exec     ppg id=0x20002A60
[t=29,392,027us] task_start_exec    id=0x20016A38
[t=29,392,030us] idle
[t=29,392,558us] task_stop_exec     id=0x20016A38
[t=29,392,561us] task_start_exec    ppg id=0x20002A60
[t=29,392,581us] task_stop_exec     ppg id=0x20002A60
[t=29,392,584us] task_start_exec    id=0x20016A38
[t=29,392,587us] idle
[t=29,394,637us] task_stop_exec     id=0x20016A38
[t=29,394,640us] task_start_exec    ble id=0x200031DC
[t=29,394,658us] task_stop_exec     ble id=0x200031DC
[t=29,394,661us] task_start_exec    id=0x20016A38
[t=29,394,664us] idle
[t=29,399,637us] task_stop_exec     id=0x20016A38
[t=29,399,640us] task_start_exec    ble id=0x200031DC
[t=29,399,658us] task_stop_exec     ble id=0x200031DC
[t=29,399,662us] task_start_exec    id=0x20016A38
[t=29,399,665us] idle
[t=29,401,637us] task_stop_exec     id=0x20016A38
[t=29,401,640us] task_start_exec    ppg id=0x20002A60
[t=29,403,024us] task_stop_exec     ppg id=0x20002A60
[t=29,403,027us] task_start_exec    id=0x20016A38
[t=29,403,030us] idle
[t=29,403,558us] task_stop_exec     id=0x20016A38
[t=29,403,561us] task_start_exec    ppg id=0x20002A60
[t=29,403,581us] task_stop_exec     ppg id=0x20002A60
[t=29,403,584us] task_start_exec    id=0x20016A38
[t=29,403,587us] idle
[t=29,404,637us] task_stop_exec     id=0x20016A38
[t=29,404,640us] task_start_exec    ble id=0x200031DC
[t=29,404,658us] task_stop_exec     ble id=0x200031DC
[t=29,404,662us] task_start_exec    id=0x20016A38
[t=29,404,665us] idle
[t=29,409,637us] task_stop_exec     id=0x20016A38
[t=29,409,640us] task_start_exec    key id=0x20006160
[t=29,409,648us] task_stop_exec     key id=0x20006160
[t=29,409,650us] task_start_exec    ble id=0x200031DC
[t=29,409,668us] task_stop_exec     ble id=0x200031DC
[t=29,409,671us] task_start_exec    key id=0x20006160
[t=29,409,684us] task_stop_exec     key id=0x20006160
[t=29,409,687us] task_start_exec    id=0x20016A38
[t=29,409,690us] idle
[t=29,412,637us] task_stop_exec     id=0x20016A38
[t=29,412,640us] task_start_exec    ppg id=0x20002A60
[t=29,413,723us] task_stop_exec     ppg id=0x20002A60
[t=29,413,726us] task_start_exec    id=0x20016A38
[t=29,413,729us] idle
[t=29,414,637us] task_stop_exec     id=0x20016A38
[t=29,414,640us] task_start_exec    ble id=0x200031DC
[t=29,414,658us] task_stop_exec     ble id=0x200031DC
[t=29,414,661us] task_start_exec    id=0x20016A38
[t=29,414,664us] idle
[t=29,419,637us] task_stop_exec     id=0x20016A38
[t=29,419,640us] task_start_exec    ble id=0x200031DC
[t=29,419,658us] task_stop_exec     ble id=0x200031DC
[t=29,419,662us] task_start_exec    id=0x20016A38
[t=29,419,665us] idle
[t=29,423,637us] task_stop_exec     id=0x20016A38
[t=29,423,640us] task_start_exec    ppg id=0x20002A60
[t=29,424,637us] task_stop_exec     ppg id=0x20002A60
[t=29,424,640us] task_start_exec    ble id=0x200031DC
[t=29,424,658us] task_stop_exec     ble id=0x200031DC
[t=29,424,661us] task_start_exec    ppg id=0x20002A60
[t=29,425,024us] task_stop_exec     ppg id=0x20002A60
[t=29,425,027us] task_start_exec    id=0x20016A38
[t=29,425,030us] idle
[t=29,425,828us] task_stop_exec     id=0x20016A38
[t=29,425,831us] task_start_exec    ppg id=0x20002A60
[t=29,425,852us] task_stop_exec     ppg id=0x20002A60
[t=29,425,855us] task_start_exec    id=0x20016A38
[t=29,425,858us] idle
[t=29,429,637us] task_stop_exec     id=0x20016A38
[t=29,429,640us] task_start_exec    key id=0x20006160
[t=29,429,648us] task_stop_exec     key id=0x20006160
[t=29,429,650us] task_start_exec    ble id=0x200031DC
[t=29,429,668us] task_stop_exec     ble id=0x200031DC
[t=29,429,671us] task_start_exec    key id=0x20006160
[t=29,429,684us] task_stop_exec     key id=0x20006160
[t=29,429,687us] task_start_exec    id=0x20016A38
[t=29,429,690us] idle
[t=29,434,637us] task_stop_exec     id=0x20016A38
[t=29,434,640us] task_start_exec    ble id=0x200031DC
[t=29,434,659us] task_stop_exec     ble id=0x200031DC
[t=29,434,662us] task_start_exec    id=0x20016A38
[t=29,434,665us] idle
[t=29,435,637us] task_stop_exec     id=0x20016A38
[t=29,435,640us] task_start_exec    ppg id=0x20002A60
[t=29,436,724us] task_stop_exec     ppg id=0x20002A60
[t=29,436,727us] task_start_exec    id=0x20016A38
[t=29,436,730us] idle
[t=29,439,637us] task_stop_exec     id=0x20016A38
[t=29,439,640us] task_start_exec    ble id=0x200031DC
[t=29,439,658us] task_stop_exec     ble id=0x200031DC
[t=29,439,661us] task_start_exec    id=0x20016A38
[t=29,439,664us] idle
[t=29,444,637us] task_stop_exec     id=0x20016A38
[t=29,444,640us] task_start_exec    ble id=0x200031DC
[t=29,444,658us] task_stop_exec     ble id=0x200031DC
[t=29,444,662us] task_start_exec    id=0x20016A38
[t=29,444,665us] idle
[t=29,446,637us] task_stop_exec     id=0x20016A38
[t=29,446,640us] task_start_exec    ppg id=0x20002A60
[t=29,448,024us] task_stop_exec     ppg id=0x20002A60
[t=29,448,028us] task_start_exec    id=0x20016A38
[t=29,448,031us] idle
[t=29,448,828us] task_stop_exec     id=0x20016A38
[t=29,448,831us] task_start_exec    ppg id=0x20002A60
[t=29,448,854us] task_stop_exec     ppg id=0x20002A60
[t=29,448,857us] task_start_exec    id=0x20016A38
[t=29,448,860us] idle
[t=29,449,637us] task_stop_exec     id=0x20016A38
[t=29,449,640us] task_start_exec    key id=0x20006160
[t=29,449,648us] task_stop_exec     key id=0x20006160
[t=29,449,650us] task_start_exec    ble id=0x200031DC
[t=29,449,668us] task_stop_exec     ble id=0x200031DC
[t=29,449,671us] task_start_exec    key id=0x20006160
[t=29,449,684us] task_stop_exec     key id=0x20006160
[t=29,449,687us] task_start_exec    id=0x20016A38
[t=29,449,690us] idle
[t=29,454,637us] task_stop_exec     id=0x20016A38
[t=29,454,640us] task_start_exec    ble id=0x200031DC
[t=29,454,659us] task_stop_exec     ble id=0x200031DC
[t=29,454,662us] task_start_exec    id=0x20016A38
[t=29,454,665us] idle
[t=29,458,637us] task_stop_exec     id=0x20016A38
[t=29,458,640us] task_start_exec    ppg id=0x20002A60
[t=29,459,637us] task_stop_exec     ppg id=0x20002A60
[t=29,459,640us] task_start_exec    ble id=0x200031DC
[t=29,459,658us] task_stop_exec     ble id=0x200031DC
[t=29,459,661us] task_start_exec    ppg id=0x20002A60
[t=29,460,024us] task_stop_exec     ppg id=0x20002A60
[t=29,460,027us] task_start_exec    id=0x20016A38
[t=29,460,030us] idle
[t=29,460,558us] task_stop_exec     id=0x20016A38
[t=29,460,561us] task_start_exec    ppg id=0x20002A60
[t=29,460,581us] task_stop_exec     ppg id=0x20002A60
[t=29,460,584us] task_start_exec    id=0x20016A38
[t=29,460,587us] idle
[t=29,464,637us] task_stop_exec     id=0x20016A38
[t=29,464,640us] task_start_exec    ble id=0x200031DC
[t=29,464,658us] task_stop_exec     ble id=0x200031DC
[t=29,464,662us] task_start_exec    id=0x20016A38
[t=29,464,665us] idle
[t=29,469,637us] task_stop_exec     id=0x20016A38
[t=29,469,640us] task_start_exec    key id=0x20006160
[t=29,469,648us] task_stop_exec     key id=0x20006160
[t=29,469,650us] task_start_exec    ppg id=0x20002A60
[t=29,469,658us] task_stop_exec     ppg id=0x20002A60
[t=29,469,661us] task_start_exec    ble id=0x200031DC
[t=29,469,678us] task_stop_exec     ble id=0x200031DC
[t=29,469,681us] task_start_exec    ppg id=0x20002A60
[t=29,471,063us] task_stop_exec     ppg id=0x20002A60
[t=29,471,066us] task_start_exec    key id=0x20006160
[t=29,471,079us] task_stop_exec     key id=0x20006160
[t=29,471,082us] task_start_exec    id=0x20016A38
[t=29,471,085us] idle
[t=29,471,597us] task_stop_exec     id=0x20016A38
[t=29,471,600us] task_start_exec    ppg id=0x20002A60
[t=29,471,621us] task_stop_exec     ppg id=0x20002A60
[t=29,471,624us] task_start_exec    id=0x20016A38
[t=29,471,627us] idle
[t=29,474,637us] task_stop_exec     id=0x20016A38
[t=29,474,640us] task_start_exec    ble id=0x200031DC
[t=29,474,658us] task_stop_exec     ble id=0x200031DC
[t=29,474,661us] task_start_exec    id=0x20016A38
[t=29,474,664us] idle
[t=29,479,637us] task_stop_exec     id=0x20016A38
[t=29,479,640us] task_start_exec    ble id=0x200031DC
[t=29,479,658us] task_stop_exec     ble id=0x200031DC
[t=29,479,662us] task_start_exec    id=0x20016A38
[t=29,479,665us] idle
[t=29,480,637us] task_stop_exec     id=0x20016A38
[t=29,480,640us] task_start_exec    ppg id=0x20002A60
[t=29,482,024us] task_stop_exec     ppg id=0x20002A60
[t=29,482,027us] task_start_exec    id=0x20016A38
[t=29,482,030us] idle
[t=29,482,558us] task_stop_exec     id=0x20016A38
[t=29,482,561us] task_start_exec    ppg id=0x20002A60
[t=29,482,581us] task_stop_exec     ppg id=0x20002A60
[t=29,482,584us] task_start_exec    id=0x20016A38
[t=29,482,587us] idle
[t=29,484,637us] task_stop_exec     id=0x20016A38
[t=29,484,640us] task_start_exec    ble id=0x200031DC
[t=29,484,658us] task_stop_exec     ble id=0x200031DC
[t=29,484,661us] task_start_exec    id=0x20016A38
[t=29,484,664us] idle
[t=29,489,637us] task_stop_exec     id=0x20016A38
[t=29,489,640us] task_start_exec    ble id=0x200031DC
[t=29,489,659us] task_stop_exec     ble id=0x200031DC
[t=29,489,662us] task_start_exec    id=0x20016A38
[t=29,489,665us] idle
[t=29,490,637us] task_stop_exec     id=0x20016A38
[t=29,490,640us] task_start_exec    key id=0x20006160
[t=29,490,654us] task_stop_exec     key id=0x20006160
[t=29,490,657us] task_start_exec    id=0x20016A38
[t=29,490,660us] idle
[t=29,491,637us] task_stop_exec     id=0x20016A38
[t=29,491,640us] task_start_exec    ppg id=0x20002A60
[t=29,492,724us] task_stop_exec     ppg id=0x20002A60
[t=29,492,727us] task_start_exec    id=0x20016A38
[t=29,492,730us] idle
[t=29,494,637us] task_stop_exec     id=0x20016A38
[t=29,494,640us] task_start_exec    ble id=0x200031DC
[t=29,494,658us] task_stop_exec     ble id=0x200031DC
[t=29,494,661us] task_start_exec    id=0x20016A38
[t=29,494,664us] idle
[t=29,499,637us] task_stop_exec     id=0x20016A38
[t=29,499,640us] task_start_exec    ble id=0x200031DC
[t=29,499,658us] task_stop_exec     ble id=0x200031DC
[t=29,499,662us] task_start_exec    id=0x20016A38
[t=29,499,665us] idle
[t=29,502,637us] task_stop_exec     id=0x20016A38
[t=29,502,640us] task_start_exec    ppg id=0x20002A60
[t=29,504,024us] task_stop_exec     ppg id=0x20002A60
[t=29,504,027us] task_start_exec    id=0x20016A38
[t=29,504,030us] idle
[t=29,504,558us] task_stop_exec     id=0x20016A38
[t=29,504,561us] task_start_exec    ppg id=0x20002A60
[t=29,504,581us] task_stop_exec     ppg id=0x20002A60
[t=29,504,584us] task_start_exec    id=0x20016A38
[t=29,504,587us] idle
[t=29,504,637us] task_stop_exec     id=0x20016A38
[t=29,504,640us] task_start_exec    ble id=0x200031DC
[t=29,504,658us] task_stop_exec     ble id=0x200031DC
[t=29,504,661us] task_start_exec    id=0x20016A38
[t=29,504,664us] idle
[t=29,509,637us] task_stop_exec     id=0x20016A38
[t=29,509,640us] task_start_exec    ble id=0x200031DC
[t=29,509,659us] task_stop_exec     ble id=0x200031DC
[t=29,509,662us] task_start_exec    id=0x20016A38
[t=29,509,665us] idle
[t=29,510,637us] task_stop_exec     id=0x20016A38
[t=29,510,640us] task_start_exec    key id=0x20006160
[t=29,510,654us] task_stop_exec     key id=0x20006160
[t=29,510,657us] task_start_exec    id=0x20016A38
[t=29,510,660us] idle
[t=29,513,637us] task_stop_exec     id=0x20016A38
[t=29,513,640us] task_start_exec    ppg id=0x20002A60
[t=29,514,637us] task_stop_exec     ppg id=0x20002A60
[t=29,514,640us] task_start_exec    ble id=0x200031DC
[t=29,514,658us] task_stop_exec     ble id=0x200031DC
[t=29,514,661us] task_start_exec    ppg id=0x20002A60
[t=29,515,024us] task_stop_exec     ppg id=0x20002A60
[t=29,515,027us] task_start_exec    id=0x20016A38
[t=29,515,030us] idle
[t=29,515,558us] task_stop_exec     id=0x20016A38
[t=29,515,561us] task_start_exec    ppg id=0x20002A60
[t=29,515,581us] task_stop_exec     ppg id=0x20002A60
[t=29,515,584us] task_start_exec    id=0x20016A38
[t=29,515,587us] idle
[t=29,519,637us] task_stop_exec     id=0x20016A38
[t=29,519,640us] task_start_exec    ble id=0x200031DC
[t=29,519,658us] task_stop_exec     ble id=0x200031DC
[t=29,519,662us] task_start_exec    id=0x20016A38
[t=29,519,665us] idle
[t=29,524,637us] task_stop_exec     id=0x20016A38
[t=29,524,640us] task_start_exec    ppg id=0x20002A60
[t=29,524,648us] task_stop_exec     ppg id=0x20002A60
[t=29,524,650us] task_start_exec    ble id=0x200031DC
[t=29,524,668us] task_stop_exec     ble id=0x200031DC
[t=29,524,671us] task_start_exec    ppg id=0x20002A60
[t=29,526,054us] task_stop_exec     ppg id=0x20002A60
[t=29,526,057us] task_start_exec    id=0x20016A38
[t=29,526,060us] idle
[t=29,526,588us] task_stop_exec     id=0x20016A38
[t=29,526,591us] task_start_exec    ppg id=0x20002A60
[t=29,526,611us] task_stop_exec     ppg id=0x20002A60
[t=29,526,614us] task_start_exec    id=0x20016A38
[t=29,526,617us] idle
[t=29,529,637us] task_stop_exec     id=0x20016A38
[t=29,529,640us] task_start_exec    ble id=0x200031DC
[t=29,529,659us] task_stop_exec     ble id=0x200031DC
[t=29,529,662us] task_start_exec    id=0x20016A38
[t=29,529,665us] idle
[t=29,530,637us] task_stop_exec     id=0x20016A38
[t=29,530,640us] task_start_exec    key id=0x20006160
[t=29,530,654us] task_stop_exec     key id=0x20006160
[t=29,530,657us] task_start_exec    id=0x20016A38
[t=29,530,660us] idle
[t=29,534,637us] task_stop_exec     id=0x20016A38
[t=29,534,640us] task_start_exec    ble id=0x200031DC
[t=29,534,659us] task_stop_exec     ble id=0x200031DC
[t=29,534,662us] task_start_exec    id=0x20016A38
[t=29,534,665us] idle
[t=29,535,637us] task_stop_exec     id=0x20016A38
[t=29,535,640us] task_start_exec    ppg id=0x20002A60
[t=29,537,024us] task_stop_exec     ppg id=0x20002A60
[t=29,537,027us] task_start_exec    id=0x20016A38
[t=29,537,030us] idle
[t=29,537,558us] task_stop_exec     id=0x20016A38
[t=29,537,561us] task_start_exec    ppg id=0x20002A60
[t=29,537,581us] task_stop_exec     ppg id=0x20002A60
[t=29,537,584us] task_start_exec    id=0x20016A38
[t=29,537,587us] idle
[t=29,539,637us] task_stop_exec     id=0x20016A38
[t=29,539,640us] task_start_exec    ble id=0x200031DC
[t=29,539,658us] task_stop_exec     ble id=0x200031DC
[t=29,539,661us] task_start_exec    id=0x20016A38
[t=29,539,664us] idle
[t=29,544,637us] task_stop_exec     id=0x20016A38
[t=29,544,640us] task_start_exec    ble id=0x200031DC
[t=29,544,658us] task_stop_exec     ble id=0x200031DC
[t=29,544,662us] task_start_exec    id=0x20016A38
[t=29,544,664us] idle
[t=29,546,637us] task_stop_exec     id=0x20016A38
[t=29,546,640us] task_start_exec    ppg id=0x20002A60
[t=29,548,024us] task_stop_exec     ppg id=0x20002A60
[t=29,548,027us] task_start_exec    id=0x20016A38
[t=29,548,030us] idle
[t=29,548,558us] task_stop_exec     id=0x20016A38
[t=29,548,561us] task_start_exec    ppg id=0x20002A60
[t=29,548,581us] task_stop_exec     ppg id=0x20002A60
[t=29,548,584us] task_start_exec    id=0x20016A38
[t=29,548,587us] idle
[t=29,549,637us] task_stop_exec     id=0x20016A38
[t=29,549,640us] task_start_exec    ble id=0x200031DC
[t=29,549,659us] task_stop_exec     ble id=0x200031DC
[t=29,549,662us] task_start_exec    id=0x20016A38
[t=29,549,665us] idle
[t=29,550,637us] task_stop_exec     id=0x20016A38
[t=29,550,640us] task_start_exec    key id=0x20006160
[t=29,550,654us] task_stop_exec     key id=0x20006160
[t=29,550,657us] task_start_exec    id=0x20016A38
[t=29,550,660us] idle
[t=29,554,637us] task_stop_exec     id=0x20016A38
[t=29,554,640us] task_start_exec    ble id=0x200031DC
[t=29,554,659us] task_stop_exec     ble id=0x200031DC
[t=29,554,662us] task_start_exec    id=0x20016A38
[t=29,554,665us] idle
[t=29,557,637us] task_stop_exec     id=0x20016A38
[t=29,557,640us] task_start_exec    ppg id=0x20002A60
[t=29,558,723us] task_stop_exec     ppg id=0x20002A60
[t=29,558,726us] task_start_exec    id=0x20016A38
[t=29,558,729us] idle
[t=29,559,637us] task_stop_exec     id=0x20016A38
[t=29,559,640us] task_start_exec    ble id=0x200031DC
[t=29,559,658us] task_stop_exec     ble id=0x200031DC
[t=29,559,661us] task_start_exec    id=0x20016A38
[t=29,559,664us] idle
[t=29,564,637us] task_stop_exec     id=0x20016A38
[t=29,564,640us] task_start_exec    ble id=0x200031DC
[t=29,564,658us] task_stop_exec     ble id=0x200031DC
[t=29,564,662us] task_start_exec    id=0x20016A38
[t=29,564,664us] idle
[t=29,568,637us] task_stop_exec     id=0x20016A38
[t=29,568,640us] task_start_exec    ppg id=0x20002A60
[t=29,569,637us] task_stop_exec     ppg id=0x20002A60
[t=29,569,640us] task_start_exec    ble id=0x200031DC
[t=29,569,658us] task_stop_exec     ble id=0x200031DC
[t=29,569,661us] task_start_exec    ppg id=0x20002A60
[t=29,570,024us] task_stop_exec     ppg id=0x20002A60
[t=29,570,027us] task_start_exec    id=0x20016A38
[t=29,570,030us] idle
[t=29,570,558us] task_stop_exec     id=0x20016A38
[t=29,570,561us] task_start_exec    ppg id=0x20002A60
[t=29,570,581us] task_stop_exec     ppg id=0x20002A60
[t=29,570,584us] task_start_exec    id=0x20016A38
[t=29,570,587us] idle
[t=29,570,637us] task_stop_exec     id=0x20016A38
[t=29,570,640us] task_start_exec    key id=0x20006160
[t=29,570,654us] task_stop_exec     key id=0x20006160
[t=29,570,657us] task_start_exec    id=0x20016A38
[t=29,570,660us] idle
[t=29,574,637us] task_stop_exec     id=0x20016A38
[t=29,574,640us] task_start_exec    ble id=0x200031DC
[t=29,574,659us] task_stop_exec     ble id=0x200031DC
[t=29,574,662us] task_start_exec    id=0x20016A38
[t=29,574,665us] idle
[t=29,579,637us] task_stop_exec     id=0x20016A38
[t=29,579,640us] task_start_exec    ppg id=0x20002A60
[t=29,579,648us] task_stop_exec     ppg id=0x20002A60
[t=29,579,650us] task_start_exec    ble id=0x200031DC
[t=29,579,668us] task_stop_exec     ble id=0x200031DC
[t=29,579,671us] task_start_exec    ppg id=0x20002A60
[t=29,581,054us] task_stop_exec     ppg id=0x20002A60
[t=29,581,057us] task_start_exec    id=0x20016A38
[t=29,581,060us] idle
[t=29,581,588us] task_stop_exec     id=0x20016A38
[t=29,581,591us] task_start_exec    ppg id=0x20002A60
[t=29,581,611us] task_stop_exec     ppg id=0x20002A60
[t=29,581,614us] task_start_exec    id=0x20016A38
[t=29,581,617us] idle
[t=29,584,637us] task_stop_exec     id=0x20016A38
[t=29,584,640us] task_start_exec    ble id=0x200031DC
[t=29,584,658us] task_stop_exec     ble id=0x200031DC
[t=29,584,661us] task_start_exec    id=0x20016A38
[t=29,584,664us] idle
[t=29,589,637us] task_stop_exec     id=0x20016A38
[t=29,589,640us] task_start_exec    ble id=0x200031DC
[t=29,589,659us] task_stop_exec     ble id=0x200031DC
[t=29,589,662us] task_start_exec    id=0x20016A38
[t=29,589,665us] idle
[t=29,590,637us] task_stop_exec     id=0x20016A38
[t=29,590,640us] task_start_exec    key id=0x20006160
[t=29,590,648us] task_stop_exec     key id=0x20006160
[t=29,590,650us] task_start_exec    ppg id=0x20002A60
[t=29,592,035us] task_stop_exec     ppg id=0x20002A60
[t=29,592,038us] task_start_exec    key id=0x20006160
[t=29,592,050us] task_stop_exec     key id=0x20006160
[t=29,592,053us] task_start_exec    id=0x20016A38
[t=29,592,056us] idle
[t=29,592,569us] task_stop_exec     id=0x20016A38
[t=29,592,572us] task_start_exec    ppg id=0x20002A60
[t=29,592,592us] task_stop_exec     ppg id=0x20002A60
[t=29,592,595us] task_start_exec    id=0x20016A38
[t=29,592,598us] idle
[t=29,594,637us] task_stop_exec     id=0x20016A38
[t=29,594,640us] task_start_exec    ble id=0x200031DC
[t=29,594,658us] task_stop_exec     ble id=0x200031DC
[t=29,594,661us] task_start_exec    id=0x20016A38
[t=29,594,664us] idle
[t=29,599,637us] task_stop_exec     id=0x20016A38
[t=29,599,640us] task_start_exec    ble id=0x200031DC
[t=29,599,658us] task_stop_exec     ble id=0x200031DC
[t=29,599,662us] task_start_exec    id=0x20016A38
[t=29,599,665us] idle
[t=29,601,637us] task_stop_exec     id=0x20016A38
[t=29,601,640us] task_start_exec    ppg id=0x20002A60
[t=29,603,025us] task_stop_exec     ppg id=0x20002A60
[t=29,603,028us] task_start_exec    id=0x20016A38
[t=29,603,031us] idle
[t=29,603,558us] task_stop_exec     id=0x20016A38
[t=29,603,562us] task_start_exec    ppg id=0x20002A60
[t=29,603,582us] task_stop_exec     ppg id=0x20002A60
[t=29,603,585us] task_start_exec    id=0x20016A38
[t=29,603,588us] idle
[t=29,604,637us] task_stop_exec     id=0x20016A38
[t=29,604,640us] task_start_exec    ble id=0x200031DC
[t=29,604,658us] task_stop_exec     ble id=0x200031DC
[t=29,604,661us] task_start_exec    id=0x20016A38
[t=29,604,664us] idle
[t=29,609,637us] task_stop_exec     id=0x20016A38
[t=29,609,640us] task_start_exec    ble id=0x200031DC
[t=29,609,659us] task_stop_exec     ble id=0x200031DC
[t=29,609,662us] task_start_exec    id=0x20016A38
[t=29,609,665us] idle
[t=29,611,637us] task_stop_exec     id=0x20016A38
[t=29,611,640us] task_start_exec    key id=0x20006160
[t=29,611,654us] task_stop_exec     key id=0x20006160
[t=29,611,657us] task_start_exec    id=0x20016A38
[t=29,611,660us] idle
[t=29,612,637us] task_stop_exec     id=0x20016A38
[t=29,612,640us] task_start_exec    ppg id=0x20002A60
[t=29,614,024us] task_stop_exec     ppg id=0x20002A60
[t=29,614,027us] task_start_exec    id=0x20016A38
[t=29,614,030us] idle
[t=29,614,558us] task_stop_exec     id=0x20016A38
[t=29,614,561us] task_start_exec    ppg id=0x20002A60
[t=29,614,581us] task_stop_exec     ppg id=0x20002A60
[t=29,614,584us] task_start_exec    id=0x20016A38
[t=29,614,587us] idle
[t=29,614,637us] task_stop_exec     id=0x20016A38
[t=29,614,640us] task_start_exec    ble id=0x200031DC
[t=29,614,658us] task_stop_exec     ble id=0x200031DC
[t=29,614,661us] task_start_exec    id=0x20016A38
[t=29,614,664us] idle
[t=29,619,637us] task_stop_exec     id=0x20016A38
[t=29,619,640us] task_start_exec    ble id=0x200031DC
[t=29,619,658us] task_stop_exec     ble id=0x200031DC
[t=29,619,662us] task_start_exec    id=0x20016A38
[t=29,619,665us] idle
[t=29,623,637us] task_stop_exec     id=0x20016A38
[t=29,623,640us] task_start_exec    ppg id=0x20002A60
[t=29,624,637us] task_stop_exec     ppg id=0x20002A60
[t=29,624,640us] task_start_exec    ble id=0x200031DC
[t=29,624,658us] task_stop_exec     ble id=0x200031DC
[t=29,624,661us] task_start_exec    ppg id=0x20002A60
[t=29,624,723us] task_stop_exec     ppg id=0x20002A60
[t=29,624,726us] task_start_exec    id=0x20016A38
[t=29,624,729us] idle
[t=29,629,637us] task_stop_exec     id=0x20016A38
[t=29,629,640us] task_start_exec    ble id=0x200031DC
[t=29,629,658us] task_stop_exec     ble id=0x200031DC
[t=29,629,662us] task_start_exec    id=0x20016A38
[t=29,629,665us] idle
[t=29,631,637us] task_stop_exec     id=0x20016A38
[t=29,631,640us] task_start_exec    key id=0x20006160
[t=29,631,654us] task_stop_exec     key id=0x20006160
[t=29,631,657us] task_start_exec    id=0x20016A38
[t=29,631,660us] idle
[t=29,634,637us] task_stop_exec     id=0x20016A38
[t=29,634,640us] task_start_exec    ppg id=0x20002A60
[t=29,634,648us] task_stop_exec     ppg id=0x20002A60
[t=29,634,650us] task_start_exec    ble id=0x200031DC
[t=29,634,668us] task_stop_exec     ble id=0x200031DC
[t=29,634,671us] task_start_exec    ppg id=0x20002A60
[t=29,636,054us] task_stop_exec     ppg id=0x20002A60
[t=29,636,058us] task_start_exec    id=0x20016A38
[t=29,636,061us] idle
[t=29,636,588us] task_stop_exec     id=0x20016A38
[t=29,636,591us] task_start_exec    ppg id=0x20002A60
[t=29,636,611us] task_stop_exec     ppg id=0x20002A60
[t=29,636,614us] task_start_exec    id=0x20016A38
[t=29,636,617us] idle
[t=29,639,637us] task_stop_exec     id=0x20016A38
[t=29,639,640us] task_start_exec    ble id=0x200031DC
[t=29,639,658us] task_stop_exec     ble id=0x200031DC
[t=29,639,661us] task_start_exec    id=0x20016A38
[t=29,639,664us] idle
[t=29,644,637us] task_stop_exec     id=0x20016A38
[t=29,644,640us] task_start_exec    ble id=0x200031DC
[t=29,644,658us] task_stop_exec     ble id=0x200031DC
[t=29,644,662us] task_start_exec    id=0x20016A38
[t=29,644,664us] idle
[t=29,645,637us] task_stop_exec     id=0x20016A38
[t=29,645,640us] task_start_exec    ppg id=0x20002A60
[t=29,647,024us] task_stop_exec     ppg id=0x20002A60
[t=29,647,027us] task_start_exec    id=0x20016A38
[t=29,647,030us] idle
[t=29,647,558us] task_stop_exec     id=0x20016A38
[t=29,647,561us] task_start_exec    ppg id=0x20002A60
[t=29,647,581us] task_stop_exec     ppg id=0x20002A60
[t=29,647,584us] task_start_exec    id=0x20016A38
[t=29,647,587us] idle
[t=29,649,637us] task_stop_exec     id=0x20016A38
[t=29,649,640us] task_start_exec    ble id=0x200031DC
[t=29,649,659us] task_stop_exec     ble id=0x200031DC
[t=29,649,662us] task_start_exec    id=0x20016A38
[t=29,649,665us] idle
[t=29,651,637us] task_stop_exec     id=0x20016A38
[t=29,651,640us] task_start_exec    key id=0x20006160
[t=29,651,654us] task_stop_exec     key id=0x20006160
[t=29,651,657us] task_start_exec    id=0x20016A38
[t=29,651,660us] idle
[t=29,654,637us] task_stop_exec     id=0x20016A38
[t=29,654,640us] task_start_exec    ble id=0x200031DC
[t=29,654,659us] task_stop_exec     ble id=0x200031DC
[t=29,654,662us] task_start_exec    id=0x20016A38
[t=29,654,665us] idle
[t=29,656,637us] task_stop_exec     id=0x20016A38
[t=29,656,640us] task_start_exec    ppg id=0x20002A60
[t=29,658,025us] task_stop_exec     ppg id=0x20002A60
[t=29,658,028us] task_start_exec    id=0x20016A38
[t=29,658,031us] idle
[t=29,658,559us] task_stop_exec     id=0x20016A38
[t=29,658,562us] task_start_exec    ppg id=0x20002A60
[t=29,658,582us] task_stop_exec     ppg id=0x20002A60
[t=29,658,585us] task_start_exec    id=0x20016A38
[t=29,658,588us] idle
[t=29,659,637us] task_stop_exec     id=0x20016A38
[t=29,659,640us] task_start_exec    ble id=0x200031DC
[t=29,659,658us] task_stop_exec     ble id=0x200031DC
[t=29,659,661us] task_start_exec    id=0x20016A38
[t=29,659,664us] idle
[t=29,664,637us] task_stop_exec     id=0x20016A38
[t=29,664,640us] task_start_exec    ble id=0x200031DC
[t=29,664,658us] task_stop_exec     ble id=0x200031DC
[t=29,664,662us] task_start_exec    id=0x20016A38
[t=29,664,665us] idle
[t=29,667,637us] task_stop_exec     id=0x20016A38
[t=29,667,640us] task_start_exec    ppg id=0x20002A60
[t=29,669,024us] task_stop_exec     ppg id=0x20002A60
[t=29,669,027us] task_start_exec    id=0x20016A38
[t=29,669,030us] idle
[t=29,669,558us] task_stop_exec     id=0x20016A38
[t=29,669,561us] task_start_exec    ppg id=0x20002A60
[t=29,669,581us] task_stop_exec     ppg id=0x20002A60
[t=29,669,584us] task_start_exec    id=0x20016A38
[t=29,669,587us] idle
[t=29,669,637us] task_stop_exec     id=0x20016A38
[t=29,669,640us] task_start_exec    ble id=0x200031DC
[t=29,669,658us] task_stop_exec     ble id=0x200031DC
[t=29,669,662us] task_start_exec    id=0x20016A38
[t=29,669,665us] idle
[t=29,671,637us] task_stop_exec     id=0x20016A38
[t=29,671,640us] task_start_exec    key id=0x20006160
[t=29,671,654us] task_stop_exec     key id=0x20006160
[t=29,671,657us] task_start_exec    id=0x20016A38
[t=29,671,660us] idle
[t=29,674,637us] task_stop_exec     id=0x20016A38
[t=29,674,640us] task_start_exec    ble id=0x200031DC
[t=29,674,659us] task_stop_exec     ble id=0x200031DC
[t=29,674,662us] task_start_exec    id=0x20016A38
[t=29,674,665us] idle
[t=29,678,637us] task_stop_exec     id=0x20016A38
[t=29,678,640us] task_start_exec    ppg id=0x20002A60
[t=29,679,637us] task_stop_exec     ppg id=0x20002A60
[t=29,679,640us] task_start_exec    ble id=0x200031DC
[t=29,679,658us] task_stop_exec     ble id=0x200031DC
[t=29,679,661us] task_start_exec    ppg id=0x20002A60
[t=29,679,723us] task_stop_exec     ppg id=0x20002A60
[t=29,679,726us] task_start_exec    id=0x20016A38
[t=29,679,729us] idle
[t=29,684,637us] task_stop_exec     id=0x20016A38
[t=29,684,640us] task_start_exec    ble id=0x200031DC
[t=29,684,658us] task_stop_exec     ble id=0x200031DC
[t=29,684,661us] task_start_exec    id=0x20016A38
[t=29,684,664us] idle
[t=29,689,637us] task_stop_exec     id=0x20016A38
[t=29,689,640us] task_start_exec    ppg id=0x20002A60
[t=29,689,648us] task_stop_exec     ppg id=0x20002A60
[t=29,689,650us] task_start_exec    ble id=0x200031DC
[t=29,689,668us] task_stop_exec     ble id=0x200031DC
[t=29,689,671us] task_start_exec    ppg id=0x20002A60
[t=29,691,054us] task_stop_exec     ppg id=0x20002A60
[t=29,691,057us] task_start_exec    id=0x20016A38
[t=29,691,060us] idle
[t=29,691,587us] task_stop_exec     id=0x20016A38
[t=29,691,591us] task_start_exec    ppg id=0x20002A60
[t=29,691,611us] task_stop_exec     ppg id=0x20002A60
[t=29,691,614us] task_start_exec    id=0x20016A38
[t=29,691,617us] idle
[t=29,691,637us] task_stop_exec     id=0x20016A38
[t=29,691,640us] task_start_exec    key id=0x20006160
[t=29,691,654us] task_stop_exec     key id=0x20006160
[t=29,691,657us] task_start_exec    id=0x20016A38
[t=29,691,660us] idle
[t=29,694,637us] task_stop_exec     id=0x20016A38
[t=29,694,640us] task_start_exec    ble id=0x200031DC
[t=29,694,658us] task_stop_exec     ble id=0x200031DC
[t=29,694,661us] task_start_exec    id=0x20016A38
[t=29,694,664us] idle
[t=29,699,637us] task_stop_exec     id=0x20016A38
[t=29,699,640us] task_start_exec    ble id=0x200031DC
[t=29,699,658us] task_stop_exec     ble id=0x200031DC
[t=29,699,662us] task_start_exec    id=0x20016A38
[t=29,699,665us] idle
[t=29,700,637us] task_stop_exec     id=0x20016A38
[t=29,700,640us] task_start_exec    ppg id=0x20002A60
[t=29,702,024us] task_stop_exec     ppg id=0x20002A60
[t=29,702,027us] task_start_exec    id=0x20016A38
[t=29,702,030us] idle
[t=29,702,558us] task_stop_exec     id=0x20016A38
[t=29,702,561us] task_start_exec    ppg id=0x20002A60
[t=29,702,581us] task_stop_exec     ppg id=0x20002A60
[t=29,702,584us] task_start_exec    id=0x20016A38
[t=29,702,587us] idle
[t=29,704,637us] task_stop_exec     id=0x20016A38
[t=29,704,640us] task_start_exec    ble id=0x200031DC
[t=29,704,658us] task_stop_exec     ble id=0x200031DC
[t=29,704,661us] task_start_exec    id=0x20016A38
[t=29,704,664us] idle
[t=29,709,637us] task_stop_exec     id=0x20016A38
[t=29,709,640us] task_start_exec    ble id=0x200031DC
[t=29,709,659us] task_stop_exec     ble id=0x200031DC
[t=29,709,662us] task_start_exec    id=0x20016A38
[t=29,709,665us] idle
[t=29,711,637us] task_stop_exec     id=0x20016A38
[t=29,711,640us] task_start_exec    key id=0x20006160
[t=29,711,648us] task_stop_exec     key id=0x20006160
[t=29,711,650us] task_start_exec    ppg id=0x20002A60
[t=29,713,034us] task_stop_exec     ppg id=0x20002A60
[t=29,713,037us] task_start_exec    key id=0x20006160
[t=29,713,050us] task_stop_exec     key id=0x20006160
[t=29,713,053us] task_start_exec    id=0x20016A38
[t=29,713,056us] idle
[t=29,713,569us] task_stop_exec     id=0x20016A38
[t=29,713,572us] task_start_exec    ppg id=0x20002A60
[t=29,713,592us] task_stop_exec     ppg id=0x20002A60
[t=29,713,595us] task_start_exec    id=0x20016A38
[t=29,713,598us] idle
[t=29,714,637us] task_stop_exec     id=0x20016A38
[t=29,714,640us] task_start_exec    ble id=0x200031DC
[t=29,714,658us] task_stop_exec     ble id=0x200031DC
[t=29,714,661us] task_start_exec    id=0x20016A38
[t=29,714,664us] idle
[t=29,719,637us] task_stop_exec     id=0x20016A38
[t=29,719,640us] task_start_exec    ble id=0x200031DC
[t=29,719,658us] task_stop_exec     ble id=0x200031DC
[t=29,719,662us] task_start_exec    id=0x20016A38
[t=29,719,665us] idle
[t=29,722,637us] task_stop_exec     id=0x20016A38
[t=29,722,640us] task_start_exec    ppg id=0x20002A60
[t=29,724,024us] task_stop_exec     ppg id=0x20002A60
[t=29,724,027us] task_start_exec    id=0x20016A38
[t=29,724,030us] idle
[t=29,724,558us] task_stop_exec     id=0x20016A38
[t=29,724,561us] task_start_exec    ppg id=0x20002A60
[t=29,724,581us] task_stop_exec     ppg id=0x20002A60
[t=29,724,584us] task_start_exec    id=0x20016A38
[t=29,724,587us] idle
[t=29,724,637us] task_stop_exec     id=0x20016A38
[t=29,724,640us] task_start_exec    ble id=0x200031DC
[t=29,724,658us] task_stop_exec     ble id=0x200031DC
[t=29,724,661us] task_start_exec    id=0x20016A38
[t=29,724,664us] idle
[t=29,729,637us] task_stop_exec     id=0x20016A38
[t=29,729,640us] task_start_exec    ble id=0x200031DC
[t=29,729,659us] task_stop_exec     ble id=0x200031DC
[t=29,729,662us] task_start_exec    id=0x20016A38
[t=29,729,665us] idle
[t=29,732,637us] task_stop_exec     id=0x20016A38
[t=29,732,640us] task_start_exec    key id=0x20006160
[t=29,732,655us] task_stop_exec     key id=0x20006160
[t=29,732,658us] task_start_exec    id=0x20016A38
[t=29,732,661us] idle
[t=29,733,637us] task_stop_exec     id=0x20016A38
[t=29,733,640us] task_start_exec    ppg id=0x20002A60
[t=29,734,637us] task_stop_exec     ppg id=0x20002A60
[t=29,734,640us] task_start_exec    ble id=0x200031DC
[t=29,734,658us] task_stop_exec     ble id=0x200031DC
[t=29,734,661us] task_start_exec    ppg id=0x20002A60
[t=29,735,024us] task_stop_exec     ppg id=0x20002A60
[t=29,735,027us] task_start_exec    id=0x20016A38
[t=29,735,030us] idle
[t=29,735,558us] task_stop_exec     id=0x20016A38
[t=29,735,561us] task_start_exec    ppg id=0x20002A60
[t=29,735,581us] task_stop_exec     ppg id=0x20002A60
[t=29,735,584us] task_start_exec    id=0x20016A38
[t=29,735,587us] idle
[t=29,739,637us] task_stop_exec     id=0x20016A38
[t=29,739,640us] task_start_exec    ble id=0x200031DC
[t=29,739,658us] task_stop_exec     ble id=0x200031DC
[t=29,739,662us] task_start_exec    id=0x20016A38
[t=29,739,665us] idle
[t=29,744,637us] task_stop_exec     id=0x20016A38
[t=29,744,640us] task_start_exec    ppg id=0x20002A60
[t=29,744,648us] task_stop_exec     ppg id=0x20002A60
[t=29,744,650us] task_start_exec    ble id=0x200031DC
[t=29,744,668us] task_stop_exec     ble id=0x200031DC
[t=29,744,671us] task_start_exec    ppg id=0x20002A60
[t=29,745,753us] task_stop_exec     ppg id=0x20002A60
[t=29,745,756us] task_start_exec    id=0x20016A38
[t=29,745,759us] idle
[t=29,749,637us] task_stop_exec     id=0x20016A38
[t=29,749,640us] task_start_exec    ble id=0x200031DC
[t=29,749,658us] task_stop_exec     ble id=0x200031DC
[t=29,749,662us] task_start_exec    id=0x20016A38
[t=29,749,664us] idle
[t=29,752,637us] task_stop_exec     id=0x20016A38
[t=29,752,640us] task_start_exec    key id=0x20006160
[t=29,752,654us] task_stop_exec     key id=0x20006160
[t=29,752,657us] task_start_exec    id=0x20016A38
[t=29,752,660us] idle
[t=29,754,637us] task_stop_exec     id=0x20016A38
[t=29,754,640us] task_start_exec    ble id=0x200031DC
[t=29,754,659us] task_stop_exec     ble id=0x200031DC
[t=29,754,662us] task_start_exec    id=0x20016A38
[t=29,754,665us] idle
[t=29,755,637us] task_stop_exec     id=0x20016A38
[t=29,755,640us] task_start_exec    ppg id=0x20002A60
[t=29,757,025us] task_stop_exec     ppg id=0x20002A60
[t=29,757,028us] task_start_exec    id=0x20016A38
[t=29,757,031us] idle
[t=29,757,558us] task_stop_exec     id=0x20016A38
[t=29,757,562us] task_start_exec    ppg id=0x20002A60
[t=29,757,582us] task_stop_exec     ppg id=0x20002A60
[t=29,757,585us] task_start_exec    id=0x20016A38
[t=29,757,588us] idle
[t=29,759,637us] task_stop_exec     id=0x20016A38
[t=29,759,640us] task_start_exec    ble id=0x200031DC
[t=29,759,658us] task_stop_exec     ble id=0x200031DC
[t=29,759,661us] task_start_exec    id=0x20016A38
[t=29,759,664us] idle
[t=29,764,637us] task_stop_exec     id=0x20016A38
[t=29,764,640us] task_start_exec    ble id=0x200031DC
[t=29,764,658us] task_stop_exec     ble id=0x200031DC
[t=29,764,662us] task_start_exec    id=0x20016A38
[t=29,764,664us] idle
[t=29,766,637us] task_stop_exec     id=0x20016A38
[t=29,766,640us] task_start_exec    ppg id=0x20002A60
[t=29,768,024us] task_stop_exec     ppg id=0x20002A60
[t=29,768,028us] task_start_exec    id=0x20016A38
[t=29,768,031us] idle
[t=29,768,558us] task_stop_exec     id=0x20016A38
[t=29,768,561us] task_start_exec    ppg id=0x20002A60
[t=29,768,582us] task_stop_exec     ppg id=0x20002A60
[t=29,768,585us] task_start_exec    id=0x20016A38
[t=29,768,588us] idle
[t=29,769,637us] task_stop_exec     id=0x20016A38
[t=29,769,640us] task_start_exec    ble id=0x200031DC
[t=29,769,659us] task_stop_exec     ble id=0x200031DC
[t=29,769,662us] task_start_exec    id=0x20016A38
[t=29,769,665us] idle
[t=29,772,637us] task_stop_exec     id=0x20016A38
[t=29,772,640us] task_start_exec    key id=0x20006160
[t=29,772,654us] task_stop_exec     key id=0x20006160
[t=29,772,657us] task_start_exec    id=0x20016A38
[t=29,772,660us] idle
[t=29,774,637us] task_stop_exec     id=0x20016A38
[t=29,774,640us] task_start_exec    ble id=0x200031DC
[t=29,774,659us] task_stop_exec     ble id=0x200031DC
[t=29,774,662us] task_start_exec    id=0x20016A38
[t=29,774,665us] idle
[t=29,777,637us] task_stop_exec     id=0x20016A38
[t=29,777,640us] task_start_exec    ppg id=0x20002A60
[t=29,779,024us] task_stop_exec     ppg id=0x20002A60
[t=29,779,027us] task_start_exec    id=0x20016A38
[t=29,779,030us] idle
[t=29,779,558us] task_stop_exec     id=0x20016A38
[t=29,779,561us] task_start_exec    ppg id=0x20002A60
[t=29,779,581us] task_stop_exec     ppg id=0x20002A60
[t=29,779,584us] task_start_exec    id=0x20016A38
[t=29,779,587us] idle
[t=29,779,637us] task_stop_exec     id=0x20016A38
[t=29,779,640us] task_start_exec    ble id=0x200031DC
[t=29,779,658us] task_stop_exec     ble id=0x200031DC
[t=29,779,661us] task_start_exec    id=0x20016A38
[t=29,779,664us] idle
[t=29,784,637us] task_stop_exec     id=0x20016A38
[t=29,784,640us] task_start_exec    ble id=0x200031DC
[t=29,784,658us] task_stop_exec     ble id=0x200031DC
[t=29,784,662us] task_start_exec    id=0x20016A38
[t=29,784,665us] idle
[t=29,788,637us] task_stop_exec     id=0x20016A38
[t=29,788,640us] task_start_exec    ppg id=0x20002A60
[t=29,789,637us] task_stop_exec     ppg id=0x20002A60
[t=29,789,640us] task_start_exec    ble id=0x200031DC
[t=29,789,658us] task_stop_exec     ble id=0x200031DC
[t=29,789,661us] task_start_exec    ppg id=0x20002A60
[t=29,790,024us] task_stop_exec     ppg id=0x20002A60
[t=29,790,027us] task_start_exec    id=0x20016A38
[t=29,790,030us] idle
[t=29,790,558us] task_stop_exec     id=0x20016A38
[t=29,790,561us] task_start_exec    ppg id=0x20002A60
[t=29,790,581us] task_stop_exec     ppg id=0x20002A60
[t=29,790,584us] task_start_exec    id=0x20016A38
[t=29,790,587us] idle
[t=29,792,637us] task_stop_exec     id=0x20016A38
[t=29,792,640us] task_start_exec    key id=0x20006160
[t=29,792,654us] task_stop_exec     key id=0x20006160
[t=29,792,657us] task_start_exec    id=0x20016A38
[t=29,792,660us] idle
[t=29,794,637us] task_stop_exec     id=0x20016A38
[t=29,794,640us] task_start_exec    ble id=0x200031DC
[t=29,794,659us] task_stop_exec     ble id=0x200031DC
[t=29,794,662us] task_start_exec    id=0x20016A38
[t=29,794,665us] idle
[t=29,799,637us] task_stop_exec     id=0x20016A38
[t=29,799,640us] task_start_exec    ppg id=0x20002A60
[t=29,799,648us] task_stop_exec     ppg id=0x20002A60
[t=29,799,650us] task_start_exec    ble id=0x200031DC
[t=29,799,668us] task_stop_exec     ble id=0x200031DC
[t=29,799,671us] task_start_exec    ppg id=0x20002A60
[t=29,801,054us] task_stop_exec     ppg id=0x20002A60
[t=29,801,057us] task_start_exec    id=0x20016A38
[t=29,801,060us] idle
[t=29,801,588us] task_stop_exec     id=0x20016A38
[t=29,801,591us] task_start_exec    ppg id=0x20002A60
[t=29,801,611us] task_stop_exec     ppg id=0x20002A60
[t=29,801,614us] task_start_exec    id=0x20016A38
[t=29,801,617us] idle
[t=29,804,637us] task_stop_exec     id=0x20016A38
[t=29,804,640us] task_start_exec    ble id=0x200031DC
[t=29,804,658us] task_stop_exec     ble id=0x200031DC
[t=29,804,661us] task_start_exec    id=0x20016A38
[t=29,804,664us] idle
[t=29,809,637us] task_stop_exec     id=0x20016A38
[t=29,809,640us] task_start_exec    ble id=0x200031DC
[t=29,809,659us] task_stop_exec     ble id=0x200031DC
[t=29,809,662us] task_start_exec    id=0x20016A38
[t=29,809,665us] idle
[t=29,810,637us] task_stop_exec     id=0x20016A38
[t=29,810,640us] task_start_exec    ppg id=0x20002A60
[t=29,811,723us] task_stop_exec     ppg id=0x20002A60
[t=29,811,727us] task_start_exec    id=0x20016A38
[t=29,811,730us] idle
[t=29,812,637us] task_stop_exec     id=0x20016A38
[t=29,812,640us] task_start_exec    key id=0x20006160
[t=29,812,654us] task_stop_exec     key id=0x20006160
[t=29,812,657us] task_start_exec    id=0x20016A38
[t=29,812,660us] idle
[t=29,814,637us] task_stop_exec     id=0x20016A38
[t=29,814,640us] task_start_exec    ble id=0x200031DC
[t=29,814,658us] task_stop_exec     ble id=0x200031DC
[t=29,814,661us] task_start_exec    id=0x20016A38
[t=29,814,664us] idle
[t=29,819,637us] task_stop_exec     id=0x20016A38
[t=29,819,640us] task_start_exec    ble id=0x200031DC
[t=29,819,659us] task_stop_exec     ble id=0x200031DC
[t=29,819,662us] task_start_exec    id=0x20016A38
[t=29,819,665us] idle
[t=29,821,637us] task_stop_exec     id=0x20016A38
[t=29,821,640us] task_start_exec    ppg id=0x20002A60
[t=29,823,024us] task_stop_exec     ppg id=0x20002A60
[t=29,823,028us] task_start_exec    id=0x20016A38
[t=29,823,031us] idle
[t=29,823,558us] task_stop_exec     id=0x20016A38
[t=29,823,561us] task_start_exec    ppg id=0x20002A60
[t=29,823,582us] task_stop_exec     ppg id=0x20002A60
[t=29,823,585us] task_start_exec    id=0x20016A38
[t=29,823,588us] idle
[t=29,824,637us] task_stop_exec     id=0x20016A38
[t=29,824,640us] task_start_exec    ble id=0x200031DC
[t=29,824,658us] task_stop_exec     ble id=0x200031DC
[t=29,824,661us] task_start_exec    id=0x20016A38
[t=29,824,664us] idle
[t=29,829,637us] task_stop_exec     id=0x20016A38
[t=29,829,640us] task_start_exec    ble id=0x200031DC
[t=29,829,659us] task_stop_exec     ble id=0x200031DC
[t=29,829,662us] task_start_exec    id=0x20016A38
[t=29,829,665us] idle
[t=29,832,637us] task_stop_exec     id=0x20016A38
[t=29,832,640us] task_start_exec    key id=0x20006160
[t=29,832,648us] task_stop_exec     key id=0x20006160
[t=29,832,650us] task_start_exec    ppg id=0x20002A60
[t=29,834,034us] task_stop_exec     ppg id=0x20002A60
[t=29,834,037us] task_start_exec    key id=0x20006160
[t=29,834,050us] task_stop_exec     key id=0x20006160
[t=29,834,053us] task_start_exec    id=0x20016A38
[t=29,834,056us] idle
[t=29,834,568us] task_stop_exec     id=0x20016A38
[t=29,834,571us] task_start_exec    ppg id=0x20002A60
[t=29,834,591us] task_stop_exec     ppg id=0x20002A60
[t=29,834,594us] task_start_exec    id=0x20016A38
[t=29,834,597us] idle
[t=29,834,637us] task_stop_exec     id=0x20016A38
[t=29,834,640us] task_start_exec    ble id=0x200031DC
[t=29,834,658us] task_stop_exec     ble id=0x200031DC
[t=29,834,661us] task_start_exec    id=0x20016A38
[t=29,834,664us] idle
[t=29,839,637us] task_stop_exec     id=0x20016A38
[t=29,839,640us] task_start_exec    ble id=0x200031DC
[t=29,839,658us] task_stop_exec     ble id=0x200031DC
[t=29,839,662us] task_start_exec    id=0x20016A38
[t=29,839,665us] idle
[t=29,843,637us] task_stop_exec     id=0x20016A38
[t=29,843,640us] task_start_exec    ppg id=0x20002A60
[t=29,844,637us] task_stop_exec     ppg id=0x20002A60
[t=29,844,640us] task_start_exec    ble id=0x200031DC
[t=29,844,658us] task_stop_exec     ble id=0x200031DC
[t=29,844,661us] task_start_exec    ppg id=0x20002A60
[t=29,845,024us] task_stop_exec     ppg id=0x20002A60
[t=29,845,027us] task_start_exec    id=0x20016A38
[t=29,845,030us] idle
[t=29,845,558us] task_stop_exec     id=0x20016A38
[t=29,845,561us] task_start_exec    ppg id=0x20002A60
[t=29,845,581us] task_stop_exec     ppg id=0x20002A60
[t=29,845,585us] task_start_exec    id=0x20016A38
[t=29,845,588us] idle
[t=29,849,637us] task_stop_exec     id=0x20016A38
[t=29,849,640us] task_start_exec    ble id=0x200031DC
[t=29,849,659us] task_stop_exec     ble id=0x200031DC
[t=29,849,662us] task_start_exec    id=0x20016A38
[t=29,849,665us] idle
[t=29,853,637us] task_stop_exec     id=0x20016A38
[t=29,853,640us] task_start_exec    key id=0x20006160
[t=29,853,654us] task_stop_exec     key id=0x20006160
[t=29,853,657us] task_start_exec    id=0x20016A38
[t=29,853,660us] idle
[t=29,854,637us] task_stop_exec     id=0x20016A38
[t=29,854,640us] task_start_exec    ppg id=0x20002A60
[t=29,854,648us] task_stop_exec     ppg id=0x20002A60
[t=29,854,650us] task_start_exec    ble id=0x200031DC
[t=29,854,668us] task_stop_exec     ble id=0x200031DC
[t=29,854,671us] task_start_exec    ppg id=0x20002A60
[t=29,856,054us] task_stop_exec     ppg id=0x20002A60
[t=29,856,057us] task_start_exec    id=0x20016A38
[t=29,856,060us] idle
[t=29,856,588us] task_stop_exec     id=0x20016A38
[t=29,856,591us] task_start_exec    ppg id=0x20002A60
[t=29,856,611us] task_stop_exec     ppg id=0x20002A60
[t=29,856,614us] task_start_exec    id=0x20016A38
[t=29,856,617us] idle
[t=29,859,637us] task_stop_exec     id=0x20016A38
[t=29,859,640us] task_start_exec    ble id=0x200031DC
[t=29,859,658us] task_stop_exec     ble id=0x200031DC
[t=29,859,661us] task_start_exec    id=0x20016A38
[t=29,859,664us] idle
[t=29,864,637us] task_stop_exec     id=0x20016A38
[t=29,864,640us] task_start_exec    ble id=0x200031DC
[t=29,864,658us] task_stop_exec     ble id=0x200031DC
[t=29,864,662us] task_start_exec    id=0x20016A38
[t=29,864,664us] idle
[t=29,865,637us] task_stop_exec     id=0x20016A38
[t=29,865,640us] task_start_exec    ppg id=0x20002A60
[t=29,867,024us] task_stop_exec     ppg id=0x20002A60
[t=29,867,027us] task_start_exec    id=0x20016A38
[t=29,867,030us] idle
[t=29,867,558us] task_stop_exec     id=0x20016A38
[t=29,867,561us] task_start_exec    ppg id=0x20002A60
[t=29,867,588us] task_stop_exec     ppg id=0x20002A60
[t=29,867,591us] task_start_exec    spo2 id=0x20004D40
[t=29,869,637us] task_stop_exec     spo2 id=0x20004D40
[t=29,869,640us] task_start_exec    ble id=0x200031DC
[t=29,869,659us] task_stop_exec     ble id=0x200031DC
[t=29,869,662us] task_start_exec    spo2 id=0x20004D40
[t=29,873,637us] task_stop_exec     spo2 id=0x20004D40
[t=29,873,640us] task_start_exec    key id=0x20006160
[t=29,873,655us] task_stop_exec     key id=0x20006160
[t=29,873,658us] task_start_exec    spo2 id=0x20004D40
[t=29,874,637us] task_stop_exec     spo2 id=0x20004D40
[t=29,874,640us] task_start_exec    ble id=0x200031DC
[t=29,874,659us] task_stop_exec     ble id=0x200031DC
[t=29,874,662us] task_start_exec    spo2 id=0x20004D40
[t=29,876,637us] task_stop_exec     spo2 id=0x20004D40
[t=29,876,640us] task_start_exec    ppg id=0x20002A60
[t=29,877,724us] task_stop_exec     ppg id=0x20002A60
[t=29,877,727us] task_start_exec    spo2 id=0x20004D40
[t=29,879,637us] task_stop_exec     spo2 id=0x20004D40
[t=29,879,640us] task_start_exec    ble id=0x200031DC
[t=29,879,658us] task_stop_exec     ble id=0x200031DC
[t=29,879,661us] task_start_exec    spo2 id=0x20004D40
[t=29,884,637us] task_stop_exec     spo2 id=0x20004D40
[t=29,884,640us] task_start_exec    ble id=0x200031DC
[t=29,884,659us] task_stop_exec     ble id=0x200031DC
[t=29,884,662us] task_start_exec    spo2 id=0x20004D40
[t=29,887,637us] task_stop_exec     spo2 id=0x20004D40
[t=29,887,640us] task_start_exec    ppg id=0x20002A60
[t=29,889,025us] task_stop_exec     ppg id=0x20002A60
[t=29,889,028us] task_start_exec    spo2 id=0x20004D40
[t=29,889,559us] task_stop_exec     spo2 id=0x20004D40
[t=29,889,562us] task_start_exec    ppg id=0x20002A60
[t=29,889,582us] task_stop_exec     ppg id=0x20002A60
[t=29,889,585us] task_start_exec    spo2 id=0x20004D40
[t=29,889,637us] task_stop_exec     spo2 id=0x20004D40
[t=29,889,640us] task_start_exec    ble id=0x200031DC
[t=29,889,659us] task_stop_exec     ble id=0x200031DC
[t=29,889,662us] task_start_exec    spo2 id=0x20004D40
[t=29,893,637us] task_stop_exec     spo2 id=0x20004D40
[t=29,893,640us] task_start_exec    key id=0x20006160
[t=29,893,655us] task_stop_exec     key id=0x20006160
[t=29,893,658us] task_start_exec    spo2 id=0x20004D40
[t=29,894,637us] task_stop_exec     spo2 id=0x20004D40
[t=29,894,640us] task_start_exec    ble id=0x200031DC
[t=29,894,659us] task_stop_exec     ble id=0x200031DC
[t=29,894,662us] task_start_exec    spo2 id=0x20004D40
[t=29,898,637us] task_stop_exec     spo2 id=0x20004D40
[t=29,898,640us] task_start_exec    ppg id=0x20002A60
[t=29,899,637us] task_stop_exec     ppg id=0x20002A60
[t=29,899,640us] task_start_exec    ble id=0x200031DC
[t=29,899,658us] task_stop_exec     ble id=0x200031DC
[t=29,899,661us] task_start_exec    ppg id=0x20002A60
[t=29,900,024us] task_stop_exec     ppg id=0x20002A60
[t=29,900,028us] task_start_exec    spo2 id=0x20004D40
[t=29,900,558us] task_stop_exec     spo2 id=0x20004D40
[t=29,900,562us] task_start_exec    ppg id=0x20002A60
[t=29,900,582us] task_stop_exec     ppg id=0x20002A60
[t=29,900,585us] task_start_exec    spo2 id=0x20004D40
[t=29,904,637us] task_stop_exec     spo2 id=0x20004D40
[t=29,904,640us] task_start_exec    ble id=0x200031DC
[t=29,904,659us] task_stop_exec     ble id=0x200031DC
[t=29,904,662us] task_start_exec    spo2 id=0x20004D40
[t=29,909,637us] task_stop_exec     spo2 id=0x20004D40
[t=29,909,640us] task_start_exec    ppg id=0x20002A60
[t=29,909,648us] task_stop_exec     ppg id=0x20002A60
[t=29,909,650us] task_start_exec    ble id=0x200031DC
[t=29,909,669us] task_stop_exec     ble id=0x200031DC
[t=29,909,672us] task_start_exec    ppg id=0x20002A60
[t=29,911,055us] task_stop_exec     ppg id=0x20002A60
[t=29,911,058us] task_start_exec    spo2 id=0x20004D40
[t=29,911,589us] task_stop_exec     spo2 id=0x20004D40
[t=29,911,592us] task_start_exec    ppg id=0x20002A60
[t=29,911,612us] task_stop_exec     ppg id=0x20002A60
[t=29,911,615us] task_start_exec    spo2 id=0x20004D40
[t=29,913,637us] task_stop_exec     spo2 id=0x20004D40
[t=29,913,640us] task_start_exec    key id=0x20006160
[t=29,913,655us] task_stop_exec     key id=0x20006160
[t=29,913,658us] task_start_exec    spo2 id=0x20004D40
[t=29,914,637us] task_stop_exec     spo2 id=0x20004D40
[t=29,914,640us] task_start_exec    ble id=0x200031DC
[t=29,914,658us] task_stop_exec     ble id=0x200031DC
[t=29,914,661us] task_start_exec    spo2 id=0x20004D40
[t=29,919,637us] task_stop_exec     spo2 id=0x20004D40
[t=29,919,640us] task_start_exec    ble id=0x200031DC
[t=29,919,659us] task_stop_exec     ble id=0x200031DC
[t=29,919,662us] task_start_exec    spo2 id=0x20004D40
[t=29,920,637us] task_stop_exec     spo2 id=0x20004D40
[t=29,920,640us] task_start_exec    ppg id=0x20002A60
[t=29,922,024us] task_stop_exec     ppg id=0x20002A60
[t=29,922,028us] task_start_exec    spo2 id=0x20004D40
[t=29,922,558us] task_stop_exec     spo2 id=0x20004D40
[t=29,922,561us] task_start_exec    ppg id=0x20002A60
[t=29,922,582us] task_stop_exec     ppg id=0x20002A60
[t=29,922,585us] task_start_exec    spo2 id=0x20004D40
[t=29,922,974us] task_stop_exec     spo2 id=0x20004D40
[t=29,922,977us] task_start_exec    ble id=0x200031DC
[t=29,924,757us] task_stop_exec     ble id=0x200031DC
[t=29,924,760us] task_start_exec    spo2 id=0x20004D40
[t=29,924,772us] task_stop_exec     spo2 id=0x20004D40
[t=29,924,775us] task_start_exec    id=0x20016A38
[t=29,924,778us] idle
[t=29,929,637us] task_stop_exec     id=0x20016A38
[t=29,929,640us] task_start_exec    ble id=0x200031DC
[t=29,929,659us] task_stop_exec     ble id=0x200031DC
[t=29,929,662us] task_start_exec    id=0x20016A38
[t=29,929,665us] idle
[t=29,931,637us] task_stop_exec     id=0x20016A38
[t=29,931,641us] task_start_exec    ppg id=0x20002A60
[t=29,932,724us] task_stop_exec     ppg id=0x20002A60
[t=29,932,728us] task_start_exec    id=0x20016A38
[t=29,932,730us] idle
[t=29,933,637us] task_stop_exec     id=0x20016A38
[t=29,933,640us] task_start_exec    key id=0x20006160
[t=29,933,655us] task_stop_exec     key id=0x20006160
[t=29,933,658us] task_start_exec    id=0x20016A38
[t=29,933,661us] idle
[t=29,934,637us] task_stop_exec     id=0x20016A38
[t=29,934,640us] task_start_exec    ble id=0x200031DC
[t=29,934,658us] task_stop_exec     ble id=0x200031DC
[t=29,934,661us] task_start_exec    id=0x20016A38
[t=29,934,664us] idle
[t=29,939,637us] task_stop_exec     id=0x20016A38
[t=29,939,640us] task_start_exec    ble id=0x200031DC
[t=29,939,658us] task_stop_exec     ble id=0x200031DC
[t=29,939,662us] task_start_exec    id=0x20016A38
[t=29,939,665us] idle
[t=29,942,637us] task_stop_exec     id=0x20016A38
[t=29,942,640us] task_start_exec    ppg id=0x20002A60
[t=29,944,024us] task_stop_exec     ppg id=0x20002A60
[t=29,944,028us] task_start_exec    id=0x20016A38
[t=29,944,031us] idle
[t=29,944,637us] task_stop_exec     id=0x20016A38
[t=29,944,640us] task_start_exec    ble id=0x200031DC
[t=29,944,658us] task_stop_exec     ble id=0x200031DC
[t=29,944,661us] task_start_exec    id=0x20016A38
[t=29,944,664us] idle
[t=29,944,828us] task_stop_exec     id=0x20016A38
[t=29,944,831us] task_start_exec    ppg id=0x20002A60
[t=29,944,853us] task_stop_exec     ppg id=0x20002A60
[t=29,944,856us] task_start_exec    id=0x20016A38
[t=29,944,859us] idle
[t=29,949,637us] task_stop_exec     id=0x20016A38
[t=29,949,640us] task_start_exec    ble id=0x200031DC
[t=29,949,659us] task_stop_exec     ble id=0x200031DC
[t=29,949,662us] task_start_exec    id=0x20016A38
[t=29,949,665us] idle
[t=29,953,637us] task_stop_exec     id=0x20016A38
[t=29,953,640us] task_start_exec    key id=0x20006160
[t=29,953,654us] task_stop_exec     key id=0x20006160
[t=29,953,658us] task_start_exec    id=0x20016A38
[t=29,953,661us] idle
[t=29,954,637us] task_stop_exec     id=0x20016A38
[t=29,954,640us] task_start_exec    ppg id=0x20002A60
[t=29,954,648us] task_stop_exec     ppg id=0x20002A60
[t=29,954,650us] task_start_exec    ble id=0x200031DC
[t=29,954,668us] task_stop_exec     ble id=0x200031DC
[t=29,954,671us] task_start_exec    ppg id=0x20002A60
[t=29,955,193us] task_stop_exec     ppg id=0x20002A60
[t=29,955,196us] task_start_exec    ble id=0x200031DC
[t=29,955,262us] task_stop_exec     ble id=0x200031DC
[t=29,955,265us] task_start_exec    ppg id=0x20002A60
[t=29,955,778us] task_stop_exec     ppg id=0x20002A60
[t=29,955,781us] task_start_exec    id=0x20016A38
[t=29,955,784us] idle
[t=29,959,637us] task_stop_exec     id=0x20016A38
[t=29,959,640us] task_start_exec    ble id=0x200031DC
[t=29,959,658us] task_stop_exec     ble id=0x200031DC
[t=29,959,661us] task_start_exec    id=0x20016A38
[t=29,959,664us] idle
[t=29,964,637us] task_stop_exec     id=0x20016A38
[t=29,964,640us] task_start_exec    ble id=0x200031DC
[t=29,964,658us] task_stop_exec     ble id=0x200031DC
[t=29,964,662us] task_start_exec    id=0x20016A38
[t=29,964,665us] idle
[t=29,965,637us] task_stop_exec     id=0x20016A38
[t=29,965,640us] task_start_exec    ppg id=0x20002A60
[t=29,967,025us] task_stop_exec     ppg id=0x20002A60
[t=29,967,028us] task_start_exec    id=0x20016A38
[t=29,967,031us] idle
[t=29,967,829us] task_stop_exec     id=0x20016A38
[t=29,967,832us] task_start_exec    ppg id=0x20002A60
[t=29,967,855us] task_stop_exec     ppg id=0x20002A60
[t=29,967,858us] task_start_exec    id=0x20016A38
[t=29,967,861us] idle
[t=29,969,637us] task_stop_exec     id=0x20016A38
[t=29,969,640us] task_start_exec    ble id=0x200031DC
[t=29,969,659us] task_stop_exec     ble id=0x200031DC
[t=29,969,662us] task_start_exec    id=0x20016A38
[t=29,969,665us] idle
[t=29,973,637us] task_stop_exec     id=0x20016A38
[t=29,973,640us] task_start_exec    key id=0x20006160
[t=29,973,654us] task_stop_exec     key id=0x20006160
[t=29,973,658us] task_start_exec    id=0x20016A38
[t=29,973,661us] idle
[t=29,974,637us] task_stop_exec     id=0x20016A38
[t=29,974,640us] task_start_exec    ble id=0x200031DC
[t=29,974,658us] task_stop_exec     ble id=0x200031DC
[t=29,974,662us] task_start_exec    id=0x20016A38
[t=29,974,665us] idle
[t=29,977,637us] task_stop_exec     id=0x20016A38
[t=29,977,640us] task_start_exec    ppg id=0x20002A60
[t=29,979,024us] task_stop_exec     ppg id=0x20002A60
[t=29,979,027us] task_start_exec    id=0x20016A38
[t=29,979,030us] idle
[t=29,979,558us] task_stop_exec     id=0x20016A38
[t=29,979,561us] task_start_exec    ppg id=0x20002A60
[t=29,979,581us] task_stop_exec     ppg id=0x20002A60
[t=29,979,584us] task_start_exec    id=0x20016A38
[t=29,979,587us] idle
[t=29,979,637us] task_stop_exec     id=0x20016A38
[t=29,979,640us] task_start_exec    ble id=0x200031DC
[t=29,979,658us] task_stop_exec     ble id=0x200031DC
[t=29,979,661us] task_start_exec    id=0x20016A38
[t=29,979,664us] idle
[t=29,984,637us] task_stop_exec     id=0x20016A38
[t=29,984,640us] task_start_exec    ble id=0x200031DC
[t=29,984,658us] task_stop_exec     ble id=0x200031DC
[t=29,984,662us] task_start_exec    id=0x20016A38
[t=29,984,665us] idle
[t=29,988,637us] task_stop_exec     id=0x20016A38
[t=29,988,640us] task_start_exec    ppg id=0x20002A60
[t=29,989,637us] task_stop_exec     ppg id=0x20002A60
[t=29,989,641us] task_start_exec    ble id=0x200031DC
[t=29,989,659us] task_stop_exec     ble id=0x200031DC
[t=29,989,662us] task_start_exec    ppg id=0x20002A60
[t=29,990,024us] task_stop_exec     ppg id=0x20002A60
[t=29,990,027us] task_start_exec    id=0x20016A38
[t=29,990,030us] idle
[t=29,990,558us] task_stop_exec     id=0x20016A38
[t=29,990,561us] task_start_exec    ppg id=0x20002A60
[t=29,990,581us] task_stop_exec     ppg id=0x20002A60
[t=29,990,584us] task_start_exec    id=0x20016A38
[t=29,990,587us] idle
[t=29,993,637us] task_stop_exec     id=0x20016A38
[t=29,993,640us] task_start_exec    key id=0x20006160
[t=29,993,654us] task_stop_exec     key id=0x20006160
[t=29,993,657us] task_start_exec    id=0x20016A38
[t=29,993,660us] idle
[t=29,994,637us] task_stop_exec     id=0x20016A38
[t=29,994,640us] task_start_exec    ble id=0x200031DC
[t=29,994,659us] task_stop_exec     ble id=0x200031DC
[t=29,994,662us] task_start_exec    id=0x20016A38
[t=29,994,665us] idle
[t=29,999,637us] task_stop_exec     id=0x20016A38
[t=29,999,640us] task_start_exec    ppg id=0x20002A60
[t=29,999,648us] task_stop_exec     ppg id=0x20002A60
[t=29,999,650us] task_start_exec    ble id=0x200031DC
[t=29,999,668us] task_stop_exec     ble id=0x200031DC
[t=29,999,671us] task_start_exec    ppg id=0x20002A60
[t=30,001,054us] task_stop_exec     ppg id=0x20002A60
[t=30,001,057us] task_start_exec    id=0x20016A38
[t=30,001,060us] idle
[t=30,001,588us] task_stop_exec     id=0x20016A38
[t=30,001,591us] task_start_exec    ppg id=0x20002A60
[t=30,001,611us] task_stop_exec     ppg id=0x20002A60
[t=30,001,614us] task_start_exec    id=0x20016A38
[t=30,001,617us] idle
[t=30,004,637us] task_stop_exec     id=0x20016A38
[t=30,004,640us] task_start_exec    ble id=0x200031DC
[t=30,004,658us] task_stop_exec     ble id=0x200031DC
[t=30,004,661us] task_start_exec    id=0x20016A38
[t=30,004,664us] idle
[t=30,009,637us] task_stop_exec     id=0x20016A38
[t=30,009,640us] task_start_exec    ble id=0x200031DC
[t=30,009,659us] task_stop_exec     ble id=0x200031DC
[t=30,009,662us] task_start_exec    id=0x20016A38
[t=30,009,665us] idle
[t=30,010,637us] task_stop_exec     id=0x20016A38
[t=30,010,640us] task_start_exec    ppg id=0x20002A60
[t=30,011,724us] task_stop_exec     ppg id=0x20002A60
[t=30,011,727us] task_start_exec    id=0x20016A38
[t=30,011,730us] idle
[t=30,013,637us] task_stop_exec     id=0x20016A38
[t=30,013,640us] task_start_exec    key id=0x20006160
[t=30,013,654us] task_stop_exec     key id=0x20006160
[t=30,013,657us] task_start_exec    id=0x20016A38
[t=30,013,660us] idle
[t=30,014,637us] task_stop_exec     id=0x20016A38
[t=30,014,640us] task_start_exec    ble id=0x200031DC
[t=30,014,658us] task_stop_exec     ble id=0x200031DC
[t=30,014,661us] task_start_exec    id=0x20016A38
[t=30,014,664us] idle
[t=30,019,637us] task_stop_exec     id=0x20016A38
[t=30,019,640us] task_start_exec    ble id=0x200031DC
[t=30,019,658us] task_stop_exec     ble id=0x200031DC
[t=30,019,662us] task_start_exec    id=0x20016A38
[t=30,019,665us] idle
[t=30,021,637us] task_stop_exec     id=0x20016A38
[t=30,021,640us] task_start_exec    ppg id=0x20002A60
[t=30,023,024us] task_stop_exec     ppg id=0x20002A60
[t=30,023,028us] task_start_exec    id=0x20016A38
[t=30,023,031us] idle
[t=30,023,558us] task_stop_exec     id=0x20016A38
[t=30,023,561us] task_start_exec    ppg id=0x20002A60
[t=30,023,581us] task_stop_exec     ppg id=0x20002A60
[t=30,023,585us] task_start_exec    id=0x20016A38
[t=30,023,588us] idle
[t=30,024,637us] task_stop_exec     id=0x20016A38
[t=30,024,640us] task_start_exec    ble id=0x200031DC
[t=30,024,658us] task_stop_exec     ble id=0x200031DC
[t=30,024,661us] task_start_exec    id=0x20016A38
[t=30,024,664us] idle
[t=30,029,637us] task_stop_exec     id=0x20016A38
[t=30,029,640us] task_start_exec    ble id=0x200031DC
[t=30,029,659us] task_stop_exec     ble id=0x200031DC
[t=30,029,662us] task_start_exec    id=0x20016A38
[t=30,029,665us] idle
[t=30,032,637us] task_stop_exec     id=0x20016A38
[t=30,032,640us] task_start_exec    ppg id=0x20002A60
[t=30,034,024us] task_stop_exec     ppg id=0x20002A60
[t=30,034,027us] task_start_exec    key id=0x20006160
[t=30,034,039us] task_stop_exec     key id=0x20006160
[t=30,034,042us] task_start_exec    id=0x20016A38
[t=30,034,045us] idle
[t=30,034,558us] task_stop_exec     id=0x20016A38
[t=30,034,561us] task_start_exec    ppg id=0x20002A60
[t=30,034,581us] task_stop_exec     ppg id=0x20002A60
[t=30,034,584us] task_start_exec    id=0x20016A38
[t=30,034,587us] idle
[t=30,034,637us] task_stop_exec     id=0x20016A38
[t=30,034,640us] task_start_exec    ble id=0x200031DC
[t=30,034,658us] task_stop_exec     ble id=0x200031DC
[t=30,034,661us] task_start_exec    id=0x20016A38
[t=30,034,664us] idle
[t=30,039,637us] task_stop_exec     id=0x20016A38
[t=30,039,640us] task_start_exec    ble id=0x200031DC
[t=30,039,658us] task_stop_exec     ble id=0x200031DC
[t=30,039,662us] task_start_exec    id=0x20016A38
[t=30,039,665us] idle
[t=30,043,637us] task_stop_exec     id=0x20016A38
[t=30,043,640us] task_start_exec    ppg id=0x20002A60
[t=30,044,637us] task_stop_exec     ppg id=0x20002A60
[t=30,044,641us] task_start_exec    ble id=0x200031DC
[t=30,044,659us] task_stop_exec     ble id=0x200031DC
[t=30,044,662us] task_start_exec    ppg id=0x20002A60
[t=30,045,024us] task_stop_exec     ppg id=0x20002A60
[t=30,045,028us] task_start_exec    id=0x20016A38
[t=30,045,031us] idle
[t=30,045,558us] task_stop_exec     id=0x20016A38
[t=30,045,562us] task_start_exec    ppg id=0x20002A60
[t=30,045,582us] task_stop_exec     ppg id=0x20002A60
[t=30,045,585us] task_start_exec    id=0x20016A38
[t=30,045,588us] idle
[t=30,049,637us] task_stop_exec     id=0x20016A38
[t=30,049,640us] task_start_exec    ble id=0x200031DC
[t=30,049,659us] task_stop_exec     ble id=0x200031DC
[t=30,049,662us] task_start_exec    id=0x20016A38
[t=30,049,665us] idle
[t=30,053,637us] task_stop_exec     id=0x20016A38
[t=30,053,640us] task_start_exec    key id=0x20006160
[t=30,053,654us] task_stop_exec     key id=0x20006160
[t=30,053,657us] task_start_exec    id=0x20016A38
[t=30,053,660us] idle
[t=30,054,637us] task_stop_exec     id=0x20016A38
[t=30,054,640us] task_start_exec    ppg id=0x20002A60
[t=30,054,648us] task_stop_exec     ppg id=0x20002A60
[t=30,054,650us] task_start_exec    ble id=0x200031DC
[t=30,054,668us] task_stop_exec     ble id=0x200031DC
[t=30,054,671us] task_start_exec    ppg id=0x20002A60
[t=30,056,054us] task_stop_exec     ppg id=0x20002A60
[t=30,056,057us] task_start_exec    id=0x20016A38
[t=30,056,060us] idle
[t=30,056,588us] task_stop_exec     id=0x20016A38
[t=30,056,591us] task_start_exec    ppg id=0x20002A60
[t=30,056,611us] task_stop_exec     ppg id=0x20002A60
[t=30,056,614us] task_start_exec    id=0x20016A38
[t=30,056,617us] idle
[t=30,059,637us] task_stop_exec     id=0x20016A38
[t=30,059,640us] task_start_exec    ble id=0x200031DC
[t=30,059,658us] task_stop_exec     ble id=0x200031DC
[t=30,059,661us] task_start_exec    id=0x20016A38
[t=30,059,664us] idle
[t=30,064,637us] task_stop_exec     id=0x20016A38
[t=30,064,640us] task_start_exec    ble id=0x200031DC
[t=30,064,658us] task_stop_exec     ble id=0x200031DC
[t=30,064,662us] task_start_exec    id=0x20016A38
[t=30,064,665us] idle
[t=30,065,637us] task_stop_exec     id=0x20016A38
[t=30,065,640us] task_start_exec    ppg id=0x20002A60
[t=30,067,025us] task_stop_exec     ppg id=0x20002A60
[t=30,067,028us] task_start_exec    id=0x20016A38
[t=30,067,031us] idle
[t=30,067,559us] task_stop_exec     id=0x20016A38
[t=30,067,562us] task_start_exec    ppg id=0x20002A60
[t=30,067,582us] task_stop_exec     ppg id=0x20002A60
[t=30,067,585us] task_start_exec    id=0x20016A38
[t=30,067,588us] idle
[t=30,069,637us] task_stop_exec     id=0x20016A38
[t=30,069,640us] task_start_exec    ble id=0x200031DC
[t=30,069,659us] task_stop_exec     ble id=0x200031DC
[t=30,069,662us] task_start_exec    id=0x20016A38
[t=30,069,665us] idle
[t=30,073,637us] task_stop_exec     id=0x20016A38
[t=30,073,640us] task_start_exec    key id=0x20006160
[t=30,073,654us] task_stop_exec     key id=0x20006160
[t=30,073,657us] task_start_exec    id=0x20016A38
[t=30,073,660us] idle
[t=30,074,637us] task_stop_exec     id=0x20016A38
[t=30,074,640us] task_start_exec    ble id=0x200031DC
[t=30,074,659us] task_stop_exec     ble id=0x200031DC
[t=30,074,662us] task_start_exec    id=0x20016A38
[t=30,074,665us] idle
[t=30,076,637us] task_stop_exec     id=0x20016A38
[t=30,076,640us] task_start_exec    ppg id=0x20002A60
[t=30,077,723us] task_stop_exec     ppg id=0x20002A60
[t=30,077,726us] task_start_exec    id=0x20016A38
[t=30,077,729us] idle
[t=30,079,637us] task_stop_exec     id=0x20016A38
[t=30,079,640us] task_start_exec    ble id=0x200031DC
[t=30,079,658us] task_stop_exec     ble id=0x200031DC
[t=30,079,661us] task_start_exec    id=0x20016A38
[t=30,079,664us] idle
[t=30,084,637us] task_stop_exec     id=0x20016A38
[t=30,084,640us] task_start_exec    ble id=0x200031DC
[t=30,084,658us] task_stop_exec     ble id=0x200031DC
[t=30,084,662us] task_start_exec    id=0x20016A38
[t=30,084,665us] idle
[t=30,087,637us] task_stop_exec     id=0x20016A38
[t=30,087,640us] task_start_exec    ppg id=0x20002A60
[t=30,089,024us] task_stop_exec     ppg id=0x20002A60
[t=30,089,028us] task_start_exec    id=0x20016A38
[t=30,089,031us] idle
[t=30,089,558us] task_stop_exec     id=0x20016A38
[t=30,089,561us] task_start_exec    ppg id=0x20002A60
[t=30,089,582us] task_stop_exec     ppg id=0x20002A60
[t=30,089,585us] task_start_exec    id=0x20016A38
[t=30,089,588us] idle
[t=30,089,637us] task_stop_exec     id=0x20016A38
[t=30,089,640us] task_start_exec    ble id=0x200031DC
[t=30,089,658us] task_stop_exec     ble id=0x200031DC
[t=30,089,662us] task_start_exec    id=0x20016A38
[t=30,089,665us] idle
[t=30,093,637us] task_stop_exec     id=0x20016A38
[t=30,093,640us] task_start_exec    key id=0x20006160
[t=30,093,654us] task_stop_exec     key id=0x20006160
[t=30,093,657us] task_start_exec    id=0x20016A38
[t=30,093,660us] idle
[t=30,094,637us] task_stop_exec     id=0x20016A38
[t=30,094,640us] task_start_exec    ble id=0x200031DC
[t=30,094,659us] task_stop_exec     ble id=0x200031DC
[t=30,094,662us] task_start_exec    id=0x20016A38
[t=30,094,665us] idle
[t=30,098,637us] task_stop_exec     id=0x20016A38
[t=30,098,640us] task_start_exec    ppg id=0x20002A60
[t=30,099,638us] task_stop_exec     ppg id=0x20002A60
[t=30,099,641us] task_start_exec    ble id=0x200031DC
[t=30,099,659us] task_stop_exec     ble id=0x200031DC
[t=30,099,662us] task_start_exec    ppg id=0x20002A60
[t=30,100,024us] task_stop_exec     ppg id=0x20002A60
[t=30,100,027us] task_start_exec    id=0x20016A38
[t=30,100,030us] idle
[t=30,100,558us] task_stop_exec     id=0x20016A38
[t=30,100,561us] task_start_exec    ppg id=0x20002A60
[t=30,100,581us] task_stop_exec     ppg id=0x20002A60
[t=30,100,584us] task_start_exec    id=0x20016A38
[t=30,100,587us] idle
[t=30,104,637us] task_stop_exec     id=0x20016A38
[t=30,104,640us] task_start_exec    ble id=0x200031DC
[t=30,104,658us] task_stop_exec     ble id=0x200031DC
[t=30,104,662us] task_start_exec    id=0x20016A38
[t=30,104,665us] idle
[t=30,109,637us] task_stop_exec     id=0x20016A38
[t=30,109,640us] task_start_exec    ppg id=0x20002A60
[t=30,109,648us] task_stop_exec     ppg id=0x20002A60
[t=30,109,650us] task_start_exec    ble id=0x200031DC
[t=30,109,668us] task_stop_exec     ble id=0x200031DC
[t=30,109,671us] task_start_exec    ppg id=0x20002A60
[t=30,111,054us] task_stop_exec     ppg id=0x20002A60
[t=30,111,057us] task_start_exec    id=0x20016A38
[t=30,111,060us] idle
[t=30,111,588us] task_stop_exec     id=0x20016A38
[t=30,111,591us] task_start_exec    ppg id=0x20002A60
[t=30,111,611us] task_stop_exec     ppg id=0x20002A60
[t=30,111,614us] task_start_exec    id=0x20016A38
[t=30,111,617us] idle
[t=30,113,637us] task_stop_exec     id=0x20016A38
[t=30,113,640us] task_start_exec    key id=0x20006160
[t=30,113,654us] task_stop_exec     key id=0x20006160
[t=30,113,657us] task_start_exec    id=0x20016A38
[t=30,113,660us] idle
[t=30,114,637us] task_stop_exec     id=0x20016A38
[t=30,114,640us] task_start_exec    ble id=0x200031DC
[t=30,114,658us] task_stop_exec     ble id=0x200031DC
[t=30,114,661us] task_start_exec    id=0x20016A38
[t=30,114,664us] idle
[t=30,119,637us] task_stop_exec     id=0x20016A38
[t=30,119,640us] task_start_exec    ble id=0x200031DC
[t=30,119,658us] task_stop_exec     ble id=0x200031DC
[t=30,119,662us] task_start_exec    id=0x20016A38
[t=30,119,664us] idle
[t=30,120,637us] task_stop_exec     id=0x20016A38
[t=30,120,640us] task_start_exec    ppg id=0x20002A60
[t=30,122,024us] task_stop_exec     ppg id=0x20002A60
[t=30,122,027us] task_start_exec    id=0x20016A38
[t=30,122,030us] idle
[t=30,122,558us] task_stop_exec     id=0x20016A38
[t=30,122,561us] task_start_exec    ppg id=0x20002A60
[t=30,122,581us] task_stop_exec     ppg id=0x20002A60
[t=30,122,584us] task_start_exec    id=0x20016A38
[t=30,122,587us] idle
[t=30,124,637us] task_stop_exec     id=0x20016A38
[t=30,124,640us] task_start_exec    ble id=0x200031DC
[t=30,124,658us] task_stop_exec     ble id=0x200031DC
[t=30,124,661us] task_start_exec    id=0x20016A38
[t=30,124,664us] idle
[t=30,129,637us] task_stop_exec     id=0x20016A38
[t=30,129,640us] task_start_exec    ble id=0x200031DC
[t=30,129,659us] task_stop_exec     ble id=0x200031DC
[t=30,129,662us] task_start_exec    id=0x20016A38
[t=30,129,665us] idle
[t=30,131,637us] task_stop_exec     id=0x20016A38
[t=30,131,640us] task_start_exec    ppg id=0x20002A60
[t=30,132,723us] task_stop_exec     ppg id=0x20002A60
[t=30,132,727us] task_start_exec    id=0x20016A38
[t=30,132,730us] idle
[t=30,133,637us] task_stop_exec     id=0x20016A38
[t=30,133,640us] task_start_exec    key id=0x20006160
[t=30,133,654us] task_stop_exec     key id=0x20006160
[t=30,133,657us] task_start_exec    id=0x20016A38
[t=30,133,660us] idle
[t=30,134,637us] task_stop_exec     id=0x20016A38
[t=30,134,640us] task_start_exec    ble id=0x200031DC
[t=30,134,658us] task_stop_exec     ble id=0x200031DC
[t=30,134,661us] task_start_exec    id=0x20016A38
[t=30,134,664us] idle
[t=30,139,637us] task_stop_exec     id=0x20016A38
[t=30,139,640us] task_start_exec    ble id=0x200031DC
[t=30,139,658us] task_stop_exec     ble id=0x200031DC
[t=30,139,662us] task_start_exec    id=0x20016A38
[t=30,139,665us] idle
[t=30,142,637us] task_stop_exec     id=0x20016A38
[t=30,142,640us] task_start_exec    ppg id=0x20002A60
[t=30,144,025us] task_stop_exec     ppg id=0x20002A60
[t=30,144,028us] task_start_exec    id=0x20016A38
[t=30,144,031us] idle
[t=30,144,637us] task_stop_exec     id=0x20016A38
[t=30,144,640us] task_start_exec    ble id=0x200031DC
[t=30,144,658us] task_stop_exec     ble id=0x200031DC
[t=30,144,661us] task_start_exec    id=0x20016A38
[t=30,144,664us] idle
[t=30,144,829us] task_stop_exec     id=0x20016A38
[t=30,144,832us] task_start_exec    ppg id=0x20002A60
[t=30,144,853us] task_stop_exec     ppg id=0x20002A60
[t=30,144,856us] task_start_exec    id=0x20016A38
[t=30,144,859us] idle
[t=30,149,637us] task_stop_exec     id=0x20016A38
[t=30,149,640us] task_start_exec    ble id=0x200031DC
[t=30,149,659us] task_stop_exec     ble id=0x200031DC
[t=30,149,662us] task_start_exec    id=0x20016A38
[t=30,149,665us] idle
[t=30,153,637us] task_stop_exec     id=0x20016A38
[t=30,153,640us] task_start_exec    key id=0x20006160
[t=30,153,654us] task_stop_exec     key id=0x20006160
[t=30,153,657us] task_start_exec    id=0x20016A38
[t=30,153,660us] idle
[t=30,154,637us] task_stop_exec     id=0x20016A38
[t=30,154,640us] task_start_exec    ppg id=0x20002A60
[t=30,154,648us] task_stop_exec     ppg id=0x20002A60
[t=30,154,650us] task_start_exec    ble id=0x200031DC
[t=30,154,668us] task_stop_exec     ble id=0x200031DC
[t=30,154,671us] task_start_exec    ppg id=0x20002A60
[t=30,155,754us] task_stop_exec     ppg id=0x20002A60
[t=30,155,757us] task_start_exec    id=0x20016A38
[t=30,155,760us] idle
[t=30,159,637us] task_stop_exec     id=0x20016A38
[t=30,159,640us] task_start_exec    ble id=0x200031DC
[t=30,159,658us] task_stop_exec     ble id=0x200031DC
[t=30,159,661us] task_start_exec    id=0x20016A38
[t=30,159,664us] idle
[t=30,164,637us] task_stop_exec     id=0x20016A38
[t=30,164,640us] task_start_exec    ble id=0x200031DC
[t=30,164,658us] task_stop_exec     ble id=0x200031DC
[t=30,164,662us] task_start_exec    id=0x20016A38
[t=30,164,665us] idle
[t=30,165,637us] task_stop_exec     id=0x20016A38
[t=30,165,640us] task_start_exec    ppg id=0x20002A60
[t=30,167,024us] task_stop_exec     ppg id=0x20002A60
[t=30,167,027us] task_start_exec    id=0x20016A38
[t=30,167,030us] idle
[t=30,167,828us] task_stop_exec     id=0x20016A38
[t=30,167,831us] task_start_exec    ppg id=0x20002A60
[t=30,167,854us] task_stop_exec     ppg id=0x20002A60
[t=30,167,857us] task_start_exec    id=0x20016A38
[t=30,167,860us] idle
[t=30,169,637us] task_stop_exec     id=0x20016A38
[t=30,169,640us] task_start_exec    ble id=0x200031DC
[t=30,169,659us] task_stop_exec     ble id=0x200031DC
[t=30,169,662us] task_start_exec    id=0x20016A38
[t=30,169,665us] idle
[t=30,173,637us] task_stop_exec     id=0x20016A38
[t=30,173,640us] task_start_exec    key id=0x20006160
[t=30,173,654us] task_stop_exec     key id=0x20006160
[t=30,173,657us] task_start_exec    id=0x20016A38
[t=30,173,660us] idle
[t=30,174,637us] task_stop_exec     id=0x20016A38
[t=30,174,640us] task_start_exec    ble id=0x200031DC
[t=30,174,659us] task_stop_exec     ble id=0x200031DC
[t=30,174,662us] task_start_exec    id=0x20016A38
[t=30,174,665us] idle
[t=30,177,637us] task_stop_exec     id=0x20016A38
[t=30,177,640us] task_start_exec    ppg id=0x20002A60
[t=30,179,025us] task_stop_exec     ppg id=0x20002A60
[t=30,179,028us] task_start_exec    id=0x20016A38
[t=30,179,031us] idle
[t=30,179,559us] task_stop_exec     id=0x20016A38
[t=30,179,562us] task_start_exec    ppg id=0x20002A60
[t=30,179,582us] task_stop_exec     ppg id=0x20002A60
[t=30,179,585us] task_start_exec    id=0x20016A38
[t=30,179,588us] idle
[t=30,179,637us] task_stop_exec     id=0x20016A38
[t=30,179,640us] task_start_exec    ble id=0x200031DC
[t=30,179,658us] task_stop_exec     ble id=0x200031DC
[t=30,179,661us] task_start_exec    id=0x20016A38
[t=30,179,664us] idle
[t=30,184,637us] task_stop_exec     id=0x20016A38
[t=30,184,640us] task_start_exec    ble id=0x200031DC
[t=30,184,658us] task_stop_exec     ble id=0x200031DC
[t=30,184,662us] task_start_exec    id=0x20016A38
[t=30,184,664us] idle
[t=30,188,637us] task_stop_exec     id=0x20016A38
[t=30,188,640us] task_start_exec    ppg id=0x20002A60
[t=30,189,637us] task_stop_exec     ppg id=0x20002A60
[t=30,189,640us] task_start_exec    ble id=0x200031DC
[t=30,189,658us] task_stop_exec     ble id=0x200031DC
[t=30,189,661us] task_start_exec    ppg id=0x20002A60
[t=30,190,024us] task_stop_exec     ppg id=0x20002A60
[t=30,190,027us] task_start_exec    id=0x20016A38
[t=30,190,030us] idle
[t=30,190,558us] task_stop_exec     id=0x20016A38
[t=30,190,561us] task_start_exec    ppg id=0x20002A60
[t=30,190,581us] task_stop_exec     ppg id=0x20002A60
[t=30,190,585us] task_start_exec    id=0x20016A38
[t=30,190,588us] idle
[t=30,193,637us] task_stop_exec     id=0x20016A38
[t=30,193,640us] task_start_exec    key id=0x20006160
[t=30,193,654us] task_stop_exec     key id=0x20006160
[t=30,193,657us] task_start_exec    id=0x20016A38
[t=30,193,660us] idle
[t=30,194,637us] task_stop_exec     id=0x20016A38
[t=30,194,640us] task_start_exec    ble id=0x200031DC
[t=30,194,659us] task_stop_exec     ble id=0x200031DC
[t=30,194,662us] task_start_exec    id=0x20016A38
[t=30,194,665us] idle
[t=30,199,637us] task_stop_exec     id=0x20016A38
[t=30,199,640us] task_start_exec    ppg id=0x20002A60
[t=30,199,648us] task_stop_exec     ppg id=0x20002A60
[t=30,199,650us] task_start_exec    ble id=0x200031DC
[t=30,199,668us] task_stop_exec     ble id=0x200031DC
[t=30,199,671us] task_start_exec    ppg id=0x20002A60
[t=30,201,054us] task_stop_exec     ppg id=0x20002A60
[t=30,201,057us] task_start_exec    id=0x20016A38
[t=30,201,060us] idle
[t=30,201,588us] task_stop_exec     id=0x20016A38
[t=30,201,591us] task_start_exec    ppg id=0x20002A60
[t=30,201,611us] task_stop_exec     ppg id=0x20002A60
[t=30,201,614us] task_start_exec    id=0x20016A38
[t=30,201,617us] idle
[t=30,204,637us] task_stop_exec     id=0x20016A38
[t=30,204,640us] task_start_exec    ble id=0x200031DC
[t=30,204,658us] task_stop_exec     ble id=0x200031DC
[t=30,204,661us] task_start_exec    id=0x20016A38
[t=30,204,664us] idle
[t=30,209,637us] task_stop_exec     id=0x20016A38
[t=30,209,640us] task_start_exec    ble id=0x200031DC
[t=30,209,659us] task_stop_exec     ble id=0x200031DC
[t=30,209,662us] task_start_exec    id=0x20016A38
[t=30,209,665us] idle
[t=30,210,637us] task_stop_exec     id=0x20016A38
[t=30,210,640us] task_start_exec    ppg id=0x20002A60
[t=30,211,724us] task_stop_exec     ppg id=0x20002A60
[t=30,211,727us] task_start_exec    id=0x20016A38
[t=30,211,730us] idle
[t=30,213,637us] task_stop_exec     id=0x20016A38
[t=30,213,640us] task_start_exec    key id=0x20006160
[t=30,213,655us] task_stop_exec     key id=0x20006160
[t=30,213,658us] task_start_exec    id=0x20016A38
[t=30,213,661us] idle
[t=30,214,637us] task_stop_exec     id=0x20016A38
[t=30,214,640us] task_start_exec    ble id=0x200031DC
[t=30,214,658us] task_stop_exec     ble id=0x200031DC
[t=30,214,661us] task_start_exec    id=0x20016A38
[t=30,214,664us] idle
[t=30,219,637us] task_stop_exec     id=0x20016A38
[t=30,219,640us] task_start_exec    ble id=0x200031DC
[t=30,219,658us] task_stop_exec     ble id=0x200031DC
[t=30,219,662us] task_start_exec    id=0x20016A38
[t=30,219,665us] idle
[t=30,221,637us] task_stop_exec     id=0x20016A38
[t=30,221,640us] task_start_exec    ppg id=0x20002A60
[t=30,223,024us] task_stop_exec     ppg id=0x20002A60
[t=30,223,028us] task_start_exec    id=0x20016A38
[t=30,223,031us] idle
[t=30,223,558us] task_stop_exec     id=0x20016A38
[t=30,223,561us] task_start_exec    ppg id=0x20002A60
[t=30,223,582us] task_stop_exec     ppg id=0x20002A60
[t=30,223,585us] task_start_exec    id=0x20016A38
[t=30,223,588us] idle
[t=30,224,637us] task_stop_exec     id=0x20016A38
[t=30,224,640us] task_start_exec    ble id=0x200031DC
[t=30,224,658us] task_stop_exec     ble id=0x200031DC
[t=30,224,661us] task_start_exec    id=0x20016A38
[t=30,224,664us] idle
[t=30,229,637us] task_stop_exec     id=0x20016A38
[t=30,229,640us] task_start_exec    ble id=0x200031DC
[t=30,229,659us] task_stop_exec     ble id=0x200031DC
[t=30,229,662us] task_start_exec    id=0x20016A38
[t=30,229,665us] idle
[t=30,232,637us] task_stop_exec     id=0x20016A38
[t=30,232,640us] task_start_exec    ppg id=0x20002A60
[t=30,234,024us] task_stop_exec     ppg id=0x20002A60
[t=30,234,027us] task_start_exec    key id=0x20006160
[t=30,234,040us] task_stop_exec     key id=0x20006160
[t=30,234,043us] task_start_exec    id=0x20016A38
[t=30,234,046us] idle
[t=30,234,558us] task_stop_exec     id=0x20016A38
[t=30,234,561us] task_start_exec    ppg id=0x20002A60
[t=30,234,581us] task_stop_exec     ppg id=0x20002A60
[t=30,234,585us] task_start_exec    id=0x20016A38
[t=30,234,588us] idle
[t=30,234,637us] task_stop_exec     id=0x20016A38
[t=30,234,640us] task_start_exec    ble id=0x200031DC
[t=30,234,658us] task_stop_exec     ble id=0x200031DC
[t=30,234,661us] task_start_exec    id=0x20016A38
[t=30,234,664us] idle
[t=30,239,637us] task_stop_exec     id=0x20016A38
[t=30,239,640us] task_start_exec    ble id=0x200031DC
[t=30,239,658us] task_stop_exec     ble id=0x200031DC
[t=30,239,662us] task_start_exec    id=0x20016A38
[t=30,239,665us] idle
[t=30,243,637us] task_stop_exec     id=0x20016A38
[t=30,243,640us] task_start_exec    ppg id=0x20002A60
[t=30,244,637us] task_stop_exec     ppg id=0x20002A60
[t=30,244,640us] task_start_exec    ble id=0x200031DC
[t=30,244,658us] task_stop_exec     ble id=0x200031DC
[t=30,244,661us] task_start_exec    ppg id=0x20002A60
[t=30,245,024us] task_stop_exec     ppg id=0x20002A60
[t=30,245,027us] task_start_exec    id=0x20016A38
[t=30,245,030us] idle
[t=30,245,558us] task_stop_exec     id=0x20016A38
[t=30,245,561us] task_start_exec    ppg id=0x20002A60
[t=30,245,581us] task_stop_exec     ppg id=0x20002A60
[t=30,245,584us] task_start_exec    id=0x20016A38
[t=30,245,587us] idle
[t=30,249,637us] task_stop_exec     id=0x20016A38
[t=30,249,640us] task_start_exec    ble id=0x200031DC
[t=30,249,659us] task_stop_exec     ble id=0x200031DC
[t=30,249,662us] task_start_exec    id=0x20016A38
[t=30,249,665us] idle
[t=30,253,637us] task_stop_exec     id=0x20016A38
[t=30,253,640us] task_start_exec    key id=0x20006160
[t=30,253,654us] task_stop_exec     key id=0x20006160
[t=30,253,657us] task_start_exec    id=0x20016A38
[t=30,253,660us] idle
[t=30,254,637us] task_stop_exec     id=0x20016A38
[t=30,254,640us] task_start_exec    ppg id=0x20002A60
[t=30,254,648us] task_stop_exec     ppg id=0x20002A60
[t=30,254,650us] task_start_exec    ble id=0x200031DC
[t=30,254,668us] task_stop_exec     ble id=0x200031DC
[t=30,254,671us] task_start_exec    ppg id=0x20002A60
[t=30,256,054us] task_stop_exec     ppg id=0x20002A60
[t=30,256,057us] task_start_exec    id=0x20016A38
[t=30,256,060us] idle
[t=30,256,588us] task_stop_exec     id=0x20016A38
[t=30,256,591us] task_start_exec    ppg id=0x20002A60
[t=30,256,611us] task_stop_exec     ppg id=0x20002A60
[t=30,256,614us] task_start_exec    id=0x20016A38
[t=30,256,617us] idle
[t=30,259,637us] task_stop_exec     id=0x20016A38
[t=30,259,640us] task_start_exec    ble id=0x200031DC
[t=30,259,658us] task_stop_exec     ble id=0x200031DC
[t=30,259,661us] task_start_exec    id=0x20016A38
[t=30,259,664us] idle
[t=30,264,637us] task_stop_exec     id=0x20016A38
[t=30,264,640us] task_start_exec    ble id=0x200031DC
[t=30,264,658us] task_stop_exec     ble id=0x200031DC
[t=30,264,661us] task_start_exec    id=0x20016A38
[t=30,264,664us] idle
[t=30,265,637us] task_stop_exec     id=0x20016A38
[t=30,265,640us] task_start_exec    ppg id=0x20002A60
[t=30,267,024us] task_stop_exec     ppg id=0x20002A60
[t=30,267,028us] task_start_exec    id=0x20016A38
[t=30,267,031us] idle
[t=30,267,558us] task_stop_exec     id=0x20016A38
[t=30,267,561us] task_start_exec    ppg id=0x20002A60
[t=30,267,582us] task_stop_exec     ppg id=0x20002A60
[t=30,267,585us] task_start_exec    id=0x20016A38
[t=30,267,588us] idle
[t=30,269,637us] task_stop_exec     id=0x20016A38
[t=30,269,640us] task_start_exec    ble id=0x200031DC
[t=30,269,659us] task_stop_exec     ble id=0x200031DC
[t=30,269,662us] task_start_exec    id=0x20016A38
[t=30,269,665us] idle
[t=30,273,637us] task_stop_exec     id=0x20016A38
[t=30,273,640us] task_start_exec    key id=0x20006160
[t=30,273,654us] task_stop_exec     key id=0x20006160
[t=30,273,657us] task_start_exec    id=0x20016A38
[t=30,273,660us] idle
[t=30,274,637us] task_stop_exec     id=0x20016A38
[t=30,274,640us] task_start_exec    ble id=0x200031DC
[t=30,274,659us] task_stop_exec     ble id=0x200031DC
[t=30,274,662us] task_start_exec    id=0x20016A38
[t=30,274,665us] idle
[t=30,276,637us] task_stop_exec     id=0x20016A38
[t=30,276,640us] task_start_exec    ppg id=0x20002A60
[t=30,277,723us] task_stop_exec     ppg id=0x20002A60
[t=30,277,726us] task_start_exec    id=0x20016A38
[t=30,277,729us] idle
[t=30,279,637us] task_stop_exec     id=0x20016A38
[t=30,279,640us] task_start_exec    ble id=0x200031DC
[t=30,279,658us] task_stop_exec     ble id=0x200031DC
[t=30,279,661us] task_start_exec    id=0x20016A38
[t=30,279,664us] idle
[t=30,284,637us] task_stop_exec     id=0x20016A38
[t=30,284,640us] task_start_exec    ble id=0x200031DC
[t=30,284,658us] task_stop_exec     ble id=0x200031DC
[t=30,284,662us] task_start_exec    id=0x20016A38
[t=30,284,664us] idle
[t=30,287,637us] task_stop_exec     id=0x20016A38
[t=30,287,640us] task_start_exec    ppg id=0x20002A60
[t=30,289,024us] task_stop_exec     ppg id=0x20002A60
[t=30,289,028us] task_start_exec    id=0x20016A38
[t=30,289,031us] idle
[t=30,289,558us] task_stop_exec     id=0x20016A38
[t=30,289,561us] task_start_exec    ppg id=0x20002A60
[t=30,289,582us] task_stop_exec     ppg id=0x20002A60
[t=30,289,585us] task_start_exec    id=0x20016A38
[t=30,289,588us] idle
[t=30,289,637us] task_stop_exec     id=0x20016A38
[t=30,289,640us] task_start_exec    ble id=0x200031DC
[t=30,289,658us] task_stop_exec     ble id=0x200031DC
[t=30,289,661us] task_start_exec    id=0x20016A38
[t=30,289,664us] idle
[t=30,293,637us] task_stop_exec     id=0x20016A38
[t=30,293,640us] task_start_exec    key id=0x20006160
[t=30,293,654us] task_stop_exec     key id=0x20006160
[t=30,293,657us] task_start_exec    id=0x20016A38
[t=30,293,660us] idle
[t=30,294,637us] task_stop_exec     id=0x20016A38
[t=30,294,640us] task_start_exec    ble id=0x200031DC
[t=30,294,659us] task_stop_exec     ble id=0x200031DC
[t=30,294,662us] task_start_exec    id=0x20016A38
[t=30,294,665us] idle
[t=30,298,637us] task_stop_exec     id=0x20016A38
[t=30,298,640us] task_start_exec    ppg id=0x20002A60
[t=30,299,637us] task_stop_exec     ppg id=0x20002A60
[t=30,299,640us] task_start_exec    ble id=0x200031DC
[t=30,299,658us] task_stop_exec     ble id=0x200031DC
[t=30,299,661us] task_start_exec    ppg id=0x20002A60
[t=30,300,024us] task_stop_exec     ppg id=0x20002A60
[t=30,300,027us] task_start_exec    id=0x20016A38
[t=30,300,030us] idle
[t=30,300,558us] task_stop_exec     id=0x20016A38
[t=30,300,561us] task_start_exec    ppg id=0x20002A60
[t=30,300,581us] task_stop_exec     ppg id=0x20002A60
[t=30,300,584us] task_start_exec    id=0x20016A38
[t=30,300,587us] idle
[t=30,304,637us] task_stop_exec     id=0x20016A38
[t=30,304,640us] task_start_exec    ble id=0x200031DC
[t=30,304,658us] task_stop_exec     ble id=0x200031DC
[t=30,304,662us] task_start_exec    id=0x20016A38
[t=30,304,665us] idle
[t=30,309,637us] task_stop_exec     id=0x20016A38
[t=30,309,640us] task_start_exec    ppg id=0x20002A60
[t=30,309,648us] task_stop_exec     ppg id=0x20002A60
[t=30,309,650us] task_start_exec    ble id=0x200031DC
[t=30,309,668us] task_stop_exec     ble id=0x200031DC
[t=30,309,671us] task_start_exec    ppg id=0x20002A60
[t=30,311,054us] task_stop_exec     ppg id=0x20002A60
[t=30,311,057us] task_start_exec    id=0x20016A38
[t=30,311,060us] idle
[t=30,311,587us] task_stop_exec     id=0x20016A38
[t=30,311,591us] task_start_exec    ppg id=0x20002A60
[t=30,311,611us] task_stop_exec     ppg id=0x20002A60
[t=30,311,614us] task_start_exec    id=0x20016A38
[t=30,311,617us] idle
[t=30,313,637us] task_stop_exec     id=0x20016A38
[t=30,313,640us] task_start_exec    key id=0x20006160
[t=30,313,654us] task_stop_exec     key id=0x20006160
[t=30,313,657us] task_start_exec    id=0x20016A38
[t=30,313,660us] idle
[t=30,314,637us] task_stop_exec     id=0x20016A38
[t=30,314,640us] task_start_exec    ble id=0x200031DC
[t=30,314,658us] task_stop_exec     ble id=0x200031DC
[t=30,314,661us] task_start_exec    id=0x20016A38
[t=30,314,664us] idle
[t=30,319,637us] task_stop_exec     id=0x20016A38
[t=30,319,640us] task_start_exec    ble id=0x200031DC
[t=30,319,658us] task_stop_exec     ble id=0x200031DC
[t=30,319,662us] task_start_exec    id=0x20016A38
[t=30,319,664us] idle
[t=30,320,637us] task_stop_exec     id=0x20016A38
[t=30,320,640us] task_start_exec    ppg id=0x20002A60
[t=30,322,025us] task_stop_exec     ppg id=0x20002A60
[t=30,322,028us] task_start_exec    id=0x20016A38
[t=30,322,031us] idle
[t=30,322,559us] task_stop_exec     id=0x20016A38
[t=30,322,562us] task_start_exec    ppg id=0x20002A60
[t=30,322,582us] task_stop_exec     ppg id=0x20002A60
[t=30,322,585us] task_start_exec    id=0x20016A38
[t=30,322,588us] idle
[t=30,324,637us] task_stop_exec     id=0x20016A38
[t=30,324,640us] task_start_exec    ble id=0x200031DC
[t=30,324,658us] task_stop_exec     ble id=0x200031DC
[t=30,324,661us] task_start_exec    id=0x20016A38
[t=30,324,664us] idle
[t=30,329,637us] task_stop_exec     id=0x20016A38
[t=30,329,640us] task_start_exec    ble id=0x200031DC
[t=30,329,659us] task_stop_exec     ble id=0x200031DC
[t=30,329,662us] task_start_exec    id=0x20016A38
[t=30,329,665us] idle
[t=30,331,637us] task_stop_exec     id=0x20016A38
[t=30,331,640us] task_start_exec    ppg id=0x20002A60
[t=30,333,024us] task_stop_exec     ppg id=0x20002A60
[t=30,333,027us] task_start_exec    id=0x20016A38
[t=30,333,030us] idle
[t=30,333,558us] task_stop_exec     id=0x20016A38
[t=30,333,561us] task_start_exec    ppg id=0x20002A60
[t=30,333,581us] task_stop_exec     ppg id=0x20002A60
[t=30,333,584us] task_start_exec    id=0x20016A38
[t=30,333,587us] idle
[t=30,333,637us] task_stop_exec     id=0x20016A38
[t=30,333,640us] task_start_exec    key id=0x20006160
[t=30,333,654us] task_stop_exec     key id=0x20006160
[t=30,333,657us] task_start_exec    id=0x20016A38
[t=30,333,660us] idle
[t=30,334,637us] task_stop_exec     id=0x20016A38
[t=30,334,640us] task_start_exec    ble id=0x200031DC
[t=30,334,658us] task_stop_exec     ble id=0x200031DC
[t=30,334,661us] task_start_exec    id=0x20016A38
[t=30,334,664us] idle
[t=30,339,637us] task_stop_exec     id=0x20016A38
[t=30,339,640us] task_start_exec    ble id=0x200031DC
[t=30,339,658us] task_stop_exec     ble id=0x200031DC
[t=30,339,662us] task_start_exec    id=0x20016A38
[t=30,339,665us] idle
[t=30,342,637us] task_stop_exec     id=0x20016A38
[t=30,342,640us] task_start_exec    ppg id=0x20002A60
[t=30,343,723us] task_stop_exec     ppg id=0x20002A60
[t=30,343,726us] task_start_exec    id=0x20016A38
[t=30,343,729us] idle
[t=30,344,637us] task_stop_exec     id=0x20016A38
[t=30,344,640us] task_start_exec    ble id=0x200031DC
[t=30,344,658us] task_stop_exec     ble id=0x200031DC
[t=30,344,661us] task_start_exec    id=0x20016A38
[t=30,344,664us] idle
[t=30,349,637us] task_stop_exec     id=0x20016A38
[t=30,349,640us] task_start_exec    ble id=0x200031DC
[t=30,349,659us] task_stop_exec     ble id=0x200031DC
[t=30,349,662us] task_start_exec    id=0x20016A38
[t=30,349,665us] idle
[t=30,353,637us] task_stop_exec     id=0x20016A38
[t=30,353,640us] task_start_exec    key id=0x20006160
[t=30,353,648us] task_stop_exec     key id=0x20006160
[t=30,353,651us] task_start_exec    ppg id=0x20002A60
[t=30,354,637us] task_stop_exec     ppg id=0x20002A60
[t=30,354,640us] task_start_exec    ble id=0x200031DC
[t=30,354,658us] task_stop_exec     ble id=0x200031DC
[t=30,354,661us] task_start_exec    ppg id=0x20002A60
[t=30,355,034us] task_stop_exec     ppg id=0x20002A60
[t=30,355,038us] task_start_exec    key id=0x20006160
[t=30,355,050us] task_stop_exec     key id=0x20006160
[t=30,355,053us] task_start_exec    id=0x20016A38
[t=30,355,056us] idle
[t=30,355,569us] task_stop_exec     id=0x20016A38
[t=30,355,572us] task_start_exec    ppg id=0x20002A60
[t=30,355,592us] task_stop_exec     ppg id=0x20002A60
[t=30,355,595us] task_start_exec    id=0x20016A38
[t=30,355,598us] idle
[t=30,359,637us] task_stop_exec     id=0x20016A38
[t=30,359,640us] task_start_exec    ble id=0x200031DC
[t=30,359,659us] task_stop_exec     ble id=0x200031DC
[t=30,359,662us] task_start_exec    id=0x20016A38
[t=30,359,665us] idle
[t=30,364,637us] task_stop_exec     id=0x20016A38
[t=30,364,640us] task_start_exec    ppg id=0x20002A60
[t=30,364,648us] task_stop_exec     ppg id=0x20002A60
[t=30,364,650us] task_start_exec    ble id=0x200031DC
[t=30,364,668us] task_stop_exec     ble id=0x200031DC
[t=30,364,671us] task_start_exec    ppg id=0x20002A60
[t=30,366,054us] task_stop_exec     ppg id=0x20002A60
[t=30,366,057us] task_start_exec    id=0x20016A38
[t=30,366,060us] idle
[t=30,366,588us] task_stop_exec     id=0x20016A38
[t=30,366,591us] task_start_exec    ppg id=0x20002A60
[t=30,366,611us] task_stop_exec     ppg id=0x20002A60
[t=30,366,614us] task_start_exec    id=0x20016A38
[t=30,366,617us] idle
[t=30,369,637us] task_stop_exec     id=0x20016A38
[t=30,369,640us] task_start_exec    ble id=0x200031DC
[t=30,369,658us] task_stop_exec     ble id=0x200031DC
[t=30,369,662us] task_start_exec    id=0x20016A38
[t=30,369,665us] idle
[t=30,374,637us] task_stop_exec     id=0x20016A38
[t=30,374,640us] task_start_exec    key id=0x20006160
[t=30,374,648us] task_stop_exec     key id=0x20006160
[t=30,374,650us] task_start_exec    ble id=0x200031DC
[t=30,374,668us] task_stop_exec     ble id=0x200031DC
[t=30,374,671us] task_start_exec    key id=0x20006160
[t=30,374,684us] task_stop_exec     key id=0x20006160
[t=30,374,687us] task_start_exec    id=0x20016A38
[t=30,374,690us] idle
[t=30,375,637us] task_stop_exec     id=0x20016A38
[t=30,375,640us] task_start_exec    ppg id=0x20002A60
[t=30,377,024us] task_stop_exec     ppg id=0x20002A60
[t=30,377,027us] task_start_exec    id=0x20016A38
[t=30,377,030us] idle
[t=30,377,558us] task_stop_exec     id=0x20016A38
[t=30,377,561us] task_start_exec    ppg id=0x20002A60
[t=30,377,581us] task_stop_exec     ppg id=0x20002A60
[t=30,377,584us] task_start_exec    id=0x20016A38
[t=30,377,587us] idle
[t=30,379,637us] task_stop_exec     id=0x20016A38
[t=30,379,640us] task_start_exec    ble id=0x200031DC
[t=30,379,658us] task_stop_exec     ble id=0x200031DC
[t=30,379,661us] task_start_exec    id=0x20016A38
[t=30,379,664us] idle
[t=30,384,637us] task_stop_exec     id=0x20016A38
[t=30,384,640us] task_start_exec    ble id=0x200031DC
[t=30,384,658us] task_stop_exec     ble id=0x200031DC
[t=30,384,662us] task_start_exec    id=0x20016A38
[t=30,384,665us] idle
[t=30,386,637us] task_stop_exec     id=0x20016A38
[t=30,386,640us] task_start_exec    ppg id=0x20002A60
[t=30,388,024us] task_stop_exec     ppg id=0x20002A60
[t=30,388,027us] task_start_exec    id=0x20016A38
[t=30,388,030us] idle
[t=30,388,558us] task_stop_exec     id=0x20016A38
[t=30,388,561us] task_start_exec    ppg id=0x20002A60
[t=30,388,581us] task_stop_exec     ppg id=0x20002A60
[t=30,388,584us] task_start_exec    id=0x20016A38
[t=30,388,587us] idle
[t=30,389,637us] task_stop_exec     id=0x20016A38
[t=30,389,640us] task_start_exec    ble id=0x200031DC
[t=30,389,659us] task_stop_exec     ble id=0x200031DC
[t=30,389,662us] task_start_exec    id=0x20016A38
[t=30,389,665us] idle
[t=30,394,637us] task_stop_exec     id=0x20016A38
[t=30,394,640us] task_start_exec    key id=0x20006160
[t=30,394,648us] task_stop_exec     key id=0x20006160
[t=30,394,650us] task_start_exec    ble id=0x200031DC
[t=30,394,668us] task_stop_exec     ble id=0x200031DC
[t=30,394,671us] task_start_exec    key id=0x20006160
[t=30,394,684us] task_stop_exec     key id=0x20006160
[t=30,394,687us] task_start_exec    id=0x20016A38
[t=30,394,690us] idle
[t=30,397,637us] task_stop_exec     id=0x20016A38
[t=30,397,640us] task_start_exec    ppg id=0x20002A60
[t=30,398,723us] task_stop_exec     ppg id=0x20002A60
[t=30,398,726us] task_start_exec    id=0x20016A38
[t=30,398,729us] idle
[t=30,399,637us] task_stop_exec     id=0x20016A38
[t=30,399,640us] task_start_exec    ble id=0x200031DC
[t=30,399,658us] task_stop_exec     ble id=0x200031DC
[t=30,399,661us] task_start_exec    id=0x20016A38
[t=30,399,664us] idle
[t=30,404,637us] task_stop_exec     id=0x20016A38
[t=30,404,640us] task_start_exec    ble id=0x200031DC
[t=30,404,658us] task_stop_exec     ble id=0x200031DC
[t=30,404,662us] task_start_exec    id=0x20016A38
[t=30,404,665us] idle
[t=30,408,637us] task_stop_exec     id=0x20016A38
[t=30,408,640us] task_start_exec    ppg id=0x20002A60
[t=30,409,637us] task_stop_exec     ppg id=0x20002A60
[t=30,409,640us] task_start_exec    ble id=0x200031DC
[t=30,409,658us] task_stop_exec     ble id=0x200031DC
[t=30,409,661us] task_start_exec    ppg id=0x20002A60
[t=30,410,024us] task_stop_exec     ppg id=0x20002A60
[t=30,410,027us] task_start_exec    id=0x20016A38
[t=30,410,030us] idle
[t=30,410,828us] task_stop_exec     id=0x20016A38
[t=30,410,831us] task_start_exec    ppg id=0x20002A60
[t=30,410,852us] task_stop_exec     ppg id=0x20002A60
[t=30,410,855us] task_start_exec    id=0x20016A38
[t=30,410,858us] idle
[t=30,414,637us] task_stop_exec     id=0x20016A38
[t=30,414,640us] task_start_exec    key id=0x20006160
[t=30,414,648us] task_stop_exec     key id=0x20006160
[t=30,414,650us] task_start_exec    ble id=0x200031DC
[t=30,414,668us] task_stop_exec     ble id=0x200031DC
[t=30,414,671us] task_start_exec    key id=0x20006160
[t=30,414,684us] task_stop_exec     key id=0x20006160
[t=30,414,687us] task_start_exec    id=0x20016A38
[t=30,414,690us] idle
[t=30,419,637us] task_stop_exec     id=0x20016A38
[t=30,419,640us] task_start_exec    ble id=0x200031DC
[t=30,419,659us] task_stop_exec     ble id=0x200031DC
[t=30,419,662us] task_start_exec    id=0x20016A38
[t=30,419,665us] idle
[t=30,420,637us] task_stop_exec     id=0x20016A38
[t=30,420,640us] task_start_exec    ppg id=0x20002A60
[t=30,421,723us] task_stop_exec     ppg id=0x20002A60
[t=30,421,726us] task_start_exec    id=0x20016A38
[t=30,421,729us] idle
[t=30,424,637us] task_stop_exec     id=0x20016A38
[t=30,424,640us] task_start_exec    ble id=0x200031DC
[t=30,424,659us] task_stop_exec     ble id=0x200031DC
[t=30,424,662us] task_start_exec    id=0x20016A38
[t=30,424,665us] idle
[t=30,429,637us] task_stop_exec     id=0x20016A38
[t=30,429,640us] task_start_exec    ble id=0x200031DC
[t=30,429,658us] task_stop_exec     ble id=0x200031DC
[t=30,429,662us] task_start_exec    id=0x20016A38
[t=30,429,665us] idle
[t=30,431,637us] task_stop_exec     id=0x20016A38
[t=30,431,640us] task_start_exec    ppg id=0x20002A60
[t=30,433,024us] task_stop_exec     ppg id=0x20002A60
[t=30,433,028us] task_start_exec    id=0x20016A38
[t=30,433,031us] idle
[t=30,433,828us] task_stop_exec     id=0x20016A38
[t=30,433,831us] task_start_exec    ppg id=0x20002A60
[t=30,433,854us] task_stop_exec     ppg id=0x20002A60
[t=30,433,857us] task_start_exec    id=0x20016A38
[t=30,433,860us] idle
[t=30,434,637us] task_stop_exec     id=0x20016A38
[t=30,434,640us] task_start_exec    key id=0x20006160
[t=30,434,648us] task_stop_exec     key id=0x20006160
[t=30,434,650us] task_start_exec    ble id=0x200031DC
[t=30,434,668us] task_stop_exec     ble id=0x200031DC
[t=30,434,671us] task_start_exec    key id=0x20006160
[t=30,434,684us] task_stop_exec     key id=0x20006160
[t=30,434,687us] task_start_exec    id=0x20016A38
[t=30,434,690us] idle
[t=30,439,637us] task_stop_exec     id=0x20016A38
[t=30,439,640us] task_start_exec    ble id=0x200031DC
[t=30,439,659us] task_stop_exec     ble id=0x200031DC
[t=30,439,662us] task_start_exec    id=0x20016A38
[t=30,439,665us] idle
[t=30,443,637us] task_stop_exec     id=0x20016A38
[t=30,443,640us] task_start_exec    ppg id=0x20002A60
[t=30,444,637us] task_stop_exec     ppg id=0x20002A60
[t=30,444,640us] task_start_exec    ble id=0x200031DC
[t=30,444,658us] task_stop_exec     ble id=0x200031DC
[t=30,444,661us] task_start_exec    ppg id=0x20002A60
[t=30,445,024us] task_stop_exec     ppg id=0x20002A60
[t=30,445,027us] task_start_exec    id=0x20016A38
[t=30,445,030us] idle
[t=30,445,558us] task_stop_exec     id=0x20016A38
[t=30,445,561us] task_start_exec    ppg id=0x20002A60
[t=30,445,581us] task_stop_exec     ppg id=0x20002A60
[t=30,445,584us] task_start_exec    id=0x20016A38
[t=30,445,587us] idle
[t=30,449,637us] task_stop_exec     id=0x20016A38
[t=30,449,640us] task_start_exec    ble id=0x200031DC
[t=30,449,658us] task_stop_exec     ble id=0x200031DC
[t=30,449,662us] task_start_exec    id=0x20016A38
[t=30,449,665us] idle
[t=30,454,637us] task_stop_exec     id=0x20016A38
[t=30,454,640us] task_start_exec    key id=0x20006160
[t=30,454,648us] task_stop_exec     key id=0x20006160
[t=30,454,650us] task_start_exec    ppg id=0x20002A60
[t=30,454,658us] task_stop_exec     ppg id=0x20002A60
[t=30,454,661us] task_start_exec    ble id=0x200031DC
[t=30,454,678us] task_stop_exec     ble id=0x200031DC
[t=30,454,681us] task_start_exec    ppg id=0x20002A60
[t=30,456,063us] task_stop_exec     ppg id=0x20002A60
[t=30,456,066us] task_start_exec    key id=0x20006160
[t=30,456,079us] task_stop_exec     key id=0x20006160
[t=30,456,082us] task_start_exec    id=0x20016A38
[t=30,456,085us] idle
[t=30,456,597us] task_stop_exec     id=0x20016A38
[t=30,456,600us] task_start_exec    ppg id=0x20002A60
[t=30,456,620us] task_stop_exec     ppg id=0x20002A60
[t=30,456,623us] task_start_exec    id=0x20016A38
[t=30,456,626us] idle
[t=30,459,637us] task_stop_exec     id=0x20016A38
[t=30,459,640us] task_start_exec    ble id=0x200031DC
[t=30,459,659us] task_stop_exec     ble id=0x200031DC
[t=30,459,662us] task_start_exec    id=0x20016A38
[t=30,459,665us] idle
[t=30,464,637us] task_stop_exec     id=0x20016A38
[t=30,464,640us] task_start_exec    ble id=0x200031DC
[t=30,464,658us] task_stop_exec     ble id=0x200031DC
[t=30,464,662us] task_start_exec    id=0x20016A38
[t=30,464,665us] idle
[t=30,465,637us] task_stop_exec     id=0x20016A38
[t=30,465,640us] task_start_exec    ppg id=0x20002A60
[t=30,467,024us] task_stop_exec     ppg id=0x20002A60
[t=30,467,027us] task_start_exec    id=0x20016A38
[t=30,467,030us] idle
[t=30,467,558us] task_stop_exec     id=0x20016A38
[t=30,467,561us] task_start_exec    ppg id=0x20002A60
[t=30,467,581us] task_stop_exec     ppg id=0x20002A60
[t=30,467,584us] task_start_exec    id=0x20016A38
[t=30,467,587us] idle
[t=30,469,637us] task_stop_exec     id=0x20016A38
[t=30,469,640us] task_start_exec    ble id=0x200031DC
[t=30,469,658us] task_stop_exec     ble id=0x200031DC
[t=30,469,661us] task_start_exec    id=0x20016A38
[t=30,469,664us] idle
[t=30,474,637us] task_stop_exec     id=0x20016A38
[t=30,474,640us] task_start_exec    ble id=0x200031DC
[t=30,474,659us] task_stop_exec     ble id=0x200031DC
[t=30,474,662us] task_start_exec    id=0x20016A38
[t=30,474,665us] idle
[t=30,475,637us] task_stop_exec     id=0x20016A38
[t=30,475,640us] task_start_exec    key id=0x20006160
[t=30,475,654us] task_stop_exec     key id=0x20006160
[t=30,475,657us] task_start_exec    id=0x20016A38
[t=30,475,660us] idle
[t=30,476,637us] task_stop_exec     id=0x20016A38
[t=30,476,640us] task_start_exec    ppg id=0x20002A60
[t=30,477,724us] task_stop_exec     ppg id=0x20002A60
[t=30,477,727us] task_start_exec    id=0x20016A38
[t=30,477,730us] idle
[t=30,479,637us] task_stop_exec     id=0x20016A38
[t=30,479,640us] task_start_exec    ble id=0x200031DC
[t=30,479,658us] task_stop_exec     ble id=0x200031DC
[t=30,479,661us] task_start_exec    id=0x20016A38
[t=30,479,664us] idle
[t=30,484,637us] task_stop_exec     id=0x20016A38
[t=30,484,640us] task_start_exec    ble id=0x200031DC
[t=30,484,658us] task_stop_exec     ble id=0x200031DC
[t=30,484,662us] task_start_exec    id=0x20016A38
[t=30,484,665us] idle
[t=30,487,637us] task_stop_exec     id=0x20016A38
[t=30,487,640us] task_start_exec    ppg id=0x20002A60
[t=30,489,024us] task_stop_exec     ppg id=0x20002A60
[t=30,489,027us] task_start_exec    id=0x20016A38
[t=30,489,030us] idle
[t=30,489,558us] task_stop_exec     id=0x20016A38
[t=30,489,561us] task_start_exec    ppg id=0x20002A60
[t=30,489,581us] task_stop_exec     ppg id=0x20002A60
[t=30,489,584us] task_start_exec    id=0x20016A38
[t=30,489,587us] idle
[t=30,489,637us] task_stop_exec     id=0x20016A38
[t=30,489,640us] task_start_exec    ble id=0x200031DC
[t=30,489,658us] task_stop_exec     ble id=0x200031DC
[t=30,489,661us] task_start_exec    id=0x20016A38
[t=30,489,664us] idle
[t=30,494,637us] task_stop_exec     id=0x20016A38
[t=30,494,640us] task_start_exec    ble id=0x200031DC
[t=30,494,659us] task_stop_exec     ble id=0x200031DC
[t=30,494,662us] task_start_exec    id=0x20016A38
[t=30,494,665us] idle
[t=30,495,637us] task_stop_exec     id=0x20016A38
[t=30,495,640us] task_start_exec    key id=0x20006160
[t=30,495,654us] task_stop_exec     key id=0x20006160
[t=30,495,657us] task_start_exec    id=0x20016A38
[t=30,495,660us] idle
[t=30,498,637us] task_stop_exec     id=0x20016A38
[t=30,498,640us] task_start_exec    ppg id=0x20002A60
[t=30,499,637us] task_stop_exec     ppg id=0x20002A60
[t=30,499,640us] task_start_exec    ble id=0x200031DC
[t=30,499,658us] task_stop_exec     ble id=0x200031DC
[t=30,499,661us] task_start_exec    ppg id=0x20002A60
[t=30,500,024us] task_stop_exec     ppg id=0x20002A60
[t=30,500,027us] task_start_exec    id=0x20016A38
[t=30,500,030us] idle
[t=30,500,558us] task_stop_exec     id=0x20016A38
[t=30,500,561us] task_start_exec    ppg id=0x20002A60
[t=30,500,581us] task_stop_exec     ppg id=0x20002A60
[t=30,500,584us] task_start_exec    id=0x20016A38
[t=30,500,587us] idle
[t=30,504,637us] task_stop_exec     id=0x20016A38
[t=30,504,640us] task_start_exec    ble id=0x200031DC
[t=30,504,659us] task_stop_exec     ble id=0x200031DC
[t=30,504,662us] task_start_exec    id=0x20016A38
[t=30,504,665us] idle
[t=30,509,637us] task_stop_exec     id=0x20016A38
[t=30,509,640us] task_start_exec    ppg id=0x20002A60
[t=30,509,648us] task_stop_exec     ppg id=0x20002A60
[t=30,509,650us] task_start_exec    ble id=0x200031DC
[t=30,509,668us] task_stop_exec     ble id=0x200031DC
[t=30,509,671us] task_start_exec    ppg id=0x20002A60
[t=30,511,053us] task_stop_exec     ppg id=0x20002A60
[t=30,511,057us] task_start_exec    id=0x20016A38
[t=30,511,060us] idle
[t=30,511,587us] task_stop_exec     id=0x20016A38
[t=30,511,590us] task_start_exec    ppg id=0x20002A60
[t=30,511,611us] task_stop_exec     ppg id=0x20002A60
[t=30,511,614us] task_start_exec    id=0x20016A38
[t=30,511,617us] idle
[t=30,514,637us] task_stop_exec     id=0x20016A38
[t=30,514,640us] task_start_exec    ble id=0x200031DC
[t=30,514,659us] task_stop_exec     ble id=0x200031DC
[t=30,514,662us] task_start_exec    id=0x20016A38
[t=30,514,665us] idle
[t=30,515,637us] task_stop_exec     id=0x20016A38
[t=30,515,640us] task_start_exec    key id=0x20006160
[t=30,515,654us] task_stop_exec     key id=0x20006160
[t=30,515,657us] task_start_exec    id=0x20016A38
[t=30,515,660us] idle
[t=30,519,637us] task_stop_exec     id=0x20016A38
[t=30,519,640us] task_start_exec    ble id=0x200031DC
[t=30,519,659us] task_stop_exec     ble id=0x200031DC
[t=30,519,662us] task_start_exec    id=0x20016A38
[t=30,519,665us] idle
[t=30,520,637us] task_stop_exec     id=0x20016A38
[t=30,520,640us] task_start_exec    ppg id=0x20002A60
[t=30,522,024us] task_stop_exec     ppg id=0x20002A60
[t=30,522,027us] task_start_exec    id=0x20016A38
[t=30,522,030us] idle
[t=30,522,558us] task_stop_exec     id=0x20016A38
[t=30,522,561us] task_start_exec    ppg id=0x20002A60
[t=30,522,581us] task_stop_exec     ppg id=0x20002A60
[t=30,522,584us] task_start_exec    id=0x20016A38
[t=30,522,587us] idle
[t=30,524,637us] task_stop_exec     id=0x20016A38
[t=30,524,640us] task_start_exec    ble id=0x200031DC
[t=30,524,658us] task_stop_exec     ble id=0x200031DC
[t=30,524,661us] task_start_exec    id=0x20016A38
[t=30,524,664us] idle
[t=30,529,637us] task_stop_exec     id=0x20016A38
[t=30,529,640us] task_start_exec    ble id=0x200031DC
[t=30,529,659us] task_stop_exec     ble id=0x200031DC
[t=30,529,662us] task_start_exec    id=0x20016A38
[t=30,529,665us] idle
[t=30,531,637us] task_stop_exec     id=0x20016A38
[t=30,531,640us] task_start_exec    ppg id=0x20002A60
[t=30,533,024us] task_stop_exec     ppg id=0x20002A60
[t=30,533,027us] task_start_exec    id=0x20016A38
[t=30,533,030us] idle
[t=30,533,558us] task_stop_exec     id=0x20016A38
[t=30,533,561us] task_start_exec    ppg id=0x20002A60
[t=30,533,581us] task_stop_exec     ppg id=0x20002A60
[t=30,533,584us] task_start_exec    id=0x20016A38
[t=30,533,587us] idle
[t=30,534,637us] task_stop_exec     id=0x20016A38
[t=30,534,640us] task_start_exec    ble id=0x200031DC
[t=30,534,659us] task_stop_exec     ble id=0x200031DC
[t=30,534,662us] task_start_exec    id=0x20016A38
[t=30,534,665us] idle
[t=30,535,637us] task_stop_exec     id=0x20016A38
[t=30,535,640us] task_start_exec    key id=0x20006160
[t=30,535,654us] task_stop_exec     key id=0x20006160
[t=30,535,657us] task_start_exec    id=0x20016A38
[t=30,535,660us] idle
[t=30,539,637us] task_stop_exec     id=0x20016A38
[t=30,539,640us] task_start_exec    ble id=0x200031DC
[t=30,539,659us] task_stop_exec     ble id=0x200031DC
[t=30,539,662us] task_start_exec    id=0x20016A38
[t=30,539,665us] idle
[t=30,542,637us] task_stop_exec     id=0x20016A38
[t=30,542,640us] task_start_exec    ppg id=0x20002A60
[t=30,543,723us] task_stop_exec     ppg id=0x20002A60
[t=30,543,727us] task_start_exec    id=0x20016A38
[t=30,543,730us] idle
[t=30,544,637us] task_stop_exec     id=0x20016A38
[t=30,544,640us] task_start_exec    ble id=0x200031DC
[t=30,544,658us] task_stop_exec     ble id=0x200031DC
[t=30,544,661us] task_start_exec    id=0x20016A38
[t=30,544,664us] idle
[t=30,549,637us] task_stop_exec     id=0x20016A38
[t=30,549,640us] task_start_exec    ble id=0x200031DC
[t=30,549,658us] task_stop_exec     ble id=0x200031DC
[t=30,549,662us] task_start_exec    id=0x20016A38
[t=30,549,665us] idle
[t=30,553,637us] task_stop_exec     id=0x20016A38
[t=30,553,640us] task_start_exec    ppg id=0x20002A60
[t=30,554,637us] task_stop_exec     ppg id=0x20002A60
[t=30,554,640us] task_start_exec    ble id=0x200031DC
[t=30,554,658us] task_stop_exec     ble id=0x200031DC
[t=30,554,661us] task_start_exec    ppg id=0x20002A60
[t=30,555,024us] task_stop_exec     ppg id=0x20002A60
[t=30,555,027us] task_start_exec    id=0x20016A38
[t=30,555,030us] idle
[t=30,555,558us] task_stop_exec     id=0x20016A38
[t=30,555,561us] task_start_exec    ppg id=0x20002A60
[t=30,555,581us] task_stop_exec     ppg id=0x20002A60
[t=30,555,584us] task_start_exec    id=0x20016A38
[t=30,555,587us] idle
[t=30,555,637us] task_stop_exec     id=0x20016A38
[t=30,555,640us] task_start_exec    key id=0x20006160
[t=30,555,654us] task_stop_exec     key id=0x20006160
[t=30,555,657us] task_start_exec    id=0x20016A38
[t=30,555,660us] idle
[t=30,559,637us] task_stop_exec     id=0x20016A38
[t=30,559,640us] task_start_exec    ble id=0x200031DC
[t=30,559,659us] task_stop_exec     ble id=0x200031DC
[t=30,559,662us] task_start_exec    id=0x20016A38
[t=30,559,665us] idle
[t=30,564,637us] task_stop_exec     id=0x20016A38
[t=30,564,640us] task_start_exec    ppg id=0x20002A60
[t=30,564,648us] task_stop_exec     ppg id=0x20002A60
[t=30,564,651us] task_start_exec    ble id=0x200031DC
[t=30,564,669us] task_stop_exec     ble id=0x200031DC
[t=30,564,672us] task_start_exec    ppg id=0x20002A60
[t=30,566,054us] task_stop_exec     ppg id=0x20002A60
[t=30,566,058us] task_start_exec    id=0x20016A38
[t=30,566,061us] idle
[t=30,566,588us] task_stop_exec     id=0x20016A38
[t=30,566,591us] task_start_exec    ppg id=0x20002A60
[t=30,566,612us] task_stop_exec     ppg id=0x20002A60
[t=30,566,615us] task_start_exec    id=0x20016A38
[t=30,566,618us] idle
[t=30,569,637us] task_stop_exec     id=0x20016A38
[t=30,569,640us] task_start_exec    ble id=0x200031DC
[t=30,569,658us] task_stop_exec     ble id=0x200031DC
[t=30,569,661us] task_start_exec    id=0x20016A38
[t=30,569,664us] idle
[t=30,574,637us] task_stop_exec     id=0x20016A38
[t=30,574,640us] task_start_exec    ble id=0x200031DC
[t=30,574,659us] task_stop_exec     ble id=0x200031DC
[t=30,574,662us] task_start_exec    id=0x20016A38
[t=30,574,665us] idle
[t=30,575,637us] task_stop_exec     id=0x20016A38
[t=30,575,640us] task_start_exec    key id=0x20006160
[t=30,575,648us] task_stop_exec     key id=0x20006160
[t=30,575,650us] task_start_exec    ppg id=0x20002A60
[t=30,577,034us] task_stop_exec     ppg id=0x20002A60
[t=30,577,037us] task_start_exec    key id=0x20006160
[t=30,577,050us] task_stop_exec     key id=0x20006160
[t=30,577,053us] task_start_exec    id=0x20016A38
[t=30,577,056us] idle
[t=30,577,568us] task_stop_exec     id=0x20016A38
[t=30,577,571us] task_start_exec    ppg id=0x20002A60
[t=30,577,591us] task_stop_exec     ppg id=0x20002A60
[t=30,577,595us] task_start_exec    id=0x20016A38
[t=30,577,598us] idle
[t=30,579,637us] task_stop_exec     id=0x20016A38
[t=30,579,640us] task_start_exec    ble id=0x200031DC
[t=30,579,658us] task_stop_exec     ble id=0x200031DC
[t=30,579,661us] task_start_exec    id=0x20016A38
[t=30,579,664us] idle
[t=30,584,637us] task_stop_exec     id=0x20016A38
[t=30,584,640us] task_start_exec    ble id=0x200031DC
[t=30,584,658us] task_stop_exec     ble id=0x200031DC
[t=30,584,662us] task_start_exec    id=0x20016A38
[t=30,584,665us] idle
[t=30,586,637us] task_stop_exec     id=0x20016A38
[t=30,586,640us] task_start_exec    ppg id=0x20002A60
[t=30,588,024us] task_stop_exec     ppg id=0x20002A60
[t=30,588,027us] task_start_exec    id=0x20016A38
[t=30,588,030us] idle
[t=30,588,558us] task_stop_exec     id=0x20016A38
[t=30,588,561us] task_start_exec    ppg id=0x20002A60
[t=30,588,581us] task_stop_exec     ppg id=0x20002A60
[t=30,588,584us] task_start_exec    id=0x20016A38
[t=30,588,587us] idle
[t=30,589,637us] task_stop_exec     id=0x20016A38
[t=30,589,640us] task_start_exec    ble id=0x200031DC
[t=30,589,658us] task_stop_exec     ble id=0x200031DC
[t=30,589,661us] task_start_exec    id=0x20016A38
[t=30,589,664us] idle
[t=30,594,637us] task_stop_exec     id=0x20016A38
[t=30,594,640us] task_start_exec    ble id=0x200031DC
[t=30,594,659us] task_stop_exec     ble id=0x200031DC
[t=30,594,662us] task_start_exec    id=0x20016A38
[t=30,594,665us] idle
[t=30,596,637us] task_stop_exec     id=0x20016A38
[t=30,596,640us] task_start_exec    key id=0x20006160
[t=30,596,654us] task_stop_exec     key id=0x20006160
[t=30,596,657us] task_start_exec    id=0x20016A38
[t=30,596,660us] idle
[t=30,597,637us] task_stop_exec     id=0x20016A38
[t=30,597,640us] task_start_exec    ppg id=0x20002A60
[t=30,599,024us] task_stop_exec     ppg id=0x20002A60
[t=30,599,028us] task_start_exec    id=0x20016A38
[t=30,599,031us] idle
[t=30,599,558us] task_stop_exec     id=0x20016A38
[t=30,599,561us] task_start_exec    ppg id=0x20002A60
[t=30,599,582us] task_stop_exec     ppg id=0x20002A60
[t=30,599,585us] task_start_exec    id=0x20016A38
[t=30,599,588us] idle
[t=30,599,637us] task_stop_exec     id=0x20016A38
[t=30,599,640us] task_start_exec    ble id=0x200031DC
[t=30,599,658us] task_stop_exec     ble id=0x200031DC
[t=30,599,661us] task_start_exec    id=0x20016A38
[t=30,599,664us] idle
[t=30,604,637us] task_stop_exec     id=0x20016A38
[t=30,604,640us] task_start_exec    ble id=0x200031DC
[t=30,604,658us] task_stop_exec     ble id=0x200031DC
[t=30,604,662us] task_start_exec    id=0x20016A38
[t=30,604,665us] idle
[t=30,608,637us] task_stop_exec     id=0x20016A38
[t=30,608,640us] task_start_exec    ppg id=0x20002A60
[t=30,609,637us] task_stop_exec     ppg id=0x20002A60
[t=30,609,640us] task_start_exec    ble id=0x200031DC
[t=30,609,658us] task_stop_exec     ble id=0x200031DC
[t=30,609,661us] task_start_exec    ppg id=0x20002A60
[t=30,609,723us] task_stop_exec     ppg id=0x20002A60
[t=30,609,726us] task_start_exec    id=0x20016A38
[t=30,609,729us] idle
[t=30,614,637us] task_stop_exec     id=0x20016A38
[t=30,614,640us] task_start_exec    ble id=0x200031DC
[t=30,614,658us] task_stop_exec     ble id=0x200031DC
[t=30,614,662us] task_start_exec    id=0x20016A38
[t=30,614,665us] idle
[t=30,616,637us] task_stop_exec     id=0x20016A38
[t=30,616,640us] task_start_exec    key id=0x20006160
[t=30,616,654us] task_stop_exec     key id=0x20006160
[t=30,616,657us] task_start_exec    id=0x20016A38
[t=30,616,660us] idle
[t=30,619,637us] task_stop_exec     id=0x20016A38
[t=30,619,640us] task_start_exec    ppg id=0x20002A60
[t=30,619,648us] task_stop_exec     ppg id=0x20002A60
[t=30,619,650us] task_start_exec    ble id=0x200031DC
[t=30,619,668us] task_stop_exec     ble id=0x200031DC
[t=30,619,671us] task_start_exec    ppg id=0x20002A60
[t=30,621,053us] task_stop_exec     ppg id=0x20002A60
[t=30,621,057us] task_start_exec    id=0x20016A38
[t=30,621,060us] idle
[t=30,621,587us] task_stop_exec     id=0x20016A38
[t=30,621,590us] task_start_exec    ppg id=0x20002A60
[t=30,621,611us] task_stop_exec     ppg id=0x20002A60
[t=30,621,614us] task_start_exec    id=0x20016A38
[t=30,621,617us] idle
[t=30,624,637us] task_stop_exec     id=0x20016A38
[t=30,624,640us] task_start_exec    ble id=0x200031DC
[t=30,624,658us] task_stop_exec     ble id=0x200031DC
[t=30,624,661us] task_start_exec    id=0x20016A38
[t=30,624,664us] idle
[t=30,629,637us] task_stop_exec     id=0x20016A38
[t=30,629,640us] task_start_exec    ble id=0x200031DC
[t=30,629,658us] task_stop_exec     ble id=0x200031DC
[t=30,629,662us] task_start_exec    id=0x20016A38
[t=30,629,664us] idle
[t=30,630,637us] task_stop_exec     id=0x20016A38
[t=30,630,640us] task_start_exec    ppg id=0x20002A60
[t=30,632,024us] task_stop_exec     ppg id=0x20002A60
[t=30,632,027us] task_start_exec    id=0x20016A38
[t=30,632,030us] idle
[t=30,632,558us] task_stop_exec     id=0x20016A38
[t=30,632,561us] task_start_exec    ppg id=0x20002A60
[t=30,632,581us] task_stop_exec     ppg id=0x20002A60
[t=30,632,584us] task_start_exec    id=0x20016A38
[t=30,632,587us] idle
[t=30,634,637us] task_stop_exec     id=0x20016A38
[t=30,634,640us] task_start_exec    ble id=0x200031DC
[t=30,634,659us] task_stop_exec     ble id=0x200031DC
[t=30,634,662us] task_start_exec    id=0x20016A38
[t=30,634,665us] idle
[t=30,636,637us] task_stop_exec     id=0x20016A38
[t=30,636,640us] task_start_exec    key id=0x20006160
[t=30,636,654us] task_stop_exec     key id=0x20006160
[t=30,636,657us] task_start_exec    id=0x20016A38
[t=30,636,660us] idle
[t=30,639,637us] task_stop_exec     id=0x20016A38
[t=30,639,640us] task_start_exec    ble id=0x200031DC
[t=30,639,659us] task_stop_exec     ble id=0x200031DC
[t=30,639,662us] task_start_exec    id=0x20016A38
[t=30,639,665us] idle
[t=30,641,637us] task_stop_exec     id=0x20016A38
[t=30,641,640us] task_start_exec    ppg id=0x20002A60
[t=30,643,024us] task_stop_exec     ppg id=0x20002A60
[t=30,643,027us] task_start_exec    id=0x20016A38
[t=30,643,030us] idle
[t=30,643,558us] task_stop_exec     id=0x20016A38
[t=30,643,561us] task_start_exec    ppg id=0x20002A60
[t=30,643,581us] task_stop_exec     ppg id=0x20002A60
[t=30,643,584us] task_start_exec    id=0x20016A38
[t=30,643,587us] idle
[t=30,644,637us] task_stop_exec     id=0x20016A38
[t=30,644,640us] task_start_exec    ble id=0x200031DC
[t=30,644,658us] task_stop_exec     ble id=0x200031DC
[t=30,644,661us] task_start_exec    id=0x20016A38
[t=30,644,664us] idle
[t=30,649,637us] task_stop_exec     id=0x20016A38
[t=30,649,640us] task_start_exec    ble id=0x200031DC
[t=30,649,658us] task_stop_exec     ble id=0x200031DC
[t=30,649,662us] task_start_exec    id=0x20016A38
[t=30,649,665us] idle
[t=30,652,637us] task_stop_exec     id=0x20016A38
[t=30,652,640us] task_start_exec    ppg id=0x20002A60
[t=30,654,024us] task_stop_exec     ppg id=0x20002A60
[t=30,654,028us] task_start_exec    id=0x20016A38
[t=30,654,031us] idle
[t=30,654,558us] task_stop_exec     id=0x20016A38
[t=30,654,561us] task_start_exec    ppg id=0x20002A60
[t=30,654,582us] task_stop_exec     ppg id=0x20002A60
[t=30,654,585us] task_start_exec    id=0x20016A38
[t=30,654,588us] idle
[t=30,654,637us] task_stop_exec     id=0x20016A38
[t=30,654,640us] task_start_exec    ble id=0x200031DC
[t=30,654,658us] task_stop_exec     ble id=0x200031DC
[t=30,654,662us] task_start_exec    id=0x20016A38
[t=30,654,665us] idle
[t=30,656,637us] task_stop_exec     id=0x20016A38
[t=30,656,640us] task_start_exec    key id=0x20006160
[t=30,656,654us] task_stop_exec     key id=0x20006160
[t=30,656,657us] task_start_exec    id=0x20016A38
[t=30,656,660us] idle
[t=30,659,637us] task_stop_exec     id=0x20016A38
[t=30,659,640us] task_start_exec    ble id=0x200031DC
[t=30,659,659us] task_stop_exec     ble id=0x200031DC
[t=30,659,662us] task_start_exec    id=0x20016A38
[t=30,659,665us] idle
[t=30,663,637us] task_stop_exec     id=0x20016A38
[t=30,663,640us] task_start_exec    ppg id=0x20002A60
[t=30,664,637us] task_stop_exec     ppg id=0x20002A60
[t=30,664,640us] task_start_exec    ble id=0x200031DC
[t=30,664,658us] task_stop_exec     ble id=0x200031DC
[t=30,664,661us] task_start_exec    ppg id=0x20002A60
[t=30,664,723us] task_stop_exec     ppg id=0x20002A60
[t=30,664,726us] task_start_exec    id=0x20016A38
[t=30,664,729us] idle
[t=30,669,637us] task_stop_exec     id=0x20016A38
[t=30,669,640us] task_start_exec    ble id=0x200031DC
[t=30,669,658us] task_stop_exec     ble id=0x200031DC
[t=30,669,661us] task_start_exec    id=0x20016A38
[t=30,669,664us] idle
[t=30,674,637us] task_stop_exec     id=0x20016A38
[t=30,674,640us] task_start_exec    ppg id=0x20002A60
[t=30,674,648us] task_stop_exec     ppg id=0x20002A60
[t=30,674,650us] task_start_exec    ble id=0x200031DC
[t=30,674,668us] task_stop_exec     ble id=0x200031DC
[t=30,674,671us] task_start_exec    ppg id=0x20002A60
[t=30,676,054us] task_stop_exec     ppg id=0x20002A60
[t=30,676,057us] task_start_exec    id=0x20016A38
[t=30,676,060us] idle
[t=30,676,587us] task_stop_exec     id=0x20016A38
[t=30,676,590us] task_start_exec    ppg id=0x20002A60
[t=30,676,611us] task_stop_exec     ppg id=0x20002A60
[t=30,676,614us] task_start_exec    id=0x20016A38
[t=30,676,617us] idle
[t=30,676,637us] task_stop_exec     id=0x20016A38
[t=30,676,640us] task_start_exec    key id=0x20006160
[t=30,676,654us] task_stop_exec     key id=0x20006160
[t=30,676,657us] task_start_exec    id=0x20016A38
[t=30,676,660us] idle
[t=30,679,637us] task_stop_exec     id=0x20016A38
[t=30,679,640us] task_start_exec    ble id=0x200031DC
[t=30,679,658us] task_stop_exec     ble id=0x200031DC
[t=30,679,661us] task_start_exec    id=0x20016A38
[t=30,679,664us] idle
[t=30,684,637us] task_stop_exec     id=0x20016A38
[t=30,684,640us] task_start_exec    ble id=0x200031DC
[t=30,684,658us] task_stop_exec     ble id=0x200031DC
[t=30,684,662us] task_start_exec    id=0x20016A38
[t=30,684,665us] idle
[t=30,685,637us] task_stop_exec     id=0x20016A38
[t=30,685,640us] task_start_exec    ppg id=0x20002A60
[t=30,687,024us] task_stop_exec     ppg id=0x20002A60
[t=30,687,027us] task_start_exec    id=0x20016A38
[t=30,687,030us] idle
[t=30,687,558us] task_stop_exec     id=0x20016A38
[t=30,687,561us] task_start_exec    ppg id=0x20002A60
[t=30,687,581us] task_stop_exec     ppg id=0x20002A60
[t=30,687,584us] task_start_exec    id=0x20016A38
[t=30,687,587us] idle
[t=30,689,637us] task_stop_exec     id=0x20016A38
[t=30,689,640us] task_start_exec    ble id=0x200031DC
[t=30,689,658us] task_stop_exec     ble id=0x200031DC
[t=30,689,661us] task_start_exec    id=0x20016A38
[t=30,689,664us] idle
[t=30,694,637us] task_stop_exec     id=0x20016A38
[t=30,694,640us] task_start_exec    ble id=0x200031DC
[t=30,694,659us] task_stop_exec     ble id=0x200031DC
[t=30,694,662us] task_start_exec    id=0x20016A38
[t=30,694,665us] idle
[t=30,696,637us] task_stop_exec     id=0x20016A38
[t=30,696,640us] task_start_exec    key id=0x20006160
[t=30,696,648us] task_stop_exec     key id=0x20006160
[t=30,696,650us] task_start_exec    ppg id=0x20002A60
[t=30,698,034us] task_stop_exec     ppg id=0x20002A60
[t=30,698,037us] task_start_exec    key id=0x20006160
[t=30,698,050us] task_stop_exec     key id=0x20006160
[t=30,698,053us] task_start_exec    id=0x20016A38
[t=30,698,056us] idle
[t=30,698,568us] task_stop_exec     id=0x20016A38
[t=30,698,571us] task_start_exec    ppg id=0x20002A60
[t=30,698,591us] task_stop_exec     ppg id=0x20002A60
[t=30,698,594us] task_start_exec    id=0x20016A38
[t=30,698,597us] idle
[t=30,699,637us] task_stop_exec     id=0x20016A38
[t=30,699,640us] task_start_exec    ble id=0x200031DC
[t=30,699,658us] task_stop_exec     ble id=0x200031DC
[t=30,699,661us] task_start_exec    id=0x20016A38
[t=30,699,664us] idle
[t=30,704,637us] task_stop_exec     id=0x20016A38
[t=30,704,640us] task_start_exec    ble id=0x200031DC
[t=30,704,658us] task_stop_exec     ble id=0x200031DC
[t=30,704,662us] task_start_exec    id=0x20016A38
[t=30,704,665us] idle
[t=30,707,637us] task_stop_exec     id=0x20016A38
[t=30,707,640us] task_start_exec    ppg id=0x20002A60
[t=30,709,025us] task_stop_exec     ppg id=0x20002A60
[t=30,709,028us] task_start_exec    id=0x20016A38
[t=30,709,031us] idle
[t=30,709,558us] task_stop_exec     id=0x20016A38
[t=30,709,562us] task_start_exec    ppg id=0x20002A60
[t=30,709,582us] task_stop_exec     ppg id=0x20002A60
[t=30,709,585us] task_start_exec    id=0x20016A38
[t=30,709,588us] idle
[t=30,709,637us] task_stop_exec     id=0x20016A38
[t=30,709,640us] task_start_exec    ble id=0x200031DC
[t=30,709,658us] task_stop_exec     ble id=0x200031DC
[t=30,709,661us] task_start_exec    id=0x20016A38
[t=30,709,664us] idle
[t=30,714,637us] task_stop_exec     id=0x20016A38
[t=30,714,640us] task_start_exec    ble id=0x200031DC
[t=30,714,659us] task_stop_exec     ble id=0x200031DC
[t=30,714,662us] task_start_exec    id=0x20016A38
[t=30,714,665us] idle
[t=30,717,637us] task_stop_exec     id=0x20016A38
[t=30,717,640us] task_start_exec    key id=0x20006160
[t=30,717,654us] task_stop_exec     key id=0x20006160
[t=30,717,657us] task_start_exec    id=0x20016A38
[t=30,717,660us] idle
[t=30,718,637us] task_stop_exec     id=0x20016A38
[t=30,718,640us] task_start_exec    ppg id=0x20002A60
[t=30,719,637us] task_stop_exec     ppg id=0x20002A60
[t=30,719,640us] task_start_exec    ble id=0x200031DC
[t=30,719,658us] task_stop_exec     ble id=0x200031DC
[t=30,719,661us] task_start_exec    ppg id=0x20002A60
[t=30,720,024us] task_stop_exec     ppg id=0x20002A60
[t=30,720,027us] task_start_exec    id=0x20016A38
[t=30,720,030us] idle
[t=30,720,558us] task_stop_exec     id=0x20016A38
[t=30,720,561us] task_start_exec    ppg id=0x20002A60
[t=30,720,581us] task_stop_exec     ppg id=0x20002A60
[t=30,720,584us] task_start_exec    id=0x20016A38
[t=30,720,587us] idle
[t=30,724,637us] task_stop_exec     id=0x20016A38
[t=30,724,640us] task_start_exec    ble id=0x200031DC
[t=30,724,658us] task_stop_exec     ble id=0x200031DC
[t=30,724,662us] task_start_exec    id=0x20016A38
[t=30,724,665us] idle
[t=30,729,637us] task_stop_exec     id=0x20016A38
[t=30,729,640us] task_start_exec    ppg id=0x20002A60
[t=30,729,648us] task_stop_exec     ppg id=0x20002A60
[t=30,729,650us] task_start_exec    ble id=0x200031DC
[t=30,729,668us] task_stop_exec     ble id=0x200031DC
[t=30,729,671us] task_start_exec    ppg id=0x20002A60
[t=30,730,753us] task_stop_exec     ppg id=0x20002A60
[t=30,730,756us] task_start_exec    id=0x20016A38
[t=30,730,759us] idle
[t=30,734,637us] task_stop_exec     id=0x20016A38
[t=30,734,640us] task_start_exec    ble id=0x200031DC
[t=30,734,658us] task_stop_exec     ble id=0x200031DC
[t=30,734,661us] task_start_exec    id=0x20016A38
[t=30,734,664us] idle
[t=30,737,637us] task_stop_exec     id=0x20016A38
[t=30,737,640us] task_start_exec    key id=0x20006160
[t=30,737,654us] task_stop_exec     key id=0x20006160
[t=30,737,657us] task_start_exec    id=0x20016A38
[t=30,737,660us] idle
[t=30,739,637us] task_stop_exec     id=0x20016A38
[t=30,739,640us] task_start_exec    ble id=0x200031DC
[t=30,739,659us] task_stop_exec     ble id=0x200031DC
[t=30,739,662us] task_start_exec    id=0x20016A38
[t=30,739,665us] idle
[t=30,740,637us] task_stop_exec     id=0x20016A38
[t=30,740,640us] task_start_exec    ppg id=0x20002A60
[t=30,742,024us] task_stop_exec     ppg id=0x20002A60
[t=30,742,028us] task_start_exec    id=0x20016A38
[t=30,742,031us] idle
[t=30,742,558us] task_stop_exec     id=0x20016A38
[t=30,742,561us] task_start_exec    ppg id=0x20002A60
[t=30,742,582us] task_stop_exec     ppg id=0x20002A60
[t=30,742,585us] task_start_exec    id=0x20016A38
[t=30,742,588us] idle
[t=30,744,637us] task_stop_exec     id=0x20016A38
[t=30,744,640us] task_start_exec    ble id=0x200031DC
[t=30,744,658us] task_stop_exec     ble id=0x200031DC
[t=30,744,661us] task_start_exec    id=0x20016A38
[t=30,744,664us] idle
[t=30,749,637us] task_stop_exec     id=0x20016A38
[t=30,749,640us] task_start_exec    ble id=0x200031DC
[t=30,749,658us] task_stop_exec     ble id=0x200031DC
[t=30,749,662us] task_start_exec    id=0x20016A38
[t=30,749,664us] idle
[t=30,751,637us] task_stop_exec     id=0x20016A38
[t=30,751,640us] task_start_exec    ppg id=0x20002A60
[t=30,753,024us] task_stop_exec     ppg id=0x20002A60
[t=30,753,027us] task_start_exec    id=0x20016A38
[t=30,753,030us] idle
[t=30,753,558us] task_stop_exec     id=0x20016A38
[t=30,753,561us] task_start_exec    ppg id=0x20002A60
[t=30,753,581us] task_stop_exec     ppg id=0x20002A60
[t=30,753,584us] task_start_exec    id=0x20016A38
[t=30,753,587us] idle
[t=30,754,637us] task_stop_exec     id=0x20016A38
[t=30,754,640us] task_start_exec    ble id=0x200031DC
[t=30,754,659us] task_stop_exec     ble id=0x200031DC
[t=30,754,662us] task_start_exec    id=0x20016A38
[t=30,754,665us] idle
[t=30,757,637us] task_stop_exec     id=0x20016A38
[t=30,757,640us] task_start_exec    key id=0x20006160
[t=30,757,654us] task_stop_exec     key id=0x20006160
[t=30,757,657us] task_start_exec    id=0x20016A38
[t=30,757,660us] idle
[t=30,759,637us] task_stop_exec     id=0x20016A38
[t=30,759,640us] task_start_exec    ble id=0x200031DC
[t=30,759,659us] task_stop_exec     ble id=0x200031DC
[t=30,759,662us] task_start_exec    id=0x20016A38
[t=30,759,665us] idle
[t=30,762,637us] task_stop_exec     id=0x20016A38
[t=30,762,640us] task_start_exec    ppg id=0x20002A60
[t=30,764,024us] task_stop_exec     ppg id=0x20002A60
[t=30,764,027us] task_start_exec    id=0x20016A38
[t=30,764,030us] idle
[t=30,764,558us] task_stop_exec     id=0x20016A38
[t=30,764,561us] task_start_exec    ppg id=0x20002A60
[t=30,764,581us] task_stop_exec     ppg id=0x20002A60
[t=30,764,584us] task_start_exec    id=0x20016A38
[t=30,764,587us] idle
[t=30,764,637us] task_stop_exec     id=0x20016A38
[t=30,764,640us] task_start_exec    ble id=0x200031DC
[t=30,764,658us] task_stop_exec     ble id=0x200031DC
[t=30,764,661us] task_start_exec    id=0x20016A38
[t=30,764,664us] idle
[t=30,769,637us] task_stop_exec     id=0x20016A38
[t=30,769,640us] task_start_exec    ble id=0x200031DC
[t=30,769,658us] task_stop_exec     ble id=0x200031DC
[t=30,769,662us] task_start_exec    id=0x20016A38
[t=30,769,664us] idle
[t=30,773,637us] task_stop_exec     id=0x20016A38
[t=30,773,640us] task_start_exec    ppg id=0x20002A60
[t=30,774,637us] task_stop_exec     ppg id=0x20002A60
[t=30,774,640us] task_start_exec    ble id=0x200031DC
[t=30,774,658us] task_stop_exec     ble id=0x200031DC
[t=30,774,661us] task_start_exec    ppg id=0x20002A60
[t=30,775,024us] task_stop_exec     ppg id=0x20002A60
[t=30,775,027us] task_start_exec    id=0x20016A38
[t=30,775,030us] idle
[t=30,775,558us] task_stop_exec     id=0x20016A38
[t=30,775,561us] task_start_exec    ppg id=0x20002A60
[t=30,775,581us] task_stop_exec     ppg id=0x20002A60
[t=30,775,585us] task_start_exec    id=0x20016A38
[t=30,775,588us] idle
[t=30,777,637us] task_stop_exec     id=0x20016A38
[t=30,777,640us] task_start_exec    key id=0x20006160
[t=30,777,654us] task_stop_exec     key id=0x20006160
[t=30,777,657us] task_start_exec    id=0x20016A38
[t=30,777,660us] idle
[t=30,779,637us] task_stop_exec     id=0x20016A38
[t=30,779,640us] task_start_exec    ble id=0x200031DC
[t=30,779,659us] task_stop_exec     ble id=0x200031DC
[t=30,779,662us] task_start_exec    id=0x20016A38
[t=30,779,665us] idle
[t=30,784,637us] task_stop_exec     id=0x20016A38
[t=30,784,640us] task_start_exec    ppg id=0x20002A60
[t=30,784,648us] task_stop_exec     ppg id=0x20002A60
[t=30,784,650us] task_start_exec    ble id=0x200031DC
[t=30,784,668us] task_stop_exec     ble id=0x200031DC
[t=30,784,671us] task_start_exec    ppg id=0x20002A60
[t=30,786,054us] task_stop_exec     ppg id=0x20002A60
[t=30,786,057us] task_start_exec    id=0x20016A38
[t=30,786,060us] idle
[t=30,786,588us] task_stop_exec     id=0x20016A38
[t=30,786,591us] task_start_exec    ppg id=0x20002A60
[t=30,786,611us] task_stop_exec     ppg id=0x20002A60
[t=30,786,614us] task_start_exec    id=0x20016A38
[t=30,786,617us] idle
[t=30,789,637us] task_stop_exec     id=0x20016A38
[t=30,789,640us] task_start_exec    ble id=0x200031DC
[t=30,789,658us] task_stop_exec     ble id=0x200031DC
[t=30,789,661us] task_start_exec    id=0x20016A38
[t=30,789,664us] idle
[t=30,794,637us] task_stop_exec     id=0x20016A38
[t=30,794,640us] task_start_exec    ble id=0x200031DC
[t=30,794,659us] task_stop_exec     ble id=0x200031DC
[t=30,794,662us] task_start_exec    id=0x20016A38
[t=30,794,665us] idle
[t=30,795,637us] task_stop_exec     id=0x20016A38
[t=30,795,640us] task_start_exec    ppg id=0x20002A60
[t=30,796,723us] task_stop_exec     ppg id=0x20002A60
[t=30,796,727us] task_start_exec    id=0x20016A38
[t=30,796,730us] idle
[t=30,797,637us] task_stop_exec     id=0x20016A38
[t=30,797,640us] task_start_exec    key id=0x20006160
[t=30,797,654us] task_stop_exec     key id=0x20006160
[t=30,797,657us] task_start_exec    id=0x20016A38
[t=30,797,660us] idle
[t=30,799,637us] task_stop_exec     id=0x20016A38
[t=30,799,640us] task_start_exec    ble id=0x200031DC
[t=30,799,658us] task_stop_exec     ble id=0x200031DC
[t=30,799,661us] task_start_exec    id=0x20016A38
[t=30,799,664us] idle
[t=30,804,637us] task_stop_exec     id=0x20016A38
[t=30,804,640us] task_start_exec    ble id=0x200031DC
[t=30,804,658us] task_stop_exec     ble id=0x200031DC
[t=30,804,662us] task_start_exec    id=0x20016A38
[t=30,804,665us] idle
[t=30,806,637us] task_stop_exec     id=0x20016A38
[t=30,806,640us] task_start_exec    ppg id=0x20002A60
[t=30,808,024us] task_stop_exec     ppg id=0x20002A60
[t=30,808,027us] task_start_exec    id=0x20016A38
[t=30,808,030us] idle
[t=30,808,558us] task_stop_exec     id=0x20016A38
[t=30,808,561us] task_start_exec    ppg id=0x20002A60
[t=30,808,581us] task_stop_exec     ppg id=0x20002A60
[t=30,808,584us] task_start_exec    id=0x20016A38
[t=30,808,587us] idle
[t=30,809,637us] task_stop_exec     id=0x20016A38
[t=30,809,640us] task_start_exec    ble id=0x200031DC
[t=30,809,658us] task_stop_exec     ble id=0x200031DC
[t=30,809,661us] task_start_exec    id=0x20016A38
[t=30,809,664us] idle
[t=30,814,637us] task_stop_exec     id=0x20016A38
[t=30,814,640us] task_start_exec    ble id=0x200031DC
[t=30,814,659us] task_stop_exec     ble id=0x200031DC
[t=30,814,662us] task_start_exec    id=0x20016A38
[t=30,814,665us] idle
[t=30,817,637us] task_stop_exec     id=0x20016A38
[t=30,817,640us] task_start_exec    key id=0x20006160
[t=30,817,648us] task_stop_exec     key id=0x20006160
[t=30,817,650us] task_start_exec    ppg id=0x20002A60
[t=30,819,034us] task_stop_exec     ppg id=0x20002A60
[t=30,819,038us] task_start_exec    key id=0x20006160
[t=30,819,050us] task_stop_exec     key id=0x20006160
[t=30,819,053us] task_start_exec    id=0x20016A38
[t=30,819,056us] idle
[t=30,819,569us] task_stop_exec     id=0x20016A38
[t=30,819,572us] task_start_exec    ppg id=0x20002A60
[t=30,819,592us] task_stop_exec     ppg id=0x20002A60
[t=30,819,595us] task_start_exec    id=0x20016A38
[t=30,819,598us] idle
[t=30,819,637us] task_stop_exec     id=0x20016A38
[t=30,819,640us] task_start_exec    ble id=0x200031DC
[t=30,819,658us] task_stop_exec     ble id=0x200031DC
[t=30,819,661us] task_start_exec    id=0x20016A38
[t=30,819,664us] idle
[t=30,824,637us] task_stop_exec     id=0x20016A38
[t=30,824,640us] task_start_exec    ble id=0x200031DC
[t=30,824,658us] task_stop_exec     ble id=0x200031DC
[t=30,824,662us] task_start_exec    id=0x20016A38
[t=30,824,665us] idle
[t=30,828,637us] task_stop_exec     id=0x20016A38
[t=30,828,640us] task_start_exec    ppg id=0x20002A60
[t=30,829,637us] task_stop_exec     ppg id=0x20002A60
[t=30,829,640us] task_start_exec    ble id=0x200031DC
[t=30,829,658us] task_stop_exec     ble id=0x200031DC
[t=30,829,661us] task_start_exec    ppg id=0x20002A60
[t=30,830,024us] task_stop_exec     ppg id=0x20002A60
[t=30,830,027us] task_start_exec    id=0x20016A38
[t=30,830,030us] idle
[t=30,830,558us] task_stop_exec     id=0x20016A38
[t=30,830,561us] task_start_exec    ppg id=0x20002A60
[t=30,830,581us] task_stop_exec     ppg id=0x20002A60
[t=30,830,584us] task_start_exec    id=0x20016A38
[t=30,830,587us] idle
[t=30,834,637us] task_stop_exec     id=0x20016A38
[t=30,834,640us] task_start_exec    ble id=0x200031DC
[t=30,834,659us] task_stop_exec     ble id=0x200031DC
[t=30,834,662us] task_start_exec    id=0x20016A38
[t=30,834,665us] idle
[t=30,838,637us] task_stop_exec     id=0x20016A38
[t=30,838,640us] task_start_exec    key id=0x20006160
[t=30,838,654us] task_stop_exec     key id=0x20006160
[t=30,838,657us] task_start_exec    id=0x20016A38
[t=30,838,660us] idle
[t=30,839,637us] task_stop_exec     id=0x20016A38
[t=30,839,640us] task_start_exec    ppg id=0x20002A60
[t=30,839,648us] task_stop_exec     ppg id=0x20002A60
[t=30,839,650us] task_start_exec    ble id=0x200031DC
[t=30,839,668us] task_stop_exec     ble id=0x200031DC
[t=30,839,671us] task_start_exec    ppg id=0x20002A60
[t=30,841,054us] task_stop_exec     ppg id=0x20002A60
[t=30,841,057us] task_start_exec    id=0x20016A38
[t=30,841,060us] idle
[t=30,841,588us] task_stop_exec     id=0x20016A38
[t=30,841,591us] task_start_exec    ppg id=0x20002A60
[t=30,841,611us] task_stop_exec     ppg id=0x20002A60
[t=30,841,614us] task_start_exec    id=0x20016A38
[t=30,841,617us] idle
[t=30,844,637us] task_stop_exec     id=0x20016A38
[t=30,844,640us] task_start_exec    ble id=0x200031DC
[t=30,844,658us] task_stop_exec     ble id=0x200031DC
[t=30,844,661us] task_start_exec    id=0x20016A38
[t=30,844,664us] idle
[t=30,849,637us] task_stop_exec     id=0x20016A38
[t=30,849,640us] task_start_exec    ble id=0x200031DC
[t=30,849,658us] task_stop_exec     ble id=0x200031DC
[t=30,849,662us] task_start_exec    id=0x20016A38
[t=30,849,664us] idle
[t=30,850,637us] task_stop_exec     id=0x20016A38
[t=30,850,640us] task_start_exec    ppg id=0x20002A60
[t=30,852,024us] task_stop_exec     ppg id=0x20002A60
[t=30,852,027us] task_start_exec    id=0x20016A38
[t=30,852,030us] idle
[t=30,852,558us] task_stop_exec     id=0x20016A38
[t=30,852,561us] task_start_exec    ppg id=0x20002A60
[t=30,852,581us] task_stop_exec     ppg id=0x20002A60
[t=30,852,584us] task_start_exec    id=0x20016A38
[t=30,852,587us] idle
[t=30,854,637us] task_stop_exec     id=0x20016A38
[t=30,854,640us] task_start_exec    ble id=0x200031DC
[t=30,854,659us] task_stop_exec     ble id=0x200031DC
[t=30,854,662us] task_start_exec    id=0x20016A38
[t=30,854,665us] idle
[t=30,858,637us] task_stop_exec     id=0x20016A38
[t=30,858,640us] task_start_exec    key id=0x20006160
[t=30,858,654us] task_stop_exec     key id=0x20006160
[t=30,858,657us] task_start_exec    id=0x20016A38
[t=30,858,660us] idle
[t=30,859,637us] task_stop_exec     id=0x20016A38
[t=30,859,640us] task_start_exec    ble id=0x200031DC
[t=30,859,659us] task_stop_exec     ble id=0x200031DC
[t=30,859,662us] task_start_exec    id=0x20016A38
[t=30,859,665us] idle
[t=30,861,637us] task_stop_exec     id=0x20016A38
[t=30,861,640us] task_start_exec    ppg id=0x20002A60
[t=30,862,723us] task_stop_exec     ppg id=0x20002A60
[t=30,862,727us] task_start_exec    id=0x20016A38
[t=30,862,730us] idle
[t=30,864,637us] task_stop_exec     id=0x20016A38
[t=30,864,640us] task_start_exec    ble id=0x200031DC
[t=30,864,658us] task_stop_exec     ble id=0x200031DC
[t=30,864,661us] task_start_exec    id=0x20016A38
[t=30,864,664us] idle
[t=30,869,637us] task_stop_exec     id=0x20016A38
[t=30,869,640us] task_start_exec    ble id=0x200031DC
[t=30,869,658us] task_stop_exec     ble id=0x200031DC
[t=30,869,662us] task_start_exec    id=0x20016A38
[t=30,869,664us] idle
[t=30,872,637us] task_stop_exec     id=0x20016A38
[t=30,872,640us] task_start_exec    ppg id=0x20002A60
[t=30,874,024us] task_stop_exec     ppg id=0x20002A60
[t=30,874,027us] task_start_exec    id=0x20016A38
[t=30,874,030us] idle
[t=30,874,558us] task_stop_exec     id=0x20016A38
[t=30,874,561us] task_start_exec    ppg id=0x20002A60
[t=30,874,588us] task_stop_exec     ppg id=0x20002A60
[t=30,874,591us] task_start_exec    spo2 id=0x20004D40
[t=30,874,637us] task_stop_exec     spo2 id=0x20004D40
[t=30,874,640us] task_start_exec    ble id=0x200031DC
[t=30,874,659us] task_stop_exec     ble id=0x200031DC
[t=30,874,662us] task_start_exec    spo2 id=0x20004D40
[t=30,878,637us] task_stop_exec     spo2 id=0x20004D40
[t=30,878,640us] task_start_exec    key id=0x20006160
[t=30,878,655us] task_stop_exec     key id=0x20006160
[t=30,878,658us] task_start_exec    spo2 id=0x20004D40
[t=30,879,637us] task_stop_exec     spo2 id=0x20004D40
[t=30,879,640us] task_start_exec    ble id=0x200031DC
[t=30,879,659us] task_stop_exec     ble id=0x200031DC
[t=30,879,662us] task_start_exec    spo2 id=0x20004D40
[t=30,883,637us] task_stop_exec     spo2 id=0x20004D40
[t=30,883,640us] task_start_exec    ppg id=0x20002A60
[t=30,884,637us] task_stop_exec     ppg id=0x20002A60
[t=30,884,640us] task_start_exec    ble id=0x200031DC
[t=30,884,658us] task_stop_exec     ble id=0x200031DC
[t=30,884,661us] task_start_exec    ppg id=0x20002A60
[t=30,885,025us] task_stop_exec     ppg id=0x20002A60
[t=30,885,028us] task_start_exec    spo2 id=0x20004D40
[t=30,885,559us] task_stop_exec     spo2 id=0x20004D40
[t=30,885,562us] task_start_exec    ppg id=0x20002A60
[t=30,885,582us] task_stop_exec     ppg id=0x20002A60
[t=30,885,585us] task_start_exec    spo2 id=0x20004D40
[t=30,889,637us] task_stop_exec     spo2 id=0x20004D40
[t=30,889,640us] task_start_exec    ble id=0x200031DC
[t=30,889,659us] task_stop_exec     ble id=0x200031DC
[t=30,889,662us] task_start_exec    spo2 id=0x20004D40
[t=30,894,637us] task_stop_exec     spo2 id=0x20004D40
[t=30,894,640us] task_start_exec    ppg id=0x20002A60
[t=30,894,648us] task_stop_exec     ppg id=0x20002A60
[t=30,894,650us] task_start_exec    ble id=0x200031DC
[t=30,894,669us] task_stop_exec     ble id=0x200031DC
[t=30,894,672us] task_start_exec    ppg id=0x20002A60
[t=30,896,055us] task_stop_exec     ppg id=0x20002A60
[t=30,896,058us] task_start_exec    spo2 id=0x20004D40
[t=30,896,589us] task_stop_exec     spo2 id=0x20004D40
[t=30,896,592us] task_start_exec    ppg id=0x20002A60
[t=30,896,612us] task_stop_exec     ppg id=0x20002A60
[t=30,896,615us] task_start_exec    spo2 id=0x20004D40
[t=30,898,637us] task_stop_exec     spo2 id=0x20004D40
[t=30,898,640us] task_start_exec    key id=0x20006160
[t=30,898,655us] task_stop_exec     key id=0x20006160
[t=30,898,658us] task_start_exec    spo2 id=0x20004D40
[t=30,899,637us] task_stop_exec     spo2 id=0x20004D40
[t=30,899,640us] task_start_exec    ble id=0x200031DC
[t=30,899,659us] task_stop_exec     ble id=0x200031DC
[t=30,899,662us] task_start_exec    spo2 id=0x20004D40
[t=30,904,637us] task_stop_exec     spo2 id=0x20004D40
[t=30,904,640us] task_start_exec    ble id=0x200031DC
[t=30,904,659us] task_stop_exec     ble id=0x200031DC
[t=30,904,662us] task_start_exec    spo2 id=0x20004D40
[t=30,905,637us] task_stop_exec     spo2 id=0x20004D40
[t=30,905,640us] task_start_exec    ppg id=0x20002A60
[t=30,907,025us] task_stop_exec     ppg id=0x20002A60
[t=30,907,028us] task_start_exec    spo2 id=0x20004D40
[t=30,907,559us] task_stop_exec     spo2 id=0x20004D40
[t=30,907,562us] task_start_exec    ppg id=0x20002A60
[t=30,907,582us] task_stop_exec     ppg id=0x20002A60
[t=30,907,585us] task_start_exec    spo2 id=0x20004D40
[t=30,909,637us] task_stop_exec     spo2 id=0x20004D40
[t=30,909,640us] task_start_exec    ble id=0x200031DC
[t=30,909,658us] task_stop_exec     ble id=0x200031DC
[t=30,909,661us] task_start_exec    spo2 id=0x20004D40
[t=30,914,637us] task_stop_exec     spo2 id=0x20004D40
[t=30,914,640us] task_start_exec    ble id=0x200031DC
[t=30,914,659us] task_stop_exec     ble id=0x200031DC
[t=30,914,662us] task_start_exec    spo2 id=0x20004D40
[t=30,916,637us] task_stop_exec     spo2 id=0x20004D40
[t=30,916,640us] task_start_exec    ppg id=0x20002A60
[t=30,917,723us] task_stop_exec     ppg id=0x20002A60
[t=30,917,727us] task_start_exec    spo2 id=0x20004D40
[t=30,918,637us] task_stop_exec     spo2 id=0x20004D40
[t=30,918,640us] task_start_exec    key id=0x20006160
[t=30,918,655us] task_stop_exec     key id=0x20006160
[t=30,918,658us] task_start_exec    spo2 id=0x20004D40
[t=30,919,637us] task_stop_exec     spo2 id=0x20004D40
[t=30,919,640us] task_start_exec    ble id=0x200031DC
[t=30,919,658us] task_stop_exec     ble id=0x200031DC
[t=30,919,661us] task_start_exec    spo2 id=0x20004D40
[t=30,924,637us] task_stop_exec     spo2 id=0x20004D40
[t=30,924,640us] task_start_exec    ble id=0x200031DC
[t=30,924,659us] task_stop_exec     ble id=0x200031DC
[t=30,924,662us] task_start_exec    spo2 id=0x20004D40
[t=30,927,637us] task_stop_exec     spo2 id=0x20004D40
[t=30,927,640us] task_start_exec    ppg id=0x20002A60
[t=30,929,024us] task_stop_exec     ppg id=0x20002A60
[t=30,929,028us] task_start_exec    spo2 id=0x20004D40
[t=30,929,637us] task_stop_exec     spo2 id=0x20004D40
[t=30,929,640us] task_start_exec    ble id=0x200031DC
[t=30,929,658us] task_stop_exec     ble id=0x200031DC
[t=30,929,661us] task_start_exec    spo2 id=0x20004D40
[t=30,929,828us] task_stop_exec     spo2 id=0x20004D40
[t=30,929,831us] task_start_exec    ppg id=0x20002A60
[t=30,929,852us] task_stop_exec     ppg id=0x20002A60
[t=30,929,855us] task_start_exec    spo2 id=0x20004D40
[t=30,930,007us] task_stop_exec     spo2 id=0x20004D40
[t=30,930,010us] task_start_exec    ble id=0x200031DC
[t=30,931,790us] task_stop_exec     ble id=0x200031DC
[t=30,931,793us] task_start_exec    spo2 id=0x20004D40
[t=30,931,805us] task_stop_exec     spo2 id=0x20004D40
[t=30,931,808us] task_start_exec    id=0x20016A38
[t=30,931,811us] idle
[t=30,936,637us] task_stop_exec     id=0x20016A38
[t=30,936,640us] task_start_exec    ble id=0x200031DC
[t=30,936,659us] task_stop_exec     ble id=0x200031DC
[t=30,936,662us] task_start_exec    id=0x20016A38
[t=30,936,665us] idle
[t=30,938,637us] task_stop_exec     id=0x20016A38
[t=30,938,640us] task_start_exec    key id=0x20006160
[t=30,938,655us] task_stop_exec     key id=0x20006160
[t=30,938,658us] task_start_exec    id=0x20016A38
[t=30,938,661us] idle
[t=30,939,637us] task_stop_exec     id=0x20016A38
[t=30,939,641us] task_start_exec    ppg id=0x20002A60
[t=30,940,724us] task_stop_exec     ppg id=0x20002A60
[t=30,940,728us] task_start_exec    id=0x20016A38
[t=30,940,731us] idle
[t=30,941,637us] task_stop_exec     id=0x20016A38
[t=30,941,640us] task_start_exec    ble id=0x200031DC
[t=30,941,658us] task_stop_exec     ble id=0x200031DC
[t=30,941,661us] task_start_exec    id=0x20016A38
[t=30,941,664us] idle
[t=30,945,195us] task_stop_exec     id=0x20016A38
[t=30,945,198us] task_start_exec    ble id=0x200031DC
[t=30,945,264us] task_stop_exec     ble id=0x200031DC
[t=30,945,267us] task_start_exec    id=0x20016A38
[t=30,945,270us] idle
[t=30,949,637us] task_stop_exec     id=0x20016A38
[t=30,949,640us] task_start_exec    ble id=0x200031DC
[t=30,949,659us] task_stop_exec     ble id=0x200031DC
[t=30,949,662us] task_start_exec    id=0x20016A38
[t=30,949,665us] idle
[t=30,950,637us] task_stop_exec     id=0x20016A38
[t=30,950,640us] task_start_exec    ppg id=0x20002A60
[t=30,952,024us] task_stop_exec     ppg id=0x20002A60
[t=30,952,028us] task_start_exec    id=0x20016A38
[t=30,952,031us] idle
[t=30,952,828us] task_stop_exec     id=0x20016A38
[t=30,952,831us] task_start_exec    ppg id=0x20002A60
[t=30,952,855us] task_stop_exec     ppg id=0x20002A60
[t=30,952,858us] task_start_exec    id=0x20016A38
[t=30,952,861us] idle
[t=30,954,637us] task_stop_exec     id=0x20016A38
[t=30,954,640us] task_start_exec    ble id=0x200031DC
[t=30,954,659us] task_stop_exec     ble id=0x200031DC
[t=30,954,662us] task_start_exec    id=0x20016A38
[t=30,954,665us] idle
[t=30,958,637us] task_stop_exec     id=0x20016A38
[t=30,958,640us] task_start_exec    key id=0x20006160
[t=30,958,655us] task_stop_exec     key id=0x20006160
[t=30,958,658us] task_start_exec    id=0x20016A38
[t=30,958,661us] idle
[t=30,959,637us] task_stop_exec     id=0x20016A38
[t=30,959,640us] task_start_exec    ble id=0x200031DC
[t=30,959,658us] task_stop_exec     ble id=0x200031DC
[t=30,959,662us] task_start_exec    id=0x20016A38
[t=30,959,665us] idle
[t=30,962,637us] task_stop_exec     id=0x20016A38
[t=30,962,640us] task_start_exec    ppg id=0x20002A60
[t=30,964,024us] task_stop_exec     ppg id=0x20002A60
[t=30,964,027us] task_start_exec    id=0x20016A38
[t=30,964,030us] idle
[t=30,964,558us] task_stop_exec     id=0x20016A38
[t=30,964,561us] task_start_exec    ppg id=0x20002A60
[t=30,964,581us] task_stop_exec     ppg id=0x20002A60
[t=30,964,584us] task_start_exec    id=0x20016A38
[t=30,964,587us] idle
[t=30,964,637us] task_stop_exec     id=0x20016A38
[t=30,964,640us] task_start_exec    ble id=0x200031DC
[t=30,964,658us] task_stop_exec     ble id=0x200031DC
[t=30,964,661us] task_start_exec    id=0x20016A38
[t=30,964,664us] idle
[t=30,969,637us] task_stop_exec     id=0x20016A38
[t=30,969,640us] task_start_exec    ble id=0x200031DC
[t=30,969,658us] task_stop_exec     ble id=0x200031DC
[t=30,969,662us] task_start_exec    id=0x20016A38
[t=30,969,665us] idle
[t=30,973,637us] task_stop_exec     id=0x20016A38
[t=30,973,640us] task_start_exec    ppg id=0x20002A60
[t=30,974,637us] task_stop_exec     ppg id=0x20002A60
[t=30,974,640us] task_start_exec    ble id=0x200031DC
[t=30,974,658us] task_stop_exec     ble id=0x200031DC
[t=30,974,661us] task_start_exec    ppg id=0x20002A60
[t=30,975,024us] task_stop_exec     ppg id=0x20002A60
[t=30,975,027us] task_start_exec    id=0x20016A38
[t=30,975,030us] idle
[t=30,975,558us] task_stop_exec     id=0x20016A38
[t=30,975,561us] task_start_exec    ppg id=0x20002A60
[t=30,975,581us] task_stop_exec     ppg id=0x20002A60
[t=30,975,584us] task_start_exec    id=0x20016A38
[t=30,975,587us] idle
[t=30,978,637us] task_stop_exec     id=0x20016A38
[t=30,978,640us] task_start_exec    key id=0x20006160
[t=30,978,654us] task_stop_exec     key id=0x20006160
[t=30,978,657us] task_start_exec    id=0x20016A38
[t=30,978,660us] idle
[t=30,979,637us] task_stop_exec     id=0x20016A38
[t=30,979,640us] task_start_exec    ble id=0x200031DC
[t=30,979,659us] task_stop_exec     ble id=0x200031DC
[t=30,979,662us] task_start_exec    id=0x20016A38
[t=30,979,665us] idle
[t=30,984,637us] task_stop_exec     id=0x20016A38
[t=30,984,640us] task_start_exec    ppg id=0x20002A60
[t=30,984,648us] task_stop_exec     ppg id=0x20002A60
[t=30,984,650us] task_start_exec    ble id=0x200031DC
[t=30,984,668us] task_stop_exec     ble id=0x200031DC
[t=30,984,671us] task_start_exec    ppg id=0x20002A60
[t=30,986,054us] task_stop_exec     ppg id=0x20002A60
[t=30,986,058us] task_start_exec    id=0x20016A38
[t=30,986,061us] idle
[t=30,986,588us] task_stop_exec     id=0x20016A38
[t=30,986,591us] task_start_exec    ppg id=0x20002A60
[t=30,986,611us] task_stop_exec     ppg id=0x20002A60
[t=30,986,614us] task_start_exec    id=0x20016A38
[t=30,986,617us] idle
[t=30,989,637us] task_stop_exec     id=0x20016A38
[t=30,989,640us] task_start_exec    ble id=0x200031DC
[t=30,989,658us] task_stop_exec     ble id=0x200031DC
[t=30,989,661us] task_start_exec    id=0x20016A38
[t=30,989,664us] idle
[t=30,994,637us] task_stop_exec     id=0x20016A38
[t=30,994,640us] task_start_exec    ble id=0x200031DC
[t=30,994,659us] task_stop_exec     ble id=0x200031DC
[t=30,994,662us] task_start_exec    id=0x20016A38
[t=30,994,665us] idle
[t=30,995,637us] task_stop_exec     id=0x20016A38
[t=30,995,640us] task_start_exec    ppg id=0x20002A60
[t=30,996,723us] task_stop_exec     ppg id=0x20002A60
[t=30,996,727us] task_start_exec    id=0x20016A38
[t=30,996,730us] idle
[t=30,998,637us] task_stop_exec     id=0x20016A38
[t=30,998,640us] task_start_exec    key id=0x20006160
[t=30,998,654us] task_stop_exec     key id=0x20006160
[t=30,998,657us] task_start_exec    id=0x20016A38
[t=30,998,660us] idle
[t=30,999,637us] task_stop_exec     id=0x20016A38
[t=30,999,640us] task_start_exec    ble id=0x200031DC
[t=30,999,658us] task_stop_exec     ble id=0x200031DC
[t=30,999,661us] task_start_exec    id=0x20016A38
[t=30,999,664us] idle
[t=31,004,637us] task_stop_exec     id=0x20016A38
[t=31,004,640us] task_start_exec    ble id=0x200031DC
[t=31,004,658us] task_stop_exec     ble id=0x200031DC
[t=31,004,662us] task_start_exec    id=0x20016A38
[t=31,004,665us] idle
[t=31,006,637us] task_stop_exec     id=0x20016A38
[t=31,006,640us] task_start_exec    ppg id=0x20002A60
[t=31,008,024us] task_stop_exec     ppg id=0x20002A60
[t=31,008,027us] task_start_exec    id=0x20016A38
[t=31,008,030us] idle
[t=31,008,558us] task_stop_exec     id=0x20016A38
[t=31,008,561us] task_start_exec    ppg id=0x20002A60
[t=31,008,581us] task_stop_exec     ppg id=0x20002A60
[t=31,008,584us] task_start_exec    id=0x20016A38
[t=31,008,587us] idle
[t=31,009,637us] task_stop_exec     id=0x20016A38
[t=31,009,640us] task_start_exec    ble id=0x200031DC
[t=31,009,658us] task_stop_exec     ble id=0x200031DC
[t=31,009,661us] task_start_exec    id=0x20016A38
[t=31,009,664us] idle
[t=31,014,637us] task_stop_exec     id=0x20016A38
[t=31,014,640us] task_start_exec    ble id=0x200031DC
[t=31,014,659us] task_stop_exec     ble id=0x200031DC
[t=31,014,662us] task_start_exec    id=0x20016A38
[t=31,014,665us] idle
[t=31,017,637us] task_stop_exec     id=0x20016A38
[t=31,017,640us] task_start_exec    ppg id=0x20002A60
[t=31,019,024us] task_stop_exec     ppg id=0x20002A60
[t=31,019,027us] task_start_exec    key id=0x20006160
[t=31,019,040us] task_stop_exec     key id=0x20006160
[t=31,019,043us] task_start_exec    id=0x20016A38
[t=31,019,046us] idle
[t=31,019,558us] task_stop_exec     id=0x20016A38
[t=31,019,561us] task_start_exec    ppg id=0x20002A60
[t=31,019,581us] task_stop_exec     ppg id=0x20002A60
[t=31,019,585us] task_start_exec    id=0x20016A38
[t=31,019,588us] idle
[t=31,019,637us] task_stop_exec     id=0x20016A38
[t=31,019,640us] task_start_exec    ble id=0x200031DC
[t=31,019,658us] task_stop_exec     ble id=0x200031DC
[t=31,019,661us] task_start_exec    id=0x20016A38
[t=31,019,664us] idle
[t=31,024,637us] task_stop_exec     id=0x20016A38
[t=31,024,640us] task_start_exec    ble id=0x200031DC
[t=31,024,658us] task_stop_exec     ble id=0x200031DC
[t=31,024,662us] task_start_exec    id=0x20016A38
[t=31,024,665us] idle
[t=31,028,637us] task_stop_exec     id=0x20016A38
[t=31,028,640us] task_start_exec    ppg id=0x20002A60
[t=31,029,637us] task_stop_exec     ppg id=0x20002A60
[t=31,029,640us] task_start_exec    ble id=0x200031DC
[t=31,029,658us] task_stop_exec     ble id=0x200031DC
[t=31,029,661us] task_start_exec    ppg id=0x20002A60
[t=31,030,024us] task_stop_exec     ppg id=0x20002A60
[t=31,030,027us] task_start_exec    id=0x20016A38
[t=31,030,030us] idle
[t=31,030,558us] task_stop_exec     id=0x20016A38
[t=31,030,561us] task_start_exec    ppg id=0x20002A60
[t=31,030,581us] task_stop_exec     ppg id=0x20002A60
[t=31,030,584us] task_start_exec    id=0x20016A38
[t=31,030,587us] idle
[t=31,034,637us] task_stop_exec     id=0x20016A38
[t=31,034,640us] task_start_exec    ble id=0x200031DC
[t=31,034,659us] task_stop_exec     ble id=0x200031DC
[t=31,034,662us] task_start_exec    id=0x20016A38
[t=31,034,665us] idle
[t=31,038,637us] task_stop_exec     id=0x20016A38
[t=31,038,640us] task_start_exec    key id=0x20006160
[t=31,038,654us] task_stop_exec     key id=0x20006160
[t=31,038,657us] task_start_exec    id=0x20016A38
[t=31,038,660us] idle
[t=31,039,637us] task_stop_exec     id=0x20016A38
[t=31,039,640us] task_start_exec    ppg id=0x20002A60
[t=31,039,648us] task_stop_exec     ppg id=0x20002A60
[t=31,039,650us] task_start_exec    ble id=0x200031DC
[t=31,039,668us] task_stop_exec     ble id=0x200031DC
[t=31,039,671us] task_start_exec    ppg id=0x20002A60
[t=31,041,054us] task_stop_exec     ppg id=0x20002A60
[t=31,041,058us] task_start_exec    id=0x20016A38
[t=31,041,061us] idle
[t=31,041,588us] task_stop_exec     id=0x20016A38
[t=31,041,591us] task_start_exec    ppg id=0x20002A60
[t=31,041,611us] task_stop_exec     ppg id=0x20002A60
[t=31,041,615us] task_start_exec    id=0x20016A38
[t=31,041,618us] idle
[t=31,044,637us] task_stop_exec     id=0x20016A38
[t=31,044,640us] task_start_exec    ble id=0x200031DC
[t=31,044,658us] task_stop_exec     ble id=0x200031DC
[t=31,044,661us] task_start_exec    id=0x20016A38
[t=31,044,664us] idle
[t=31,049,637us] task_stop_exec     id=0x20016A38
[t=31,049,640us] task_start_exec    ble id=0x200031DC
[t=31,049,658us] task_stop_exec     ble id=0x200031DC
[t=31,049,662us] task_start_exec    id=0x20016A38
[t=31,049,665us] idle
[t=31,050,637us] task_stop_exec     id=0x20016A38
[t=31,050,640us] task_start_exec    ppg id=0x20002A60
[t=31,052,025us] task_stop_exec     ppg id=0x20002A60
[t=31,052,028us] task_start_exec    id=0x20016A38
[t=31,052,031us] idle
[t=31,052,559us] task_stop_exec     id=0x20016A38
[t=31,052,562us] task_start_exec    ppg id=0x20002A60
[t=31,052,582us] task_stop_exec     ppg id=0x20002A60
[t=31,052,585us] task_start_exec    id=0x20016A38
[t=31,052,588us] idle
[t=31,054,637us] task_stop_exec     id=0x20016A38
[t=31,054,640us] task_start_exec    ble id=0x200031DC
[t=31,054,659us] task_stop_exec     ble id=0x200031DC
[t=31,054,662us] task_start_exec    id=0x20016A38
[t=31,054,665us] idle
[t=31,058,637us] task_stop_exec     id=0x20016A38
[t=31,058,640us] task_start_exec    key id=0x20006160
[t=31,058,654us] task_stop_exec     key id=0x20006160
[t=31,058,657us] task_start_exec    id=0x20016A38
[t=31,058,660us] idle
[t=31,059,637us] task_stop_exec     id=0x20016A38
[t=31,059,640us] task_start_exec    ble id=0x200031DC
[t=31,059,659us] task_stop_exec     ble id=0x200031DC
[t=31,059,662us] task_start_exec    id=0x20016A38
[t=31,059,665us] idle
[t=31,061,637us] task_stop_exec     id=0x20016A38
[t=31,061,640us] task_start_exec    ppg id=0x20002A60
[t=31,062,723us] task_stop_exec     ppg id=0x20002A60
[t=31,062,726us] task_start_exec    id=0x20016A38
[t=31,062,729us] idle
[t=31,064,637us] task_stop_exec     id=0x20016A38
[t=31,064,640us] task_start_exec    ble id=0x200031DC
[t=31,064,658us] task_stop_exec     ble id=0x200031DC
[t=31,064,661us] task_start_exec    id=0x20016A38
[t=31,064,664us] idle
[t=31,069,637us] task_stop_exec     id=0x20016A38
[t=31,069,640us] task_start_exec    ble id=0x200031DC
[t=31,069,658us] task_stop_exec     ble id=0x200031DC
[t=31,069,662us] task_start_exec    id=0x20016A38
[t=31,069,664us] idle
[t=31,072,637us] task_stop_exec     id=0x20016A38
[t=31,072,640us] task_start_exec    ppg id=0x20002A60
[t=31,074,024us] task_stop_exec     ppg id=0x20002A60
[t=31,074,027us] task_start_exec    id=0x20016A38
[t=31,074,030us] idle
[t=31,074,558us] task_stop_exec     id=0x20016A38
[t=31,074,561us] task_start_exec    ppg id=0x20002A60
[t=31,074,581us] task_stop_exec     ppg id=0x20002A60
[t=31,074,584us] task_start_exec    id=0x20016A38
[t=31,074,587us] idle
[t=31,074,637us] task_stop_exec     id=0x20016A38
[t=31,074,640us] task_start_exec    ble id=0x200031DC
[t=31,074,658us] task_stop_exec     ble id=0x200031DC
[t=31,074,662us] task_start_exec    id=0x20016A38
[t=31,074,664us] idle
[t=31,078,637us] task_stop_exec     id=0x20016A38
[t=31,078,640us] task_start_exec    key id=0x20006160
[t=31,078,654us] task_stop_exec     key id=0x20006160
[t=31,078,657us] task_start_exec    id=0x20016A38
[t=31,078,660us] idle
[t=31,079,637us] task_stop_exec     id=0x20016A38
[t=31,079,640us] task_start_exec    ble id=0x200031DC
[t=31,079,659us] task_stop_exec     ble id=0x200031DC
[t=31,079,662us] task_start_exec    id=0x20016A38
[t=31,079,665us] idle
[t=31,083,637us] task_stop_exec     id=0x20016A38
[t=31,083,640us] task_start_exec    ppg id=0x20002A60
[t=31,084,637us] task_stop_exec     ppg id=0x20002A60
[t=31,084,640us] task_start_exec    ble id=0x200031DC
[t=31,084,658us] task_stop_exec     ble id=0x200031DC
[t=31,084,661us] task_start_exec    ppg id=0x20002A60
[t=31,085,024us] task_stop_exec     ppg id=0x20002A60
[t=31,085,027us] task_start_exec    id=0x20016A38
[t=31,085,030us] idle
[t=31,085,558us] task_stop_exec     id=0x20016A38
[t=31,085,561us] task_start_exec    ppg id=0x20002A60
[t=31,085,581us] task_stop_exec     ppg id=0x20002A60
[t=31,085,584us] task_start_exec    id=0x20016A38
[t=31,085,587us] idle
[t=31,089,637us] task_stop_exec     id=0x20016A38
[t=31,089,640us] task_start_exec    ble id=0x200031DC
[t=31,089,658us] task_stop_exec     ble id=0x200031DC
[t=31,089,662us] task_start_exec    id=0x20016A38
[t=31,089,665us] idle
[t=31,094,637us] task_stop_exec     id=0x20016A38
[t=31,094,640us] task_start_exec    ppg id=0x20002A60
[t=31,094,648us] task_stop_exec     ppg id=0x20002A60
[t=31,094,650us] task_start_exec    ble id=0x200031DC
[t=31,094,668us] task_stop_exec     ble id=0x200031DC
[t=31,094,671us] task_start_exec    ppg id=0x20002A60
[t=31,096,054us] task_stop_exec     ppg id=0x20002A60
[t=31,096,058us] task_start_exec    id=0x20016A38
[t=31,096,061us] idle
[t=31,096,588us] task_stop_exec     id=0x20016A38
[t=31,096,591us] task_start_exec    ppg id=0x20002A60
[t=31,096,611us] task_stop_exec     ppg id=0x20002A60
[t=31,096,614us] task_start_exec    id=0x20016A38
[t=31,096,617us] idle
[t=31,098,637us] task_stop_exec     id=0x20016A38
[t=31,098,640us] task_start_exec    key id=0x20006160
[t=31,098,654us] task_stop_exec     key id=0x20006160
[t=31,098,657us] task_start_exec    id=0x20016A38
[t=31,098,660us] idle
[t=31,099,637us] task_stop_exec     id=0x20016A38
[t=31,099,640us] task_start_exec    ble id=0x200031DC
[t=31,099,658us] task_stop_exec     ble id=0x200031DC
[t=31,099,661us] task_start_exec    id=0x20016A38
[t=31,099,664us] idle
[t=31,104,637us] task_stop_exec     id=0x20016A38
[t=31,104,640us] task_start_exec    ble id=0x200031DC
[t=31,104,658us] task_stop_exec     ble id=0x200031DC
[t=31,104,661us] task_start_exec    id=0x20016A38
[t=31,104,664us] idle
[t=31,105,637us] task_stop_exec     id=0x20016A38
[t=31,105,640us] task_start_exec    ppg id=0x20002A60
[t=31,107,024us] task_stop_exec     ppg id=0x20002A60
[t=31,107,027us] task_start_exec    id=0x20016A38
[t=31,107,030us] idle
[t=31,107,558us] task_stop_exec     id=0x20016A38
[t=31,107,561us] task_start_exec    ppg id=0x20002A60
[t=31,107,581us] task_stop_exec     ppg id=0x20002A60
[t=31,107,584us] task_start_exec    id=0x20016A38
[t=31,107,587us] idle
[t=31,109,637us] task_stop_exec     id=0x20016A38
[t=31,109,640us] task_start_exec    ble id=0x200031DC
[t=31,109,658us] task_stop_exec     ble id=0x200031DC
[t=31,109,661us] task_start_exec    id=0x20016A38
[t=31,109,664us] idle
[t=31,114,637us] task_stop_exec     id=0x20016A38
[t=31,114,640us] task_start_exec    ble id=0x200031DC
[t=31,114,659us] task_stop_exec     ble id=0x200031DC
[t=31,114,662us] task_start_exec    id=0x20016A38
[t=31,114,665us] idle
[t=31,116,637us] task_stop_exec     id=0x20016A38
[t=31,116,640us] task_start_exec    ppg id=0x20002A60
[t=31,117,724us] task_stop_exec     ppg id=0x20002A60
[t=31,117,727us] task_start_exec    id=0x20016A38
[t=31,117,730us] idle
[t=31,118,637us] task_stop_exec     id=0x20016A38
[t=31,118,640us] task_start_exec    key id=0x20006160
[t=31,118,654us] task_stop_exec     key id=0x20006160
[t=31,118,657us] task_start_exec    id=0x20016A38
[t=31,118,660us] idle
[t=31,119,637us] task_stop_exec     id=0x20016A38
[t=31,119,640us] task_start_exec    ble id=0x200031DC
[t=31,119,658us] task_stop_exec     ble id=0x200031DC
[t=31,119,661us] task_start_exec    id=0x20016A38
[t=31,119,664us] idle
[t=31,124,637us] task_stop_exec     id=0x20016A38
[t=31,124,640us] task_start_exec    ble id=0x200031DC
[t=31,124,658us] task_stop_exec     ble id=0x200031DC
[t=31,124,662us] task_start_exec    id=0x20016A38
[t=31,124,665us] idle
[t=31,127,637us] task_stop_exec     id=0x20016A38
[t=31,127,640us] task_start_exec    ppg id=0x20002A60
[t=31,129,024us] task_stop_exec     ppg id=0x20002A60
[t=31,129,028us] task_start_exec    id=0x20016A38
[t=31,129,031us] idle
[t=31,129,637us] task_stop_exec     id=0x20016A38
[t=31,129,640us] task_start_exec    ble id=0x200031DC
[t=31,129,658us] task_stop_exec     ble id=0x200031DC
[t=31,129,661us] task_start_exec    id=0x20016A38
[t=31,129,664us] idle
[t=31,129,828us] task_stop_exec     id=0x20016A38
[t=31,129,831us] task_start_exec    ppg id=0x20002A60
[t=31,129,852us] task_stop_exec     ppg id=0x20002A60
[t=31,129,855us] task_start_exec    id=0x20016A38
[t=31,129,858us] idle
[t=31,134,637us] task_stop_exec     id=0x20016A38
[t=31,134,640us] task_start_exec    ble id=0x200031DC
[t=31,134,659us] task_stop_exec     ble id=0x200031DC
[t=31,134,662us] task_start_exec    id=0x20016A38
[t=31,134,665us] idle
[t=31,138,637us] task_stop_exec     id=0x20016A38
[t=31,138,640us] task_start_exec    key id=0x20006160
[t=31,138,654us] task_stop_exec     key id=0x20006160
[t=31,138,657us] task_start_exec    id=0x20016A38
[t=31,138,660us] idle
[t=31,139,637us] task_stop_exec     id=0x20016A38
[t=31,139,640us] task_start_exec    ppg id=0x20002A60
[t=31,139,648us] task_stop_exec     ppg id=0x20002A60
[t=31,139,650us] task_start_exec    ble id=0x200031DC
[t=31,139,668us] task_stop_exec     ble id=0x200031DC
[t=31,139,671us] task_start_exec    ppg id=0x20002A60
[t=31,140,753us] task_stop_exec     ppg id=0x20002A60
[t=31,140,756us] task_start_exec    id=0x20016A38
[t=31,140,759us] idle
[t=31,144,637us] task_stop_exec     id=0x20016A38
[t=31,144,640us] task_start_exec    ble id=0x200031DC
[t=31,144,658us] task_stop_exec     ble id=0x200031DC
[t=31,144,661us] task_start_exec    id=0x20016A38
[t=31,144,664us] idle
[t=31,149,637us] task_stop_exec     id=0x20016A38
[t=31,149,640us] task_start_exec    ble id=0x200031DC
[t=31,149,658us] task_stop_exec     ble id=0x200031DC
[t=31,149,662us] task_start_exec    id=0x20016A38
[t=31,149,665us] idle
[t=31,150,637us] task_stop_exec     id=0x20016A38
[t=31,150,640us] task_start_exec    ppg id=0x20002A60
[t=31,152,025us] task_stop_exec     ppg id=0x20002A60
[t=31,152,028us] task_start_exec    id=0x20016A38
[t=31,152,031us] idle
[t=31,152,828us] task_stop_exec     id=0x20016A38
[t=31,152,832us] task_start_exec    ppg id=0x20002A60
[t=31,152,854us] task_stop_exec     ppg id=0x20002A60
[t=31,152,858us] task_start_exec    id=0x20016A38
[t=31,152,861us] idle
[t=31,154,637us] task_stop_exec     id=0x20016A38
[t=31,154,640us] task_start_exec    ble id=0x200031DC
[t=31,154,659us] task_stop_exec     ble id=0x200031DC
[t=31,154,662us] task_start_exec    id=0x20016A38
[t=31,154,665us] idle
[t=31,158,637us] task_stop_exec     id=0x20016A38
[t=31,158,640us] task_start_exec    key id=0x20006160
[t=31,158,654us] task_stop_exec     key id=0x20006160
[t=31,158,657us] task_start_exec    id=0x20016A38
[t=31,158,660us] idle
[t=31,159,637us] task_stop_exec     id=0x20016A38
[t=31,159,640us] task_start_exec    ble id=0x200031DC
[t=31,159,659us] task_stop_exec     ble id=0x200031DC
[t=31,159,662us] task_start_exec    id=0x20016A38
[t=31,159,665us] idle
[t=31,162,637us] task_stop_exec     id=0x20016A38
[t=31,162,640us] task_start_exec    ppg id=0x20002A60
[t=31,164,024us] task_stop_exec     ppg id=0x20002A60
[t=31,164,027us] task_start_exec    id=0x20016A38
[t=31,164,030us] idle
[t=31,164,558us] task_stop_exec     id=0x20016A38
[t=31,164,561us] task_start_exec    ppg id=0x20002A60
[t=31,164,581us] task_stop_exec     ppg id=0x20002A60
[t=31,164,584us] task_start_exec    id=0x20016A38
[t=31,164,587us] idle
[t=31,164,637us] task_stop_exec     id=0x20016A38
[t=31,164,640us] task_start_exec    ble id=0x200031DC
[t=31,164,658us] task_stop_exec     ble id=0x200031DC
[t=31,164,661us] task_start_exec    id=0x20016A38
[t=31,164,664us] idle
[t=31,169,637us] task_stop_exec     id=0x20016A38
[t=31,169,640us] task_start_exec    ble id=0x200031DC
[t=31,169,658us] task_stop_exec     ble id=0x200031DC
[t=31,169,662us] task_start_exec    id=0x20016A38
[t=31,169,664us] idle
[t=31,173,637us] task_stop_exec     id=0x20016A38
[t=31,173,640us] task_start_exec    ppg id=0x20002A60
[t=31,174,637us] task_stop_exec     ppg id=0x20002A60
[t=31,174,640us] task_start_exec    ble id=0x200031DC
[t=31,174,658us] task_stop_exec     ble id=0x200031DC
[t=31,174,661us] task_start_exec    ppg id=0x20002A60
[t=31,175,024us] task_stop_exec     ppg id=0x20002A60
[t=31,175,027us] task_start_exec    id=0x20016A38
[t=31,175,030us] idle
[t=31,175,558us] task_stop_exec     id=0x20016A38
[t=31,175,561us] task_start_exec    ppg id=0x20002A60
[t=31,175,581us] task_stop_exec     ppg id=0x20002A60
[t=31,175,584us] task_start_exec    id=0x20016A38
[t=31,175,587us] idle
[t=31,178,637us] task_stop_exec     id=0x20016A38
[t=31,178,640us] task_start_exec    key id=0x20006160
[t=31,178,654us] task_stop_exec     key id=0x20006160
[t=31,178,657us] task_start_exec    id=0x20016A38
[t=31,178,660us] idle
[t=31,179,637us] task_stop_exec     id=0x20016A38
[t=31,179,640us] task_start_exec    ble id=0x200031DC
[t=31,179,659us] task_stop_exec     ble id=0x200031DC
[t=31,179,662us] task_start_exec    id=0x20016A38
[t=31,179,665us] idle
[t=31,184,637us] task_stop_exec     id=0x20016A38
[t=31,184,640us] task_start_exec    ppg id=0x20002A60
[t=31,184,648us] task_stop_exec     ppg id=0x20002A60
[t=31,184,650us] task_start_exec    ble id=0x200031DC
[t=31,184,668us] task_stop_exec     ble id=0x200031DC
[t=31,184,671us] task_start_exec    ppg id=0x20002A60
[t=31,186,054us] task_stop_exec     ppg id=0x20002A60
[t=31,186,057us] task_start_exec    id=0x20016A38
[t=31,186,060us] idle
[t=31,186,588us] task_stop_exec     id=0x20016A38
[t=31,186,591us] task_start_exec    ppg id=0x20002A60
[t=31,186,611us] task_stop_exec     ppg id=0x20002A60
[t=31,186,614us] task_start_exec    id=0x20016A38
[t=31,186,617us] idle
[t=31,189,637us] task_stop_exec     id=0x20016A38
[t=31,189,640us] task_start_exec    ble id=0x200031DC
[t=31,189,658us] task_stop_exec     ble id=0x200031DC
[t=31,189,661us] task_start_exec    id=0x20016A38
[t=31,189,664us] idle
[t=31,194,637us] task_stop_exec     id=0x20016A38
[t=31,194,640us] task_start_exec    ble id=0x200031DC
[t=31,194,659us] task_stop_exec     ble id=0x200031DC
[t=31,194,662us] task_start_exec    id=0x20016A38
[t=31,194,665us] idle
[t=31,195,637us] task_stop_exec     id=0x20016A38
[t=31,195,640us] task_start_exec    ppg id=0x20002A60
[t=31,196,724us] task_stop_exec     ppg id=0x20002A60
[t=31,196,727us] task_start_exec    id=0x20016A38
[t=31,196,730us] idle
[t=31,198,637us] task_stop_exec     id=0x20016A38
[t=31,198,640us] task_start_exec    key id=0x20006160
[t=31,198,654us] task_stop_exec     key id=0x20006160
[t=31,198,657us] task_start_exec    id=0x20016A38
[t=31,198,660us] idle
[t=31,199,637us] task_stop_exec     id=0x20016A38
[t=31,199,640us] task_start_exec    ble id=0x200031DC
[t=31,199,658us] task_stop_exec     ble id=0x200031DC
[t=31,199,661us] task_start_exec    id=0x20016A38
[t=31,199,664us] idle
[t=31,204,637us] task_stop_exec     id=0x20016A38
[t=31,204,640us] task_start_exec    ble id=0x200031DC
[t=31,204,658us] task_stop_exec     ble id=0x200031DC
[t=31,204,662us] task_start_exec    id=0x20016A38
[t=31,204,665us] idle
[t=31,206,637us] task_stop_exec     id=0x20016A38
[t=31,206,640us] task_start_exec    ppg id=0x20002A60
[t=31,208,024us] task_stop_exec     ppg id=0x20002A60
[t=31,208,027us] task_start_exec    id=0x20016A38
[t=31,208,030us] idle
[t=31,208,558us] task_stop_exec     id=0x20016A38
[t=31,208,561us] task_start_exec    ppg id=0x20002A60
[t=31,208,581us] task_stop_exec     ppg id=0x20002A60
[t=31,208,584us] task_start_exec    id=0x20016A38
[t=31,208,587us] idle
[t=31,209,637us] task_stop_exec     id=0x20016A38
[t=31,209,640us] task_start_exec    ble id=0x200031DC
[t=31,209,658us] task_stop_exec     ble id=0x200031DC
[t=31,209,661us] task_start_exec    id=0x20016A38
[t=31,209,664us] idle
[t=31,214,637us] task_stop_exec     id=0x20016A38
[t=31,214,640us] task_start_exec    ble id=0x200031DC
[t=31,214,659us] task_stop_exec     ble id=0x200031DC
[t=31,214,662us] task_start_exec    id=0x20016A38
[t=31,214,665us] idle
[t=31,217,637us] task_stop_exec     id=0x20016A38
[t=31,217,640us] task_start_exec    ppg id=0x20002A60
[t=31,219,024us] task_stop_exec     ppg id=0x20002A60
[t=31,219,027us] task_start_exec    key id=0x20006160
[t=31,219,040us] task_stop_exec     key id=0x20006160
[t=31,219,043us] task_start_exec    id=0x20016A38
[t=31,219,046us] idle
[t=31,219,558us] task_stop_exec     id=0x20016A38
[t=31,219,561us] task_start_exec    ppg id=0x20002A60
[t=31,219,581us] task_stop_exec     ppg id=0x20002A60
[t=31,219,584us] task_start_exec    id=0x20016A38
[t=31,219,587us] idle
[t=31,219,637us] task_stop_exec     id=0x20016A38
[t=31,219,640us] task_start_exec    ble id=0x200031DC
[t=31,219,658us] task_stop_exec     ble id=0x200031DC
[t=31,219,661us] task_start_exec    id=0x20016A38
[t=31,219,664us] idle
[t=31,224,637us] task_stop_exec     id=0x20016A38
[t=31,224,640us] task_start_exec    ble id=0x200031DC
[t=31,224,658us] task_stop_exec     ble id=0x200031DC
[t=31,224,662us] task_start_exec    id=0x20016A38
[t=31,224,665us] idle
[t=31,228,637us] task_stop_exec     id=0x20016A38
[t=31,228,640us] task_start_exec    ppg id=0x20002A60
[t=31,229,637us] task_stop_exec     ppg id=0x20002A60
[t=31,229,640us] task_start_exec    ble id=0x200031DC
[t=31,229,658us] task_stop_exec     ble id=0x200031DC
[t=31,229,661us] task_start_exec    ppg id=0x20002A60
[t=31,230,024us] task_stop_exec     ppg id=0x20002A60
[t=31,230,027us] task_start_exec    id=0x20016A38
[t=31,230,030us] idle
[t=31,230,558us] task_stop_exec     id=0x20016A38
[t=31,230,561us] task_start_exec    ppg id=0x20002A60
[t=31,230,581us] task_stop_exec     ppg id=0x20002A60
[t=31,230,584us] task_start_exec    id=0x20016A38
[t=31,230,587us] idle
[t=31,234,637us] task_stop_exec     id=0x20016A38
[t=31,234,640us] task_start_exec    ble id=0x200031DC
[t=31,234,659us] task_stop_exec     ble id=0x200031DC
[t=31,234,662us] task_start_exec    id=0x20016A38
[t=31,234,665us] idle
[t=31,238,637us] task_stop_exec     id=0x20016A38
[t=31,238,640us] task_start_exec    key id=0x20006160
[t=31,238,654us] task_stop_exec     key id=0x20006160
[t=31,238,657us] task_start_exec    id=0x20016A38
[t=31,238,660us] idle
[t=31,239,637us] task_stop_exec     id=0x20016A38
[t=31,239,640us] task_start_exec    ppg id=0x20002A60
[t=31,239,648us] task_stop_exec     ppg id=0x20002A60
[t=31,239,650us] task_start_exec    ble id=0x200031DC
[t=31,239,668us] task_stop_exec     ble id=0x200031DC
[t=31,239,671us] task_start_exec    ppg id=0x20002A60
[t=31,241,054us] task_stop_exec     ppg id=0x20002A60
[t=31,241,057us] task_start_exec    id=0x20016A38
[t=31,241,060us] idle
[t=31,241,588us] task_stop_exec     id=0x20016A38
[t=31,241,591us] task_start_exec    ppg id=0x20002A60
[t=31,241,611us] task_stop_exec     ppg id=0x20002A60
[t=31,241,614us] task_start_exec    id=0x20016A38
[t=31,241,617us] idle
[t=31,244,637us] task_stop_exec     id=0x20016A38
[t=31,244,640us] task_start_exec    ble id=0x200031DC
[t=31,244,658us] task_stop_exec     ble id=0x200031DC
[t=31,244,661us] task_start_exec    id=0x20016A38
[t=31,244,664us] idle
[t=31,249,637us] task_stop_exec     id=0x20016A38
[t=31,249,640us] task_start_exec    ble id=0x200031DC
[t=31,249,658us] task_stop_exec     ble id=0x200031DC
[t=31,249,662us] task_start_exec    id=0x20016A38
[t=31,249,664us] idle
[t=31,250,637us] task_stop_exec     id=0x20016A38
[t=31,250,640us] task_start_exec    ppg id=0x20002A60
[t=31,252,024us] task_stop_exec     ppg id=0x20002A60
[t=31,252,028us] task_start_exec    id=0x20016A38
[t=31,252,031us] idle
[t=31,252,558us] task_stop_exec     id=0x20016A38
[t=31,252,561us] task_start_exec    ppg id=0x20002A60
[t=31,252,582us] task_stop_exec     ppg id=0x20002A60
[t=31,252,585us] task_start_exec    id=0x20016A38
[t=31,252,588us] idle
[t=31,254,637us] task_stop_exec     id=0x20016A38
[t=31,254,640us] task_start_exec    ble id=0x200031DC
[t=31,254,659us] task_stop_exec     ble id=0x200031DC
[t=31,254,662us] task_start_exec    id=0x20016A38
[t=31,254,665us] idle
[t=31,258,637us] task_stop_exec     id=0x20016A38
[t=31,258,640us] task_start_exec    key id=0x20006160
[t=31,258,654us] task_stop_exec     key id=0x20006160
[t=31,258,657us] task_start_exec    id=0x20016A38
[t=31,258,660us] idle
[t=31,259,637us] task_stop_exec     id=0x20016A38
[t=31,259,640us] task_start_exec    ble id=0x200031DC
[t=31,259,659us] task_stop_exec     ble id=0x200031DC
[t=31,259,662us] task_start_exec    id=0x20016A38
[t=31,259,665us] idle
[t=31,261,637us] task_stop_exec     id=0x20016A38
[t=31,261,640us] task_start_exec    ppg id=0x20002A60
[t=31,262,723us] task_stop_exec     ppg id=0x20002A60
[t=31,262,726us] task_start_exec    id=0x20016A38
[t=31,262,729us] idle
[t=31,264,637us] task_stop_exec     id=0x20016A38
[t=31,264,640us] task_start_exec    ble id=0x200031DC
[t=31,264,658us] task_stop_exec     ble id=0x200031DC
[t=31,264,661us] task_start_exec    id=0x20016A38
[t=31,264,664us] idle
[t=31,269,637us] task_stop_exec     id=0x20016A38
[t=31,269,640us] task_start_exec    ble id=0x200031DC
[t=31,269,658us] task_stop_exec     ble id=0x200031DC
[t=31,269,662us] task_start_exec    id=0x20016A38
[t=31,269,664us] idle
[t=31,272,637us] task_stop_exec     id=0x20016A38
[t=31,272,640us] task_start_exec    ppg id=0x20002A60
[t=31,274,024us] task_stop_exec     ppg id=0x20002A60
[t=31,274,028us] task_start_exec    id=0x20016A38
[t=31,274,031us] idle
[t=31,274,558us] task_stop_exec     id=0x20016A38
[t=31,274,561us] task_start_exec    ppg id=0x20002A60
[t=31,274,582us] task_stop_exec     ppg id=0x20002A60
[t=31,274,585us] task_start_exec    id=0x20016A38
[t=31,274,588us] idle
[t=31,274,637us] task_stop_exec     id=0x20016A38
[t=31,274,640us] task_start_exec    ble id=0x200031DC
[t=31,274,658us] task_stop_exec     ble id=0x200031DC
[t=31,274,661us] task_start_exec    id=0x20016A38
[t=31,274,664us] idle
[t=31,278,637us] task_stop_exec     id=0x20016A38
[t=31,278,640us] task_start_exec    key id=0x20006160
[t=31,278,654us] task_stop_exec     key id=0x20006160
[t=31,278,657us] task_start_exec    id=0x20016A38
[t=31,278,660us] idle
[t=31,279,637us] task_stop_exec     id=0x20016A38
[t=31,279,640us] task_start_exec    ble id=0x200031DC
[t=31,279,659us] task_stop_exec     ble id=0x200031DC
[t=31,279,662us] task_start_exec    id=0x20016A38
[t=31,279,665us] idle
[t=31,283,637us] task_stop_exec     id=0x20016A38
[t=31,283,640us] task_start_exec    ppg id=0x20002A60
[t=31,284,637us] task_stop_exec     ppg id=0x20002A60
[t=31,284,640us] task_start_exec    ble id=0x200031DC
[t=31,284,658us] task_stop_exec     ble id=0x200031DC
[t=31,284,661us] task_start_exec    ppg id=0x20002A60
[t=31,285,024us] task_stop_exec     ppg id=0x20002A60
[t=31,285,027us] task_start_exec    id=0x20016A38
[t=31,285,030us] idle
[t=31,285,558us] task_stop_exec     id=0x20016A38
[t=31,285,561us] task_start_exec    ppg id=0x20002A60
[t=31,285,581us] task_stop_exec     ppg id=0x20002A60
[t=31,285,584us] task_start_exec    id=0x20016A38
[t=31,285,587us] idle
[t=31,289,637us] task_stop_exec     id=0x20016A38
[t=31,289,640us] task_start_exec    ble id=0x200031DC
[t=31,289,658us] task_stop_exec     ble id=0x200031DC
[t=31,289,662us] task_start_exec    id=0x20016A38
[t=31,289,665us] idle
[t=31,294,637us] task_stop_exec     id=0x20016A38
[t=31,294,640us] task_start_exec    ppg id=0x20002A60
[t=31,294,648us] task_stop_exec     ppg id=0x20002A60
[t=31,294,650us] task_start_exec    ble id=0x200031DC
[t=31,294,668us] task_stop_exec     ble id=0x200031DC
[t=31,294,671us] task_start_exec    ppg id=0x20002A60
[t=31,296,054us] task_stop_exec     ppg id=0x20002A60
[t=31,296,057us] task_start_exec    id=0x20016A38
[t=31,296,060us] idle
[t=31,296,587us] task_stop_exec     id=0x20016A38
[t=31,296,591us] task_start_exec    ppg id=0x20002A60
[t=31,296,611us] task_stop_exec     ppg id=0x20002A60
[t=31,296,614us] task_start_exec    id=0x20016A38
[t=31,296,617us] idle
[t=31,298,637us] task_stop_exec     id=0x20016A38
[t=31,298,640us] task_start_exec    key id=0x20006160
[t=31,298,654us] task_stop_exec     key id=0x20006160
[t=31,298,657us] task_start_exec    id=0x20016A38
[t=31,298,660us] idle
[t=31,299,637us] task_stop_exec     id=0x20016A38
[t=31,299,640us] task_start_exec    ble id=0x200031DC
[t=31,299,658us] task_stop_exec     ble id=0x200031DC
[t=31,299,661us] task_start_exec    id=0x20016A38
[t=31,299,664us] idle
[t=31,304,637us] task_stop_exec     id=0x20016A38
[t=31,304,640us] task_start_exec    ble id=0x200031DC
[t=31,304,658us] task_stop_exec     ble id=0x200031DC
[t=31,304,662us] task_start_exec    id=0x20016A38
[t=31,304,664us] idle
[t=31,305,637us] task_stop_exec     id=0x20016A38
[t=31,305,640us] task_start_exec    ppg id=0x20002A60
[t=31,307,025us] task_stop_exec     ppg id=0x20002A60
[t=31,307,028us] task_start_exec    id=0x20016A38
[t=31,307,031us] idle
[t=31,307,559us] task_stop_exec     id=0x20016A38
[t=31,307,562us] task_start_exec    ppg id=0x20002A60
[t=31,307,582us] task_stop_exec     ppg id=0x20002A60
[t=31,307,585us] task_start_exec    id=0x20016A38
[t=31,307,588us] idle
[t=31,309,637us] task_stop_exec     id=0x20016A38
[t=31,309,640us] task_start_exec    ble id=0x200031DC
[t=31,309,658us] task_stop_exec     ble id=0x200031DC
[t=31,309,661us] task_start_exec    id=0x20016A38
[t=31,309,664us] idle
[t=31,314,637us] task_stop_exec     id=0x20016A38
[t=31,314,640us] task_start_exec    ble id=0x200031DC
[t=31,314,659us] task_stop_exec     ble id=0x200031DC
[t=31,314,662us] task_start_exec    id=0x20016A38
[t=31,314,665us] idle
[t=31,316,637us] task_stop_exec     id=0x20016A38
[t=31,316,640us] task_start_exec    ppg id=0x20002A60
[t=31,318,024us] task_stop_exec     ppg id=0x20002A60
[t=31,318,028us] task_start_exec    id=0x20016A38
[t=31,318,031us] idle
[t=31,318,558us] task_stop_exec     id=0x20016A38
[t=31,318,561us] task_start_exec    ppg id=0x20002A60
[t=31,318,581us] task_stop_exec     ppg id=0x20002A60
[t=31,318,585us] task_start_exec    id=0x20016A38
[t=31,318,588us] idle
[t=31,318,637us] task_stop_exec     id=0x20016A38
[t=31,318,640us] task_start_exec    key id=0x20006160
[t=31,318,654us] task_stop_exec     key id=0x20006160
[t=31,318,657us] task_start_exec    id=0x20016A38
[t=31,318,660us] idle
[t=31,319,637us] task_stop_exec     id=0x20016A38
[t=31,319,640us] task_start_exec    ble id=0x200031DC
[t=31,319,658us] task_stop_exec     ble id=0x200031DC
[t=31,319,661us] task_start_exec    id=0x20016A38
[t=31,319,664us] idle
[t=31,324,637us] task_stop_exec     id=0x20016A38
[t=31,324,640us] task_start_exec    ble id=0x200031DC
[t=31,324,658us] task_stop_exec     ble id=0x200031DC
[t=31,324,662us] task_start_exec    id=0x20016A38
[t=31,324,665us] idle
[t=31,327,637us] task_stop_exec     id=0x20016A38
[t=31,327,640us] task_start_exec    ppg id=0x20002A60
[t=31,328,724us] task_stop_exec     ppg id=0x20002A60
[t=31,328,727us] task_start_exec    id=0x20016A38
[t=31,328,730us] idle
[t=31,329,637us] task_stop_exec     id=0x20016A38
[t=31,329,640us] task_start_exec    ble id=0x200031DC
[t=31,329,658us] task_stop_exec     ble id=0x200031DC
[t=31,329,661us] task_start_exec    id=0x20016A38
[t=31,329,664us] idle
[t=31,334,637us] task_stop_exec     id=0x20016A38
[t=31,334,640us] task_start_exec    ble id=0x200031DC
[t=31,334,659us] task_stop_exec     ble id=0x200031DC
[t=31,334,662us] task_start_exec    id=0x20016A38
[t=31,334,665us] idle
[t=31,338,637us] task_stop_exec     id=0x20016A38
[t=31,338,640us] task_start_exec    key id=0x20006160
[t=31,338,648us] task_stop_exec     key id=0x20006160
[t=31,338,650us] task_start_exec    ppg id=0x20002A60
[t=31,339,637us] task_stop_exec     ppg id=0x20002A60
[t=31,339,640us] task_start_exec    ble id=0x200031DC
[t=31,339,658us] task_stop_exec     ble id=0x200031DC
[t=31,339,661us] task_start_exec    ppg id=0x20002A60
[t=31,340,034us] task_stop_exec     ppg id=0x20002A60
[t=31,340,037us] task_start_exec    key id=0x20006160
[t=31,340,050us] task_stop_exec     key id=0x20006160
[t=31,340,053us] task_start_exec    id=0x20016A38
[t=31,340,056us] idle
[t=31,340,569us] task_stop_exec     id=0x20016A38
[t=31,340,572us] task_start_exec    ppg id=0x20002A60
[t=31,340,592us] task_stop_exec     ppg id=0x20002A60
[t=31,340,595us] task_start_exec    id=0x20016A38
[t=31,340,598us] idle
[t=31,344,637us] task_stop_exec     id=0x20016A38
[t=31,344,640us] task_start_exec    ble id=0x200031DC
[t=31,344,659us] task_stop_exec     ble id=0x200031DC
[t=31,344,662us] task_start_exec    id=0x20016A38
[t=31,344,665us] idle
[t=31,349,637us] task_stop_exec     id=0x20016A38
[t=31,349,640us] task_start_exec    ppg id=0x20002A60
[t=31,349,648us] task_stop_exec     ppg id=0x20002A60
[t=31,349,650us] task_start_exec    ble id=0x200031DC
[t=31,349,668us] task_stop_exec     ble id=0x200031DC
[t=31,349,671us] task_start_exec    ppg id=0x20002A60
[t=31,351,053us] task_stop_exec     ppg id=0x20002A60
[t=31,351,057us] task_start_exec    id=0x20016A38
[t=31,351,060us] idle
[t=31,351,587us] task_stop_exec     id=0x20016A38
[t=31,351,590us] task_start_exec    ppg id=0x20002A60
[t=31,351,611us] task_stop_exec     ppg id=0x20002A60
[t=31,351,614us] task_start_exec    id=0x20016A38
[t=31,351,617us] idle
[t=31,354,637us] task_stop_exec     id=0x20016A38
[t=31,354,640us] task_start_exec    ble id=0x200031DC
[t=31,354,658us] task_stop_exec     ble id=0x200031DC
[t=31,354,662us] task_start_exec    id=0x20016A38
[t=31,354,665us] idle
[t=31,359,637us] task_stop_exec     id=0x20016A38
[t=31,359,640us] task_start_exec    key id=0x20006160
[t=31,359,648us] task_stop_exec     key id=0x20006160
[t=31,359,650us] task_start_exec    ble id=0x200031DC
[t=31,359,668us] task_stop_exec     ble id=0x200031DC
[t=31,359,671us] task_start_exec    key id=0x20006160
[t=31,359,684us] task_stop_exec     key id=0x20006160
[t=31,359,687us] task_start_exec    id=0x20016A38
[t=31,359,690us] idle
[t=31,360,637us] task_stop_exec     id=0x20016A38
[t=31,360,640us] task_start_exec    ppg id=0x20002A60
[t=31,362,024us] task_stop_exec     ppg id=0x20002A60
[t=31,362,027us] task_start_exec    id=0x20016A38
[t=31,362,030us] idle
[t=31,362,558us] task_stop_exec     id=0x20016A38
[t=31,362,561us] task_start_exec    ppg id=0x20002A60
[t=31,362,581us] task_stop_exec     ppg id=0x20002A60
[t=31,362,584us] task_start_exec    id=0x20016A38
[t=31,362,587us] idle
[t=31,364,637us] task_stop_exec     id=0x20016A38
[t=31,364,640us] task_start_exec    ble id=0x200031DC
[t=31,364,658us] task_stop_exec     ble id=0x200031DC
[t=31,364,661us] task_start_exec    id=0x20016A38
[t=31,364,664us] idle
[t=31,369,637us] task_stop_exec     id=0x20016A38
[t=31,369,640us] task_start_exec    ble id=0x200031DC
[t=31,369,658us] task_stop_exec     ble id=0x200031DC
[t=31,369,662us] task_start_exec    id=0x20016A38
[t=31,369,665us] idle
[t=31,371,637us] task_stop_exec     id=0x20016A38
[t=31,371,640us] task_start_exec    ppg id=0x20002A60
[t=31,373,024us] task_stop_exec     ppg id=0x20002A60
[t=31,373,028us] task_start_exec    id=0x20016A38
[t=31,373,031us] idle
[t=31,373,558us] task_stop_exec     id=0x20016A38
[t=31,373,561us] task_start_exec    ppg id=0x20002A60
[t=31,373,582us] task_stop_exec     ppg id=0x20002A60
[t=31,373,585us] task_start_exec    id=0x20016A38
[t=31,373,588us] idle
[t=31,374,637us] task_stop_exec     id=0x20016A38
[t=31,374,640us] task_start_exec    ble id=0x200031DC
[t=31,374,658us] task_stop_exec     ble id=0x200031DC
[t=31,374,662us] task_start_exec    id=0x20016A38
[t=31,374,665us] idle
[t=31,379,637us] task_stop_exec     id=0x20016A38
[t=31,379,640us] task_start_exec    key id=0x20006160
[t=31,379,648us] task_stop_exec     key id=0x20006160
[t=31,379,650us] task_start_exec    ble id=0x200031DC
[t=31,379,668us] task_stop_exec     ble id=0x200031DC
[t=31,379,671us] task_start_exec    key id=0x20006160
[t=31,379,684us] task_stop_exec     key id=0x20006160
[t=31,379,687us] task_start_exec    id=0x20016A38
[t=31,379,690us] idle
[t=31,382,637us] task_stop_exec     id=0x20016A38
[t=31,382,640us] task_start_exec    ppg id=0x20002A60
[t=31,383,723us] task_stop_exec     ppg id=0x20002A60
[t=31,383,726us] task_start_exec    id=0x20016A38
[t=31,383,729us] idle
[t=31,384,637us] task_stop_exec     id=0x20016A38
[t=31,384,640us] task_start_exec    ble id=0x200031DC
[t=31,384,658us] task_stop_exec     ble id=0x200031DC
[t=31,384,661us] task_start_exec    id=0x20016A38
[t=31,384,664us] idle
[t=31,389,637us] task_stop_exec     id=0x20016A38
[t=31,389,640us] task_start_exec    ble id=0x200031DC
[t=31,389,658us] task_stop_exec     ble id=0x200031DC
[t=31,389,662us] task_start_exec    id=0x20016A38
[t=31,389,665us] idle
[t=31,393,637us] task_stop_exec     id=0x20016A38
[t=31,393,640us] task_start_exec    ppg id=0x20002A60
[t=31,394,637us] task_stop_exec     ppg id=0x20002A60
[t=31,394,640us] task_start_exec    ble id=0x200031DC
[t=31,394,658us] task_stop_exec     ble id=0x200031DC
[t=31,394,661us] task_start_exec    ppg id=0x20002A60
[t=31,395,024us] task_stop_exec     ppg id=0x20002A60
[t=31,395,027us] task_start_exec    id=0x20016A38
[t=31,395,030us] idle
[t=31,395,828us] task_stop_exec     id=0x20016A38
[t=31,395,831us] task_start_exec    ppg id=0x20002A60
[t=31,395,852us] task_stop_exec     ppg id=0x20002A60
[t=31,395,855us] task_start_exec    id=0x20016A38
[t=31,395,858us] idle
[t=31,399,637us] task_stop_exec     id=0x20016A38
[t=31,399,640us] task_start_exec    key id=0x20006160
[t=31,399,648us] task_stop_exec     key id=0x20006160
[t=31,399,650us] task_start_exec    ble id=0x200031DC
[t=31,399,668us] task_stop_exec     ble id=0x200031DC
[t=31,399,671us] task_start_exec    key id=0x20006160
[t=31,399,684us] task_stop_exec     key id=0x20006160
[t=31,399,687us] task_start_exec    id=0x20016A38
[t=31,399,690us] idle
[t=31,404,637us] task_stop_exec     id=0x20016A38
[t=31,404,640us] task_start_exec    ble id=0x200031DC
[t=31,404,659us] task_stop_exec     ble id=0x200031DC
[t=31,404,662us] task_start_exec    id=0x20016A38
[t=31,404,665us] idle
[t=31,405,637us] task_stop_exec     id=0x20016A38
[t=31,405,640us] task_start_exec    ppg id=0x20002A60
[t=31,406,723us] task_stop_exec     ppg id=0x20002A60
[t=31,406,727us] task_start_exec    id=0x20016A38
[t=31,406,730us] idle
[t=31,409,637us] task_stop_exec     id=0x20016A38
[t=31,409,640us] task_start_exec    ble id=0x200031DC
[t=31,409,658us] task_stop_exec     ble id=0x200031DC
[t=31,409,661us] task_start_exec    id=0x20016A38
[t=31,409,664us] idle
[t=31,414,637us] task_stop_exec     id=0x20016A38
[t=31,414,640us] task_start_exec    ble id=0x200031DC
[t=31,414,658us] task_stop_exec     ble id=0x200031DC
[t=31,414,662us] task_start_exec    id=0x20016A38
[t=31,414,665us] idle
[t=31,416,637us] task_stop_exec     id=0x20016A38
[t=31,416,640us] task_start_exec    ppg id=0x20002A60
[t=31,418,024us] task_stop_exec     ppg id=0x20002A60
[t=31,418,028us] task_start_exec    id=0x20016A38
[t=31,418,031us] idle
[t=31,418,828us] task_stop_exec     id=0x20016A38
[t=31,418,831us] task_start_exec    ppg id=0x20002A60
[t=31,418,854us] task_stop_exec     ppg id=0x20002A60
[t=31,418,857us] task_start_exec    id=0x20016A38
[t=31,418,860us] idle
[t=31,419,637us] task_stop_exec     id=0x20016A38
[t=31,419,640us] task_start_exec    key id=0x20006160
[t=31,419,648us] task_stop_exec     key id=0x20006160
[t=31,419,650us] task_start_exec    ble id=0x200031DC
[t=31,419,668us] task_stop_exec     ble id=0x200031DC
[t=31,419,671us] task_start_exec    key id=0x20006160
[t=31,419,684us] task_stop_exec     key id=0x20006160
[t=31,419,687us] task_start_exec    id=0x20016A38
[t=31,419,690us] idle
[t=31,424,637us] task_stop_exec     id=0x20016A38
[t=31,424,640us] task_start_exec    ble id=0x200031DC
[t=31,424,659us] task_stop_exec     ble id=0x200031DC
[t=31,424,662us] task_start_exec    id=0x20016A38
[t=31,424,665us] idle
[t=31,428,637us] task_stop_exec     id=0x20016A38
[t=31,428,640us] task_start_exec    ppg id=0x20002A60
[t=31,429,637us] task_stop_exec     ppg id=0x20002A60
[t=31,429,641us] task_start_exec    ble id=0x200031DC
[t=31,429,659us] task_stop_exec     ble id=0x200031DC
[t=31,429,662us] task_start_exec    ppg id=0x20002A60
[t=31,430,024us] task_stop_exec     ppg id=0x20002A60
[t=31,430,027us] task_start_exec    id=0x20016A38
[t=31,430,030us] idle
[t=31,430,558us] task_stop_exec     id=0x20016A38
[t=31,430,561us] task_start_exec    ppg id=0x20002A60
[t=31,430,581us] task_stop_exec     ppg id=0x20002A60
[t=31,430,584us] task_start_exec    id=0x20016A38
[t=31,430,587us] idle
[t=31,434,637us] task_stop_exec     id=0x20016A38
[t=31,434,640us] task_start_exec    ble id=0x200031DC
[t=31,434,658us] task_stop_exec     ble id=0x200031DC
[t=31,434,662us] task_start_exec    id=0x20016A38
[t=31,434,665us] idle
[t=31,439,637us] task_stop_exec     id=0x20016A38
[t=31,439,640us] task_start_exec    key id=0x20006160
[t=31,439,648us] task_stop_exec     key id=0x20006160
[t=31,439,650us] task_start_exec    ppg id=0x20002A60
[t=31,439,658us] task_stop_exec     ppg id=0x20002A60
[t=31,439,661us] task_start_exec    ble id=0x200031DC
[t=31,439,678us] task_stop_exec     ble id=0x200031DC
[t=31,439,681us] task_start_exec    ppg id=0x20002A60
[t=31,441,063us] task_stop_exec     ppg id=0x20002A60
[t=31,441,066us] task_start_exec    key id=0x20006160
[t=31,441,079us] task_stop_exec     key id=0x20006160
[t=31,441,082us] task_start_exec    id=0x20016A38
[t=31,441,085us] idle
[t=31,441,598us] task_stop_exec     id=0x20016A38
[t=31,441,601us] task_start_exec    ppg id=0x20002A60
[t=31,441,621us] task_stop_exec     ppg id=0x20002A60
[t=31,441,624us] task_start_exec    id=0x20016A38
[t=31,441,627us] idle
[t=31,444,637us] task_stop_exec     id=0x20016A38
[t=31,444,640us] task_start_exec    ble id=0x200031DC
[t=31,444,658us] task_stop_exec     ble id=0x200031DC
[t=31,444,661us] task_start_exec    id=0x20016A38
[t=31,444,664us] idle
[t=31,449,637us] task_stop_exec     id=0x20016A38
[t=31,449,640us] task_start_exec    ble id=0x200031DC
[t=31,449,658us] task_stop_exec     ble id=0x200031DC
[t=31,449,662us] task_start_exec    id=0x20016A38
[t=31,449,665us] idle
[t=31,450,637us] task_stop_exec     id=0x20016A38
[t=31,450,640us] task_start_exec    ppg id=0x20002A60
[t=31,452,024us] task_stop_exec     ppg id=0x20002A60
[t=31,452,027us] task_start_exec    id=0x20016A38
[t=31,452,030us] idle
[t=31,452,558us] task_stop_exec     id=0x20016A38
[t=31,452,561us] task_start_exec    ppg id=0x20002A60
[t=31,452,581us] task_stop_exec     ppg id=0x20002A60
[t=31,452,584us] task_start_exec    id=0x20016A38
[t=31,452,587us] idle
[t=31,454,637us] task_stop_exec     id=0x20016A38
[t=31,454,640us] task_start_exec    ble id=0x200031DC
[t=31,454,658us] task_stop_exec     ble id=0x200031DC
[t=31,454,661us] task_start_exec    id=0x20016A38
[t=31,454,664us] idle
[t=31,459,637us] task_stop_exec     id=0x20016A38
[t=31,459,640us] task_start_exec    ble id=0x200031DC
[t=31,459,659us] task_stop_exec     ble id=0x200031DC
[t=31,459,662us] task_start_exec    id=0x20016A38
[t=31,459,665us] idle
[t=31,460,637us] task_stop_exec     id=0x20016A38
[t=31,460,640us] task_start_exec    key id=0x20006160
[t=31,460,654us] task_stop_exec     key id=0x20006160
[t=31,460,657us] task_start_exec    id=0x20016A38
[t=31,460,660us] idle
[t=31,461,637us] task_stop_exec     id=0x20016A38
[t=31,461,640us] task_start_exec    ppg id=0x20002A60
[t=31,462,723us] task_stop_exec     ppg id=0x20002A60
[t=31,462,726us] task_start_exec    id=0x20016A38
[t=31,462,729us] idle
[t=31,464,637us] task_stop_exec     id=0x20016A38
[t=31,464,640us] task_start_exec    ble id=0x200031DC
[t=31,464,658us] task_stop_exec     ble id=0x200031DC
[t=31,464,661us] task_start_exec    id=0x20016A38
[t=31,464,664us] idle
[t=31,469,637us] task_stop_exec     id=0x20016A38
[t=31,469,640us] task_start_exec    ble id=0x200031DC
[t=31,469,658us] task_stop_exec     ble id=0x200031DC
[t=31,469,662us] task_start_exec    id=0x20016A38
[t=31,469,665us] idle
[t=31,472,637us] task_stop_exec     id=0x20016A38
[t=31,472,640us] task_start_exec    ppg id=0x20002A60
[t=31,474,024us] task_stop_exec     ppg id=0x20002A60
[t=31,474,028us] task_start_exec    id=0x20016A38
[t=31,474,031us] idle
[t=31,474,558us] task_stop_exec     id=0x20016A38
[t=31,474,561us] task_start_exec    ppg id=0x20002A60
[t=31,474,582us] task_stop_exec     ppg id=0x20002A60
[t=31,474,585us] task_start_exec    id=0x20016A38
[t=31,474,588us] idle
[t=31,474,637us] task_stop_exec     id=0x20016A38
[t=31,474,640us] task_start_exec    ble id=0x200031DC
[t=31,474,658us] task_stop_exec     ble id=0x200031DC
[t=31,474,661us] task_start_exec    id=0x20016A38
[t=31,474,664us] idle
[t=31,479,637us] task_stop_exec     id=0x20016A38
[t=31,479,640us] task_start_exec    ble id=0x200031DC
[t=31,479,659us] task_stop_exec     ble id=0x200031DC
[t=31,479,662us] task_start_exec    id=0x20016A38
[t=31,479,665us] idle
[t=31,480,637us] task_stop_exec     id=0x20016A38
[t=31,480,640us] task_start_exec    key id=0x20006160
[t=31,480,654us] task_stop_exec     key id=0x20006160
[t=31,480,657us] task_start_exec    id=0x20016A38
[t=31,480,660us] idle
[t=31,483,637us] task_stop_exec     id=0x20016A38
[t=31,483,640us] task_start_exec    ppg id=0x20002A60
[t=31,484,638us] task_stop_exec     ppg id=0x20002A60
[t=31,484,641us] task_start_exec    ble id=0x200031DC
[t=31,484,659us] task_stop_exec     ble id=0x200031DC
[t=31,484,662us] task_start_exec    ppg id=0x20002A60
[t=31,485,024us] task_stop_exec     ppg id=0x20002A60
[t=31,485,027us] task_start_exec    id=0x20016A38
[t=31,485,030us] idle
[t=31,485,558us] task_stop_exec     id=0x20016A38
[t=31,485,561us] task_start_exec    ppg id=0x20002A60
[t=31,485,581us] task_stop_exec     ppg id=0x20002A60
[t=31,485,584us] task_start_exec    id=0x20016A38
[t=31,485,587us] idle
[t=31,489,637us] task_stop_exec     id=0x20016A38
[t=31,489,640us] task_start_exec    ble id=0x200031DC
[t=31,489,658us] task_stop_exec     ble id=0x200031DC
[t=31,489,662us] task_start_exec    id=0x20016A38
[t=31,489,665us] idle
[t=31,494,637us] task_stop_exec     id=0x20016A38
[t=31,494,640us] task_start_exec    ppg id=0x20002A60
[t=31,494,648us] task_stop_exec     ppg id=0x20002A60
[t=31,494,650us] task_start_exec    ble id=0x200031DC
[t=31,494,668us] task_stop_exec     ble id=0x200031DC
[t=31,494,671us] task_start_exec    ppg id=0x20002A60
[t=31,496,053us] task_stop_exec     ppg id=0x20002A60
[t=31,496,057us] task_start_exec    id=0x20016A38
[t=31,496,060us] idle
[t=31,496,587us] task_stop_exec     id=0x20016A38
[t=31,496,590us] task_start_exec    ppg id=0x20002A60
[t=31,496,611us] task_stop_exec     ppg id=0x20002A60
[t=31,496,614us] task_start_exec    id=0x20016A38
[t=31,496,617us] idle
[t=31,499,637us] task_stop_exec     id=0x20016A38
[t=31,499,640us] task_start_exec    ble id=0x200031DC
[t=31,499,659us] task_stop_exec     ble id=0x200031DC
[t=31,499,662us] task_start_exec    id=0x20016A38
[t=31,499,665us] idle
[t=31,500,637us] task_stop_exec     id=0x20016A38
[t=31,500,640us] task_start_exec    key id=0x20006160
[t=31,500,654us] task_stop_exec     key id=0x20006160
[t=31,500,657us] task_start_exec    id=0x20016A38
[t=31,500,660us] idle
[t=31,504,637us] task_stop_exec     id=0x20016A38
[t=31,504,640us] task_start_exec    ble id=0x200031DC
[t=31,504,659us] task_stop_exec     ble id=0x200031DC
[t=31,504,662us] task_start_exec    id=0x20016A38
[t=31,504,665us] idle
[t=31,505,637us] task_stop_exec     id=0x20016A38
[t=31,505,640us] task_start_exec    ppg id=0x20002A60
[t=31,507,024us] task_stop_exec     ppg id=0x20002A60
[t=31,507,027us] task_start_exec    id=0x20016A38
[t=31,507,030us] idle
[t=31,507,558us] task_stop_exec     id=0x20016A38
[t=31,507,561us] task_start_exec    ppg id=0x20002A60
[t=31,507,581us] task_stop_exec     ppg id=0x20002A60
[t=31,507,584us] task_start_exec    id=0x20016A38
[t=31,507,587us] idle
[t=31,509,637us] task_stop_exec     id=0x20016A38
[t=31,509,640us] task_start_exec    ble id=0x200031DC
[t=31,509,658us] task_stop_exec     ble id=0x200031DC
[t=31,509,661us] task_start_exec    id=0x20016A38
[t=31,509,664us] idle
[t=31,514,637us] task_stop_exec     id=0x20016A38
[t=31,514,640us] task_start_exec    ble id=0x200031DC
[t=31,514,658us] task_stop_exec     ble id=0x200031DC
[t=31,514,662us] task_start_exec    id=0x20016A38
[t=31,514,664us] idle
[t=31,516,637us] task_stop_exec     id=0x20016A38
[t=31,516,640us] task_start_exec    ppg id=0x20002A60
[t=31,518,024us] task_stop_exec     ppg id=0x20002A60
[t=31,518,027us] task_start_exec    id=0x20016A38
[t=31,518,030us] idle
[t=31,518,558us] task_stop_exec     id=0x20016A38
[t=31,518,561us] task_start_exec    ppg id=0x20002A60
[t=31,518,581us] task_stop_exec     ppg id=0x20002A60
[t=31,518,584us] task_start_exec    id=0x20016A38
[t=31,518,587us] idle
[t=31,519,637us] task_stop_exec     id=0x20016A38
[t=31,519,640us] task_start_exec    ble id=0x200031DC
[t=31,519,659us] task_stop_exec     ble id=0x200031DC
[t=31,519,662us] task_start_exec    id=0x20016A38
[t=31,519,665us] idle
[t=31,520,637us] task_stop_exec     id=0x20016A38
[t=31,520,640us] task_start_exec    key id=0x20006160
[t=31,520,654us] task_stop_exec     key id=0x20006160
[t=31,520,657us] task_start_exec    id=0x20016A38
[t=31,520,660us] idle
[t=31,524,637us] task_stop_exec     id=0x20016A38
[t=31,524,640us] task_start_exec    ble id=0x200031DC
[t=31,524,659us] task_stop_exec     ble id=0x200031DC
[t=31,524,662us] task_start_exec    id=0x20016A38
[t=31,524,665us] idle
[t=31,527,637us] task_stop_exec     id=0x20016A38
[t=31,527,640us] task_start_exec    ppg id=0x20002A60
[t=31,528,723us] task_stop_exec     ppg id=0x20002A60
[t=31,528,727us] task_start_exec    id=0x20016A38
[t=31,528,730us] idle
[t=31,529,637us] task_stop_exec     id=0x20016A38
[t=31,529,640us] task_start_exec    ble id=0x200031DC
[t=31,529,658us] task_stop_exec     ble id=0x200031DC
[t=31,529,661us] task_start_exec    id=0x20016A38
[t=31,529,664us] idle
[t=31,534,637us] task_stop_exec     id=0x20016A38
[t=31,534,640us] task_start_exec    ble id=0x200031DC
[t=31,534,658us] task_stop_exec     ble id=0x200031DC
[t=31,534,662us] task_start_exec    id=0x20016A38
[t=31,534,665us] idle
[t=31,538,637us] task_stop_exec     id=0x20016A38
[t=31,538,640us] task_start_exec    ppg id=0x20002A60
[t=31,539,637us] task_stop_exec     ppg id=0x20002A60
[t=31,539,641us] task_start_exec    ble id=0x200031DC
[t=31,539,659us] task_stop_exec     ble id=0x200031DC
[t=31,539,662us] task_start_exec    ppg id=0x20002A60
[t=31,540,024us] task_stop_exec     ppg id=0x20002A60
[t=31,540,028us] task_start_exec    id=0x20016A38
[t=31,540,030us] idle
[t=31,540,558us] task_stop_exec     id=0x20016A38
[t=31,540,561us] task_start_exec    ppg id=0x20002A60
[t=31,540,582us] task_stop_exec     ppg id=0x20002A60
[t=31,540,585us] task_start_exec    id=0x20016A38
[t=31,540,588us] idle
[t=31,540,637us] task_stop_exec     id=0x20016A38
[t=31,540,640us] task_start_exec    key id=0x20006160
[t=31,540,654us] task_stop_exec     key id=0x20006160
[t=31,540,657us] task_start_exec    id=0x20016A38
[t=31,540,660us] idle
[t=31,544,637us] task_stop_exec     id=0x20016A38
[t=31,544,640us] task_start_exec    ble id=0x200031DC
[t=31,544,659us] task_stop_exec     ble id=0x200031DC
[t=31,544,662us] task_start_exec    id=0x20016A38
[t=31,544,665us] idle
[t=31,549,637us] task_stop_exec     id=0x20016A38
[t=31,549,640us] task_start_exec    ppg id=0x20002A60
[t=31,549,648us] task_stop_exec     ppg id=0x20002A60
[t=31,549,650us] task_start_exec    ble id=0x200031DC
[t=31,549,668us] task_stop_exec     ble id=0x200031DC
[t=31,549,671us] task_start_exec    ppg id=0x20002A60
[t=31,551,053us] task_stop_exec     ppg id=0x20002A60
[t=31,551,057us] task_start_exec    id=0x20016A38
[t=31,551,060us] idle
[t=31,551,587us] task_stop_exec     id=0x20016A38
[t=31,551,590us] task_start_exec    ppg id=0x20002A60
[t=31,551,611us] task_stop_exec     ppg id=0x20002A60
[t=31,551,614us] task_start_exec    id=0x20016A38
[t=31,551,617us] idle
[t=31,554,637us] task_stop_exec     id=0x20016A38
[t=31,554,640us] task_start_exec    ble id=0x200031DC
[t=31,554,658us] task_stop_exec     ble id=0x200031DC
[t=31,554,661us] task_start_exec    id=0x20016A38
[t=31,554,664us] idle
[t=31,559,637us] task_stop_exec     id=0x20016A38
[t=31,559,640us] task_start_exec    ble id=0x200031DC
[t=31,559,659us] task_stop_exec     ble id=0x200031DC
[t=31,559,662us] task_start_exec    id=0x20016A38
[t=31,559,665us] idle
[t=31,560,637us] task_stop_exec     id=0x20016A38
[t=31,560,640us] task_start_exec    key id=0x20006160
[t=31,560,648us] task_stop_exec     key id=0x20006160
[t=31,560,650us] task_start_exec    ppg id=0x20002A60
[t=31,562,034us] task_stop_exec     ppg id=0x20002A60
[t=31,562,037us] task_start_exec    key id=0x20006160
[t=31,562,050us] task_stop_exec     key id=0x20006160
[t=31,562,053us] task_start_exec    id=0x20016A38
[t=31,562,056us] idle
[t=31,562,568us] task_stop_exec     id=0x20016A38
[t=31,562,571us] task_start_exec    ppg id=0x20002A60
[t=31,562,592us] task_stop_exec     ppg id=0x20002A60
[t=31,562,595us] task_start_exec    id=0x20016A38
[t=31,562,598us] idle
[t=31,564,637us] task_stop_exec     id=0x20016A38
[t=31,564,640us] task_start_exec    ble id=0x200031DC
[t=31,564,658us] task_stop_exec     ble id=0x200031DC
[t=31,564,661us] task_start_exec    id=0x20016A38
[t=31,564,664us] idle
[t=31,569,637us] task_stop_exec     id=0x20016A38
[t=31,569,640us] task_start_exec    ble id=0x200031DC
[t=31,569,658us] task_stop_exec     ble id=0x200031DC
[t=31,569,662us] task_start_exec    id=0x20016A38
[t=31,569,665us] idle
[t=31,571,637us] task_stop_exec     id=0x20016A38
[t=31,571,640us] task_start_exec    ppg id=0x20002A60
[t=31,573,024us] task_stop_exec     ppg id=0x20002A60
[t=31,573,027us] task_start_exec    id=0x20016A38
[t=31,573,030us] idle
[t=31,573,558us] task_stop_exec     id=0x20016A38
[t=31,573,561us] task_start_exec    ppg id=0x20002A60
[t=31,573,581us] task_stop_exec     ppg id=0x20002A60
[t=31,573,584us] task_start_exec    id=0x20016A38
[t=31,573,587us] idle
[t=31,574,637us] task_stop_exec     id=0x20016A38
[t=31,574,640us] task_start_exec    ble id=0x200031DC
[t=31,574,658us] task_stop_exec     ble id=0x200031DC
[t=31,574,661us] task_start_exec    id=0x20016A38
[t=31,574,664us] idle
[t=31,579,637us] task_stop_exec     id=0x20016A38
[t=31,579,640us] task_start_exec    ble id=0x200031DC
[t=31,579,659us] task_stop_exec     ble id=0x200031DC
[t=31,579,662us] task_start_exec    id=0x20016A38
[t=31,579,665us] idle
[t=31,581,637us] task_stop_exec     id=0x20016A38
[t=31,581,640us] task_start_exec    key id=0x20006160
[t=31,581,654us] task_stop_exec     key id=0x20006160
[t=31,581,657us] task_start_exec    id=0x20016A38
[t=31,581,660us] idle
[t=31,582,637us] task_stop_exec     id=0x20016A38
[t=31,582,640us] task_start_exec    ppg id=0x20002A60
[t=31,584,024us] task_stop_exec     ppg id=0x20002A60
[t=31,584,027us] task_start_exec    id=0x20016A38
[t=31,584,030us] idle
[t=31,584,558us] task_stop_exec     id=0x20016A38
[t=31,584,561us] task_start_exec    ppg id=0x20002A60
[t=31,584,581us] task_stop_exec     ppg id=0x20002A60
[t=31,584,584us] task_start_exec    id=0x20016A38
[t=31,584,587us] idle
[t=31,584,637us] task_stop_exec     id=0x20016A38
[t=31,584,640us] task_start_exec    ble id=0x200031DC
[t=31,584,658us] task_stop_exec     ble id=0x200031DC
[t=31,584,661us] task_start_exec    id=0x20016A38
[t=31,584,664us] idle
[t=31,589,637us] task_stop_exec     id=0x20016A38
[t=31,589,640us] task_start_exec    ble id=0x200031DC
[t=31,589,658us] task_stop_exec     ble id=0x200031DC
[t=31,589,662us] task_start_exec    id=0x20016A38
[t=31,589,665us] idle
[t=31,593,637us] task_stop_exec     id=0x20016A38
[t=31,593,640us] task_start_exec    ppg id=0x20002A60
[t=31,594,637us] task_stop_exec     ppg id=0x20002A60
[t=31,594,641us] task_start_exec    ble id=0x200031DC
[t=31,594,659us] task_stop_exec     ble id=0x200031DC
[t=31,594,662us] task_start_exec    ppg id=0x20002A60
[t=31,594,723us] task_stop_exec     ppg id=0x20002A60
[t=31,594,726us] task_start_exec    id=0x20016A38
[t=31,594,729us] idle
[t=31,599,637us] task_stop_exec     id=0x20016A38
[t=31,599,640us] task_start_exec    ble id=0x200031DC
[t=31,599,658us] task_stop_exec     ble id=0x200031DC
[t=31,599,662us] task_start_exec    id=0x20016A38
[t=31,599,665us] idle
[t=31,601,637us] task_stop_exec     id=0x20016A38
[t=31,601,640us] task_start_exec    key id=0x20006160
[t=31,601,654us] task_stop_exec     key id=0x20006160
[t=31,601,657us] task_start_exec    id=0x20016A38
[t=31,601,660us] idle
[t=31,604,637us] task_stop_exec     id=0x20016A38
[t=31,604,640us] task_start_exec    ppg id=0x20002A60
[t=31,604,648us] task_stop_exec     ppg id=0x20002A60
[t=31,604,650us] task_start_exec    ble id=0x200031DC
[t=31,604,668us] task_stop_exec     ble id=0x200031DC
[t=31,604,671us] task_start_exec    ppg id=0x20002A60
[t=31,606,054us] task_stop_exec     ppg id=0x20002A60
[t=31,606,058us] task_start_exec    id=0x20016A38
[t=31,606,061us] idle
[t=31,606,588us] task_stop_exec     id=0x20016A38
[t=31,606,591us] task_start_exec    ppg id=0x20002A60
[t=31,606,611us] task_stop_exec     ppg id=0x20002A60
[t=31,606,614us] task_start_exec    id=0x20016A38
[t=31,606,617us] idle
[t=31,609,637us] task_stop_exec     id=0x20016A38
[t=31,609,640us] task_start_exec    ble id=0x200031DC
[t=31,609,658us] task_stop_exec     ble id=0x200031DC
[t=31,609,661us] task_start_exec    id=0x20016A38
[t=31,609,664us] idle
[t=31,614,637us] task_stop_exec     id=0x20016A38
[t=31,614,640us] task_start_exec    ble id=0x200031DC
[t=31,614,658us] task_stop_exec     ble id=0x200031DC
[t=31,614,662us] task_start_exec    id=0x20016A38
[t=31,614,664us] idle
[t=31,615,637us] task_stop_exec     id=0x20016A38
[t=31,615,640us] task_start_exec    ppg id=0x20002A60
[t=31,617,024us] task_stop_exec     ppg id=0x20002A60
[t=31,617,027us] task_start_exec    id=0x20016A38
[t=31,617,030us] idle
[t=31,617,558us] task_stop_exec     id=0x20016A38
[t=31,617,561us] task_start_exec    ppg id=0x20002A60
[t=31,617,581us] task_stop_exec     ppg id=0x20002A60
[t=31,617,584us] task_start_exec    id=0x20016A38
[t=31,617,587us] idle
[t=31,619,637us] task_stop_exec     id=0x20016A38
[t=31,619,640us] task_start_exec    ble id=0x200031DC
[t=31,619,659us] task_stop_exec     ble id=0x200031DC
[t=31,619,662us] task_start_exec    id=0x20016A38
[t=31,619,665us] idle
[t=31,621,637us] task_stop_exec     id=0x20016A38
[t=31,621,640us] task_start_exec    key id=0x20006160
[t=31,621,654us] task_stop_exec     key id=0x20006160
[t=31,621,657us] task_start_exec    id=0x20016A38
[t=31,621,660us] idle
[t=31,624,637us] task_stop_exec     id=0x20016A38
[t=31,624,640us] task_start_exec    ble id=0x200031DC
[t=31,624,659us] task_stop_exec     ble id=0x200031DC
[t=31,624,662us] task_start_exec    id=0x20016A38
[t=31,624,665us] idle
[t=31,626,637us] task_stop_exec     id=0x20016A38
[t=31,626,640us] task_start_exec    ppg id=0x20002A60
[t=31,628,024us] task_stop_exec     ppg id=0x20002A60
[t=31,628,027us] task_start_exec    id=0x20016A38
[t=31,628,030us] idle
[t=31,628,558us] task_stop_exec     id=0x20016A38
[t=31,628,561us] task_start_exec    ppg id=0x20002A60
[t=31,628,581us] task_stop_exec     ppg id=0x20002A60
[t=31,628,584us] task_start_exec    id=0x20016A38
[t=31,628,587us] idle
[t=31,629,637us] task_stop_exec     id=0x20016A38
[t=31,629,640us] task_start_exec    ble id=0x200031DC
[t=31,629,658us] task_stop_exec     ble id=0x200031DC
[t=31,629,661us] task_start_exec    id=0x20016A38
[t=31,629,664us] idle
[t=31,634,637us] task_stop_exec     id=0x20016A38
[t=31,634,640us] task_start_exec    ble id=0x200031DC
[t=31,634,658us] task_stop_exec     ble id=0x200031DC
[t=31,634,662us] task_start_exec    id=0x20016A38
[t=31,634,665us] idle
[t=31,637,637us] task_stop_exec     id=0x20016A38
[t=31,637,640us] task_start_exec    ppg id=0x20002A60
[t=31,639,024us] task_stop_exec     ppg id=0x20002A60
[t=31,639,027us] task_start_exec    id=0x20016A38
[t=31,639,030us] idle
[t=31,639,558us] task_stop_exec     id=0x20016A38
[t=31,639,561us] task_start_exec    ppg id=0x20002A60
[t=31,639,581us] task_stop_exec     ppg id=0x20002A60
[t=31,639,584us] task_start_exec    id=0x20016A38
[t=31,639,587us] idle
[t=31,639,637us] task_stop_exec     id=0x20016A38
[t=31,639,640us] task_start_exec    ble id=0x200031DC
[t=31,639,658us] task_stop_exec     ble id=0x200031DC
[t=31,639,662us] task_start_exec    id=0x20016A38
[t=31,639,665us] idle
[t=31,641,637us] task_stop_exec     id=0x20016A38
[t=31,641,640us] task_start_exec    key id=0x20006160
[t=31,641,654us] task_stop_exec     key id=0x20006160
[t=31,641,657us] task_start_exec    id=0x20016A38
[t=31,641,660us] idle
[t=31,644,637us] task_stop_exec     id=0x20016A38
[t=31,644,640us] task_start_exec    ble id=0x200031DC
[t=31,644,659us] task_stop_exec     ble id=0x200031DC
[t=31,644,662us] task_start_exec    id=0x20016A38
[t=31,644,665us] idle
[t=31,648,637us] task_stop_exec     id=0x20016A38
[t=31,648,640us] task_start_exec    ppg id=0x20002A60
[t=31,649,638us] task_stop_exec     ppg id=0x20002A60
[t=31,649,641us] task_start_exec    ble id=0x200031DC
[t=31,649,659us] task_stop_exec     ble id=0x200031DC
[t=31,649,662us] task_start_exec    ppg id=0x20002A60
[t=31,649,723us] task_stop_exec     ppg id=0x20002A60
[t=31,649,726us] task_start_exec    id=0x20016A38
[t=31,649,729us] idle
[t=31,654,637us] task_stop_exec     id=0x20016A38
[t=31,654,640us] task_start_exec    ble id=0x200031DC
[t=31,654,658us] task_stop_exec     ble id=0x200031DC
[t=31,654,661us] task_start_exec    id=0x20016A38
[t=31,654,664us] idle
[t=31,659,637us] task_stop_exec     id=0x20016A38
[t=31,659,640us] task_start_exec    ppg id=0x20002A60
[t=31,659,648us] task_stop_exec     ppg id=0x20002A60
[t=31,659,650us] task_start_exec    ble id=0x200031DC
[t=31,659,668us] task_stop_exec     ble id=0x200031DC
[t=31,659,671us] task_start_exec    ppg id=0x20002A60
[t=31,661,053us] task_stop_exec     ppg id=0x20002A60
[t=31,661,057us] task_start_exec    id=0x20016A38
[t=31,661,060us] idle
[t=31,661,587us] task_stop_exec     id=0x20016A38
[t=31,661,590us] task_start_exec    ppg id=0x20002A60
[t=31,661,611us] task_stop_exec     ppg id=0x20002A60
[t=31,661,614us] task_start_exec    id=0x20016A38
[t=31,661,617us] idle
[t=31,661,637us] task_stop_exec     id=0x20016A38
[t=31,661,640us] task_start_exec    key id=0x20006160
[t=31,661,654us] task_stop_exec     key id=0x20006160
[t=31,661,657us] task_start_exec    id=0x20016A38
[t=31,661,660us] idle
[t=31,664,637us] task_stop_exec     id=0x20016A38
[t=31,664,640us] task_start_exec    ble id=0x200031DC
[t=31,664,658us] task_stop_exec     ble id=0x200031DC
[t=31,664,661us] task_start_exec    id=0x20016A38
[t=31,664,664us] idle
[t=31,669,637us] task_stop_exec     id=0x20016A38
[t=31,669,640us] task_start_exec    ble id=0x200031DC
[t=31,669,658us] task_stop_exec     ble id=0x200031DC
[t=31,669,662us] task_start_exec    id=0x20016A38
[t=31,669,665us] idle
[t=31,670,637us] task_stop_exec     id=0x20016A38
[t=31,670,640us] task_start_exec    ppg id=0x20002A60
[t=31,672,024us] task_stop_exec     ppg id=0x20002A60
[t=31,672,027us] task_start_exec    id=0x20016A38
[t=31,672,030us] idle
[t=31,672,558us] task_stop_exec     id=0x20016A38
[t=31,672,561us] task_start_exec    ppg id=0x20002A60
[t=31,672,581us] task_stop_exec     ppg id=0x20002A60
[t=31,672,584us] task_start_exec    id=0x20016A38
[t=31,672,587us] idle
[t=31,674,637us] task_stop_exec     id=0x20016A38
[t=31,674,640us] task_start_exec    ble id=0x200031DC
[t=31,674,658us] task_stop_exec     ble id=0x200031DC
[t=31,674,661us] task_start_exec    id=0x20016A38
[t=31,674,664us] idle
[t=31,679,637us] task_stop_exec     id=0x20016A38
[t=31,679,640us] task_start_exec    ble id=0x200031DC
[t=31,679,659us] task_stop_exec     ble id=0x200031DC
[t=31,679,662us] task_start_exec    id=0x20016A38
[t=31,679,665us] idle
[t=31,681,637us] task_stop_exec     id=0x20016A38
[t=31,681,640us] task_start_exec    key id=0x20006160
[t=31,681,648us] task_stop_exec     key id=0x20006160
[t=31,681,650us] task_start_exec    ppg id=0x20002A60
[t=31,683,035us] task_stop_exec     ppg id=0x20002A60
[t=31,683,038us] task_start_exec    key id=0x20006160
[t=31,683,050us] task_stop_exec     key id=0x20006160
[t=31,683,053us] task_start_exec    id=0x20016A38
[t=31,683,056us] idle
[t=31,683,569us] task_stop_exec     id=0x20016A38
[t=31,683,572us] task_start_exec    ppg id=0x20002A60
[t=31,683,592us] task_stop_exec     ppg id=0x20002A60
[t=31,683,595us] task_start_exec    id=0x20016A38
[t=31,683,598us] idle
[t=31,684,637us] task_stop_exec     id=0x20016A38
[t=31,684,640us] task_start_exec    ble id=0x200031DC
[t=31,684,658us] task_stop_exec     ble id=0x200031DC
[t=31,684,661us] task_start_exec    id=0x20016A38
[t=31,684,664us] idle
[t=31,689,637us] task_stop_exec     id=0x20016A38
[t=31,689,640us] task_start_exec    ble id=0x200031DC
[t=31,689,658us] task_stop_exec     ble id=0x200031DC
[t=31,689,662us] task_start_exec    id=0x20016A38
[t=31,689,665us] idle
[t=31,692,637us] task_stop_exec     id=0x20016A38
[t=31,692,640us] task_start_exec    ppg id=0x20002A60
[t=31,694,024us] task_stop_exec     ppg id=0x20002A60
[t=31,694,027us] task_start_exec    id=0x20016A38
[t=31,694,030us] idle
[t=31,694,558us] task_stop_exec     id=0x20016A38
[t=31,694,561us] task_start_exec    ppg id=0x20002A60
[t=31,694,581us] task_stop_exec     ppg id=0x20002A60
[t=31,694,584us] task_start_exec    id=0x20016A38
[t=31,694,587us] idle
[t=31,694,637us] task_stop_exec     id=0x20016A38
[t=31,694,640us] task_start_exec    ble id=0x200031DC
[t=31,694,658us] task_stop_exec     ble id=0x200031DC
[t=31,694,661us] task_start_exec    id=0x20016A38
[t=31,694,664us] idle
[t=31,699,637us] task_stop_exec     id=0x20016A38
[t=31,699,640us] task_start_exec    ble id=0x200031DC
[t=31,699,659us] task_stop_exec     ble id=0x200031DC
[t=31,699,662us] task_start_exec    id=0x20016A38
[t=31,699,665us] idle
[t=31,702,637us] task_stop_exec     id=0x20016A38
[t=31,702,640us] task_start_exec    key id=0x20006160
[t=31,702,654us] task_stop_exec     key id=0x20006160
[t=31,702,657us] task_start_exec    id=0x20016A38
[t=31,702,660us] idle
[t=31,703,637us] task_stop_exec     id=0x20016A38
[t=31,703,640us] task_start_exec    ppg id=0x20002A60
[t=31,704,638us] task_stop_exec     ppg id=0x20002A60
[t=31,704,641us] task_start_exec    ble id=0x200031DC
[t=31,704,659us] task_stop_exec     ble id=0x200031DC
[t=31,704,662us] task_start_exec    ppg id=0x20002A60
[t=31,705,024us] task_stop_exec     ppg id=0x20002A60
[t=31,705,027us] task_start_exec    id=0x20016A38
[t=31,705,030us] idle
[t=31,705,558us] task_stop_exec     id=0x20016A38
[t=31,705,561us] task_start_exec    ppg id=0x20002A60
[t=31,705,581us] task_stop_exec     ppg id=0x20002A60
[t=31,705,584us] task_start_exec    id=0x20016A38
[t=31,705,587us] idle
[t=31,709,637us] task_stop_exec     id=0x20016A38
[t=31,709,640us] task_start_exec    ble id=0x200031DC
[t=31,709,658us] task_stop_exec     ble id=0x200031DC
[t=31,709,662us] task_start_exec    id=0x20016A38
[t=31,709,665us] idle
[t=31,714,637us] task_stop_exec     id=0x20016A38
[t=31,714,640us] task_start_exec    ppg id=0x20002A60
[t=31,714,648us] task_stop_exec     ppg id=0x20002A60
[t=31,714,650us] task_start_exec    ble id=0x200031DC
[t=31,714,668us] task_stop_exec     ble id=0x200031DC
[t=31,714,671us] task_start_exec    ppg id=0x20002A60
[t=31,715,753us] task_stop_exec     ppg id=0x20002A60
[t=31,715,756us] task_start_exec    id=0x20016A38
[t=31,715,759us] idle
[t=31,719,637us] task_stop_exec     id=0x20016A38
[t=31,719,640us] task_start_exec    ble id=0x200031DC
[t=31,719,658us] task_stop_exec     ble id=0x200031DC
[t=31,719,662us] task_start_exec    id=0x20016A38
[t=31,719,665us] idle
[t=31,722,637us] task_stop_exec     id=0x20016A38
[t=31,722,640us] task_start_exec    key id=0x20006160
[t=31,722,654us] task_stop_exec     key id=0x20006160
[t=31,722,657us] task_start_exec    id=0x20016A38
[t=31,722,660us] idle
[t=31,724,637us] task_stop_exec     id=0x20016A38
[t=31,724,640us] task_start_exec    ble id=0x200031DC
[t=31,724,659us] task_stop_exec     ble id=0x200031DC
[t=31,724,662us] task_start_exec    id=0x20016A38
[t=31,724,665us] idle
[t=31,725,637us] task_stop_exec     id=0x20016A38
[t=31,725,640us] task_start_exec    ppg id=0x20002A60
[t=31,727,025us] task_stop_exec     ppg id=0x20002A60
[t=31,727,028us] task_start_exec    id=0x20016A38
[t=31,727,031us] idle
[t=31,727,558us] task_stop_exec     id=0x20016A38
[t=31,727,561us] task_start_exec    ppg id=0x20002A60
[t=31,727,582us] task_stop_exec     ppg id=0x20002A60
[t=31,727,585us] task_start_exec    id=0x20016A38
[t=31,727,588us] idle
[t=31,729,637us] task_stop_exec     id=0x20016A38
[t=31,729,640us] task_start_exec    ble id=0x200031DC
[t=31,729,658us] task_stop_exec     ble id=0x200031DC
[t=31,729,661us] task_start_exec    id=0x20016A38
[t=31,729,664us] idle
[t=31,734,637us] task_stop_exec     id=0x20016A38
[t=31,734,640us] task_start_exec    ble id=0x200031DC
[t=31,734,658us] task_stop_exec     ble id=0x200031DC
[t=31,734,662us] task_start_exec    id=0x20016A38
[t=31,734,664us] idle
[t=31,736,637us] task_stop_exec     id=0x20016A38
[t=31,736,640us] task_start_exec    ppg id=0x20002A60
[t=31,738,024us] task_stop_exec     ppg id=0x20002A60
[t=31,738,027us] task_start_exec    id=0x20016A38
[t=31,738,030us] idle
[t=31,738,558us] task_stop_exec     id=0x20016A38
[t=31,738,561us] task_start_exec    ppg id=0x20002A60
[t=31,738,581us] task_stop_exec     ppg id=0x20002A60
[t=31,738,584us] task_start_exec    id=0x20016A38
[t=31,738,587us] idle
[t=31,739,637us] task_stop_exec     id=0x20016A38
[t=31,739,640us] task_start_exec    ble id=0x200031DC
[t=31,739,659us] task_stop_exec     ble id=0x200031DC
[t=31,739,662us] task_start_exec    id=0x20016A38
[t=31,739,665us] idle
[t=31,742,637us] task_stop_exec     id=0x20016A38
[t=31,742,640us] task_start_exec    key id=0x20006160
[t=31,742,654us] task_stop_exec     key id=0x20006160
[t=31,742,657us] task_start_exec    id=0x20016A38
[t=31,742,660us] idle
[t=31,744,637us] task_stop_exec     id=0x20016A38
[t=31,744,640us] task_start_exec    ble id=0x200031DC
[t=31,744,659us] task_stop_exec     ble id=0x200031DC
[t=31,744,662us] task_start_exec    id=0x20016A38
[t=31,744,665us] idle
[t=31,747,637us] task_stop_exec     id=0x20016A38
[t=31,747,640us] task_start_exec    ppg id=0x20002A60
[t=31,749,024us] task_stop_exec     ppg id=0x20002A60
[t=31,749,027us] task_start_exec    id=0x20016A38
[t=31,749,030us] idle
[t=31,749,558us] task_stop_exec     id=0x20016A38
[t=31,749,561us] task_start_exec    ppg id=0x20002A60
[t=31,749,581us] task_stop_exec     ppg id=0x20002A60
[t=31,749,584us] task_start_exec    id=0x20016A38
[t=31,749,587us] idle
[t=31,749,638us] task_stop_exec     id=0x20016A38
[t=31,749,640us] task_start_exec    ble id=0x200031DC
[t=31,749,659us] task_stop_exec     ble id=0x200031DC
[t=31,749,662us] task_start_exec    id=0x20016A38
[t=31,749,665us] idle
[t=31,754,637us] task_stop_exec     id=0x20016A38
[t=31,754,640us] task_start_exec    ble id=0x200031DC
[t=31,754,658us] task_stop_exec     ble id=0x200031DC
[t=31,754,662us] task_start_exec    id=0x20016A38
[t=31,754,664us] idle
[t=31,758,637us] task_stop_exec     id=0x20016A38
[t=31,758,640us] task_start_exec    ppg id=0x20002A60
[t=31,759,637us] task_stop_exec     ppg id=0x20002A60
[t=31,759,641us] task_start_exec    ble id=0x200031DC
[t=31,759,659us] task_stop_exec     ble id=0x200031DC
[t=31,759,662us] task_start_exec    ppg id=0x20002A60
[t=31,760,025us] task_stop_exec     ppg id=0x20002A60
[t=31,760,028us] task_start_exec    id=0x20016A38
[t=31,760,031us] idle
[t=31,760,559us] task_stop_exec     id=0x20016A38
[t=31,760,562us] task_start_exec    ppg id=0x20002A60
[t=31,760,582us] task_stop_exec     ppg id=0x20002A60
[t=31,760,585us] task_start_exec    id=0x20016A38
[t=31,760,588us] idle
[t=31,762,637us] task_stop_exec     id=0x20016A38
[t=31,762,640us] task_start_exec    key id=0x20006160
[t=31,762,654us] task_stop_exec     key id=0x20006160
[t=31,762,657us] task_start_exec    id=0x20016A38
[t=31,762,661us] idle
[t=31,764,637us] task_stop_exec     id=0x20016A38
[t=31,764,640us] task_start_exec    ble id=0x200031DC
[t=31,764,659us] task_stop_exec     ble id=0x200031DC
[t=31,764,662us] task_start_exec    id=0x20016A38
[t=31,764,665us] idle
[t=31,769,637us] task_stop_exec     id=0x20016A38
[t=31,769,640us] task_start_exec    ppg id=0x20002A60
[t=31,769,648us] task_stop_exec     ppg id=0x20002A60
[t=31,769,651us] task_start_exec    ble id=0x200031DC
[t=31,769,669us] task_stop_exec     ble id=0x200031DC
[t=31,769,672us] task_start_exec    ppg id=0x20002A60
[t=31,771,054us] task_stop_exec     ppg id=0x20002A60
[t=31,771,057us] task_start_exec    id=0x20016A38
[t=31,771,060us] idle
[t=31,771,588us] task_stop_exec     id=0x20016A38
[t=31,771,591us] task_start_exec    ppg id=0x20002A60
[t=31,771,611us] task_stop_exec     ppg id=0x20002A60
[t=31,771,614us] task_start_exec    id=0x20016A38
[t=31,771,617us] idle
[t=31,774,637us] task_stop_exec     id=0x20016A38
[t=31,774,640us] task_start_exec    ble id=0x200031DC
[t=31,774,658us] task_stop_exec     ble id=0x200031DC
[t=31,774,661us] task_start_exec    id=0x20016A38
[t=31,774,664us] idle
[t=31,779,637us] task_stop_exec     id=0x20016A38
[t=31,779,640us] task_start_exec    ble id=0x200031DC
[t=31,779,659us] task_stop_exec     ble id=0x200031DC
[t=31,779,662us] task_start_exec    id=0x20016A38
[t=31,779,665us] idle
[t=31,780,637us] task_stop_exec     id=0x20016A38
[t=31,780,640us] task_start_exec    ppg id=0x20002A60
[t=31,781,723us] task_stop_exec     ppg id=0x20002A60
[t=31,781,726us] task_start_exec    id=0x20016A38
[t=31,781,730us] idle
[t=31,782,637us] task_stop_exec     id=0x20016A38
[t=31,782,640us] task_start_exec    key id=0x20006160
[t=31,782,654us] task_stop_exec     key id=0x20006160
[t=31,782,657us] task_start_exec    id=0x20016A38
[t=31,782,660us] idle
[t=31,784,637us] task_stop_exec     id=0x20016A38
[t=31,784,640us] task_start_exec    ble id=0x200031DC
[t=31,784,659us] task_stop_exec     ble id=0x200031DC
[t=31,784,662us] task_start_exec    id=0x20016A38
[t=31,784,665us] idle
[t=31,789,637us] task_stop_exec     id=0x20016A38
[t=31,789,640us] task_start_exec    ble id=0x200031DC
[t=31,789,658us] task_stop_exec     ble id=0x200031DC
[t=31,789,662us] task_start_exec    id=0x20016A38
[t=31,789,665us] idle
[t=31,791,637us] task_stop_exec     id=0x20016A38
[t=31,791,640us] task_start_exec    ppg id=0x20002A60
[t=31,793,024us] task_stop_exec     ppg id=0x20002A60
[t=31,793,027us] task_start_exec    id=0x20016A38
[t=31,793,030us] idle
[t=31,793,558us] task_stop_exec     id=0x20016A38
[t=31,793,561us] task_start_exec    ppg id=0x20002A60
[t=31,793,581us] task_stop_exec     ppg id=0x20002A60
[t=31,793,584us] task_start_exec    id=0x20016A38
[t=31,793,587us] idle
[t=31,794,637us] task_stop_exec     id=0x20016A38
[t=31,794,640us] task_start_exec    ble id=0x200031DC
[t=31,794,658us] task_stop_exec     ble id=0x200031DC
[t=31,794,661us] task_start_exec    id=0x20016A38
[t=31,794,664us] idle
[t=31,799,637us] task_stop_exec     id=0x20016A38
[t=31,799,640us] task_start_exec    ble id=0x200031DC
[t=31,799,659us] task_stop_exec     ble id=0x200031DC
[t=31,799,662us] task_start_exec    id=0x20016A38
[t=31,799,665us] idle
[t=31,802,637us] task_stop_exec     id=0x20016A38
[t=31,802,640us] task_start_exec    key id=0x20006160
[t=31,802,648us] task_stop_exec     key id=0x20006160
[t=31,802,650us] task_start_exec    ppg id=0x20002A60
[t=31,804,034us] task_stop_exec     ppg id=0x20002A60
[t=31,804,037us] task_start_exec    key id=0x20006160
[t=31,804,050us] task_stop_exec     key id=0x20006160
[t=31,804,053us] task_start_exec    id=0x20016A38
[t=31,804,056us] idle
[t=31,804,568us] task_stop_exec     id=0x20016A38
[t=31,804,571us] task_start_exec    ppg id=0x20002A60
[t=31,804,591us] task_stop_exec     ppg id=0x20002A60
[t=31,804,594us] task_start_exec    id=0x20016A38
[t=31,804,598us] idle
[t=31,804,637us] task_stop_exec     id=0x20016A38
[t=31,804,640us] task_start_exec    ble id=0x200031DC
[t=31,804,658us] task_stop_exec     ble id=0x200031DC
[t=31,804,661us] task_start_exec    id=0x20016A38
[t=31,804,664us] idle
[t=31,809,637us] task_stop_exec     id=0x20016A38
[t=31,809,640us] task_start_exec    ble id=0x200031DC
[t=31,809,658us] task_stop_exec     ble id=0x200031DC
[t=31,809,662us] task_start_exec    id=0x20016A38
[t=31,809,665us] idle
[t=31,813,637us] task_stop_exec     id=0x20016A38
[t=31,813,640us] task_start_exec    ppg id=0x20002A60
[t=31,814,638us] task_stop_exec     ppg id=0x20002A60
[t=31,814,641us] task_start_exec    ble id=0x200031DC
[t=31,814,659us] task_stop_exec     ble id=0x200031DC
[t=31,814,662us] task_start_exec    ppg id=0x20002A60
[t=31,815,025us] task_stop_exec     ppg id=0x20002A60
[t=31,815,028us] task_start_exec    id=0x20016A38
[t=31,815,031us] idle
[t=31,815,559us] task_stop_exec     id=0x20016A38
[t=31,815,562us] task_start_exec    ppg id=0x20002A60
[t=31,815,582us] task_stop_exec     ppg id=0x20002A60
[t=31,815,585us] task_start_exec    id=0x20016A38
[t=31,815,588us] idle
[t=31,819,637us] task_stop_exec     id=0x20016A38
[t=31,819,640us] task_start_exec    ble id=0x200031DC
[t=31,819,659us] task_stop_exec     ble id=0x200031DC
[t=31,819,662us] task_start_exec    id=0x20016A38
[t=31,819,665us] idle
[t=31,823,637us] task_stop_exec     id=0x20016A38
[t=31,823,640us] task_start_exec    key id=0x20006160
[t=31,823,654us] task_stop_exec     key id=0x20006160
[t=31,823,657us] task_start_exec    id=0x20016A38
[t=31,823,660us] idle
[t=31,824,637us] task_stop_exec     id=0x20016A38
[t=31,824,640us] task_start_exec    ppg id=0x20002A60
[t=31,824,648us] task_stop_exec     ppg id=0x20002A60
[t=31,824,650us] task_start_exec    ble id=0x200031DC
[t=31,824,668us] task_stop_exec     ble id=0x200031DC
[t=31,824,671us] task_start_exec    ppg id=0x20002A60
[t=31,826,054us] task_stop_exec     ppg id=0x20002A60
[t=31,826,057us] task_start_exec    id=0x20016A38
[t=31,826,060us] idle
[t=31,826,588us] task_stop_exec     id=0x20016A38
[t=31,826,591us] task_start_exec    ppg id=0x20002A60
[t=31,826,611us] task_stop_exec     ppg id=0x20002A60
[t=31,826,614us] task_start_exec    id=0x20016A38
[t=31,826,617us] idle
[t=31,829,637us] task_stop_exec     id=0x20016A38
[t=31,829,640us] task_start_exec    ble id=0x200031DC
[t=31,829,658us] task_stop_exec     ble id=0x200031DC
[t=31,829,661us] task_start_exec    id=0x20016A38
[t=31,829,664us] idle
[t=31,834,637us] task_stop_exec     id=0x20016A38
[t=31,834,640us] task_start_exec    ble id=0x200031DC
[t=31,834,658us] task_stop_exec     ble id=0x200031DC
[t=31,834,662us] task_start_exec    id=0x20016A38
[t=31,834,664us] idle
[t=31,835,637us] task_stop_exec     id=0x20016A38
[t=31,835,640us] task_start_exec    ppg id=0x20002A60
[t=31,837,024us] task_stop_exec     ppg id=0x20002A60
[t=31,837,027us] task_start_exec    id=0x20016A38
[t=31,837,030us] idle
[t=31,837,558us] task_stop_exec     id=0x20016A38
[t=31,837,561us] task_start_exec    ppg id=0x20002A60
[t=31,837,581us] task_stop_exec     ppg id=0x20002A60
[t=31,837,584us] task_start_exec    id=0x20016A38
[t=31,837,587us] idle
[t=31,839,637us] task_stop_exec     id=0x20016A38
[t=31,839,640us] task_start_exec    ble id=0x200031DC
[t=31,839,659us] task_stop_exec     ble id=0x200031DC
[t=31,839,662us] task_start_exec    id=0x20016A38
[t=31,839,665us] idle
[t=31,843,637us] task_stop_exec     id=0x20016A38
[t=31,843,640us] task_start_exec    key id=0x20006160
[t=31,843,654us] task_stop_exec     key id=0x20006160
[t=31,843,657us] task_start_exec    id=0x20016A38
[t=31,843,660us] idle
[t=31,844,637us] task_stop_exec     id=0x20016A38
[t=31,844,640us] task_start_exec    ble id=0x200031DC
[t=31,844,659us] task_stop_exec     ble id=0x200031DC
[t=31,844,662us] task_start_exec    id=0x20016A38
[t=31,844,665us] idle
[t=31,846,637us] task_stop_exec     id=0x20016A38
[t=31,846,640us] task_start_exec    ppg id=0x20002A60
[t=31,847,723us] task_stop_exec     ppg id=0x20002A60
[t=31,847,726us] task_start_exec    id=0x20016A38
[t=31,847,729us] idle
[t=31,849,637us] task_stop_exec     id=0x20016A38
[t=31,849,640us] task_start_exec    ble id=0x200031DC
[t=31,849,658us] task_stop_exec     ble id=0x200031DC
[t=31,849,661us] task_start_exec    id=0x20016A38
[t=31,849,664us] idle
[t=31,854,637us] task_stop_exec     id=0x20016A38
[t=31,854,640us] task_start_exec    ble id=0x200031DC
[t=31,854,659us] task_stop_exec     ble id=0x200031DC
[t=31,854,662us] task_start_exec    id=0x20016A38
[t=31,854,665us] idle
[t=31,857,637us] task_stop_exec     id=0x20016A38
[t=31,857,640us] task_start_exec    ppg id=0x20002A60
[t=31,859,024us] task_stop_exec     ppg id=0x20002A60
[t=31,859,027us] task_start_exec    id=0x20016A38
[t=31,859,030us] idle
[t=31,859,558us] task_stop_exec     id=0x20016A38
[t=31,859,561us] task_start_exec    ppg id=0x20002A60
[t=31,859,581us] task_stop_exec     ppg id=0x20002A60
[t=31,859,584us] task_start_exec    id=0x20016A38
[t=31,859,587us] idle
[t=31,859,637us] task_stop_exec     id=0x20016A38
[t=31,859,640us] task_start_exec    ble id=0x200031DC
[t=31,859,658us] task_stop_exec     ble id=0x200031DC
[t=31,859,661us] task_start_exec    id=0x20016A38
[t=31,859,664us] idle
[t=31,863,637us] task_stop_exec     id=0x20016A38
[t=31,863,640us] task_start_exec    key id=0x20006160
[t=31,863,654us] task_stop_exec     key id=0x20006160
[t=31,863,657us] task_start_exec    id=0x20016A38
[t=31,863,660us] idle
[t=31,864,637us] task_stop_exec     id=0x20016A38
[t=31,864,640us] task_start_exec    ble id=0x200031DC
[t=31,864,659us] task_stop_exec     ble id=0x200031DC
[t=31,864,662us] task_start_exec    id=0x20016A38
[t=31,864,665us] idle
[t=31,868,637us] task_stop_exec     id=0x20016A38
[t=31,868,640us] task_start_exec    ppg id=0x20002A60
[t=31,869,638us] task_stop_exec     ppg id=0x20002A60
[t=31,869,641us] task_start_exec    ble id=0x200031DC
[t=31,869,659us] task_stop_exec     ble id=0x200031DC
[t=31,869,662us] task_start_exec    ppg id=0x20002A60
[t=31,870,024us] task_stop_exec     ppg id=0x20002A60
[t=31,870,027us] task_start_exec    id=0x20016A38
[t=31,870,030us] idle
[t=31,870,558us] task_stop_exec     id=0x20016A38
[t=31,870,561us] task_start_exec    ppg id=0x20002A60
[t=31,870,588us] task_stop_exec     ppg id=0x20002A60
[t=31,870,591us] task_start_exec    spo2 id=0x20004D40
[t=31,874,637us] task_stop_exec     spo2 id=0x20004D40
[t=31,874,640us] task_start_exec    ble id=0x200031DC
[t=31,874,659us] task_stop_exec     ble id=0x200031DC
[t=31,874,662us] task_start_exec    spo2 id=0x20004D40
[t=31,879,637us] task_stop_exec     spo2 id=0x20004D40
[t=31,879,640us] task_start_exec    ppg id=0x20002A60
[t=31,879,648us] task_stop_exec     ppg id=0x20002A60
[t=31,879,650us] task_start_exec    ble id=0x200031DC
[t=31,879,669us] task_stop_exec     ble id=0x200031DC
[t=31,879,672us] task_start_exec    ppg id=0x20002A60
[t=31,881,054us] task_stop_exec     ppg id=0x20002A60
[t=31,881,057us] task_start_exec    spo2 id=0x20004D40
[t=31,881,588us] task_stop_exec     spo2 id=0x20004D40
[t=31,881,591us] task_start_exec    ppg id=0x20002A60
[t=31,881,611us] task_stop_exec     ppg id=0x20002A60
[t=31,881,614us] task_start_exec    spo2 id=0x20004D40
[t=31,883,637us] task_stop_exec     spo2 id=0x20004D40
[t=31,883,640us] task_start_exec    key id=0x20006160
[t=31,883,655us] task_stop_exec     key id=0x20006160
[t=31,883,658us] task_start_exec    spo2 id=0x20004D40
[t=31,884,637us] task_stop_exec     spo2 id=0x20004D40
[t=31,884,640us] task_start_exec    ble id=0x200031DC
[t=31,884,658us] task_stop_exec     ble id=0x200031DC
[t=31,884,661us] task_start_exec    spo2 id=0x20004D40
[t=31,889,637us] task_stop_exec     spo2 id=0x20004D40
[t=31,889,640us] task_start_exec    ble id=0x200031DC
[t=31,889,659us] task_stop_exec     ble id=0x200031DC
[t=31,889,662us] task_start_exec    spo2 id=0x20004D40
[t=31,890,637us] task_stop_exec     spo2 id=0x20004D40
[t=31,890,640us] task_start_exec    ppg id=0x20002A60
[t=31,892,024us] task_stop_exec     ppg id=0x20002A60
[t=31,892,027us] task_start_exec    spo2 id=0x20004D40
[t=31,892,558us] task_stop_exec     spo2 id=0x20004D40
[t=31,892,561us] task_start_exec    ppg id=0x20002A60
[t=31,892,582us] task_stop_exec     ppg id=0x20002A60
[t=31,892,585us] task_start_exec    spo2 id=0x20004D40
[t=31,894,637us] task_stop_exec     spo2 id=0x20004D40
[t=31,894,640us] task_start_exec    ble id=0x200031DC
[t=31,894,659us] task_stop_exec     ble id=0x200031DC
[t=31,894,662us] task_start_exec    spo2 id=0x20004D40
[t=31,899,637us] task_stop_exec     spo2 id=0x20004D40
[t=31,899,640us] task_start_exec    ble id=0x200031DC
[t=31,899,659us] task_stop_exec     ble id=0x200031DC
[t=31,899,662us] task_start_exec    spo2 id=0x20004D40
[t=31,901,637us] task_stop_exec     spo2 id=0x20004D40
[t=31,901,640us] task_start_exec    ppg id=0x20002A60
[t=31,902,724us] task_stop_exec     ppg id=0x20002A60
[t=31,902,728us] task_start_exec    spo2 id=0x20004D40
[t=31,903,637us] task_stop_exec     spo2 id=0x20004D40
[t=31,903,640us] task_start_exec    key id=0x20006160
[t=31,903,655us] task_stop_exec     key id=0x20006160
[t=31,903,658us] task_start_exec    spo2 id=0x20004D40
[t=31,904,637us] task_stop_exec     spo2 id=0x20004D40
[t=31,904,640us] task_start_exec    ble id=0x200031DC
[t=31,904,658us] task_stop_exec     ble id=0x200031DC
[t=31,904,661us] task_start_exec    spo2 id=0x20004D40
[t=31,909,637us] task_stop_exec     spo2 id=0x20004D40
[t=31,909,640us] task_start_exec    ble id=0x200031DC
[t=31,909,659us] task_stop_exec     ble id=0x200031DC
[t=31,909,662us] task_start_exec    spo2 id=0x20004D40
[t=31,912,637us] task_stop_exec     spo2 id=0x20004D40
[t=31,912,640us] task_start_exec    ppg id=0x20002A60
[t=31,914,025us] task_stop_exec     ppg id=0x20002A60
[t=31,914,028us] task_start_exec    spo2 id=0x20004D40
[t=31,914,559us] task_stop_exec     spo2 id=0x20004D40
[t=31,914,562us] task_start_exec    ppg id=0x20002A60
[t=31,914,582us] task_stop_exec     ppg id=0x20002A60
[t=31,914,585us] task_start_exec    spo2 id=0x20004D40
[t=31,914,637us] task_stop_exec     spo2 id=0x20004D40
[t=31,914,640us] task_start_exec    ble id=0x200031DC
[t=31,914,658us] task_stop_exec     ble id=0x200031DC
[t=31,914,661us] task_start_exec    spo2 id=0x20004D40
[t=31,919,637us] task_stop_exec     spo2 id=0x20004D40
[t=31,919,640us] task_start_exec    ble id=0x200031DC
[t=31,919,659us] task_stop_exec     ble id=0x200031DC
[t=31,919,662us] task_start_exec    spo2 id=0x20004D40
[t=31,923,637us] task_stop_exec     spo2 id=0x20004D40
[t=31,923,640us] task_start_exec    key id=0x20006160
[t=31,923,648us] task_stop_exec     key id=0x20006160
[t=31,923,650us] task_start_exec    ppg id=0x20002A60
[t=31,924,637us] task_stop_exec     ppg id=0x20002A60
[t=31,924,641us] task_start_exec    ble id=0x200031DC
[t=31,924,658us] task_stop_exec     ble id=0x200031DC
[t=31,924,661us] task_start_exec    ppg id=0x20002A60
[t=31,925,034us] task_stop_exec     ppg id=0x20002A60
[t=31,925,037us] task_start_exec    key id=0x20006160
[t=31,925,050us] task_stop_exec     key id=0x20006160
[t=31,925,053us] task_start_exec    spo2 id=0x20004D40
[t=31,925,569us] task_stop_exec     spo2 id=0x20004D40
[t=31,925,572us] task_start_exec    ppg id=0x20002A60
[t=31,925,592us] task_stop_exec     ppg id=0x20002A60
[t=31,925,595us] task_start_exec    spo2 id=0x20004D40
[t=31,925,969us] task_stop_exec     spo2 id=0x20004D40
[t=31,925,972us] task_start_exec    ble id=0x200031DC
[t=31,927,753us] task_stop_exec     ble id=0x200031DC
[t=31,927,756us] task_start_exec    spo2 id=0x20004D40
[t=31,927,768us] task_stop_exec     spo2 id=0x20004D40
[t=31,927,771us] task_start_exec    id=0x20016A38
[t=31,927,774us] idle
[t=31,932,637us] task_stop_exec     id=0x20016A38
[t=31,932,640us] task_start_exec    ble id=0x200031DC
[t=31,932,659us] task_stop_exec     ble id=0x200031DC
[t=31,932,662us] task_start_exec    id=0x20016A38
[t=31,932,665us] idle
[t=31,934,637us] task_stop_exec     id=0x20016A38
[t=31,934,640us] task_start_exec    ppg id=0x20002A60
[t=31,936,025us] task_stop_exec     ppg id=0x20002A60
[t=31,936,028us] task_start_exec    id=0x20016A38
[t=31,936,031us] idle
[t=31,936,559us] task_stop_exec     id=0x20016A38
[t=31,936,562us] task_start_exec    ppg id=0x20002A60
[t=31,936,582us] task_stop_exec     ppg id=0x20002A60
[t=31,936,586us] task_start_exec    id=0x20016A38
[t=31,936,589us] idle
[t=31,937,637us] task_stop_exec     id=0x20016A38
[t=31,937,640us] task_start_exec    ble id=0x200031DC
[t=31,937,658us] task_stop_exec     ble id=0x200031DC
[t=31,937,661us] task_start_exec    id=0x20016A38
[t=31,937,664us] idle
[t=31,942,637us] task_stop_exec     id=0x20016A38
[t=31,942,640us] task_start_exec    ble id=0x200031DC
[t=31,942,659us] task_stop_exec     ble id=0x200031DC
[t=31,942,662us] task_start_exec    id=0x20016A38
[t=31,942,665us] idle
[t=31,944,637us] task_stop_exec     id=0x20016A38
[t=31,944,640us] task_start_exec    key id=0x20006160
[t=31,944,655us] task_stop_exec     key id=0x20006160
[t=31,944,658us] task_start_exec    id=0x20016A38
[t=31,944,661us] idle
[t=31,945,637us] task_stop_exec     id=0x20016A38
[t=31,945,640us] task_start_exec    ppg id=0x20002A60
[t=31,947,024us] task_stop_exec     ppg id=0x20002A60
[t=31,947,027us] task_start_exec    id=0x20016A38
[t=31,947,030us] idle
[t=31,947,558us] task_stop_exec     id=0x20016A38
[t=31,947,561us] task_start_exec    ppg id=0x20002A60
[t=31,947,581us] task_stop_exec     ppg id=0x20002A60
[t=31,947,584us] task_start_exec    id=0x20016A38
[t=31,947,587us] idle
[t=31,947,637us] task_stop_exec     id=0x20016A38
[t=31,947,640us] task_start_exec    ble id=0x200031DC
[t=31,947,658us] task_stop_exec     ble id=0x200031DC
[t=31,947,661us] task_start_exec    id=0x20016A38
[t=31,947,664us] idle
[t=31,952,637us] task_stop_exec     id=0x20016A38
[t=31,952,640us] task_start_exec    ble id=0x200031DC
[t=31,952,658us] task_stop_exec     ble id=0x200031DC
[t=31,952,662us] task_start_exec    id=0x20016A38
[t=31,952,665us] idle
[t=31,956,637us] task_stop_exec     id=0x20016A38
[t=31,956,640us] task_start_exec    ppg id=0x20002A60
[t=31,957,637us] task_stop_exec     ppg id=0x20002A60
[t=31,957,640us] task_start_exec    ble id=0x200031DC
[t=31,957,658us] task_stop_exec     ble id=0x200031DC
[t=31,957,661us] task_start_exec    ppg id=0x20002A60
[t=31,958,024us] task_stop_exec     ppg id=0x20002A60
[t=31,958,027us] task_start_exec    id=0x20016A38
[t=31,958,030us] idle
[t=31,958,558us] task_stop_exec     id=0x20016A38
[t=31,958,561us] task_start_exec    ppg id=0x20002A60
[t=31,958,581us] task_stop_exec     ppg id=0x20002A60
[t=31,958,584us] task_start_exec    id=0x20016A38
[t=31,958,587us] idle
[t=31,962,637us] task_stop_exec     id=0x20016A38
[t=31,962,640us] task_start_exec    ble id=0x200031DC
[t=31,962,659us] task_stop_exec     ble id=0x200031DC
[t=31,962,662us] task_start_exec    id=0x20016A38
[t=31,962,665us] idle
[t=31,964,637us] task_stop_exec     id=0x20016A38
[t=31,964,640us] task_start_exec    key id=0x20006160
[t=31,964,654us] task_stop_exec     key id=0x20006160
[t=31,964,657us] task_start_exec    id=0x20016A38
[t=31,964,660us] idle
[t=31,966,002us] task_stop_exec     id=0x20016A38
[t=31,966,006us] task_start_exec    ble id=0x200031DC
[t=31,966,072us] task_stop_exec     ble id=0x200031DC
[t=31,966,075us] task_start_exec    id=0x20016A38
[t=31,966,078us] idle
[t=31,967,637us] task_stop_exec     id=0x20016A38
[t=31,967,640us] task_start_exec    ppg id=0x20002A60
[t=31,968,723us] task_stop_exec     ppg id=0x20002A60
[t=31,968,727us] task_start_exec    id=0x20016A38
[t=31,968,730us] idle
[t=31,970,637us] task_stop_exec     id=0x20016A38
[t=31,970,640us] task_start_exec    ble id=0x200031DC
[t=31,970,658us] task_stop_exec     ble id=0x200031DC
[t=31,970,661us] task_start_exec    id=0x20016A38
[t=31,970,664us] idle
[t=31,975,637us] task_stop_exec     id=0x20016A38
[t=31,975,640us] task_start_exec    ble id=0x200031DC
[t=31,975,658us] task_stop_exec     ble id=0x200031DC
[t=31,975,662us] task_start_exec    id=0x20016A38
[t=31,975,664us] idle
[t=31,978,637us] task_stop_exec     id=0x20016A38
[t=31,978,640us] task_start_exec    ppg id=0x20002A60
[t=31,980,024us] task_stop_exec     ppg id=0x20002A60
[t=31,980,028us] task_start_exec    id=0x20016A38
[t=31,980,031us] idle
[t=31,980,558us] task_stop_exec     id=0x20016A38
[t=31,980,561us] task_start_exec    ppg id=0x20002A60
[t=31,980,582us] task_stop_exec     ppg id=0x20002A60
[t=31,980,585us] task_start_exec    id=0x20016A38
[t=31,980,588us] idle
[t=31,980,637us] task_stop_exec     id=0x20016A38
[t=31,980,640us] task_start_exec    ble id=0x200031DC
[t=31,980,658us] task_stop_exec     ble id=0x200031DC
[t=31,980,661us] task_start_exec    id=0x20016A38
[t=31,980,664us] idle
[t=31,984,637us] task_stop_exec     id=0x20016A38
[t=31,984,640us] task_start_exec    key id=0x20006160
[t=31,984,654us] task_stop_exec     key id=0x20006160
[t=31,984,658us] task_start_exec    id=0x20016A38
[t=31,984,661us] idle
[t=31,985,637us] task_stop_exec     id=0x20016A38
[t=31,985,640us] task_start_exec    ble id=0x200031DC
[t=31,985,658us] task_stop_exec     ble id=0x200031DC
[t=31,985,662us] task_start_exec    id=0x20016A38
[t=31,985,665us] idle
[t=31,989,637us] task_stop_exec     id=0x20016A38
[t=31,989,640us] task_start_exec    ppg id=0x20002A60
[t=31,990,637us] task_stop_exec     ppg id=0x20002A60
[t=31,990,640us] task_start_exec    ble id=0x200031DC
[t=31,990,658us] task_stop_exec     ble id=0x200031DC
[t=31,990,661us] task_start_exec    ppg id=0x20002A60
[t=31,991,024us] task_stop_exec     ppg id=0x20002A60
[t=31,991,027us] task_start_exec    id=0x20016A38
[t=31,991,030us] idle
[t=31,991,558us] task_stop_exec     id=0x20016A38
[t=31,991,561us] task_start_exec    ppg id=0x20002A60
[t=31,991,581us] task_stop_exec     ppg id=0x20002A60
[t=31,991,584us] task_start_exec    id=0x20016A38
[t=31,991,587us] idle
[t=31,995,637us] task_stop_exec     id=0x20016A38
[t=31,995,640us] task_start_exec    ble id=0x200031DC
[t=31,995,658us] task_stop_exec     ble id=0x200031DC
[t=31,995,662us] task_start_exec    id=0x20016A38
[t=31,995,665us] idle
[t=32,000,637us] task_stop_exec     id=0x20016A38
[t=32,000,640us] task_start_exec    ppg id=0x20002A60
[t=32,000,648us] task_stop_exec     ppg id=0x20002A60
[t=32,000,650us] task_start_exec    ble id=0x200031DC
[t=32,000,668us] task_stop_exec     ble id=0x200031DC
[t=32,000,671us] task_start_exec    ppg id=0x20002A60
[t=32,002,054us] task_stop_exec     ppg id=0x20002A60
[t=32,002,057us] task_start_exec    id=0x20016A38
[t=32,002,060us] idle
[t=32,002,588us] task_stop_exec     id=0x20016A38
[t=32,002,591us] task_start_exec    ppg id=0x20002A60
[t=32,002,611us] task_stop_exec     ppg id=0x20002A60
[t=32,002,614us] task_start_exec    id=0x20016A38
[t=32,002,617us] idle
[t=32,004,637us] task_stop_exec     id=0x20016A38
[t=32,004,640us] task_start_exec    key id=0x20006160
[t=32,004,654us] task_stop_exec     key id=0x20006160
[t=32,004,657us] task_start_exec    id=0x20016A38
[t=32,004,660us] idle
[t=32,005,637us] task_stop_exec     id=0x20016A38
[t=32,005,640us] task_start_exec    ble id=0x200031DC
[t=32,005,658us] task_stop_exec     ble id=0x200031DC
[t=32,005,661us] task_start_exec    id=0x20016A38
[t=32,005,664us] idle
[t=32,010,637us] task_stop_exec     id=0x20016A38
[t=32,010,640us] task_start_exec    ble id=0x200031DC
[t=32,010,658us] task_stop_exec     ble id=0x200031DC
[t=32,010,662us] task_start_exec    id=0x20016A38
[t=32,010,665us] idle
[t=32,011,637us] task_stop_exec     id=0x20016A38
[t=32,011,640us] task_start_exec    ppg id=0x20002A60
[t=32,013,025us] task_stop_exec     ppg id=0x20002A60
[t=32,013,028us] task_start_exec    id=0x20016A38
[t=32,013,031us] idle
[t=32,013,559us] task_stop_exec     id=0x20016A38
[t=32,013,562us] task_start_exec    ppg id=0x20002A60
[t=32,013,582us] task_stop_exec     ppg id=0x20002A60
[t=32,013,585us] task_start_exec    id=0x20016A38
[t=32,013,588us] idle
[t=32,015,637us] task_stop_exec     id=0x20016A38
[t=32,015,640us] task_start_exec    ble id=0x200031DC
[t=32,015,658us] task_stop_exec     ble id=0x200031DC
[t=32,015,661us] task_start_exec    id=0x20016A38
[t=32,015,664us] idle
[t=32,020,637us] task_stop_exec     id=0x20016A38
[t=32,020,640us] task_start_exec    ble id=0x200031DC
[t=32,020,659us] task_stop_exec     ble id=0x200031DC
[t=32,020,662us] task_start_exec    id=0x20016A38
[t=32,020,665us] idle
[t=32,022,637us] task_stop_exec     id=0x20016A38
[t=32,022,640us] task_start_exec    ppg id=0x20002A60
[t=32,024,024us] task_stop_exec     ppg id=0x20002A60
[t=32,024,027us] task_start_exec    id=0x20016A38
[t=32,024,030us] idle
[t=32,024,558us] task_stop_exec     id=0x20016A38
[t=32,024,561us] task_start_exec    ppg id=0x20002A60
[t=32,024,581us] task_stop_exec     ppg id=0x20002A60
[t=32,024,584us] task_start_exec    id=0x20016A38
[t=32,024,587us] idle
[t=32,024,637us] task_stop_exec     id=0x20016A38
[t=32,024,640us] task_start_exec    key id=0x20006160
[t=32,024,654us] task_stop_exec     key id=0x20006160
[t=32,024,657us] task_start_exec    id=0x20016A38
[t=32,024,660us] idle
[t=32,025,637us] task_stop_exec     id=0x20016A38
[t=32,025,640us] task_start_exec    ble id=0x200031DC
[t=32,025,658us] task_stop_exec     ble id=0x200031DC
[t=32,025,661us] task_start_exec    id=0x20016A38
[t=32,025,664us] idle
[t=32,030,637us] task_stop_exec     id=0x20016A38
[t=32,030,640us] task_start_exec    ble id=0x200031DC
[t=32,030,658us] task_stop_exec     ble id=0x200031DC
[t=32,030,662us] task_start_exec    id=0x20016A38
[t=32,030,665us] idle
[t=32,033,637us] task_stop_exec     id=0x20016A38
[t=32,033,640us] task_start_exec    ppg id=0x20002A60
[t=32,034,724us] task_stop_exec     ppg id=0x20002A60
[t=32,034,727us] task_start_exec    id=0x20016A38
[t=32,034,730us] idle
[t=32,035,637us] task_stop_exec     id=0x20016A38
[t=32,035,640us] task_start_exec    ble id=0x200031DC
[t=32,035,658us] task_stop_exec     ble id=0x200031DC
[t=32,035,661us] task_start_exec    id=0x20016A38
[t=32,035,664us] idle
[t=32,040,637us] task_stop_exec     id=0x20016A38
[t=32,040,640us] task_start_exec    ble id=0x200031DC
[t=32,040,659us] task_stop_exec     ble id=0x200031DC
[t=32,040,662us] task_start_exec    id=0x20016A38
[t=32,040,665us] idle
[t=32,044,637us] task_stop_exec     id=0x20016A38
[t=32,044,640us] task_start_exec    key id=0x20006160
[t=32,044,648us] task_stop_exec     key id=0x20006160
[t=32,044,650us] task_start_exec    ppg id=0x20002A60
[t=32,045,637us] task_stop_exec     ppg id=0x20002A60
[t=32,045,640us] task_start_exec    ble id=0x200031DC
[t=32,045,658us] task_stop_exec     ble id=0x200031DC
[t=32,045,661us] task_start_exec    ppg id=0x20002A60
[t=32,046,034us] task_stop_exec     ppg id=0x20002A60
[t=32,046,037us] task_start_exec    key id=0x20006160
[t=32,046,050us] task_stop_exec     key id=0x20006160
[t=32,046,053us] task_start_exec    id=0x20016A38
[t=32,046,056us] idle
[t=32,046,569us] task_stop_exec     id=0x20016A38
[t=32,046,572us] task_start_exec    ppg id=0x20002A60
[t=32,046,592us] task_stop_exec     ppg id=0x20002A60
[t=32,046,595us] task_start_exec    id=0x20016A38
[t=32,046,598us] idle
[t=32,050,637us] task_stop_exec     id=0x20016A38
[t=32,050,640us] task_start_exec    ble id=0x200031DC
[t=32,050,659us] task_stop_exec     ble id=0x200031DC
[t=32,050,662us] task_start_exec    id=0x20016A38
[t=32,050,665us] idle
[t=32,055,637us] task_stop_exec     id=0x20016A38
[t=32,055,640us] task_start_exec    ppg id=0x20002A60
[t=32,055,648us] task_stop_exec     ppg id=0x20002A60
[t=32,055,650us] task_start_exec    ble id=0x200031DC
[t=32,055,668us] task_stop_exec     ble id=0x200031DC
[t=32,055,671us] task_start_exec    ppg id=0x20002A60
[t=32,057,054us] task_stop_exec     ppg id=0x20002A60
[t=32,057,057us] task_start_exec    id=0x20016A38
[t=32,057,060us] idle
[t=32,057,588us] task_stop_exec     id=0x20016A38
[t=32,057,591us] task_start_exec    ppg id=0x20002A60
[t=32,057,611us] task_stop_exec     ppg id=0x20002A60
[t=32,057,614us] task_start_exec    id=0x20016A38
[t=32,057,617us] idle
[t=32,060,637us] task_stop_exec     id=0x20016A38
[t=32,060,640us] task_start_exec    ble id=0x200031DC
[t=32,060,658us] task_stop_exec     ble id=0x200031DC
[t=32,060,662us] task_start_exec    id=0x20016A38
[t=32,060,665us] idle
[t=32,065,637us] task_stop_exec     id=0x20016A38
[t=32,065,640us] task_start_exec    key id=0x20006160
[t=32,065,648us] task_stop_exec     key id=0x20006160
[t=32,065,650us] task_start_exec    ble id=0x200031DC
[t=32,065,668us] task_stop_exec     ble id=0x200031DC
[t=32,065,671us] task_start_exec    key id=0x20006160
[t=32,065,684us] task_stop_exec     key id=0x20006160
[t=32,065,687us] task_start_exec    id=0x20016A38
[t=32,065,690us] idle
[t=32,066,637us] task_stop_exec     id=0x20016A38
[t=32,066,640us] task_start_exec    ppg id=0x20002A60
[t=32,068,024us] task_stop_exec     ppg id=0x20002A60
[t=32,068,027us] task_start_exec    id=0x20016A38
[t=32,068,030us] idle
[t=32,068,558us] task_stop_exec     id=0x20016A38
[t=32,068,561us] task_start_exec    ppg id=0x20002A60
[t=32,068,581us] task_stop_exec     ppg id=0x20002A60
[t=32,068,584us] task_start_exec    id=0x20016A38
[t=32,068,587us] idle
[t=32,070,637us] task_stop_exec     id=0x20016A38
[t=32,070,640us] task_start_exec    ble id=0x200031DC
[t=32,070,658us] task_stop_exec     ble id=0x200031DC
[t=32,070,661us] task_start_exec    id=0x20016A38
[t=32,070,664us] idle
[t=32,075,637us] task_stop_exec     id=0x20016A38
[t=32,075,640us] task_start_exec    ble id=0x200031DC
[t=32,075,658us] task_stop_exec     ble id=0x200031DC
[t=32,075,662us] task_start_exec    id=0x20016A38
[t=32,075,665us] idle
[t=32,077,637us] task_stop_exec     id=0x20016A38
[t=32,077,640us] task_start_exec    ppg id=0x20002A60
[t=32,079,024us] task_stop_exec     ppg id=0x20002A60
[t=32,079,027us] task_start_exec    id=0x20016A38
[t=32,079,030us] idle
[t=32,079,558us] task_stop_exec     id=0x20016A38
[t=32,079,561us] task_start_exec    ppg id=0x20002A60
[t=32,079,581us] task_stop_exec     ppg id=0x20002A60
[t=32,079,584us] task_start_exec    id=0x20016A38
[t=32,079,587us] idle
[t=32,080,637us] task_stop_exec     id=0x20016A38
[t=32,080,640us] task_start_exec    ble id=0x200031DC
[t=32,080,658us] task_stop_exec     ble id=0x200031DC
[t=32,080,662us] task_start_exec    id=0x20016A38
[t=32,080,665us] idle
[t=32,085,637us] task_stop_exec     id=0x20016A38
[t=32,085,640us] task_start_exec    key id=0x20006160
[t=32,085,648us] task_stop_exec     key id=0x20006160
[t=32,085,650us] task_start_exec    ble id=0x200031DC
[t=32,085,668us] task_stop_exec     ble id=0x200031DC
[t=32,085,671us] task_start_exec    key id=0x20006160
[t=32,085,684us] task_stop_exec     key id=0x20006160
[t=32,085,687us] task_start_exec    id=0x20016A38
[t=32,085,690us] idle
[t=32,088,637us] task_stop_exec     id=0x20016A38
[t=32,088,640us] task_start_exec    ppg id=0x20002A60
[t=32,090,025us] task_stop_exec     ppg id=0x20002A60
[t=32,090,028us] task_start_exec    id=0x20016A38
[t=32,090,031us] idle
[t=32,090,559us] task_stop_exec     id=0x20016A38
[t=32,090,562us] task_start_exec    ppg id=0x20002A60
[t=32,090,582us] task_stop_exec     ppg id=0x20002A60
[t=32,090,585us] task_start_exec    id=0x20016A38
[t=32,090,588us] idle
[t=32,090,637us] task_stop_exec     id=0x20016A38
[t=32,090,640us] task_start_exec    ble id=0x200031DC
[t=32,090,658us] task_stop_exec     ble id=0x200031DC
[t=32,090,661us] task_start_exec    id=0x20016A38
[t=32,090,664us] idle
[t=32,095,637us] task_stop_exec     id=0x20016A38
[t=32,095,640us] task_start_exec    ble id=0x200031DC
[t=32,095,658us] task_stop_exec     ble id=0x200031DC
[t=32,095,662us] task_start_exec    id=0x20016A38
[t=32,095,665us] idle
[t=32,099,637us] task_stop_exec     id=0x20016A38
[t=32,099,640us] task_start_exec    ppg id=0x20002A60
[t=32,100,637us] task_stop_exec     ppg id=0x20002A60
[t=32,100,640us] task_start_exec    ble id=0x200031DC
[t=32,100,658us] task_stop_exec     ble id=0x200031DC
[t=32,100,661us] task_start_exec    ppg id=0x20002A60
[t=32,100,723us] task_stop_exec     ppg id=0x20002A60
[t=32,100,726us] task_start_exec    id=0x20016A38
[t=32,100,729us] idle
[t=32,105,637us] task_stop_exec     id=0x20016A38
[t=32,105,640us] task_start_exec    key id=0x20006160
[t=32,105,648us] task_stop_exec     key id=0x20006160
[t=32,105,650us] task_start_exec    ble id=0x200031DC
[t=32,105,668us] task_stop_exec     ble id=0x200031DC
[t=32,105,671us] task_start_exec    key id=0x20006160
[t=32,105,684us] task_stop_exec     key id=0x20006160
[t=32,105,687us] task_start_exec    id=0x20016A38
[t=32,105,690us] idle
[t=32,110,637us] task_stop_exec     id=0x20016A38
[t=32,110,640us] task_start_exec    ppg id=0x20002A60
[t=32,110,648us] task_stop_exec     ppg id=0x20002A60
[t=32,110,650us] task_start_exec    ble id=0x200031DC
[t=32,110,668us] task_stop_exec     ble id=0x200031DC
[t=32,110,671us] task_start_exec    ppg id=0x20002A60
[t=32,112,054us] task_stop_exec     ppg id=0x20002A60
[t=32,112,058us] task_start_exec    id=0x20016A38
[t=32,112,061us] idle
[t=32,112,588us] task_stop_exec     id=0x20016A38
[t=32,112,591us] task_start_exec    ppg id=0x20002A60
[t=32,112,611us] task_stop_exec     ppg id=0x20002A60
[t=32,112,614us] task_start_exec    id=0x20016A38
[t=32,112,617us] idle
[t=32,115,637us] task_stop_exec     id=0x20016A38
[t=32,115,640us] task_start_exec    ble id=0x200031DC
[t=32,115,658us] task_stop_exec     ble id=0x200031DC
[t=32,115,661us] task_start_exec    id=0x20016A38
[t=32,115,664us] idle
[t=32,120,637us] task_stop_exec     id=0x20016A38
[t=32,120,640us] task_start_exec    ble id=0x200031DC
[t=32,120,658us] task_stop_exec     ble id=0x200031DC
[t=32,120,662us] task_start_exec    id=0x20016A38
[t=32,120,665us] idle
[t=32,121,637us] task_stop_exec     id=0x20016A38
[t=32,121,640us] task_start_exec    ppg id=0x20002A60
[t=32,123,024us] task_stop_exec     ppg id=0x20002A60
[t=32,123,027us] task_start_exec    id=0x20016A38
[t=32,123,030us] idle
[t=32,123,558us] task_stop_exec     id=0x20016A38
[t=32,123,561us] task_start_exec    ppg id=0x20002A60
[t=32,123,581us] task_stop_exec     ppg id=0x20002A60
[t=32,123,584us] task_start_exec    id=0x20016A38
[t=32,123,587us] idle
[t=32,125,637us] task_stop_exec     id=0x20016A38
[t=32,125,640us] task_start_exec    key id=0x20006160
[t=32,125,648us] task_stop_exec     key id=0x20006160
[t=32,125,650us] task_start_exec    ble id=0x200031DC
[t=32,125,668us] task_stop_exec     ble id=0x200031DC
[t=32,125,671us] task_start_exec    key id=0x20006160
[t=32,125,684us] task_stop_exec     key id=0x20006160
[t=32,125,687us] task_start_exec    id=0x20016A38
[t=32,125,690us] idle
[t=32,130,637us] task_stop_exec     id=0x20016A38
[t=32,130,640us] task_start_exec    ble id=0x200031DC
[t=32,130,659us] task_stop_exec     ble id=0x200031DC
[t=32,130,662us] task_start_exec    id=0x20016A38
[t=32,130,665us] idle
[t=32,132,637us] task_stop_exec     id=0x20016A38
[t=32,132,640us] task_start_exec    ppg id=0x20002A60
[t=32,134,025us] task_stop_exec     ppg id=0x20002A60
[t=32,134,028us] task_start_exec    id=0x20016A38
[t=32,134,031us] idle
[t=32,134,559us] task_stop_exec     id=0x20016A38
[t=32,134,562us] task_start_exec    ppg id=0x20002A60
[t=32,134,582us] task_stop_exec     ppg id=0x20002A60
[t=32,134,585us] task_start_exec    id=0x20016A38
[t=32,134,588us] idle
[t=32,135,637us] task_stop_exec     id=0x20016A38
[t=32,135,640us] task_start_exec    ble id=0x200031DC
[t=32,135,658us] task_stop_exec     ble id=0x200031DC
[t=32,135,661us] task_start_exec    id=0x20016A38
[t=32,135,664us] idle
[t=32,140,637us] task_stop_exec     id=0x20016A38
[t=32,140,640us] task_start_exec    ble id=0x200031DC
[t=32,140,658us] task_stop_exec     ble id=0x200031DC
[t=32,140,662us] task_start_exec    id=0x20016A38
[t=32,140,665us] idle
[t=32,143,637us] task_stop_exec     id=0x20016A38
[t=32,143,640us] task_start_exec    ppg id=0x20002A60
[t=32,145,024us] task_stop_exec     ppg id=0x20002A60
[t=32,145,028us] task_start_exec    id=0x20016A38
[t=32,145,031us] idle
[t=32,145,558us] task_stop_exec     id=0x20016A38
[t=32,145,561us] task_start_exec    ppg id=0x20002A60
[t=32,145,582us] task_stop_exec     ppg id=0x20002A60
[t=32,145,585us] task_start_exec    id=0x20016A38
[t=32,145,588us] idle
[t=32,145,637us] task_stop_exec     id=0x20016A38
[t=32,145,640us] task_start_exec    key id=0x20006160
[t=32,145,647us] task_stop_exec     key id=0x20006160
[t=32,145,650us] task_start_exec    ble id=0x200031DC
[t=32,145,668us] task_stop_exec     ble id=0x200031DC
[t=32,145,671us] task_start_exec    key id=0x20006160
[t=32,145,684us] task_stop_exec     key id=0x20006160
[t=32,145,687us] task_start_exec    id=0x20016A38
[t=32,145,690us] idle
[t=32,150,637us] task_stop_exec     id=0x20016A38
[t=32,150,640us] task_start_exec    ble id=0x200031DC
[t=32,150,659us] task_stop_exec     ble id=0x200031DC
[t=32,150,662us] task_start_exec    id=0x20016A38
[t=32,150,665us] idle
[t=32,154,637us] task_stop_exec     id=0x20016A38
[t=32,154,640us] task_start_exec    ppg id=0x20002A60
[t=32,155,637us] task_stop_exec     ppg id=0x20002A60
[t=32,155,640us] task_start_exec    ble id=0x200031DC
[t=32,155,658us] task_stop_exec     ble id=0x200031DC
[t=32,155,661us] task_start_exec    ppg id=0x20002A60
[t=32,155,723us] task_stop_exec     ppg id=0x20002A60
[t=32,155,726us] task_start_exec    id=0x20016A38
[t=32,155,729us] idle
[t=32,160,637us] task_stop_exec     id=0x20016A38
[t=32,160,640us] task_start_exec    ble id=0x200031DC
[t=32,160,658us] task_stop_exec     ble id=0x200031DC
[t=32,160,661us] task_start_exec    id=0x20016A38
[t=32,160,664us] idle
[t=32,165,637us] task_stop_exec     id=0x20016A38
[t=32,165,640us] task_start_exec    key id=0x20006160
[t=32,165,648us] task_stop_exec     key id=0x20006160
[t=32,165,650us] task_start_exec    ppg id=0x20002A60
[t=32,165,658us] task_stop_exec     ppg id=0x20002A60
[t=32,165,661us] task_start_exec    ble id=0x200031DC
[t=32,165,678us] task_stop_exec     ble id=0x200031DC
[t=32,165,681us] task_start_exec    ppg id=0x20002A60
[t=32,167,064us] task_stop_exec     ppg id=0x20002A60
[t=32,167,067us] task_start_exec    key id=0x20006160
[t=32,167,079us] task_stop_exec     key id=0x20006160
[t=32,167,082us] task_start_exec    id=0x20016A38
[t=32,167,085us] idle
[t=32,167,868us] task_stop_exec     id=0x20016A38
[t=32,167,871us] task_start_exec    ppg id=0x20002A60
[t=32,167,892us] task_stop_exec     ppg id=0x20002A60
[t=32,167,895us] task_start_exec    id=0x20016A38
[t=32,167,898us] idle
[t=32,170,637us] task_stop_exec     id=0x20016A38
[t=32,170,640us] task_start_exec    ble id=0x200031DC
[t=32,170,658us] task_stop_exec     ble id=0x200031DC
[t=32,170,661us] task_start_exec    id=0x20016A38
[t=32,170,664us] idle
[t=32,175,637us] task_stop_exec     id=0x20016A38
[t=32,175,640us] task_start_exec    ble id=0x200031DC
[t=32,175,658us] task_stop_exec     ble id=0x200031DC
[t=32,175,662us] task_start_exec    id=0x20016A38
[t=32,175,665us] idle
[t=32,177,637us] task_stop_exec     id=0x20016A38
[t=32,177,640us] task_start_exec    ppg id=0x20002A60
[t=32,178,724us] task_stop_exec     ppg id=0x20002A60
[t=32,178,727us] task_start_exec    id=0x20016A38
[t=32,178,730us] idle
[t=32,180,637us] task_stop_exec     id=0x20016A38
[t=32,180,640us] task_start_exec    ble id=0x200031DC
[t=32,180,658us] task_stop_exec     ble id=0x200031DC
[t=32,180,661us] task_start_exec    id=0x20016A38
[t=32,180,664us] idle
[t=32,185,637us] task_stop_exec     id=0x20016A38
[t=32,185,640us] task_start_exec    ble id=0x200031DC
[t=32,185,659us] task_stop_exec     ble id=0x200031DC
[t=32,185,662us] task_start_exec    id=0x20016A38
[t=32,185,665us] idle
[t=32,186,637us] task_stop_exec     id=0x20016A38
[t=32,186,640us] task_start_exec    key id=0x20006160
[t=32,186,654us] task_stop_exec     key id=0x20006160
[t=32,186,657us] task_start_exec    id=0x20016A38
[t=32,186,660us] idle
[t=32,188,637us] task_stop_exec     id=0x20016A38
[t=32,188,640us] task_start_exec    ppg id=0x20002A60
[t=32,190,024us] task_stop_exec     ppg id=0x20002A60
[t=32,190,028us] task_start_exec    id=0x20016A38
[t=32,190,031us] idle
[t=32,190,637us] task_stop_exec     id=0x20016A38
[t=32,190,640us] task_start_exec    ble id=0x200031DC
[t=32,190,658us] task_stop_exec     ble id=0x200031DC
[t=32,190,661us] task_start_exec    id=0x20016A38
[t=32,190,664us] idle
[t=32,190,828us] task_stop_exec     id=0x20016A38
[t=32,190,831us] task_start_exec    ppg id=0x20002A60
[t=32,190,854us] task_stop_exec     ppg id=0x20002A60
[t=32,190,857us] task_start_exec    id=0x20016A38
[t=32,190,860us] idle
[t=32,195,637us] task_stop_exec     id=0x20016A38
[t=32,195,640us] task_start_exec    ble id=0x200031DC
[t=32,195,658us] task_stop_exec     ble id=0x200031DC
[t=32,195,662us] task_start_exec    id=0x20016A38
[t=32,195,665us] idle
[t=32,200,637us] task_stop_exec     id=0x20016A38
[t=32,200,640us] task_start_exec    ppg id=0x20002A60
[t=32,200,648us] task_stop_exec     ppg id=0x20002A60
[t=32,200,650us] task_start_exec    ble id=0x200031DC
[t=32,200,668us] task_stop_exec     ble id=0x200031DC
[t=32,200,671us] task_start_exec    ppg id=0x20002A60
[t=32,202,054us] task_stop_exec     ppg id=0x20002A60
[t=32,202,057us] task_start_exec    id=0x20016A38
[t=32,202,060us] idle
[t=32,202,588us] task_stop_exec     id=0x20016A38
[t=32,202,591us] task_start_exec    ppg id=0x20002A60
[t=32,202,611us] task_stop_exec     ppg id=0x20002A60
[t=32,202,614us] task_start_exec    id=0x20016A38
[t=32,202,617us] idle
[t=32,205,637us] task_stop_exec     id=0x20016A38
[t=32,205,640us] task_start_exec    ble id=0x200031DC
[t=32,205,659us] task_stop_exec     ble id=0x200031DC
[t=32,205,662us] task_start_exec    id=0x20016A38
[t=32,205,665us] idle
[t=32,206,637us] task_stop_exec     id=0x20016A38
[t=32,206,640us] task_start_exec    key id=0x20006160
[t=32,206,654us] task_stop_exec     key id=0x20006160
[t=32,206,657us] task_start_exec    id=0x20016A38
[t=32,206,660us] idle
[t=32,210,637us] task_stop_exec     id=0x20016A38
[t=32,210,640us] task_start_exec    ble id=0x200031DC
[t=32,210,659us] task_stop_exec     ble id=0x200031DC
[t=32,210,662us] task_start_exec    id=0x20016A38
[t=32,210,665us] idle
[t=32,211,637us] task_stop_exec     id=0x20016A38
[t=32,211,640us] task_start_exec    ppg id=0x20002A60
[t=32,213,024us] task_stop_exec     ppg id=0x20002A60
[t=32,213,027us] task_start_exec    id=0x20016A38
[t=32,213,030us] idle
[t=32,213,558us] task_stop_exec     id=0x20016A38
[t=32,213,561us] task_start_exec    ppg id=0x20002A60
[t=32,213,581us] task_stop_exec     ppg id=0x20002A60
[t=32,213,584us] task_start_exec    id=0x20016A38
[t=32,213,587us] idle
[t=32,215,637us] task_stop_exec     id=0x20016A38
[t=32,215,640us] task_start_exec    ble id=0x200031DC
[t=32,215,658us] task_stop_exec     ble id=0x200031DC
[t=32,215,661us] task_start_exec    id=0x20016A38
[t=32,215,664us] idle
[t=32,220,637us] task_stop_exec     id=0x20016A38
[t=32,220,640us] task_start_exec    ble id=0x200031DC
[t=32,220,658us] task_stop_exec     ble id=0x200031DC
[t=32,220,662us] task_start_exec    id=0x20016A38
[t=32,220,664us] idle
[t=32,222,637us] task_stop_exec     id=0x20016A38
[t=32,222,640us] task_start_exec    ppg id=0x20002A60
[t=32,224,024us] task_stop_exec     ppg id=0x20002A60
[t=32,224,027us] task_start_exec    id=0x20016A38
[t=32,224,030us] idle
[t=32,224,558us] task_stop_exec     id=0x20016A38
[t=32,224,561us] task_start_exec    ppg id=0x20002A60
[t=32,224,581us] task_stop_exec     ppg id=0x20002A60
[t=32,224,584us] task_start_exec    id=0x20016A38
[t=32,224,587us] idle
[t=32,225,637us] task_stop_exec     id=0x20016A38
[t=32,225,640us] task_start_exec    ble id=0x200031DC
[t=32,225,659us] task_stop_exec     ble id=0x200031DC
[t=32,225,662us] task_start_exec    id=0x20016A38
[t=32,225,665us] idle
[t=32,226,637us] task_stop_exec     id=0x20016A38
[t=32,226,640us] task_start_exec    key id=0x20006160
[t=32,226,654us] task_stop_exec     key id=0x20006160
[t=32,226,657us] task_start_exec    id=0x20016A38
[t=32,226,660us] idle
[t=32,230,637us] task_stop_exec     id=0x20016A38
[t=32,230,640us] task_start_exec    ble id=0x200031DC
[t=32,230,659us] task_stop_exec     ble id=0x200031DC
[t=32,230,662us] task_start_exec    id=0x20016A38
[t=32,230,665us] idle
[t=32,233,637us] task_stop_exec     id=0x20016A38
[t=32,233,640us] task_start_exec    ppg id=0x20002A60
[t=32,234,723us] task_stop_exec     ppg id=0x20002A60
[t=32,234,726us] task_start_exec    id=0x20016A38
[t=32,234,729us] idle
[t=32,235,637us] task_stop_exec     id=0x20016A38
[t=32,235,640us] task_start_exec    ble id=0x200031DC
[t=32,235,658us] task_stop_exec     ble id=0x200031DC
[t=32,235,661us] task_start_exec    id=0x20016A38
[t=32,235,664us] idle
[t=32,240,637us] task_stop_exec     id=0x20016A38
[t=32,240,640us] task_start_exec    ble id=0x200031DC
[t=32,240,658us] task_stop_exec     ble id=0x200031DC
[t=32,240,662us] task_start_exec    id=0x20016A38
[t=32,240,665us] idle
[t=32,244,637us] task_stop_exec     id=0x20016A38
[t=32,244,640us] task_start_exec    ppg id=0x20002A60
[t=32,245,637us] task_stop_exec     ppg id=0x20002A60
[t=32,245,640us] task_start_exec    ble id=0x200031DC
[t=32,245,658us] task_stop_exec     ble id=0x200031DC
[t=32,245,661us] task_start_exec    ppg id=0x20002A60
[t=32,246,024us] task_stop_exec     ppg id=0x20002A60
[t=32,246,027us] task_start_exec    id=0x20016A38
[t=32,246,030us] idle
[t=32,246,558us] task_stop_exec     id=0x20016A38
[t=32,246,561us] task_start_exec    ppg id=0x20002A60
[t=32,246,581us] task_stop_exec     ppg id=0x20002A60
[t=32,246,584us] task_start_exec    id=0x20016A38
[t=32,246,587us] idle
[t=32,246,637us] task_stop_exec     id=0x20016A38
[t=32,246,640us] task_start_exec    key id=0x20006160
[t=32,246,654us] task_stop_exec     key id=0x20006160
[t=32,246,657us] task_start_exec    id=0x20016A38
[t=32,246,660us] idle
[t=32,250,637us] task_stop_exec     id=0x20016A38
[t=32,250,640us] task_start_exec    ble id=0x200031DC
[t=32,250,659us] task_stop_exec     ble id=0x200031DC
[t=32,250,662us] task_start_exec    id=0x20016A38
[t=32,250,665us] idle
[t=32,255,637us] task_stop_exec     id=0x20016A38
[t=32,255,640us] task_start_exec    ppg id=0x20002A60
[t=32,255,648us] task_stop_exec     ppg id=0x20002A60
[t=32,255,650us] task_start_exec    ble id=0x200031DC
[t=32,255,668us] task_stop_exec     ble id=0x200031DC
[t=32,255,671us] task_start_exec    ppg id=0x20002A60
[t=32,257,054us] task_stop_exec     ppg id=0x20002A60
[t=32,257,057us] task_start_exec    id=0x20016A38
[t=32,257,060us] idle
[t=32,257,588us] task_stop_exec     id=0x20016A38
[t=32,257,591us] task_start_exec    ppg id=0x20002A60
[t=32,257,611us] task_stop_exec     ppg id=0x20002A60
[t=32,257,614us] task_start_exec    id=0x20016A38
[t=32,257,617us] idle
[t=32,260,637us] task_stop_exec     id=0x20016A38
[t=32,260,640us] task_start_exec    ble id=0x200031DC
[t=32,260,658us] task_stop_exec     ble id=0x200031DC
[t=32,260,661us] task_start_exec    id=0x20016A38
[t=32,260,664us] idle
[t=32,265,637us] task_stop_exec     id=0x20016A38
[t=32,265,640us] task_start_exec    ble id=0x200031DC
[t=32,265,659us] task_stop_exec     ble id=0x200031DC
[t=32,265,662us] task_start_exec    id=0x20016A38
[t=32,265,665us] idle
[t=32,266,637us] task_stop_exec     id=0x20016A38
[t=32,266,640us] task_start_exec    key id=0x20006160
[t=32,266,648us] task_stop_exec     key id=0x20006160
[t=32,266,650us] task_start_exec    ppg id=0x20002A60
[t=32,268,034us] task_stop_exec     ppg id=0x20002A60
[t=32,268,037us] task_start_exec    key id=0x20006160
[t=32,268,050us] task_stop_exec     key id=0x20006160
[t=32,268,053us] task_start_exec    id=0x20016A38
[t=32,268,056us] idle
[t=32,268,568us] task_stop_exec     id=0x20016A38
[t=32,268,571us] task_start_exec    ppg id=0x20002A60
[t=32,268,591us] task_stop_exec     ppg id=0x20002A60
[t=32,268,594us] task_start_exec    id=0x20016A38
[t=32,268,597us] idle
[t=32,270,637us] task_stop_exec     id=0x20016A38
[t=32,270,640us] task_start_exec    ble id=0x200031DC
[t=32,270,658us] task_stop_exec     ble id=0x200031DC
[t=32,270,661us] task_start_exec    id=0x20016A38
[t=32,270,664us] idle
[t=32,275,637us] task_stop_exec     id=0x20016A38
[t=32,275,640us] task_start_exec    ble id=0x200031DC
[t=32,275,658us] task_stop_exec     ble id=0x200031DC
[t=32,275,662us] task_start_exec    id=0x20016A38
[t=32,275,665us] idle
[t=32,277,637us] task_stop_exec     id=0x20016A38
[t=32,277,640us] task_start_exec    ppg id=0x20002A60
[t=32,279,024us] task_stop_exec     ppg id=0x20002A60
[t=32,279,027us] task_start_exec    id=0x20016A38
[t=32,279,030us] idle
[t=32,279,558us] task_stop_exec     id=0x20016A38
[t=32,279,561us] task_start_exec    ppg id=0x20002A60
[t=32,279,581us] task_stop_exec     ppg id=0x20002A60
[t=32,279,584us] task_start_exec    id=0x20016A38
[t=32,279,587us] idle
[t=32,280,637us] task_stop_exec     id=0x20016A38
[t=32,280,640us] task_start_exec    ble id=0x200031DC
[t=32,280,658us] task_stop_exec     ble id=0x200031DC
[t=32,280,661us] task_start_exec    id=0x20016A38
[t=32,280,664us] idle
[t=32,285,637us] task_stop_exec     id=0x20016A38
[t=32,285,640us] task_start_exec    ble id=0x200031DC
[t=32,285,659us] task_stop_exec     ble id=0x200031DC
[t=32,285,662us] task_start_exec    id=0x20016A38
[t=32,285,665us] idle
[t=32,287,637us] task_stop_exec     id=0x20016A38
[t=32,287,640us] task_start_exec    key id=0x20006160
[t=32,287,654us] task_stop_exec     key id=0x20006160
[t=32,287,657us] task_start_exec    id=0x20016A38
[t=32,287,660us] idle
[t=32,288,637us] task_stop_exec     id=0x20016A38
[t=32,288,640us] task_start_exec    ppg id=0x20002A60
[t=32,290,024us] task_stop_exec     ppg id=0x20002A60
[t=32,290,027us] task_start_exec    id=0x20016A38
[t=32,290,030us] idle
[t=32,290,558us] task_stop_exec     id=0x20016A38
[t=32,290,561us] task_start_exec    ppg id=0x20002A60
[t=32,290,581us] task_stop_exec     ppg id=0x20002A60
[t=32,290,584us] task_start_exec    id=0x20016A38
[t=32,290,587us] idle
[t=32,290,637us] task_stop_exec     id=0x20016A38
[t=32,290,640us] task_start_exec    ble id=0x200031DC
[t=32,290,658us] task_stop_exec     ble id=0x200031DC
[t=32,290,661us] task_start_exec    id=0x20016A38
[t=32,290,664us] idle
[t=32,295,637us] task_stop_exec     id=0x20016A38
[t=32,295,640us] task_start_exec    ble id=0x200031DC
[t=32,295,658us] task_stop_exec     ble id=0x200031DC
[t=32,295,662us] task_start_exec    id=0x20016A38
[t=32,295,665us] idle
[t=32,299,637us] task_stop_exec     id=0x20016A38
[t=32,299,640us] task_start_exec    ppg id=0x20002A60
[t=32,300,637us] task_stop_exec     ppg id=0x20002A60
[t=32,300,640us] task_start_exec    ble id=0x200031DC
[t=32,300,658us] task_stop_exec     ble id=0x200031DC
[t=32,300,661us] task_start_exec    ppg id=0x20002A60
[t=32,300,724us] task_stop_exec     ppg id=0x20002A60
[t=32,300,727us] task_start_exec    id=0x20016A38
[t=32,300,730us] idle
[t=32,305,637us] task_stop_exec     id=0x20016A38
[t=32,305,640us] task_start_exec    ble id=0x200031DC
[t=32,305,658us] task_stop_exec     ble id=0x200031DC
[t=32,305,662us] task_start_exec    id=0x20016A38
[t=32,305,665us] idle
[t=32,307,637us] task_stop_exec     id=0x20016A38
[t=32,307,640us] task_start_exec    key id=0x20006160
[t=32,307,654us] task_stop_exec     key id=0x20006160
[t=32,307,657us] task_start_exec    id=0x20016A38
[t=32,307,660us] idle
[t=32,310,637us] task_stop_exec     id=0x20016A38
[t=32,310,640us] task_start_exec    ppg id=0x20002A60
[t=32,310,648us] task_stop_exec     ppg id=0x20002A60
[t=32,310,650us] task_start_exec    ble id=0x200031DC
[t=32,310,668us] task_stop_exec     ble id=0x200031DC
[t=32,310,671us] task_start_exec    ppg id=0x20002A60
[t=32,312,054us] task_stop_exec     ppg id=0x20002A60
[t=32,312,057us] task_start_exec    id=0x20016A38
[t=32,312,060us] idle
[t=32,312,588us] task_stop_exec     id=0x20016A38
[t=32,312,591us] task_start_exec    ppg id=0x20002A60
[t=32,312,611us] task_stop_exec     ppg id=0x20002A60
[t=32,312,614us] task_start_exec    id=0x20016A38
[t=32,312,617us] idle
[t=32,315,637us] task_stop_exec     id=0x20016A38
[t=32,315,640us] task_start_exec    ble id=0x200031DC
[t=32,315,658us] task_stop_exec     ble id=0x200031DC
[t=32,315,661us] task_start_exec    id=0x20016A38
[t=32,315,664us] idle
[t=32,320,637us] task_stop_exec     id=0x20016A38
[t=32,320,640us] task_start_exec    ble id=0x200031DC
[t=32,320,658us] task_stop_exec     ble id=0x200031DC
[t=32,320,662us] task_start_exec    id=0x20016A38
[t=32,320,664us] idle
[t=32,321,637us] task_stop_exec     id=0x20016A38
[t=32,321,640us] task_start_exec    ppg id=0x20002A60
[t=32,323,024us] task_stop_exec     ppg id=0x20002A60
[t=32,323,028us] task_start_exec    id=0x20016A38
[t=32,323,031us] idle
[t=32,323,558us] task_stop_exec     id=0x20016A38
[t=32,323,561us] task_start_exec    ppg id=0x20002A60
[t=32,323,581us] task_stop_exec     ppg id=0x20002A60
[t=32,323,585us] task_start_exec    id=0x20016A38
[t=32,323,588us] idle
[t=32,325,637us] task_stop_exec     id=0x20016A38
[t=32,325,640us] task_start_exec    ble id=0x200031DC
[t=32,325,659us] task_stop_exec     ble id=0x200031DC
[t=32,325,662us] task_start_exec    id=0x20016A38
[t=32,325,665us] idle
[t=32,327,637us] task_stop_exec     id=0x20016A38
[t=32,327,640us] task_start_exec    key id=0x20006160
[t=32,327,654us] task_stop_exec     key id=0x20006160
[t=32,327,657us] task_start_exec    id=0x20016A38
[t=32,327,660us] idle
[t=32,330,637us] task_stop_exec     id=0x20016A38
[t=32,330,640us] task_start_exec    ble id=0x200031DC
[t=32,330,659us] task_stop_exec     ble id=0x200031DC
[t=32,330,662us] task_start_exec    id=0x20016A38
[t=32,330,665us] idle
[t=32,332,637us] task_stop_exec     id=0x20016A38
[t=32,332,640us] task_start_exec    ppg id=0x20002A60
[t=32,334,024us] task_stop_exec     ppg id=0x20002A60
[t=32,334,027us] task_start_exec    id=0x20016A38
[t=32,334,030us] idle
[t=32,334,558us] task_stop_exec     id=0x20016A38
[t=32,334,561us] task_start_exec    ppg id=0x20002A60
[t=32,334,581us] task_stop_exec     ppg id=0x20002A60
[t=32,334,584us] task_start_exec    id=0x20016A38
[t=32,334,587us] idle
[t=32,335,637us] task_stop_exec     id=0x20016A38
[t=32,335,640us] task_start_exec    ble id=0x200031DC
[t=32,335,659us] task_stop_exec     ble id=0x200031DC
[t=32,335,662us] task_start_exec    id=0x20016A38
[t=32,335,665us] idle
[t=32,340,637us] task_stop_exec     id=0x20016A38
[t=32,340,640us] task_start_exec    ble id=0x200031DC
[t=32,340,658us] task_stop_exec     ble id=0x200031DC
[t=32,340,662us] task_start_exec    id=0x20016A38
[t=32,340,665us] idle
[t=32,343,637us] task_stop_exec     id=0x20016A38
[t=32,343,640us] task_start_exec    ppg id=0x20002A60
[t=32,345,025us] task_stop_exec     ppg id=0x20002A60
[t=32,345,028us] task_start_exec    id=0x20016A38
[t=32,345,031us] idle
[t=32,345,558us] task_stop_exec     id=0x20016A38
[t=32,345,562us] task_start_exec    ppg id=0x20002A60
[t=32,345,582us] task_stop_exec     ppg id=0x20002A60
[t=32,345,585us] task_start_exec    id=0x20016A38
[t=32,345,588us] idle
[t=32,345,637us] task_stop_exec     id=0x20016A38
[t=32,345,640us] task_start_exec    ble id=0x200031DC
[t=32,345,658us] task_stop_exec     ble id=0x200031DC
[t=32,345,662us] task_start_exec    id=0x20016A38
[t=32,345,665us] idle
[t=32,347,637us] task_stop_exec     id=0x20016A38
[t=32,347,640us] task_start_exec    key id=0x20006160
[t=32,347,654us] task_stop_exec     key id=0x20006160
[t=32,347,657us] task_start_exec    id=0x20016A38
[t=32,347,660us] idle
[t=32,350,637us] task_stop_exec     id=0x20016A38
[t=32,350,640us] task_start_exec    ble id=0x200031DC
[t=32,350,659us] task_stop_exec     ble id=0x200031DC
[t=32,350,662us] task_start_exec    id=0x20016A38
[t=32,350,665us] idle
[t=32,354,637us] task_stop_exec     id=0x20016A38
[t=32,354,640us] task_start_exec    ppg id=0x20002A60
[t=32,355,637us] task_stop_exec     ppg id=0x20002A60
[t=32,355,640us] task_start_exec    ble id=0x200031DC
[t=32,355,658us] task_stop_exec     ble id=0x200031DC
[t=32,355,661us] task_start_exec    ppg id=0x20002A60
[t=32,356,024us] task_stop_exec     ppg id=0x20002A60
[t=32,356,027us] task_start_exec    id=0x20016A38
[t=32,356,030us] idle
[t=32,356,558us] task_stop_exec     id=0x20016A38
[t=32,356,561us] task_start_exec    ppg id=0x20002A60
[t=32,356,581us] task_stop_exec     ppg id=0x20002A60
[t=32,356,584us] task_start_exec    id=0x20016A38
[t=32,356,587us] idle
[t=32,360,637us] task_stop_exec     id=0x20016A38
[t=32,360,640us] task_start_exec    ble id=0x200031DC
[t=32,360,658us] task_stop_exec     ble id=0x200031DC
[t=32,360,662us] task_start_exec    id=0x20016A38
[t=32,360,665us] idle
[t=32,365,637us] task_stop_exec     id=0x20016A38
[t=32,365,640us] task_start_exec    ppg id=0x20002A60
[t=32,365,648us] task_stop_exec     ppg id=0x20002A60
[t=32,365,650us] task_start_exec    ble id=0x200031DC
[t=32,365,668us] task_stop_exec     ble id=0x200031DC
[t=32,365,671us] task_start_exec    ppg id=0x20002A60
[t=32,366,754us] task_stop_exec     ppg id=0x20002A60
[t=32,366,757us] task_start_exec    id=0x20016A38
[t=32,366,760us] idle
[t=32,367,637us] task_stop_exec     id=0x20016A38
[t=32,367,640us] task_start_exec    key id=0x20006160
[t=32,367,654us] task_stop_exec     key id=0x20006160
[t=32,367,657us] task_start_exec    id=0x20016A38
[t=32,367,660us] idle
[t=32,370,637us] task_stop_exec     id=0x20016A38
[t=32,370,640us] task_start_exec    ble id=0x200031DC
[t=32,370,659us] task_stop_exec     ble id=0x200031DC
[t=32,370,662us] task_start_exec    id=0x20016A38
[t=32,370,665us] idle
[t=32,375,637us] task_stop_exec     id=0x20016A38
[t=32,375,640us] task_start_exec    ble id=0x200031DC
[t=32,375,658us] task_stop_exec     ble id=0x200031DC
[t=32,375,662us] task_start_exec    id=0x20016A38
[t=32,375,665us] idle
[t=32,376,637us] task_stop_exec     id=0x20016A38
[t=32,376,640us] task_start_exec    ppg id=0x20002A60
[t=32,378,025us] task_stop_exec     ppg id=0x20002A60
[t=32,378,028us] task_start_exec    id=0x20016A38
[t=32,378,031us] idle
[t=32,378,558us] task_stop_exec     id=0x20016A38
[t=32,378,561us] task_start_exec    ppg id=0x20002A60
[t=32,378,582us] task_stop_exec     ppg id=0x20002A60
[t=32,378,585us] task_start_exec    id=0x20016A38
[t=32,378,588us] idle
[t=32,380,637us] task_stop_exec     id=0x20016A38
[t=32,380,640us] task_start_exec    ble id=0x200031DC
[t=32,380,658us] task_stop_exec     ble id=0x200031DC
[t=32,380,661us] task_start_exec    id=0x20016A38
[t=32,380,664us] idle
[t=32,385,637us] task_stop_exec     id=0x20016A38
[t=32,385,640us] task_start_exec    ble id=0x200031DC
[t=32,385,659us] task_stop_exec     ble id=0x200031DC
[t=32,385,662us] task_start_exec    id=0x20016A38
[t=32,385,665us] idle
[t=32,387,637us] task_stop_exec     id=0x20016A38
[t=32,387,640us] task_start_exec    key id=0x20006160
[t=32,387,648us] task_stop_exec     key id=0x20006160
[t=32,387,650us] task_start_exec    ppg id=0x20002A60
[t=32,389,034us] task_stop_exec     ppg id=0x20002A60
[t=32,389,037us] task_start_exec    key id=0x20006160
[t=32,389,050us] task_stop_exec     key id=0x20006160
[t=32,389,053us] task_start_exec    id=0x20016A38
[t=32,389,056us] idle
[t=32,389,568us] task_stop_exec     id=0x20016A38
[t=32,389,571us] task_start_exec    ppg id=0x20002A60
[t=32,389,592us] task_stop_exec     ppg id=0x20002A60
[t=32,389,595us] task_start_exec    id=0x20016A38
[t=32,389,598us] idle
[t=32,390,637us] task_stop_exec     id=0x20016A38
[t=32,390,640us] task_start_exec    ble id=0x200031DC
[t=32,390,658us] task_stop_exec     ble id=0x200031DC
[t=32,390,661us] task_start_exec    id=0x20016A38
[t=32,390,664us] idle
[t=32,395,637us] task_stop_exec     id=0x20016A38
[t=32,395,640us] task_start_exec    ble id=0x200031DC
[t=32,395,658us] task_stop_exec     ble id=0x200031DC
[t=32,395,662us] task_start_exec    id=0x20016A38
[t=32,395,665us] idle
[t=32,398,637us] task_stop_exec     id=0x20016A38
[t=32,398,640us] task_start_exec    ppg id=0x20002A60
[t=32,400,024us] task_stop_exec     ppg id=0x20002A60
[t=32,400,027us] task_start_exec    id=0x20016A38
[t=32,400,030us] idle
[t=32,400,558us] task_stop_exec     id=0x20016A38
[t=32,400,561us] task_start_exec    ppg id=0x20002A60
[t=32,400,581us] task_stop_exec     ppg id=0x20002A60
[t=32,400,584us] task_start_exec    id=0x20016A38
[t=32,400,587us] idle
[t=32,400,637us] task_stop_exec     id=0x20016A38
[t=32,400,640us] task_start_exec    ble id=0x200031DC
[t=32,400,658us] task_stop_exec     ble id=0x200031DC
[t=32,400,661us] task_start_exec    id=0x20016A38
[t=32,400,664us] idle
[t=32,405,637us] task_stop_exec     id=0x20016A38
[t=32,405,640us] task_start_exec    ble id=0x200031DC
[t=32,405,659us] task_stop_exec     ble id=0x200031DC
[t=32,405,662us] task_start_exec    id=0x20016A38
[t=32,405,665us] idle
[t=32,408,637us] task_stop_exec     id=0x20016A38
[t=32,408,640us] task_start_exec    key id=0x20006160
[t=32,408,654us] task_stop_exec     key id=0x20006160
[t=32,408,657us] task_start_exec    id=0x20016A38
[t=32,408,660us] idle
[t=32,409,637us] task_stop_exec     id=0x20016A38
[t=32,409,640us] task_start_exec    ppg id=0x20002A60
[t=32,410,637us] task_stop_exec     ppg id=0x20002A60
[t=32,410,640us] task_start_exec    ble id=0x200031DC
[t=32,410,658us] task_stop_exec     ble id=0x200031DC
[t=32,410,661us] task_start_exec    ppg id=0x20002A60
[t=32,411,024us] task_stop_exec     ppg id=0x20002A60
[t=32,411,027us] task_start_exec    id=0x20016A38
[t=32,411,030us] idle
[t=32,411,558us] task_stop_exec     id=0x20016A38
[t=32,411,561us] task_start_exec    ppg id=0x20002A60
[t=32,411,581us] task_stop_exec     ppg id=0x20002A60
[t=32,411,584us] task_start_exec    id=0x20016A38
[t=32,411,587us] idle
[t=32,415,637us] task_stop_exec     id=0x20016A38
[t=32,415,640us] task_start_exec    ble id=0x200031DC
[t=32,415,658us] task_stop_exec     ble id=0x200031DC
[t=32,415,662us] task_start_exec    id=0x20016A38
[t=32,415,665us] idle
[t=32,420,637us] task_stop_exec     id=0x20016A38
[t=32,420,640us] task_start_exec    ppg id=0x20002A60
[t=32,420,648us] task_stop_exec     ppg id=0x20002A60
[t=32,420,650us] task_start_exec    ble id=0x200031DC
[t=32,420,668us] task_stop_exec     ble id=0x200031DC
[t=32,420,671us] task_start_exec    ppg id=0x20002A60
[t=32,421,754us] task_stop_exec     ppg id=0x20002A60
[t=32,421,757us] task_start_exec    id=0x20016A38
[t=32,421,760us] idle
[t=32,425,637us] task_stop_exec     id=0x20016A38
[t=32,425,640us] task_start_exec    ble id=0x200031DC
[t=32,425,658us] task_stop_exec     ble id=0x200031DC
[t=32,425,662us] task_start_exec    id=0x20016A38
[t=32,425,664us] idle
[t=32,428,637us] task_stop_exec     id=0x20016A38
[t=32,428,640us] task_start_exec    key id=0x20006160
[t=32,428,654us] task_stop_exec     key id=0x20006160
[t=32,428,657us] task_start_exec    id=0x20016A38
[t=32,428,660us] idle
[t=32,430,637us] task_stop_exec     id=0x20016A38
[t=32,430,640us] task_start_exec    ble id=0x200031DC
[t=32,430,659us] task_stop_exec     ble id=0x200031DC
[t=32,430,662us] task_start_exec    id=0x20016A38
[t=32,430,665us] idle
[t=32,431,637us] task_stop_exec     id=0x20016A38
[t=32,431,640us] task_start_exec    ppg id=0x20002A60
[t=32,433,024us] task_stop_exec     ppg id=0x20002A60
[t=32,433,028us] task_start_exec    id=0x20016A38
[t=32,433,031us] idle
[t=32,433,558us] task_stop_exec     id=0x20016A38
[t=32,433,561us] task_start_exec    ppg id=0x20002A60
[t=32,433,581us] task_stop_exec     ppg id=0x20002A60
[t=32,433,585us] task_start_exec    id=0x20016A38
[t=32,433,588us] idle
[t=32,435,637us] task_stop_exec     id=0x20016A38
[t=32,435,640us] task_start_exec    ble id=0x200031DC
[t=32,435,658us] task_stop_exec     ble id=0x200031DC
[t=32,435,661us] task_start_exec    id=0x20016A38
[t=32,435,664us] idle
[t=32,440,637us] task_stop_exec     id=0x20016A38
[t=32,440,641us] task_start_exec    ble id=0x200031DC
[t=32,440,659us] task_stop_exec     ble id=0x200031DC
[t=32,440,662us] task_start_exec    id=0x20016A38
[t=32,440,665us] idle
[t=32,442,637us] task_stop_exec     id=0x20016A38
[t=32,442,640us] task_start_exec    ppg id=0x20002A60
[t=32,444,024us] task_stop_exec     ppg id=0x20002A60
[t=32,444,027us] task_start_exec    id=0x20016A38
[t=32,444,030us] idle
[t=32,444,558us] task_stop_exec     id=0x20016A38
[t=32,444,561us] task_start_exec    ppg id=0x20002A60
[t=32,444,581us] task_stop_exec     ppg id=0x20002A60
[t=32,444,584us] task_start_exec    id=0x20016A38
[t=32,444,587us] idle
[t=32,445,637us] task_stop_exec     id=0x20016A38
[t=32,445,640us] task_start_exec    ble id=0x200031DC
[t=32,445,659us] task_stop_exec     ble id=0x200031DC
[t=32,445,662us] task_start_exec    id=0x20016A38
[t=32,445,665us] idle
[t=32,448,637us] task_stop_exec     id=0x20016A38
[t=32,448,640us] task_start_exec    key id=0x20006160
[t=32,448,654us] task_stop_exec     key id=0x20006160
[t=32,448,657us] task_start_exec    id=0x20016A38
[t=32,448,660us] idle
[t=32,450,637us] task_stop_exec     id=0x20016A38
[t=32,450,640us] task_start_exec    ble id=0x200031DC
[t=32,450,659us] task_stop_exec     ble id=0x200031DC
[t=32,450,662us] task_start_exec    id=0x20016A38
[t=32,450,665us] idle
[t=32,453,637us] task_stop_exec     id=0x20016A38
[t=32,453,640us] task_start_exec    ppg id=0x20002A60
[t=32,455,024us] task_stop_exec     ppg id=0x20002A60
[t=32,455,027us] task_start_exec    id=0x20016A38
[t=32,455,030us] idle
[t=32,455,558us] task_stop_exec     id=0x20016A38
[t=32,455,561us] task_start_exec    ppg id=0x20002A60
[t=32,455,581us] task_stop_exec     ppg id=0x20002A60
[t=32,455,584us] task_start_exec    id=0x20016A38
[t=32,455,587us] idle
[t=32,455,637us] task_stop_exec     id=0x20016A38
[t=32,455,640us] task_start_exec    ble id=0x200031DC
[t=32,455,658us] task_stop_exec     ble id=0x200031DC
[t=32,455,661us] task_start_exec    id=0x20016A38
[t=32,455,664us] idle
[t=32,460,637us] task_stop_exec     id=0x20016A38
[t=32,460,640us] task_start_exec    ble id=0x200031DC
[t=32,460,658us] task_stop_exec     ble id=0x200031DC
[t=32,460,661us] task_start_exec    id=0x20016A38
[t=32,460,664us] idle
[t=32,464,637us] task_stop_exec     id=0x20016A38
[t=32,464,640us] task_start_exec    ppg id=0x20002A60
[t=32,465,637us] task_stop_exec     ppg id=0x20002A60
[t=32,465,640us] task_start_exec    ble id=0x200031DC
[t=32,465,658us] task_stop_exec     ble id=0x200031DC
[t=32,465,661us] task_start_exec    ppg id=0x20002A60
[t=32,466,024us] task_stop_exec     ppg id=0x20002A60
[t=32,466,027us] task_start_exec    id=0x20016A38
[t=32,466,030us] idle
[t=32,466,558us] task_stop_exec     id=0x20016A38
[t=32,466,561us] task_start_exec    ppg id=0x20002A60
[t=32,466,581us] task_stop_exec     ppg id=0x20002A60
[t=32,466,584us] task_start_exec    id=0x20016A38
[t=32,466,587us] idle
[t=32,468,637us] task_stop_exec     id=0x20016A38
[t=32,468,640us] task_start_exec    key id=0x20006160
[t=32,468,654us] task_stop_exec     key id=0x20006160
[t=32,468,657us] task_start_exec    id=0x20016A38
[t=32,468,660us] idle
[t=32,470,637us] task_stop_exec     id=0x20016A38
[t=32,470,640us] task_start_exec    ble id=0x200031DC
[t=32,470,659us] task_stop_exec     ble id=0x200031DC
[t=32,470,662us] task_start_exec    id=0x20016A38
[t=32,470,665us] idle
[t=32,475,637us] task_stop_exec     id=0x20016A38
[t=32,475,640us] task_start_exec    ppg id=0x20002A60
[t=32,475,648us] task_stop_exec     ppg id=0x20002A60
[t=32,475,651us] task_start_exec    ble id=0x200031DC
[t=32,475,669us] task_stop_exec     ble id=0x200031DC
[t=32,475,672us] task_start_exec    ppg id=0x20002A60
[t=32,477,054us] task_stop_exec     ppg id=0x20002A60
[t=32,477,058us] task_start_exec    id=0x20016A38
[t=32,477,060us] idle
[t=32,477,588us] task_stop_exec     id=0x20016A38
[t=32,477,591us] task_start_exec    ppg id=0x20002A60
[t=32,477,611us] task_stop_exec     ppg id=0x20002A60
[t=32,477,614us] task_start_exec    id=0x20016A38
[t=32,477,617us] idle
[t=32,480,637us] task_stop_exec     id=0x20016A38
[t=32,480,640us] task_start_exec    ble id=0x200031DC
[t=32,480,658us] task_stop_exec     ble id=0x200031DC
[t=32,480,661us] task_start_exec    id=0x20016A38
[t=32,480,664us] idle
[t=32,485,637us] task_stop_exec     id=0x20016A38
[t=32,485,640us] task_start_exec    ble id=0x200031DC
[t=32,485,659us] task_stop_exec     ble id=0x200031DC
[t=32,485,662us] task_start_exec    id=0x20016A38
[t=32,485,665us] idle
[t=32,486,637us] task_stop_exec     id=0x20016A38
[t=32,486,640us] task_start_exec    ppg id=0x20002A60
[t=32,487,723us] task_stop_exec     ppg id=0x20002A60
[t=32,487,727us] task_start_exec    id=0x20016A38
[t=32,487,730us] idle
[t=32,488,637us] task_stop_exec     id=0x20016A38
[t=32,488,640us] task_start_exec    key id=0x20006160
[t=32,488,654us] task_stop_exec     key id=0x20006160
[t=32,488,657us] task_start_exec    id=0x20016A38
[t=32,488,660us] idle
[t=32,490,637us] task_stop_exec     id=0x20016A38
[t=32,490,640us] task_start_exec    ble id=0x200031DC
[t=32,490,658us] task_stop_exec     ble id=0x200031DC
[t=32,490,661us] task_start_exec    id=0x20016A38
[t=32,490,664us] idle
[t=32,495,637us] task_stop_exec     id=0x20016A38
[t=32,495,640us] task_start_exec    ble id=0x200031DC
[t=32,495,658us] task_stop_exec     ble id=0x200031DC
[t=32,495,662us] task_start_exec    id=0x20016A38
[t=32,495,665us] idle
[t=32,497,637us] task_stop_exec     id=0x20016A38
[t=32,497,640us] task_start_exec    ppg id=0x20002A60
[t=32,499,024us] task_stop_exec     ppg id=0x20002A60
[t=32,499,028us] task_start_exec    id=0x20016A38
[t=32,499,031us] idle
[t=32,499,558us] task_stop_exec     id=0x20016A38
[t=32,499,561us] task_start_exec    ppg id=0x20002A60
[t=32,499,582us] task_stop_exec     ppg id=0x20002A60
[t=32,499,585us] task_start_exec    id=0x20016A38
[t=32,499,588us] idle
[t=32,500,637us] task_stop_exec     id=0x20016A38
[t=32,500,640us] task_start_exec    ble id=0x200031DC
[t=32,500,658us] task_stop_exec     ble id=0x200031DC
[t=32,500,661us] task_start_exec    id=0x20016A38
[t=32,500,664us] idle
[t=32,505,637us] task_stop_exec     id=0x20016A38
[t=32,505,640us] task_start_exec    ble id=0x200031DC
[t=32,505,659us] task_stop_exec     ble id=0x200031DC
[t=32,505,662us] task_start_exec    id=0x20016A38
[t=32,505,665us] idle
[t=32,508,637us] task_stop_exec     id=0x20016A38
[t=32,508,640us] task_start_exec    key id=0x20006160
[t=32,508,648us] task_stop_exec     key id=0x20006160
[t=32,508,650us] task_start_exec    ppg id=0x20002A60
[t=32,510,034us] task_stop_exec     ppg id=0x20002A60
[t=32,510,038us] task_start_exec    key id=0x20006160
[t=32,510,050us] task_stop_exec     key id=0x20006160
[t=32,510,053us] task_start_exec    id=0x20016A38
[t=32,510,056us] idle
[t=32,510,569us] task_stop_exec     id=0x20016A38
[t=32,510,572us] task_start_exec    ppg id=0x20002A60
[t=32,510,592us] task_stop_exec     ppg id=0x20002A60
[t=32,510,595us] task_start_exec    id=0x20016A38
[t=32,510,598us] idle
[t=32,510,637us] task_stop_exec     id=0x20016A38
[t=32,510,640us] task_start_exec    ble id=0x200031DC
[t=32,510,658us] task_stop_exec     ble id=0x200031DC
[t=32,510,661us] task_start_exec    id=0x20016A38
[t=32,510,664us] idle
[t=32,515,637us] task_stop_exec     id=0x20016A38
[t=32,515,640us] task_start_exec    ble id=0x200031DC
[t=32,515,658us] task_stop_exec     ble id=0x200031DC
[t=32,515,662us] task_start_exec    id=0x20016A38
[t=32,515,665us] idle
[t=32,519,637us] task_stop_exec     id=0x20016A38
[t=32,519,640us] task_start_exec    ppg id=0x20002A60
[t=32,520,637us] task_stop_exec     ppg id=0x20002A60
[t=32,520,640us] task_start_exec    ble id=0x200031DC
[t=32,520,658us] task_stop_exec     ble id=0x200031DC
[t=32,520,661us] task_start_exec    ppg id=0x20002A60
[t=32,521,024us] task_stop_exec     ppg id=0x20002A60
[t=32,521,027us] task_start_exec    id=0x20016A38
[t=32,521,030us] idle
[t=32,521,558us] task_stop_exec     id=0x20016A38
[t=32,521,561us] task_start_exec    ppg id=0x20002A60
[t=32,521,581us] task_stop_exec     ppg id=0x20002A60
[t=32,521,584us] task_start_exec    id=0x20016A38
[t=32,521,587us] idle
[t=32,525,637us] task_stop_exec     id=0x20016A38
[t=32,525,640us] task_start_exec    ble id=0x200031DC
[t=32,525,659us] task_stop_exec     ble id=0x200031DC
[t=32,525,662us] task_start_exec    id=0x20016A38
[t=32,525,665us] idle
[t=32,529,637us] task_stop_exec     id=0x20016A38
[t=32,529,640us] task_start_exec    key id=0x20006160
[t=32,529,654us] task_stop_exec     key id=0x20006160
[t=32,529,657us] task_start_exec    id=0x20016A38
[t=32,529,660us] idle
[t=32,530,637us] task_stop_exec     id=0x20016A38
[t=32,530,640us] task_start_exec    ppg id=0x20002A60
[t=32,530,648us] task_stop_exec     ppg id=0x20002A60
[t=32,530,650us] task_start_exec    ble id=0x200031DC
[t=32,530,668us] task_stop_exec     ble id=0x200031DC
[t=32,530,671us] task_start_exec    ppg id=0x20002A60
[t=32,532,054us] task_stop_exec     ppg id=0x20002A60
[t=32,532,057us] task_start_exec    id=0x20016A38
[t=32,532,060us] idle
[t=32,532,588us] task_stop_exec     id=0x20016A38
[t=32,532,591us] task_start_exec    ppg id=0x20002A60
[t=32,532,611us] task_stop_exec     ppg id=0x20002A60
[t=32,532,614us] task_start_exec    id=0x20016A38
[t=32,532,617us] idle
[t=32,535,637us] task_stop_exec     id=0x20016A38
[t=32,535,640us] task_start_exec    ble id=0x200031DC
[t=32,535,658us] task_stop_exec     ble id=0x200031DC
[t=32,535,661us] task_start_exec    id=0x20016A38
[t=32,535,664us] idle
[t=32,540,637us] task_stop_exec     id=0x20016A38
[t=32,540,640us] task_start_exec    ble id=0x200031DC
[t=32,540,658us] task_stop_exec     ble id=0x200031DC
[t=32,540,661us] task_start_exec    id=0x20016A38
[t=32,540,664us] idle
[t=32,541,637us] task_stop_exec     id=0x20016A38
[t=32,541,640us] task_start_exec    ppg id=0x20002A60
[t=32,543,024us] task_stop_exec     ppg id=0x20002A60
[t=32,543,027us] task_start_exec    id=0x20016A38
[t=32,543,030us] idle
[t=32,543,558us] task_stop_exec     id=0x20016A38
[t=32,543,561us] task_start_exec    ppg id=0x20002A60
[t=32,543,581us] task_stop_exec     ppg id=0x20002A60
[t=32,543,584us] task_start_exec    id=0x20016A38
[t=32,543,587us] idle
[t=32,545,637us] task_stop_exec     id=0x20016A38
[t=32,545,640us] task_start_exec    ble id=0x200031DC
[t=32,545,659us] task_stop_exec     ble id=0x200031DC
[t=32,545,662us] task_start_exec    id=0x20016A38
[t=32,545,665us] idle
[t=32,549,637us] task_stop_exec     id=0x20016A38
[t=32,549,640us] task_start_exec    key id=0x20006160
[t=32,549,654us] task_stop_exec     key id=0x20006160
[t=32,549,657us] task_start_exec    id=0x20016A38
[t=32,549,660us] idle
[t=32,550,637us] task_stop_exec     id=0x20016A38
[t=32,550,640us] task_start_exec    ble id=0x200031DC
[t=32,550,659us] task_stop_exec     ble id=0x200031DC
[t=32,550,662us] task_start_exec    id=0x20016A38
[t=32,550,665us] idle
[t=32,552,637us] task_stop_exec     id=0x20016A38
[t=32,552,640us] task_start_exec    ppg id=0x20002A60
[t=32,553,723us] task_stop_exec     ppg id=0x20002A60
[t=32,553,726us] task_start_exec    id=0x20016A38
[t=32,553,729us] idle
[t=32,555,637us] task_stop_exec     id=0x20016A38
[t=32,555,640us] task_start_exec    ble id=0x200031DC
[t=32,555,658us] task_stop_exec     ble id=0x200031DC
[t=32,555,661us] task_start_exec    id=0x20016A38
[t=32,555,664us] idle
[t=32,560,637us] task_stop_exec     id=0x20016A38
[t=32,560,640us] task_start_exec    ble id=0x200031DC
[t=32,560,658us] task_stop_exec     ble id=0x200031DC
[t=32,560,662us] task_start_exec    id=0x20016A38
[t=32,560,665us] idle
[t=32,563,637us] task_stop_exec     id=0x20016A38
[t=32,563,640us] task_start_exec    ppg id=0x20002A60
[t=32,565,024us] task_stop_exec     ppg id=0x20002A60
[t=32,565,028us] task_start_exec    id=0x20016A38
[t=32,565,031us] idle
[t=32,565,558us] task_stop_exec     id=0x20016A38
[t=32,565,561us] task_start_exec    ppg id=0x20002A60
[t=32,565,582us] task_stop_exec     ppg id=0x20002A60
[t=32,565,585us] task_start_exec    id=0x20016A38
[t=32,565,588us] idle
[t=32,565,637us] task_stop_exec     id=0x20016A38
[t=32,565,640us] task_start_exec    ble id=0x200031DC
[t=32,565,658us] task_stop_exec     ble id=0x200031DC
[t=32,565,662us] task_start_exec    id=0x20016A38
[t=32,565,664us] idle
[t=32,569,637us] task_stop_exec     id=0x20016A38
[t=32,569,640us] task_start_exec    key id=0x20006160
[t=32,569,654us] task_stop_exec     key id=0x20006160
[t=32,569,657us] task_start_exec    id=0x20016A38
[t=32,569,660us] idle
[t=32,570,637us] task_stop_exec     id=0x20016A38
[t=32,570,640us] task_start_exec    ble id=0x200031DC
[t=32,570,659us] task_stop_exec     ble id=0x200031DC
[t=32,570,662us] task_start_exec    id=0x20016A38
[t=32,570,665us] idle
[t=32,574,637us] task_stop_exec     id=0x20016A38
[t=32,574,640us] task_start_exec    ppg id=0x20002A60
[t=32,575,637us] task_stop_exec     ppg id=0x20002A60
[t=32,575,640us] task_start_exec    ble id=0x200031DC
[t=32,575,658us] task_stop_exec     ble id=0x200031DC
[t=32,575,661us] task_start_exec    ppg id=0x20002A60
[t=32,576,024us] task_stop_exec     ppg id=0x20002A60
[t=32,576,028us] task_start_exec    id=0x20016A38
[t=32,576,031us] idle
[t=32,576,558us] task_stop_exec     id=0x20016A38
[t=32,576,561us] task_start_exec    ppg id=0x20002A60
[t=32,576,582us] task_stop_exec     ppg id=0x20002A60
[t=32,576,585us] task_start_exec    id=0x20016A38
[t=32,576,588us] idle
[t=32,580,637us] task_stop_exec     id=0x20016A38
[t=32,580,640us] task_start_exec    ble id=0x200031DC
[t=32,580,658us] task_stop_exec     ble id=0x200031DC
[t=32,580,662us] task_start_exec    id=0x20016A38
[t=32,580,665us] idle
[t=32,585,637us] task_stop_exec     id=0x20016A38
[t=32,585,640us] task_start_exec    ppg id=0x20002A60
[t=32,585,648us] task_stop_exec     ppg id=0x20002A60
[t=32,585,650us] task_start_exec    ble id=0x200031DC
[t=32,585,668us] task_stop_exec     ble id=0x200031DC
[t=32,585,671us] task_start_exec    ppg id=0x20002A60
[t=32,587,054us] task_stop_exec     ppg id=0x20002A60
[t=32,587,058us] task_start_exec    id=0x20016A38
[t=32,587,061us] idle
[t=32,587,588us] task_stop_exec     id=0x20016A38
[t=32,587,591us] task_start_exec    ppg id=0x20002A60
[t=32,587,612us] task_stop_exec     ppg id=0x20002A60
[t=32,587,615us] task_start_exec    id=0x20016A38
[t=32,587,618us] idle
[t=32,589,637us] task_stop_exec     id=0x20016A38
[t=32,589,640us] task_start_exec    key id=0x20006160
[t=32,589,654us] task_stop_exec     key id=0x20006160
[t=32,589,657us] task_start_exec    id=0x20016A38
[t=32,589,660us] idle
[t=32,590,637us] task_stop_exec     id=0x20016A38
[t=32,590,640us] task_start_exec    ble id=0x200031DC
[t=32,590,658us] task_stop_exec     ble id=0x200031DC
[t=32,590,661us] task_start_exec    id=0x20016A38
[t=32,590,664us] idle
[t=32,595,637us] task_stop_exec     id=0x20016A38
[t=32,595,640us] task_start_exec    ble id=0x200031DC
[t=32,595,658us] task_stop_exec     ble id=0x200031DC
[t=32,595,662us] task_start_exec    id=0x20016A38
[t=32,595,664us] idle
[t=32,596,637us] task_stop_exec     id=0x20016A38
[t=32,596,640us] task_start_exec    ppg id=0x20002A60
[t=32,598,024us] task_stop_exec     ppg id=0x20002A60
[t=32,598,027us] task_start_exec    id=0x20016A38
[t=32,598,030us] idle
[t=32,598,558us] task_stop_exec     id=0x20016A38
[t=32,598,561us] task_start_exec    ppg id=0x20002A60
[t=32,598,581us] task_stop_exec     ppg id=0x20002A60
[t=32,598,584us] task_start_exec    id=0x20016A38
[t=32,598,587us] idle
[t=32,600,637us] task_stop_exec     id=0x20016A38
[t=32,600,640us] task_start_exec    ble id=0x200031DC
[t=32,600,658us] task_stop_exec     ble id=0x200031DC
[t=32,600,661us] task_start_exec    id=0x20016A38
[t=32,600,664us] idle
[t=32,605,637us] task_stop_exec     id=0x20016A38
[t=32,605,640us] task_start_exec    ble id=0x200031DC
[t=32,605,659us] task_stop_exec     ble id=0x200031DC
[t=32,605,662us] task_start_exec    id=0x20016A38
[t=32,605,665us] idle
[t=32,607,637us] task_stop_exec     id=0x20016A38
[t=32,607,640us] task_start_exec    ppg id=0x20002A60
[t=32,609,025us] task_stop_exec     ppg id=0x20002A60
[t=32,609,028us] task_start_exec    id=0x20016A38
[t=32,609,031us] idle
[t=32,609,559us] task_stop_exec     id=0x20016A38
[t=32,609,562us] task_start_exec    ppg id=0x20002A60
[t=32,609,582us] task_stop_exec     ppg id=0x20002A60
[t=32,609,585us] task_start_exec    id=0x20016A38
[t=32,609,588us] idle
[t=32,609,637us] task_stop_exec     id=0x20016A38
[t=32,609,640us] task_start_exec    key id=0x20006160
[t=32,609,654us] task_stop_exec     key id=0x20006160
[t=32,609,657us] task_start_exec    id=0x20016A38
[t=32,609,660us] idle
[t=32,610,637us] task_stop_exec     id=0x20016A38
[t=32,610,640us] task_start_exec    ble id=0x200031DC
[t=32,610,658us] task_stop_exec     ble id=0x200031DC
[t=32,610,661us] task_start_exec    id=0x20016A38
[t=32,610,664us] idle
[t=32,615,637us] task_stop_exec     id=0x20016A38
[t=32,615,640us] task_start_exec    ble id=0x200031DC
[t=32,615,658us] task_stop_exec     ble id=0x200031DC
[t=32,615,662us] task_start_exec    id=0x20016A38
[t=32,615,665us] idle
[t=32,618,637us] task_stop_exec     id=0x20016A38
[t=32,618,640us] task_start_exec    ppg id=0x20002A60
[t=32,619,723us] task_stop_exec     ppg id=0x20002A60
[t=32,619,727us] task_start_exec    id=0x20016A38
[t=32,619,730us] idle
[t=32,620,637us] task_stop_exec     id=0x20016A38
[t=32,620,640us] task_start_exec    ble id=0x200031DC
[t=32,620,658us] task_stop_exec     ble id=0x200031DC
[t=32,620,661us] task_start_exec    id=0x20016A38
[t=32,620,664us] idle
[t=32,625,637us] task_stop_exec     id=0x20016A38
[t=32,625,640us] task_start_exec    ble id=0x200031DC
[t=32,625,659us] task_stop_exec     ble id=0x200031DC
[t=32,625,662us] task_start_exec    id=0x20016A38
[t=32,625,665us] idle
[t=32,629,637us] task_stop_exec     id=0x20016A38
[t=32,629,640us] task_start_exec    key id=0x20006160
[t=32,629,648us] task_stop_exec     key id=0x20006160
[t=32,629,650us] task_start_exec    ppg id=0x20002A60
[t=32,630,637us] task_stop_exec     ppg id=0x20002A60
[t=32,630,640us] task_start_exec    ble id=0x200031DC
[t=32,630,658us] task_stop_exec     ble id=0x200031DC
[t=32,630,661us] task_start_exec    ppg id=0x20002A60
[t=32,631,034us] task_stop_exec     ppg id=0x20002A60
[t=32,631,037us] task_start_exec    key id=0x20006160
[t=32,631,049us] task_stop_exec     key id=0x20006160
[t=32,631,053us] task_start_exec    id=0x20016A38
[t=32,631,056us] idle
[t=32,631,568us] task_stop_exec     id=0x20016A38
[t=32,631,571us] task_start_exec    ppg id=0x20002A60
[t=32,631,591us] task_stop_exec     ppg id=0x20002A60
[t=32,631,595us] task_start_exec    id=0x20016A38
[t=32,631,598us] idle
[t=32,635,637us] task_stop_exec     id=0x20016A38
[t=32,635,640us] task_start_exec    ble id=0x200031DC
[t=32,635,659us] task_stop_exec     ble id=0x200031DC
[t=32,635,662us] task_start_exec    id=0x20016A38
[t=32,635,665us] idle
[t=32,640,637us] task_stop_exec     id=0x20016A38
[t=32,640,640us] task_start_exec    ppg id=0x20002A60
[t=32,640,648us] task_stop_exec     ppg id=0x20002A60
[t=32,640,650us] task_start_exec    ble id=0x200031DC
[t=32,640,668us] task_stop_exec     ble id=0x200031DC
[t=32,640,671us] task_start_exec    ppg id=0x20002A60
[t=32,642,054us] task_stop_exec     ppg id=0x20002A60
[t=32,642,058us] task_start_exec    id=0x20016A38
[t=32,642,061us] idle
[t=32,642,588us] task_stop_exec     id=0x20016A38
[t=32,642,591us] task_start_exec    ppg id=0x20002A60
[t=32,642,612us] task_stop_exec     ppg id=0x20002A60
[t=32,642,615us] task_start_exec    id=0x20016A38
[t=32,642,618us] idle
[t=32,645,637us] task_stop_exec     id=0x20016A38
[t=32,645,640us] task_start_exec    ble id=0x200031DC
[t=32,645,658us] task_stop_exec     ble id=0x200031DC
[t=32,645,662us] task_start_exec    id=0x20016A38
[t=32,645,665us] idle
[t=32,650,637us] task_stop_exec     id=0x20016A38
[t=32,650,640us] task_start_exec    key id=0x20006160
[t=32,650,648us] task_stop_exec     key id=0x20006160
[t=32,650,650us] task_start_exec    ble id=0x200031DC
[t=32,650,668us] task_stop_exec     ble id=0x200031DC
[t=32,650,671us] task_start_exec    key id=0x20006160
[t=32,650,684us] task_stop_exec     key id=0x20006160
[t=32,650,687us] task_start_exec    id=0x20016A38
[t=32,650,690us] idle
[t=32,651,637us] task_stop_exec     id=0x20016A38
[t=32,651,641us] task_start_exec    ppg id=0x20002A60
[t=32,653,024us] task_stop_exec     ppg id=0x20002A60
[t=32,653,028us] task_start_exec    id=0x20016A38
[t=32,653,031us] idle
[t=32,653,558us] task_stop_exec     id=0x20016A38
[t=32,653,561us] task_start_exec    ppg id=0x20002A60
[t=32,653,582us] task_stop_exec     ppg id=0x20002A60
[t=32,653,585us] task_start_exec    id=0x20016A38
[t=32,653,588us] idle
[t=32,655,637us] task_stop_exec     id=0x20016A38
[t=32,655,640us] task_start_exec    ble id=0x200031DC
[t=32,655,658us] task_stop_exec     ble id=0x200031DC
[t=32,655,661us] task_start_exec    id=0x20016A38
[t=32,655,664us] idle
[t=32,660,637us] task_stop_exec     id=0x20016A38
[t=32,660,640us] task_start_exec    ble id=0x200031DC
[t=32,660,658us] task_stop_exec     ble id=0x200031DC
[t=32,660,662us] task_start_exec    id=0x20016A38
[t=32,660,665us] idle
[t=32,662,637us] task_stop_exec     id=0x20016A38
[t=32,662,640us] task_start_exec    ppg id=0x20002A60
[t=32,664,024us] task_stop_exec     ppg id=0x20002A60
[t=32,664,027us] task_start_exec    id=0x20016A38
[t=32,664,030us] idle
[t=32,664,558us] task_stop_exec     id=0x20016A38
[t=32,664,561us] task_start_exec    ppg id=0x20002A60
[t=32,664,581us] task_stop_exec     ppg id=0x20002A60
[t=32,664,584us] task_start_exec    id=0x20016A38
[t=32,664,587us] idle
[t=32,665,637us] task_stop_exec     id=0x20016A38
[t=32,665,640us] task_start_exec    ble id=0x200031DC
[t=32,665,658us] task_stop_exec     ble id=0x200031DC
[t=32,665,662us] task_start_exec    id=0x20016A38
[t=32,665,665us] idle
[t=32,670,637us] task_stop_exec     id=0x20016A38
[t=32,670,640us] task_start_exec    key id=0x20006160
[t=32,670,648us] task_stop_exec     key id=0x20006160
[t=32,670,650us] task_start_exec    ble id=0x200031DC
[t=32,670,668us] task_stop_exec     ble id=0x200031DC
[t=32,670,671us] task_start_exec    key id=0x20006160
[t=32,670,684us] task_stop_exec     key id=0x20006160
[t=32,670,687us] task_start_exec    id=0x20016A38
[t=32,670,690us] idle
[t=32,673,637us] task_stop_exec     id=0x20016A38
[t=32,673,640us] task_start_exec    ppg id=0x20002A60
[t=32,674,723us] task_stop_exec     ppg id=0x20002A60
[t=32,674,727us] task_start_exec    id=0x20016A38
[t=32,674,730us] idle
[t=32,675,637us] task_stop_exec     id=0x20016A38
[t=32,675,640us] task_start_exec    ble id=0x200031DC
[t=32,675,658us] task_stop_exec     ble id=0x200031DC
[t=32,675,661us] task_start_exec    id=0x20016A38
[t=32,675,664us] idle
[t=32,680,637us] task_stop_exec     id=0x20016A38
[t=32,680,640us] task_start_exec    ble id=0x200031DC
[t=32,680,658us] task_stop_exec     ble id=0x200031DC
[t=32,680,662us] task_start_exec    id=0x20016A38
[t=32,680,665us] idle
[t=32,684,637us] task_stop_exec     id=0x20016A38
[t=32,684,640us] task_start_exec    ppg id=0x20002A60
[t=32,685,637us] task_stop_exec     ppg id=0x20002A60
[t=32,685,640us] task_start_exec    ble id=0x200031DC
[t=32,685,658us] task_stop_exec     ble id=0x200031DC
[t=32,685,661us] task_start_exec    ppg id=0x20002A60
[t=32,686,024us] task_stop_exec     ppg id=0x20002A60
[t=32,686,027us] task_start_exec    id=0x20016A38
[t=32,686,030us] idle
[t=32,686,558us] task_stop_exec     id=0x20016A38
[t=32,686,561us] task_start_exec    ppg id=0x20002A60
[t=32,686,581us] task_stop_exec     ppg id=0x20002A60
[t=32,686,584us] task_start_exec    id=0x20016A38
[t=32,686,587us] idle
[t=32,690,637us] task_stop_exec     id=0x20016A38
[t=32,690,640us] task_start_exec    key id=0x20006160
[t=32,690,648us] task_stop_exec     key id=0x20006160
[t=32,690,650us] task_start_exec    ble id=0x200031DC
[t=32,690,668us] task_stop_exec     ble id=0x200031DC
[t=32,690,671us] task_start_exec    key id=0x20006160
[t=32,690,684us] task_stop_exec     key id=0x20006160
[t=32,690,687us] task_start_exec    id=0x20016A38
[t=32,690,690us] idle
[t=32,695,637us] task_stop_exec     id=0x20016A38
[t=32,695,640us] task_start_exec    ppg id=0x20002A60
[t=32,695,648us] task_stop_exec     ppg id=0x20002A60
[t=32,695,650us] task_start_exec    ble id=0x200031DC
[t=32,695,668us] task_stop_exec     ble id=0x200031DC
[t=32,695,671us] task_start_exec    ppg id=0x20002A60
[t=32,697,054us] task_stop_exec     ppg id=0x20002A60
[t=32,697,058us] task_start_exec    id=0x20016A38
[t=32,697,061us] idle
[t=32,697,588us] task_stop_exec     id=0x20016A38
[t=32,697,591us] task_start_exec    ppg id=0x20002A60
[t=32,697,611us] task_stop_exec     ppg id=0x20002A60
[t=32,697,615us] task_start_exec    id=0x20016A38
[t=32,697,618us] idle
[t=32,700,637us] task_stop_exec     id=0x20016A38
[t=32,700,640us] task_start_exec    ble id=0x200031DC
[t=32,700,658us] task_stop_exec     ble id=0x200031DC
[t=32,700,661us] task_start_exec    id=0x20016A38
[t=32,700,664us] idle
[t=32,705,637us] task_stop_exec     id=0x20016A38
[t=32,705,640us] task_start_exec    ble id=0x200031DC
[t=32,705,658us] task_stop_exec     ble id=0x200031DC
[t=32,705,662us] task_start_exec    id=0x20016A38
[t=32,705,665us] idle
[t=32,706,637us] task_stop_exec     id=0x20016A38
[t=32,706,640us] task_start_exec    ppg id=0x20002A60
[t=32,708,024us] task_stop_exec     ppg id=0x20002A60
[t=32,708,027us] task_start_exec    id=0x20016A38
[t=32,708,030us] idle
[t=32,708,558us] task_stop_exec     id=0x20016A38
[t=32,708,561us] task_start_exec    ppg id=0x20002A60
[t=32,708,581us] task_stop_exec     ppg id=0x20002A60
[t=32,708,584us] task_start_exec    id=0x20016A38
[t=32,708,587us] idle
[t=32,710,637us] task_stop_exec     id=0x20016A38
[t=32,710,640us] task_start_exec    key id=0x20006160
[t=32,710,648us] task_stop_exec     key id=0x20006160
[t=32,710,650us] task_start_exec    ble id=0x200031DC
[t=32,710,668us] task_stop_exec     ble id=0x200031DC
[t=32,710,671us] task_start_exec    key id=0x20006160
[t=32,710,684us] task_stop_exec     key id=0x20006160
[t=32,710,687us] task_start_exec    id=0x20016A38
[t=32,710,690us] idle
[t=32,715,637us] task_stop_exec     id=0x20016A38
[t=32,715,640us] task_start_exec    ble id=0x200031DC
[t=32,715,659us] task_stop_exec     ble id=0x200031DC
[t=32,715,662us] task_start_exec    id=0x20016A38
[t=32,715,665us] idle
[t=32,717,637us] task_stop_exec     id=0x20016A38
[t=32,717,640us] task_start_exec    ppg id=0x20002A60
[t=32,719,024us] task_stop_exec     ppg id=0x20002A60
[t=32,719,027us] task_start_exec    id=0x20016A38
[t=32,719,030us] idle
[t=32,719,558us] task_stop_exec     id=0x20016A38
[t=32,719,561us] task_start_exec    ppg id=0x20002A60
[t=32,719,581us] task_stop_exec     ppg id=0x20002A60
[t=32,719,584us] task_start_exec    id=0x20016A38
[t=32,719,587us] idle
[t=32,720,637us] task_stop_exec     id=0x20016A38
[t=32,720,640us] task_start_exec    ble id=0x200031DC
[t=32,720,658us] task_stop_exec     ble id=0x200031DC
[t=32,720,661us] task_start_exec    id=0x20016A38
[t=32,720,664us] idle
[t=32,725,637us] task_stop_exec     id=0x20016A38
[t=32,725,640us] task_start_exec    ble id=0x200031DC
[t=32,725,658us] task_stop_exec     ble id=0x200031DC
[t=32,725,662us] task_start_exec    id=0x20016A38
[t=32,725,665us] idle
[t=32,728,637us] task_stop_exec     id=0x20016A38
[t=32,728,640us] task_start_exec    ppg id=0x20002A60
[t=32,730,024us] task_stop_exec     ppg id=0x20002A60
[t=32,730,027us] task_start_exec    id=0x20016A38
[t=32,730,030us] idle
[t=32,730,558us] task_stop_exec     id=0x20016A38
[t=32,730,561us] task_start_exec    ppg id=0x20002A60
[t=32,730,581us] task_stop_exec     ppg id=0x20002A60
[t=32,730,584us] task_start_exec    id=0x20016A38
[t=32,730,587us] idle
[t=32,730,637us] task_stop_exec     id=0x20016A38
[t=32,730,640us] task_start_exec    key id=0x20006160
[t=32,730,647us] task_stop_exec     key id=0x20006160
[t=32,730,650us] task_start_exec    ble id=0x200031DC
[t=32,730,668us] task_stop_exec     ble id=0x200031DC
[t=32,730,671us] task_start_exec    key id=0x20006160
[t=32,730,684us] task_stop_exec     key id=0x20006160
[t=32,730,687us] task_start_exec    id=0x20016A38
[t=32,730,690us] idle
[t=32,735,637us] task_stop_exec     id=0x20016A38
[t=32,735,640us] task_start_exec    ble id=0x200031DC
[t=32,735,659us] task_stop_exec     ble id=0x200031DC
[t=32,735,662us] task_start_exec    id=0x20016A38
[t=32,735,665us] idle
[t=32,739,637us] task_stop_exec     id=0x20016A38
[t=32,739,640us] task_start_exec    ppg id=0x20002A60
[t=32,740,637us] task_stop_exec     ppg id=0x20002A60
[t=32,740,640us] task_start_exec    ble id=0x200031DC
[t=32,740,658us] task_stop_exec     ble id=0x200031DC
[t=32,740,661us] task_start_exec    ppg id=0x20002A60
[t=32,740,723us] task_stop_exec     ppg id=0x20002A60
[t=32,740,726us] task_start_exec    id=0x20016A38
[t=32,740,729us] idle
[t=32,745,637us] task_stop_exec     id=0x20016A38
[t=32,745,640us] task_start_exec    ble id=0x200031DC
[t=32,745,658us] task_stop_exec     ble id=0x200031DC
[t=32,745,661us] task_start_exec    id=0x20016A38
[t=32,745,664us] idle
[t=32,750,637us] task_stop_exec     id=0x20016A38
[t=32,750,640us] task_start_exec    key id=0x20006160
[t=32,750,648us] task_stop_exec     key id=0x20006160
[t=32,750,650us] task_start_exec    ppg id=0x20002A60
[t=32,750,658us] task_stop_exec     ppg id=0x20002A60
[t=32,750,661us] task_start_exec    ble id=0x200031DC
[t=32,750,678us] task_stop_exec     ble id=0x200031DC
[t=32,750,681us] task_start_exec    ppg id=0x20002A60
[t=32,752,063us] task_stop_exec     ppg id=0x20002A60
[t=32,752,066us] task_start_exec    key id=0x20006160
[t=32,752,079us] task_stop_exec     key id=0x20006160
[t=32,752,082us] task_start_exec    id=0x20016A38
[t=32,752,085us] idle
[t=32,752,598us] task_stop_exec     id=0x20016A38
[t=32,752,601us] task_start_exec    ppg id=0x20002A60
[t=32,752,621us] task_stop_exec     ppg id=0x20002A60
[t=32,752,624us] task_start_exec    id=0x20016A38
[t=32,752,627us] idle
[t=32,755,637us] task_stop_exec     id=0x20016A38
[t=32,755,640us] task_start_exec    ble id=0x200031DC
[t=32,755,658us] task_stop_exec     ble id=0x200031DC
[t=32,755,661us] task_start_exec    id=0x20016A38
[t=32,755,664us] idle
[t=32,760,637us] task_stop_exec     id=0x20016A38
[t=32,760,640us] task_start_exec    ble id=0x200031DC
[t=32,760,658us] task_stop_exec     ble id=0x200031DC
[t=32,760,662us] task_start_exec    id=0x20016A38
[t=32,760,665us] idle
[t=32,761,637us] task_stop_exec     id=0x20016A38
[t=32,761,640us] task_start_exec    ppg id=0x20002A60
[t=32,763,024us] task_stop_exec     ppg id=0x20002A60
[t=32,763,027us] task_start_exec    id=0x20016A38
[t=32,763,030us] idle
[t=32,763,558us] task_stop_exec     id=0x20016A38
[t=32,763,561us] task_start_exec    ppg id=0x20002A60
[t=32,763,581us] task_stop_exec     ppg id=0x20002A60
[t=32,763,584us] task_start_exec    id=0x20016A38
[t=32,763,587us] idle
[t=32,765,637us] task_stop_exec     id=0x20016A38
[t=32,765,640us] task_start_exec    ble id=0x200031DC
[t=32,765,658us] task_stop_exec     ble id=0x200031DC
[t=32,765,661us] task_start_exec    id=0x20016A38
[t=32,765,664us] idle
[t=32,770,637us] task_stop_exec     id=0x20016A38
[t=32,770,640us] task_start_exec    ble id=0x200031DC
[t=32,770,659us] task_stop_exec     ble id=0x200031DC
[t=32,770,662us] task_start_exec    id=0x20016A38
[t=32,770,665us] idle
[t=32,771,637us] task_stop_exec     id=0x20016A38
[t=32,771,640us] task_start_exec    key id=0x20006160
[t=32,771,654us] task_stop_exec     key id=0x20006160
[t=32,771,657us] task_start_exec    id=0x20016A38
[t=32,771,660us] idle
[t=32,772,637us] task_stop_exec     id=0x20016A38
[t=32,772,640us] task_start_exec    ppg id=0x20002A60
[t=32,774,024us] task_stop_exec     ppg id=0x20002A60
[t=32,774,027us] task_start_exec    id=0x20016A38
[t=32,774,030us] idle
[t=32,774,558us] task_stop_exec     id=0x20016A38
[t=32,774,561us] task_start_exec    ppg id=0x20002A60
[t=32,774,581us] task_stop_exec     ppg id=0x20002A60
[t=32,774,584us] task_start_exec    id=0x20016A38
[t=32,774,587us] idle
[t=32,775,637us] task_stop_exec     id=0x20016A38
[t=32,775,640us] task_start_exec    ble id=0x200031DC
[t=32,775,658us] task_stop_exec     ble id=0x200031DC
[t=32,775,661us] task_start_exec    id=0x20016A38
[t=32,775,664us] idle
[t=32,780,637us] task_stop_exec     id=0x20016A38
[t=32,780,640us] task_start_exec    ble id=0x200031DC
[t=32,780,658us] task_stop_exec     ble id=0x200031DC
[t=32,780,662us] task_start_exec    id=0x20016A38
[t=32,780,665us] idle
[t=32,783,637us] task_stop_exec     id=0x20016A38
[t=32,783,640us] task_start_exec    ppg id=0x20002A60
[t=32,785,024us] task_stop_exec     ppg id=0x20002A60
[t=32,785,027us] task_start_exec    id=0x20016A38
[t=32,785,030us] idle
[t=32,785,558us] task_stop_exec     id=0x20016A38
[t=32,785,561us] task_start_exec    ppg id=0x20002A60
[t=32,785,581us] task_stop_exec     ppg id=0x20002A60
[t=32,785,584us] task_start_exec    id=0x20016A38
[t=32,785,587us] idle
[t=32,785,637us] task_stop_exec     id=0x20016A38
[t=32,785,640us] task_start_exec    ble id=0x200031DC
[t=32,785,658us] task_stop_exec     ble id=0x200031DC
[t=32,785,661us] task_start_exec    id=0x20016A38
[t=32,785,664us] idle
[t=32,790,637us] task_stop_exec     id=0x20016A38
[t=32,790,640us] task_start_exec    ble id=0x200031DC
[t=32,790,659us] task_stop_exec     ble id=0x200031DC
[t=32,790,662us] task_start_exec    id=0x20016A38
[t=32,790,665us] idle
[t=32,791,637us] task_stop_exec     id=0x20016A38
[t=32,791,640us] task_start_exec    key id=0x20006160
[t=32,791,654us] task_stop_exec     key id=0x20006160
[t=32,791,657us] task_start_exec    id=0x20016A38
[t=32,791,660us] idle
[t=32,794,637us] task_stop_exec     id=0x20016A38
[t=32,794,640us] task_start_exec    ppg id=0x20002A60
[t=32,795,637us] task_stop_exec     ppg id=0x20002A60
[t=32,795,640us] task_start_exec    ble id=0x200031DC
[t=32,795,658us] task_stop_exec     ble id=0x200031DC
[t=32,795,661us] task_start_exec    ppg id=0x20002A60
[t=32,796,024us] task_stop_exec     ppg id=0x20002A60
[t=32,796,027us] task_start_exec    id=0x20016A38
[t=32,796,030us] idle
[t=32,796,558us] task_stop_exec     id=0x20016A38
[t=32,796,561us] task_start_exec    ppg id=0x20002A60
[t=32,796,581us] task_stop_exec     ppg id=0x20002A60
[t=32,796,584us] task_start_exec    id=0x20016A38
[t=32,796,587us] idle
[t=32,800,637us] task_stop_exec     id=0x20016A38
[t=32,800,640us] task_start_exec    ble id=0x200031DC
[t=32,800,658us] task_stop_exec     ble id=0x200031DC
[t=32,800,662us] task_start_exec    id=0x20016A38
[t=32,800,665us] idle
[t=32,805,637us] task_stop_exec     id=0x20016A38
[t=32,805,640us] task_start_exec    ppg id=0x20002A60
[t=32,805,648us] task_stop_exec     ppg id=0x20002A60
[t=32,805,650us] task_start_exec    ble id=0x200031DC
[t=32,805,668us] task_stop_exec     ble id=0x200031DC
[t=32,805,671us] task_start_exec    ppg id=0x20002A60
[t=32,806,754us] task_stop_exec     ppg id=0x20002A60
[t=32,806,757us] task_start_exec    id=0x20016A38
[t=32,806,760us] idle
[t=32,810,637us] task_stop_exec     id=0x20016A38
[t=32,810,640us] task_start_exec    ble id=0x200031DC
[t=32,810,658us] task_stop_exec     ble id=0x200031DC
[t=32,810,662us] task_start_exec    id=0x20016A38
[t=32,810,664us] idle
[t=32,811,637us] task_stop_exec     id=0x20016A38
[t=32,811,640us] task_start_exec    key id=0x20006160
[t=32,811,654us] task_stop_exec     key id=0x20006160
[t=32,811,657us] task_start_exec    id=0x20016A38
[t=32,811,660us] idle
[t=32,815,637us] task_stop_exec     id=0x20016A38
[t=32,815,640us] task_start_exec    ble id=0x200031DC
[t=32,815,659us] task_stop_exec     ble id=0x200031DC
[t=32,815,662us] task_start_exec    id=0x20016A38
[t=32,815,665us] idle
[t=32,816,637us] task_stop_exec     id=0x20016A38
[t=32,816,640us] task_start_exec    ppg id=0x20002A60
[t=32,818,024us] task_stop_exec     ppg id=0x20002A60
[t=32,818,027us] task_start_exec    id=0x20016A38
[t=32,818,030us] idle
[t=32,818,558us] task_stop_exec     id=0x20016A38
[t=32,818,561us] task_start_exec    ppg id=0x20002A60
[t=32,818,581us] task_stop_exec     ppg id=0x20002A60
[t=32,818,584us] task_start_exec    id=0x20016A38
[t=32,818,587us] idle
[t=32,820,637us] task_stop_exec     id=0x20016A38
[t=32,820,640us] task_start_exec    ble id=0x200031DC
[t=32,820,658us] task_stop_exec     ble id=0x200031DC
[t=32,820,661us] task_start_exec    id=0x20016A38
[t=32,820,664us] idle
[t=32,825,637us] task_stop_exec     id=0x20016A38
[t=32,825,640us] task_start_exec    ble id=0x200031DC
[t=32,825,658us] task_stop_exec     ble id=0x200031DC
[t=32,825,662us] task_start_exec    id=0x20016A38
[t=32,825,664us] idle
[t=32,827,637us] task_stop_exec     id=0x20016A38
[t=32,827,640us] task_start_exec    ppg id=0x20002A60
[t=32,829,025us] task_stop_exec     ppg id=0x20002A60
[t=32,829,028us] task_start_exec    id=0x20016A38
[t=32,829,031us] idle
[t=32,829,559us] task_stop_exec     id=0x20016A38
[t=32,829,562us] task_start_exec    ppg id=0x20002A60
[t=32,829,582us] task_stop_exec     ppg id=0x20002A60
[t=32,829,585us] task_start_exec    id=0x20016A38
[t=32,829,588us] idle
[t=32,830,637us] task_stop_exec     id=0x20016A38
[t=32,830,640us] task_start_exec    ble id=0x200031DC
[t=32,830,659us] task_stop_exec     ble id=0x200031DC
[t=32,830,662us] task_start_exec    id=0x20016A38
[t=32,830,665us] idle
[t=32,831,637us] task_stop_exec     id=0x20016A38
[t=32,831,640us] task_start_exec    key id=0x20006160
[t=32,831,654us] task_stop_exec     key id=0x20006160
[t=32,831,657us] task_start_exec    id=0x20016A38
[t=32,831,660us] idle
[t=32,835,637us] task_stop_exec     id=0x20016A38
[t=32,835,640us] task_start_exec    ble id=0x200031DC
[t=32,835,659us] task_stop_exec     ble id=0x200031DC
[t=32,835,662us] task_start_exec    id=0x20016A38
[t=32,835,665us] idle
[t=32,838,637us] task_stop_exec     id=0x20016A38
[t=32,838,640us] task_start_exec    ppg id=0x20002A60
[t=32,840,024us] task_stop_exec     ppg id=0x20002A60
[t=32,840,027us] task_start_exec    id=0x20016A38
[t=32,840,030us] idle
[t=32,840,558us] task_stop_exec     id=0x20016A38
[t=32,840,561us] task_start_exec    ppg id=0x20002A60
[t=32,840,581us] task_stop_exec     ppg id=0x20002A60
[t=32,840,584us] task_start_exec    id=0x20016A38
[t=32,840,587us] idle
[t=32,840,637us] task_stop_exec     id=0x20016A38
[t=32,840,640us] task_start_exec    ble id=0x200031DC
[t=32,840,658us] task_stop_exec     ble id=0x200031DC
[t=32,840,661us] task_start_exec    id=0x20016A38
[t=32,840,664us] idle
[t=32,845,637us] task_stop_exec     id=0x20016A38
[t=32,845,640us] task_start_exec    ble id=0x200031DC
[t=32,845,658us] task_stop_exec     ble id=0x200031DC
[t=32,845,662us] task_start_exec    id=0x20016A38
[t=32,845,665us] idle
[t=32,849,637us] task_stop_exec     id=0x20016A38
[t=32,849,640us] task_start_exec    ppg id=0x20002A60
[t=32,850,637us] task_stop_exec     ppg id=0x20002A60
[t=32,850,640us] task_start_exec    ble id=0x200031DC
[t=32,850,658us] task_stop_exec     ble id=0x200031DC
[t=32,850,661us] task_start_exec    ppg id=0x20002A60
[t=32,851,024us] task_stop_exec     ppg id=0x20002A60
[t=32,851,027us] task_start_exec    id=0x20016A38
[t=32,851,030us] idle
[t=32,851,558us] task_stop_exec     id=0x20016A38
[t=32,851,561us] task_start_exec    ppg id=0x20002A60
[t=32,851,581us] task_stop_exec     ppg id=0x20002A60
[t=32,851,585us] task_start_exec    id=0x20016A38
[t=32,851,588us] idle
[t=32,851,637us] task_stop_exec     id=0x20016A38
[t=32,851,640us] task_start_exec    key id=0x20006160
[t=32,851,654us] task_stop_exec     key id=0x20006160
[t=32,851,657us] task_start_exec    id=0x20016A38
[t=32,851,660us] idle
[t=32,855,637us] task_stop_exec     id=0x20016A38
[t=32,855,640us] task_start_exec    ble id=0x200031DC
[t=32,855,659us] task_stop_exec     ble id=0x200031DC
[t=32,855,662us] task_start_exec    id=0x20016A38
[t=32,855,665us] idle
[t=32,860,637us] task_stop_exec     id=0x20016A38
[t=32,860,640us] task_start_exec    ppg id=0x20002A60
[t=32,860,648us] task_stop_exec     ppg id=0x20002A60
[t=32,860,650us] task_start_exec    ble id=0x200031DC
[t=32,860,668us] task_stop_exec     ble id=0x200031DC
[t=32,860,671us] task_start_exec    ppg id=0x20002A60
[t=32,862,054us] task_stop_exec     ppg id=0x20002A60
[t=32,862,058us] task_start_exec    id=0x20016A38
[t=32,862,061us] idle
[t=32,862,588us] task_stop_exec     id=0x20016A38
[t=32,862,591us] task_start_exec    ppg id=0x20002A60
[t=32,862,618us] task_stop_exec     ppg id=0x20002A60
[t=32,862,621us] task_start_exec    spo2 id=0x20004D40
[t=32,865,637us] task_stop_exec     spo2 id=0x20004D40
[t=32,865,640us] task_start_exec    ble id=0x200031DC
[t=32,865,659us] task_stop_exec     ble id=0x200031DC
[t=32,865,662us] task_start_exec    spo2 id=0x20004D40
[t=32,870,637us] task_stop_exec     spo2 id=0x20004D40
[t=32,870,640us] task_start_exec    ble id=0x200031DC
[t=32,870,659us] task_stop_exec     ble id=0x200031DC
[t=32,870,662us] task_start_exec    spo2 id=0x20004D40
[t=32,871,637us] task_stop_exec     spo2 id=0x20004D40
[t=32,871,640us] task_start_exec    key id=0x20006160
[t=32,871,648us] task_stop_exec     key id=0x20006160
[t=32,871,650us] task_start_exec    ppg id=0x20002A60
[t=32,872,734us] task_stop_exec     ppg id=0x20002A60
[t=32,872,737us] task_start_exec    key id=0x20006160
[t=32,872,749us] task_stop_exec     key id=0x20006160
[t=32,872,752us] task_start_exec    spo2 id=0x20004D40
[t=32,875,637us] task_stop_exec     spo2 id=0x20004D40
[t=32,875,640us] task_start_exec    ble id=0x200031DC
[t=32,875,658us] task_stop_exec     ble id=0x200031DC
[t=32,875,661us] task_start_exec    spo2 id=0x20004D40
[t=32,880,637us] task_stop_exec     spo2 id=0x20004D40
[t=32,880,640us] task_start_exec    ble id=0x200031DC
[t=32,880,659us] task_stop_exec     ble id=0x200031DC
[t=32,880,662us] task_start_exec    spo2 id=0x20004D40
[t=32,882,637us] task_stop_exec     spo2 id=0x20004D40
[t=32,882,640us] task_start_exec    ppg id=0x20002A60
[t=32,884,025us] task_stop_exec     ppg id=0x20002A60
[t=32,884,028us] task_start_exec    spo2 id=0x20004D40
[t=32,884,559us] task_stop_exec     spo2 id=0x20004D40
[t=32,884,562us] task_start_exec    ppg id=0x20002A60
[t=32,884,582us] task_stop_exec     ppg id=0x20002A60
[t=32,884,585us] task_start_exec    spo2 id=0x20004D40
[t=32,885,637us] task_stop_exec     spo2 id=0x20004D40
[t=32,885,640us] task_start_exec    ble id=0x200031DC
[t=32,885,659us] task_stop_exec     ble id=0x200031DC
[t=32,885,662us] task_start_exec    spo2 id=0x20004D40
[t=32,890,637us] task_stop_exec     spo2 id=0x20004D40
[t=32,890,640us] task_start_exec    ble id=0x200031DC
[t=32,890,659us] task_stop_exec     ble id=0x200031DC
[t=32,890,662us] task_start_exec    spo2 id=0x20004D40
[t=32,892,637us] task_stop_exec     spo2 id=0x20004D40
[t=32,892,640us] task_start_exec    key id=0x20006160
[t=32,892,655us] task_stop_exec     key id=0x20006160
[t=32,892,658us] task_start_exec    spo2 id=0x20004D40
[t=32,893,637us] task_stop_exec     spo2 id=0x20004D40
[t=32,893,640us] task_start_exec    ppg id=0x20002A60
[t=32,895,024us] task_stop_exec     ppg id=0x20002A60
[t=32,895,027us] task_start_exec    spo2 id=0x20004D40
[t=32,895,558us] task_stop_exec     spo2 id=0x20004D40
[t=32,895,561us] task_start_exec    ppg id=0x20002A60
[t=32,895,582us] task_stop_exec     ppg id=0x20002A60
[t=32,895,585us] task_start_exec    spo2 id=0x20004D40
[t=32,895,637us] task_stop_exec     spo2 id=0x20004D40
[t=32,895,640us] task_start_exec    ble id=0x200031DC
[t=32,895,658us] task_stop_exec     ble id=0x200031DC
[t=32,895,661us] task_start_exec    spo2 id=0x20004D40
[t=32,900,637us] task_stop_exec     spo2 id=0x20004D40
[t=32,900,640us] task_start_exec    ble id=0x200031DC
[t=32,900,659us] task_stop_exec     ble id=0x200031DC
[t=32,900,662us] task_start_exec    spo2 id=0x20004D40
[t=32,904,637us] task_stop_exec     spo2 id=0x20004D40
[t=32,904,640us] task_start_exec    ppg id=0x20002A60
[t=32,905,637us] task_stop_exec     ppg id=0x20002A60
[t=32,905,640us] task_start_exec    ble id=0x200031DC
[t=32,905,658us] task_stop_exec     ble id=0x200031DC
[t=32,905,661us] task_start_exec    ppg id=0x20002A60
[t=32,906,025us] task_stop_exec     ppg id=0x20002A60
[t=32,906,028us] task_start_exec    spo2 id=0x20004D40
[t=32,906,559us] task_stop_exec     spo2 id=0x20004D40
[t=32,906,562us] task_start_exec    ppg id=0x20002A60
[t=32,906,582us] task_stop_exec     ppg id=0x20002A60
[t=32,906,585us] task_start_exec    spo2 id=0x20004D40
[t=32,910,637us] task_stop_exec     spo2 id=0x20004D40
[t=32,910,640us] task_start_exec    ble id=0x200031DC
[t=32,910,659us] task_stop_exec     ble id=0x200031DC
[t=32,910,662us] task_start_exec    spo2 id=0x20004D40

[OK] SystemView 会话结束
