[*] 连接 MKLink（端口: COM7）...
[TX] cmd.get_idcode()
[SERIAL] cmd.get_idcode()
[SERIAL] idcode = 0X2BA01477
[SERIAL] 731911287
[RX] <<<
[OK] 连接成功
[OK] SystemView 已启动 (RTT 控制块: 0x20017148, 通道: 1)
[*] 解码 RTOS 事件 3.0 秒（Ctrl+C 中断）...

[t=1,286us] task_stop_exec
[t=1,288us] task_start_exec    id=0x200031DC
[t=1,298us] task_stop_exec     id=0x200031DC
[t=1,299us] task_start_exec    id=0x20016A38
[t=1,301us] idle
[t=3,429us] task_stop_exec     id=0x20016A38
[t=3,432us] trace_stop
[t=24,650,970us] trace_start
[t=57,518,936us] init
[t=57,518,950us] sysdesc
[t=57,518,960us] sysdesc
[t=57,518,960us] systime_us
[t=57,518,960us] isr_exit
[t=57,518,960us] trace_start
[t=57,518,965us] stack_info         id=0x20004D40
[t=57,518,973us] task_info          ppg id=0x20002A60
[t=57,518,978us] stack_info         ppg id=0x20002A60
[t=57,518,986us] task_info          ble id=0x200031DC
[t=57,518,990us] stack_info         ble id=0x200031DC
[t=57,518,999us] task_info          key id=0x20006160
[t=57,519,003us] stack_info         key id=0x20006160
[t=57,519,012us] task_info          power id=0x20005DE0
[t=57,519,016us] stack_info         power id=0x20005DE0
[t=57,519,025us] task_info          timer id=0x20016DE8
[t=57,519,030us] stack_info         timer id=0x20016DE8
[t=57,519,038us] nummodules
[t=57,519,042us] task_start_exec    ppg id=0x20002A60
[t=57,519,070us] task_stop_exec     ppg id=0x20002A60
[t=57,519,074us] task_start_exec    id=0x20016A38
[t=57,519,078us] idle
[t=57,522,986us] task_stop_exec     id=0x20016A38
[t=57,522,990us] task_start_exec    ble id=0x200031DC
[t=57,523,012us] task_stop_exec     ble id=0x200031DC
[t=57,523,016us] task_start_exec    id=0x20016A38
[t=57,523,020us] idle
[t=57,527,986us] task_stop_exec     id=0x20016A38
[t=57,527,990us] task_start_exec    ble id=0x200031DC
[t=57,528,013us] task_stop_exec     ble id=0x200031DC
[t=57,528,017us] task_start_exec    id=0x20016A38
[t=57,528,020us] idle
[t=57,528,986us] task_stop_exec     id=0x20016A38
[t=57,528,990us] task_start_exec    ppg id=0x20002A60
[t=57,530,379us] task_stop_exec     ppg id=0x20002A60
[t=57,530,383us] task_start_exec    id=0x20016A38
[t=57,530,387us] idle
[t=57,530,912us] task_stop_exec     id=0x20016A38
[t=57,530,916us] task_start_exec    ppg id=0x20002A60
[t=57,530,941us] task_stop_exec     ppg id=0x20002A60
[t=57,530,945us] task_start_exec    id=0x20016A38
[t=57,530,948us] idle
[t=57,530,986us] task_stop_exec     id=0x20016A38
[t=57,530,990us] task_start_exec    key id=0x20006160
[t=57,531,007us] task_stop_exec     key id=0x20006160
[t=57,531,011us] task_start_exec    id=0x20016A38
[t=57,531,015us] idle
[t=57,532,986us] task_stop_exec     id=0x20016A38
[t=57,532,990us] task_start_exec    ble id=0x200031DC
[t=57,533,012us] task_stop_exec     ble id=0x200031DC
[t=57,533,016us] task_start_exec    id=0x20016A38
[t=57,533,020us] idle
[t=57,537,986us] task_stop_exec     id=0x20016A38
[t=57,537,990us] task_start_exec    ble id=0x200031DC
[t=57,538,013us] task_stop_exec     ble id=0x200031DC
[t=57,538,016us] task_start_exec    id=0x20016A38
[t=57,538,020us] idle
[t=57,539,986us] task_stop_exec     id=0x20016A38
[t=57,539,990us] task_start_exec    ppg id=0x20002A60
[t=57,541,379us] task_stop_exec     ppg id=0x20002A60
[t=57,541,383us] task_start_exec    id=0x20016A38
[t=57,541,387us] idle
[t=57,541,912us] task_stop_exec     id=0x20016A38
[t=57,541,916us] task_start_exec    ppg id=0x20002A60
[t=57,541,940us] task_stop_exec     ppg id=0x20002A60
[t=57,541,944us] task_start_exec    id=0x20016A38
[t=57,541,948us] idle
[t=57,542,986us] task_stop_exec     id=0x20016A38
[t=57,542,990us] task_start_exec    ble id=0x200031DC
[t=57,543,012us] task_stop_exec     ble id=0x200031DC
[t=57,543,016us] task_start_exec    id=0x20016A38
[t=57,543,020us] idle
[t=57,547,986us] task_stop_exec     id=0x20016A38
[t=57,547,990us] task_start_exec    ble id=0x200031DC
[t=57,548,013us] task_stop_exec     ble id=0x200031DC
[t=57,548,017us] task_start_exec    id=0x20016A38
[t=57,548,020us] idle
[t=57,550,986us] task_stop_exec     id=0x20016A38
[t=57,550,990us] task_start_exec    key id=0x20006160
[t=57,550,999us] task_stop_exec     key id=0x20006160
[t=57,551,003us] task_start_exec    ppg id=0x20002A60
[t=57,552,391us] task_stop_exec     ppg id=0x20002A60
[t=57,552,395us] task_start_exec    key id=0x20006160
[t=57,552,410us] task_stop_exec     key id=0x20006160
[t=57,552,414us] task_start_exec    id=0x20016A38
[t=57,552,418us] idle
[t=57,552,925us] task_stop_exec     id=0x20016A38
[t=57,552,929us] task_start_exec    ppg id=0x20002A60
[t=57,552,953us] task_stop_exec     ppg id=0x20002A60
[t=57,552,957us] task_start_exec    id=0x20016A38
[t=57,552,960us] idle
[t=57,552,986us] task_stop_exec     id=0x20016A38
[t=57,552,990us] task_start_exec    ble id=0x200031DC
[t=57,553,012us] task_stop_exec     ble id=0x200031DC
[t=57,553,016us] task_start_exec    id=0x20016A38
[t=57,553,020us] idle
[t=57,557,986us] task_stop_exec     id=0x20016A38
[t=57,557,990us] task_start_exec    ble id=0x200031DC
[t=57,558,013us] task_stop_exec     ble id=0x200031DC
[t=57,558,016us] task_start_exec    id=0x20016A38
[t=57,558,020us] idle
[t=57,561,986us] task_stop_exec     id=0x20016A38
[t=57,561,990us] task_start_exec    ppg id=0x20002A60
[t=57,562,986us] task_stop_exec     ppg id=0x20002A60
[t=57,562,990us] task_start_exec    ble id=0x200031DC
[t=57,563,013us] task_stop_exec     ble id=0x200031DC
[t=57,563,017us] task_start_exec    ppg id=0x20002A60
[t=57,563,378us] task_stop_exec     ppg id=0x20002A60
[t=57,563,382us] task_start_exec    id=0x20016A38
[t=57,563,386us] idle
[t=57,563,912us] task_stop_exec     id=0x20016A38
[t=57,563,915us] task_start_exec    ppg id=0x20002A60
[t=57,563,940us] task_stop_exec     ppg id=0x20002A60
[t=57,563,944us] task_start_exec    id=0x20016A38
[t=57,563,947us] idle
[t=57,567,986us] task_stop_exec     id=0x20016A38
[t=57,567,990us] task_start_exec    ble id=0x200031DC
[t=57,568,013us] task_stop_exec     ble id=0x200031DC
[t=57,568,017us] task_start_exec    id=0x20016A38
[t=57,568,020us] idle
[t=57,571,986us] task_stop_exec     id=0x20016A38
[t=57,571,990us] task_start_exec    key id=0x20006160
[t=57,572,007us] task_stop_exec     key id=0x20006160
[t=57,572,011us] task_start_exec    id=0x20016A38
[t=57,572,015us] idle
[t=57,572,986us] task_stop_exec     id=0x20016A38
[t=57,572,990us] task_start_exec    ppg id=0x20002A60
[t=57,572,999us] task_stop_exec     ppg id=0x20002A60
[t=57,573,003us] task_start_exec    ble id=0x200031DC
[t=57,573,025us] task_stop_exec     ble id=0x200031DC
[t=57,573,029us] task_start_exec    ppg id=0x20002A60
[t=57,574,114us] task_stop_exec     ppg id=0x20002A60
[t=57,574,118us] task_start_exec    id=0x20016A38
[t=57,574,122us] idle
[t=57,577,986us] task_stop_exec     id=0x20016A38
[t=57,577,990us] task_start_exec    ble id=0x200031DC
[t=57,578,012us] task_stop_exec     ble id=0x200031DC
[t=57,578,016us] task_start_exec    id=0x20016A38
[t=57,578,020us] idle
[t=57,582,986us] task_stop_exec     id=0x20016A38
[t=57,582,990us] task_start_exec    ble id=0x200031DC
[t=57,583,013us] task_stop_exec     ble id=0x200031DC
[t=57,583,016us] task_start_exec    id=0x20016A38
[t=57,583,020us] idle
[t=57,583,986us] task_stop_exec     id=0x20016A38
[t=57,583,990us] task_start_exec    ppg id=0x20002A60
[t=57,585,379us] task_stop_exec     ppg id=0x20002A60
[t=57,585,383us] task_start_exec    id=0x20016A38
[t=57,585,387us] idle
[t=57,585,912us] task_stop_exec     id=0x20016A38
[t=57,585,916us] task_start_exec    ppg id=0x20002A60
[t=57,585,940us] task_stop_exec     ppg id=0x20002A60
[t=57,585,944us] task_start_exec    id=0x20016A38
[t=57,585,948us] idle
[t=57,587,986us] task_stop_exec     id=0x20016A38
[t=57,587,990us] task_start_exec    ble id=0x200031DC
[t=57,588,013us] task_stop_exec     ble id=0x200031DC
[t=57,588,017us] task_start_exec    id=0x20016A38
[t=57,588,020us] idle
[t=57,591,987us] task_stop_exec     id=0x20016A38
[t=57,591,991us] task_start_exec    key id=0x20006160
[t=57,592,008us] task_stop_exec     key id=0x20006160
[t=57,592,012us] task_start_exec    id=0x20016A38
[t=57,592,016us] idle
[t=57,592,986us] task_stop_exec     id=0x20016A38
[t=57,592,990us] task_start_exec    ble id=0x200031DC
[t=57,593,013us] task_stop_exec     ble id=0x200031DC
[t=57,593,017us] task_start_exec    id=0x20016A38
[t=57,593,020us] idle
[t=57,594,986us] task_stop_exec     id=0x20016A38
[t=57,594,990us] task_start_exec    ppg id=0x20002A60
[t=57,596,379us] task_stop_exec     ppg id=0x20002A60
[t=57,596,383us] task_start_exec    id=0x20016A38
[t=57,596,387us] idle
[t=57,596,912us] task_stop_exec     id=0x20016A38
[t=57,596,916us] task_start_exec    ppg id=0x20002A60
[t=57,596,940us] task_stop_exec     ppg id=0x20002A60
[t=57,596,944us] task_start_exec    id=0x20016A38
[t=57,596,948us] idle
[t=57,597,986us] task_stop_exec     id=0x20016A38
[t=57,597,990us] task_start_exec    ble id=0x200031DC
[t=57,598,012us] task_stop_exec     ble id=0x200031DC
[t=57,598,016us] task_start_exec    id=0x20016A38
[t=57,598,020us] idle
[t=57,602,986us] task_stop_exec     id=0x20016A38
[t=57,602,990us] task_start_exec    ble id=0x200031DC
[t=57,603,013us] task_stop_exec     ble id=0x200031DC
[t=57,603,016us] task_start_exec    id=0x20016A38
[t=57,603,020us] idle
[t=57,605,986us] task_stop_exec     id=0x20016A38
[t=57,605,990us] task_start_exec    ppg id=0x20002A60
[t=57,607,378us] task_stop_exec     ppg id=0x20002A60
[t=57,607,382us] task_start_exec    id=0x20016A38
[t=57,607,386us] idle
[t=57,607,912us] task_stop_exec     id=0x20016A38
[t=57,607,915us] task_start_exec    ppg id=0x20002A60
[t=57,607,940us] task_stop_exec     ppg id=0x20002A60
[t=57,607,944us] task_start_exec    id=0x20016A38
[t=57,607,947us] idle
[t=57,607,986us] task_stop_exec     id=0x20016A38
[t=57,607,990us] task_start_exec    ble id=0x200031DC
[t=57,608,013us] task_stop_exec     ble id=0x200031DC
[t=57,608,017us] task_start_exec    id=0x20016A38
[t=57,608,020us] idle
[t=57,611,986us] task_stop_exec     id=0x20016A38
[t=57,611,990us] task_start_exec    key id=0x20006160
[t=57,612,007us] task_stop_exec     key id=0x20006160
[t=57,612,011us] task_start_exec    id=0x20016A38
[t=57,612,015us] idle
[t=57,612,986us] task_stop_exec     id=0x20016A38
[t=57,612,990us] task_start_exec    ble id=0x200031DC
[t=57,613,013us] task_stop_exec     ble id=0x200031DC
[t=57,613,017us] task_start_exec    id=0x20016A38
[t=57,613,020us] idle
[t=57,616,986us] task_stop_exec     id=0x20016A38
[t=57,616,990us] task_start_exec    ppg id=0x20002A60
[t=57,617,986us] task_stop_exec     ppg id=0x20002A60
[t=57,617,990us] task_start_exec    ble id=0x200031DC
[t=57,618,013us] task_stop_exec     ble id=0x200031DC
[t=57,618,017us] task_start_exec    ppg id=0x20002A60
[t=57,618,378us] task_stop_exec     ppg id=0x20002A60
[t=57,618,382us] task_start_exec    id=0x20016A38
[t=57,618,386us] idle
[t=57,618,911us] task_stop_exec     id=0x20016A38
[t=57,618,915us] task_start_exec    ppg id=0x20002A60
[t=57,618,940us] task_stop_exec     ppg id=0x20002A60
[t=57,618,943us] task_start_exec    id=0x20016A38
[t=57,618,947us] idle
[t=57,622,986us] task_stop_exec     id=0x20016A38
[t=57,622,990us] task_start_exec    ble id=0x200031DC
[t=57,623,013us] task_stop_exec     ble id=0x200031DC
[t=57,623,017us] task_start_exec    id=0x20016A38
[t=57,623,020us] idle
[t=57,627,986us] task_stop_exec     id=0x20016A38
[t=57,627,990us] task_start_exec    ppg id=0x20002A60
[t=57,627,999us] task_stop_exec     ppg id=0x20002A60
[t=57,628,003us] task_start_exec    ble id=0x200031DC
[t=57,628,025us] task_stop_exec     ble id=0x200031DC
[t=57,628,029us] task_start_exec    ppg id=0x20002A60
[t=57,629,416us] task_stop_exec     ppg id=0x20002A60
[t=57,629,420us] task_start_exec    id=0x20016A38
[t=57,629,423us] idle
[t=57,629,949us] task_stop_exec     id=0x20016A38
[t=57,629,953us] task_start_exec    ppg id=0x20002A60
[t=57,629,977us] task_stop_exec     ppg id=0x20002A60
[t=57,629,981us] task_start_exec    id=0x20016A38
[t=57,629,985us] idle
[t=57,631,986us] task_stop_exec     id=0x20016A38
[t=57,631,990us] task_start_exec    key id=0x20006160
[t=57,632,008us] task_stop_exec     key id=0x20006160
[t=57,632,011us] task_start_exec    id=0x20016A38
[t=57,632,015us] idle
[t=57,632,986us] task_stop_exec     id=0x20016A38
[t=57,632,990us] task_start_exec    ble id=0x200031DC
[t=57,633,012us] task_stop_exec     ble id=0x200031DC
[t=57,633,016us] task_start_exec    id=0x20016A38
[t=57,633,020us] idle
[t=57,637,986us] task_stop_exec     id=0x20016A38
[t=57,637,990us] task_start_exec    ble id=0x200031DC
[t=57,638,013us] task_stop_exec     ble id=0x200031DC
[t=57,638,016us] task_start_exec    id=0x20016A38
[t=57,638,020us] idle
[t=57,638,986us] task_stop_exec     id=0x20016A38
[t=57,638,990us] task_start_exec    ppg id=0x20002A60
[t=57,640,078us] task_stop_exec     ppg id=0x20002A60
[t=57,640,082us] task_start_exec    id=0x20016A38
[t=57,640,085us] idle
[t=57,642,986us] task_stop_exec     id=0x20016A38
[t=57,642,990us] task_start_exec    ble id=0x200031DC
[t=57,643,012us] task_stop_exec     ble id=0x200031DC
[t=57,643,016us] task_start_exec    id=0x20016A38
[t=57,643,020us] idle
[t=57,647,986us] task_stop_exec     id=0x20016A38
[t=57,647,990us] task_start_exec    ble id=0x200031DC
[t=57,648,013us] task_stop_exec     ble id=0x200031DC
[t=57,648,017us] task_start_exec    id=0x20016A38
[t=57,648,020us] idle
[t=57,649,986us] task_stop_exec     id=0x20016A38
[t=57,649,990us] task_start_exec    ppg id=0x20002A60
[t=57,651,380us] task_stop_exec     ppg id=0x20002A60
[t=57,651,384us] task_start_exec    id=0x20016A38
[t=57,651,387us] idle
[t=57,651,913us] task_stop_exec     id=0x20016A38
[t=57,651,917us] task_start_exec    ppg id=0x20002A60
[t=57,651,941us] task_stop_exec     ppg id=0x20002A60
[t=57,651,945us] task_start_exec    id=0x20016A38
[t=57,651,949us] idle
[t=57,651,986us] task_stop_exec     id=0x20016A38
[t=57,651,990us] task_start_exec    key id=0x20006160
[t=57,652,007us] task_stop_exec     key id=0x20006160
[t=57,652,011us] task_start_exec    id=0x20016A38
[t=57,652,015us] idle
[t=57,652,986us] task_stop_exec     id=0x20016A38
[t=57,652,990us] task_start_exec    ble id=0x200031DC
[t=57,653,012us] task_stop_exec     ble id=0x200031DC
[t=57,653,016us] task_start_exec    id=0x20016A38
[t=57,653,020us] idle
[t=57,657,986us] task_stop_exec     id=0x20016A38
[t=57,657,990us] task_start_exec    ble id=0x200031DC
[t=57,658,013us] task_stop_exec     ble id=0x200031DC
[t=57,658,016us] task_start_exec    id=0x20016A38
[t=57,658,020us] idle
[t=57,660,986us] task_stop_exec     id=0x20016A38
[t=57,660,990us] task_start_exec    ppg id=0x20002A60
[t=57,662,378us] task_stop_exec     ppg id=0x20002A60
[t=57,662,382us] task_start_exec    id=0x20016A38
[t=57,662,386us] idle
[t=57,662,912us] task_stop_exec     id=0x20016A38
[t=57,662,915us] task_start_exec    ppg id=0x20002A60
[t=57,662,940us] task_stop_exec     ppg id=0x20002A60
[t=57,662,944us] task_start_exec    id=0x20016A38
[t=57,662,947us] idle
[t=57,662,987us] task_stop_exec     id=0x20016A38
[t=57,662,991us] task_start_exec    ble id=0x200031DC
[t=57,663,013us] task_stop_exec     ble id=0x200031DC
[t=57,663,017us] task_start_exec    id=0x20016A38
[t=57,663,020us] idle
[t=57,667,986us] task_stop_exec     id=0x20016A38
[t=57,667,997us] task_info          spo2 id=0x20004D40
[t=57,668,002us] stack_info         spo2 id=0x20004D40
[t=57,668,010us] task_info          ppg id=0x20002A60
[t=57,668,014us] stack_info         ppg id=0x20002A60
[t=57,668,023us] task_info          ble id=0x200031DC
[t=57,668,027us] stack_info         ble id=0x200031DC
[t=57,668,035us] task_info          key id=0x20006160
[t=57,668,040us] stack_info         key id=0x20006160
[t=57,668,049us] task_info          power id=0x20005DE0
[t=57,668,053us] stack_info         power id=0x20005DE0
[t=57,668,062us] task_info          timer id=0x20016DE8
[t=57,668,067us] stack_info         timer id=0x20016DE8
[t=57,668,075us] task_start_exec    ble id=0x200031DC
[t=57,668,098us] task_stop_exec     ble id=0x200031DC
[t=57,668,102us] task_start_exec    id=0x20016A38
[t=57,668,106us] idle
[t=57,671,986us] task_stop_exec     id=0x20016A38
[t=57,671,990us] task_start_exec    key id=0x20006160
[t=57,671,999us] task_stop_exec     key id=0x20006160
[t=57,672,003us] task_start_exec    ppg id=0x20002A60
[t=57,672,986us] task_stop_exec     ppg id=0x20002A60
[t=57,672,990us] task_start_exec    ble id=0x200031DC
[t=57,673,012us] task_stop_exec     ble id=0x200031DC
[t=57,673,016us] task_start_exec    ppg id=0x20002A60
[t=57,673,391us] task_stop_exec     ppg id=0x20002A60
[t=57,673,395us] task_start_exec    key id=0x20006160
[t=57,673,410us] task_stop_exec     key id=0x20006160
[t=57,673,414us] task_start_exec    id=0x20016A38
[t=57,673,418us] idle
[t=57,673,925us] task_stop_exec     id=0x20016A38
[t=57,673,929us] task_start_exec    ppg id=0x20002A60
[t=57,673,953us] task_stop_exec     ppg id=0x20002A60
[t=57,673,957us] task_start_exec    id=0x20016A38
[t=57,673,960us] idle
[t=57,677,986us] task_stop_exec     id=0x20016A38
[t=57,677,990us] task_start_exec    ble id=0x200031DC
[t=57,678,013us] task_stop_exec     ble id=0x200031DC
[t=57,678,017us] task_start_exec    id=0x20016A38
[t=57,678,020us] idle
[t=57,682,986us] task_stop_exec     id=0x20016A38
[t=57,682,990us] task_start_exec    ppg id=0x20002A60
[t=57,682,999us] task_stop_exec     ppg id=0x20002A60
[t=57,683,003us] task_start_exec    ble id=0x200031DC
[t=57,683,025us] task_stop_exec     ble id=0x200031DC
[t=57,683,029us] task_start_exec    ppg id=0x20002A60
[t=57,684,415us] task_stop_exec     ppg id=0x20002A60
[t=57,684,419us] task_start_exec    id=0x20016A38
[t=57,684,423us] idle
[t=57,684,949us] task_stop_exec     id=0x20016A38
[t=57,684,952us] task_start_exec    ppg id=0x20002A60
[t=57,684,977us] task_stop_exec     ppg id=0x20002A60
[t=57,684,981us] task_start_exec    id=0x20016A38
[t=57,684,984us] idle
[t=57,687,986us] task_stop_exec     id=0x20016A38
[t=57,687,990us] task_start_exec    ble id=0x200031DC
[t=57,688,013us] task_stop_exec     ble id=0x200031DC
[t=57,688,017us] task_start_exec    id=0x20016A38
[t=57,688,020us] idle
[t=57,692,986us] task_stop_exec     id=0x20016A38
[t=57,692,990us] task_start_exec    key id=0x20006160
[t=57,692,999us] task_stop_exec     key id=0x20006160
[t=57,693,003us] task_start_exec    ble id=0x200031DC
[t=57,693,025us] task_stop_exec     ble id=0x200031DC
[t=57,693,029us] task_start_exec    key id=0x20006160
[t=57,693,044us] task_stop_exec     key id=0x20006160
[t=57,693,048us] task_start_exec    id=0x20016A38
[t=57,693,052us] idle
[t=57,693,986us] task_stop_exec     id=0x20016A38
[t=57,693,990us] task_start_exec    ppg id=0x20002A60
[t=57,695,379us] task_stop_exec     ppg id=0x20002A60
[t=57,695,383us] task_start_exec    id=0x20016A38
[t=57,695,387us] idle
[t=57,695,912us] task_stop_exec     id=0x20016A38
[t=57,695,916us] task_start_exec    ppg id=0x20002A60
[t=57,695,940us] task_stop_exec     ppg id=0x20002A60
[t=57,695,944us] task_start_exec    id=0x20016A38
[t=57,695,948us] idle
[t=57,697,987us] task_stop_exec     id=0x20016A38
[t=57,697,991us] task_start_exec    ble id=0x200031DC
[t=57,698,013us] task_stop_exec     ble id=0x200031DC
[t=57,698,017us] task_start_exec    id=0x20016A38
[t=57,698,021us] idle
[t=57,702,986us] task_stop_exec     id=0x20016A38
[t=57,702,990us] task_start_exec    ble id=0x200031DC
[t=57,703,013us] task_stop_exec     ble id=0x200031DC
[t=57,703,016us] task_start_exec    id=0x20016A38
[t=57,703,020us] idle
[t=57,704,986us] task_stop_exec     id=0x20016A38
[t=57,704,990us] task_start_exec    ppg id=0x20002A60
[t=57,706,078us] task_stop_exec     ppg id=0x20002A60
[t=57,706,082us] task_start_exec    id=0x20016A38
[t=57,706,085us] idle
[t=57,707,986us] task_stop_exec     id=0x20016A38
[t=57,707,990us] task_start_exec    ble id=0x200031DC
[t=57,708,013us] task_stop_exec     ble id=0x200031DC
[t=57,708,016us] task_start_exec    id=0x20016A38
[t=57,708,020us] idle
[t=57,712,986us] task_stop_exec     id=0x20016A38
[t=57,712,990us] task_start_exec    key id=0x20006160
[t=57,712,999us] task_stop_exec     key id=0x20006160
[t=57,713,003us] task_start_exec    ble id=0x200031DC
[t=57,713,025us] task_stop_exec     ble id=0x200031DC
[t=57,713,029us] task_start_exec    key id=0x20006160
[t=57,713,044us] task_stop_exec     key id=0x20006160
[t=57,713,048us] task_start_exec    id=0x20016A38
[t=57,713,052us] idle
[t=57,715,986us] task_stop_exec     id=0x20016A38
[t=57,715,990us] task_start_exec    ppg id=0x20002A60
[t=57,717,378us] task_stop_exec     ppg id=0x20002A60
[t=57,717,383us] task_start_exec    id=0x20016A38
[t=57,717,386us] idle
[t=57,717,912us] task_stop_exec     id=0x20016A38
[t=57,717,916us] task_start_exec    ppg id=0x20002A60
[t=57,717,940us] task_stop_exec     ppg id=0x20002A60
[t=57,717,944us] task_start_exec    id=0x20016A38
[t=57,717,947us] idle
[t=57,717,986us] task_stop_exec     id=0x20016A38
[t=57,717,990us] task_start_exec    ble id=0x200031DC
[t=57,718,012us] task_stop_exec     ble id=0x200031DC
[t=57,718,016us] task_start_exec    id=0x20016A38
[t=57,718,020us] idle
[t=57,722,986us] task_stop_exec     id=0x20016A38
[t=57,722,990us] task_start_exec    ble id=0x200031DC
[t=57,723,013us] task_stop_exec     ble id=0x200031DC
[t=57,723,016us] task_start_exec    id=0x20016A38
[t=57,723,020us] idle
[t=57,726,986us] task_stop_exec     id=0x20016A38
[t=57,726,990us] task_start_exec    ppg id=0x20002A60
[t=57,727,986us] task_stop_exec     ppg id=0x20002A60
[t=57,727,990us] task_start_exec    ble id=0x200031DC
[t=57,728,013us] task_stop_exec     ble id=0x200031DC
[t=57,728,017us] task_start_exec    ppg id=0x20002A60
[t=57,728,378us] task_stop_exec     ppg id=0x20002A60
[t=57,728,382us] task_start_exec    id=0x20016A38
[t=57,728,386us] idle
[t=57,728,911us] task_stop_exec     id=0x20016A38
[t=57,728,915us] task_start_exec    ppg id=0x20002A60
[t=57,728,940us] task_stop_exec     ppg id=0x20002A60
[t=57,728,944us] task_start_exec    id=0x20016A38
[t=57,728,947us] idle
[t=57,732,987us] task_stop_exec     id=0x20016A38
[t=57,732,991us] task_start_exec    key id=0x20006160
[t=57,733,000us] task_stop_exec     key id=0x20006160
[t=57,733,004us] task_start_exec    ble id=0x200031DC
[t=57,733,026us] task_stop_exec     ble id=0x200031DC
[t=57,733,030us] task_start_exec    key id=0x20006160
[t=57,733,045us] task_stop_exec     key id=0x20006160
[t=57,733,049us] task_start_exec    id=0x20016A38
[t=57,733,053us] idle
[t=57,737,986us] task_stop_exec     id=0x20016A38
[t=57,737,990us] task_start_exec    ppg id=0x20002A60
[t=57,737,999us] task_stop_exec     ppg id=0x20002A60
[t=57,738,003us] task_start_exec    ble id=0x200031DC
[t=57,738,025us] task_stop_exec     ble id=0x200031DC
[t=57,738,029us] task_start_exec    ppg id=0x20002A60
[t=57,739,415us] task_stop_exec     ppg id=0x20002A60
[t=57,739,419us] task_start_exec    id=0x20016A38
[t=57,739,423us] idle
[t=57,739,949us] task_stop_exec     id=0x20016A38
[t=57,739,952us] task_start_exec    ppg id=0x20002A60
[t=57,739,977us] task_stop_exec     ppg id=0x20002A60
[t=57,739,981us] task_start_exec    id=0x20016A38
[t=57,739,984us] idle
[t=57,742,986us] task_stop_exec     id=0x20016A38
[t=57,742,990us] task_start_exec    ble id=0x200031DC
[t=57,743,012us] task_stop_exec     ble id=0x200031DC
[t=57,743,016us] task_start_exec    id=0x20016A38
[t=57,743,020us] idle
[t=57,747,986us] task_stop_exec     id=0x20016A38
[t=57,747,990us] task_start_exec    ble id=0x200031DC
[t=57,748,013us] task_stop_exec     ble id=0x200031DC
[t=57,748,017us] task_start_exec    id=0x20016A38
[t=57,748,020us] idle
[t=57,748,986us] task_stop_exec     id=0x20016A38
[t=57,748,990us] task_start_exec    ppg id=0x20002A60
[t=57,750,379us] task_stop_exec     ppg id=0x20002A60
[t=57,750,383us] task_start_exec    id=0x20016A38
[t=57,750,386us] idle
[t=57,750,912us] task_stop_exec     id=0x20016A38
[t=57,750,916us] task_start_exec    ppg id=0x20002A60
[t=57,750,940us] task_stop_exec     ppg id=0x20002A60
[t=57,750,944us] task_start_exec    id=0x20016A38
[t=57,750,948us] idle
[t=57,752,986us] task_stop_exec     id=0x20016A38
[t=57,752,990us] task_start_exec    key id=0x20006160
[t=57,752,999us] task_stop_exec     key id=0x20006160
[t=57,753,003us] task_start_exec    ble id=0x200031DC
[t=57,753,025us] task_stop_exec     ble id=0x200031DC
[t=57,753,029us] task_start_exec    key id=0x20006160
[t=57,753,044us] task_stop_exec     key id=0x20006160
[t=57,753,048us] task_start_exec    id=0x20016A38
[t=57,753,052us] idle
[t=57,757,986us] task_stop_exec     id=0x20016A38
[t=57,757,990us] task_start_exec    ble id=0x200031DC
[t=57,758,013us] task_stop_exec     ble id=0x200031DC
[t=57,758,017us] task_start_exec    id=0x20016A38
[t=57,758,020us] idle
[t=57,759,986us] task_stop_exec     id=0x20016A38
[t=57,759,990us] task_start_exec    ppg id=0x20002A60
[t=57,761,078us] task_stop_exec     ppg id=0x20002A60
[t=57,761,082us] task_start_exec    id=0x20016A38
[t=57,761,085us] idle
[t=57,762,986us] task_stop_exec     id=0x20016A38
[t=57,762,990us] task_start_exec    ble id=0x200031DC
[t=57,763,012us] task_stop_exec     ble id=0x200031DC
[t=57,763,016us] task_start_exec    id=0x20016A38
[t=57,763,020us] idle
[t=57,767,987us] task_stop_exec     id=0x20016A38
[t=57,767,991us] task_start_exec    ble id=0x200031DC
[t=57,768,013us] task_stop_exec     ble id=0x200031DC
[t=57,768,017us] task_start_exec    id=0x20016A38
[t=57,768,021us] idle
[t=57,770,986us] task_stop_exec     id=0x20016A38
[t=57,770,990us] task_start_exec    ppg id=0x20002A60
[t=57,772,379us] task_stop_exec     ppg id=0x20002A60
[t=57,772,383us] task_start_exec    id=0x20016A38
[t=57,772,387us] idle
[t=57,772,986us] task_stop_exec     id=0x20016A38
[t=57,772,990us] task_start_exec    key id=0x20006160
[t=57,772,999us] task_stop_exec     key id=0x20006160
[t=57,773,003us] task_start_exec    ble id=0x200031DC
[t=57,773,025us] task_stop_exec     ble id=0x200031DC
[t=57,773,029us] task_start_exec    key id=0x20006160
[t=57,773,044us] task_stop_exec     key id=0x20006160
[t=57,773,048us] task_start_exec    id=0x20016A38
[t=57,773,052us] idle
[t=57,773,183us] task_stop_exec     id=0x20016A38
[t=57,773,186us] task_start_exec    ppg id=0x20002A60
[t=57,773,211us] task_stop_exec     ppg id=0x20002A60
[t=57,773,215us] task_start_exec    id=0x20016A38
[t=57,773,219us] idle
[t=57,777,986us] task_stop_exec     id=0x20016A38
[t=57,777,990us] task_start_exec    ble id=0x200031DC
[t=57,778,013us] task_stop_exec     ble id=0x200031DC
[t=57,778,017us] task_start_exec    id=0x20016A38
[t=57,778,020us] idle
[t=57,782,986us] task_stop_exec     id=0x20016A38
[t=57,782,990us] task_start_exec    ppg id=0x20002A60
[t=57,782,999us] task_stop_exec     ppg id=0x20002A60
[t=57,783,003us] task_start_exec    ble id=0x200031DC
[t=57,783,025us] task_stop_exec     ble id=0x200031DC
[t=57,783,029us] task_start_exec    ppg id=0x20002A60
[t=57,784,114us] task_stop_exec     ppg id=0x20002A60
[t=57,784,119us] task_start_exec    id=0x20016A38
[t=57,784,122us] idle
[t=57,787,986us] task_stop_exec     id=0x20016A38
[t=57,787,990us] task_start_exec    ble id=0x200031DC
[t=57,788,013us] task_stop_exec     ble id=0x200031DC
[t=57,788,016us] task_start_exec    id=0x20016A38
[t=57,788,020us] idle
[t=57,792,986us] task_stop_exec     id=0x20016A38
[t=57,792,990us] task_start_exec    key id=0x20006160
[t=57,792,999us] task_stop_exec     key id=0x20006160
[t=57,793,003us] task_start_exec    ble id=0x200031DC
[t=57,793,025us] task_stop_exec     ble id=0x200031DC
[t=57,793,029us] task_start_exec    key id=0x20006160
[t=57,793,044us] task_stop_exec     key id=0x20006160
[t=57,793,048us] task_start_exec    id=0x20016A38
[t=57,793,052us] idle
[t=57,793,986us] task_stop_exec     id=0x20016A38
[t=57,793,990us] task_start_exec    ppg id=0x20002A60
[t=57,795,379us] task_stop_exec     ppg id=0x20002A60
[t=57,795,383us] task_start_exec    id=0x20016A38
[t=57,795,387us] idle
[t=57,796,182us] task_stop_exec     id=0x20016A38
[t=57,796,186us] task_start_exec    ppg id=0x20002A60
[t=57,796,213us] task_stop_exec     ppg id=0x20002A60
[t=57,796,217us] task_start_exec    id=0x20016A38
[t=57,796,221us] idle
[t=57,797,986us] task_stop_exec     id=0x20016A38
[t=57,797,990us] task_start_exec    ble id=0x200031DC
[t=57,798,012us] task_stop_exec     ble id=0x200031DC
[t=57,798,016us] task_start_exec    id=0x20016A38
[t=57,798,020us] idle
[t=57,802,987us] task_stop_exec     id=0x20016A38
[t=57,802,991us] task_start_exec    ble id=0x200031DC
[t=57,803,013us] task_stop_exec     ble id=0x200031DC
[t=57,803,017us] task_start_exec    id=0x20016A38
[t=57,803,021us] idle
[t=57,805,986us] task_stop_exec     id=0x20016A38
[t=57,805,990us] task_start_exec    ppg id=0x20002A60
[t=57,807,379us] task_stop_exec     ppg id=0x20002A60
[t=57,807,383us] task_start_exec    id=0x20016A38
[t=57,807,386us] idle
[t=57,807,912us] task_stop_exec     id=0x20016A38
[t=57,807,916us] task_start_exec    ppg id=0x20002A60
[t=57,807,940us] task_stop_exec     ppg id=0x20002A60
[t=57,807,944us] task_start_exec    id=0x20016A38
[t=57,807,948us] idle
[t=57,807,986us] task_stop_exec     id=0x20016A38
[t=57,807,990us] task_start_exec    ble id=0x200031DC
[t=57,808,013us] task_stop_exec     ble id=0x200031DC
[t=57,808,016us] task_start_exec    id=0x20016A38
[t=57,808,020us] idle
[t=57,812,986us] task_stop_exec     id=0x20016A38
[t=57,812,990us] task_start_exec    key id=0x20006160
[t=57,812,999us] task_stop_exec     key id=0x20006160
[t=57,813,003us] task_start_exec    ble id=0x200031DC
[t=57,813,025us] task_stop_exec     ble id=0x200031DC
[t=57,813,029us] task_start_exec    key id=0x20006160
[t=57,813,044us] task_stop_exec     key id=0x20006160
[t=57,813,048us] task_start_exec    id=0x20016A38
[t=57,813,052us] idle
[t=57,816,986us] task_stop_exec     id=0x20016A38
[t=57,816,990us] task_start_exec    ppg id=0x20002A60
[t=57,817,986us] task_stop_exec     ppg id=0x20002A60
[t=57,817,990us] task_start_exec    ble id=0x200031DC
[t=57,818,013us] task_stop_exec     ble id=0x200031DC
[t=57,818,017us] task_start_exec    ppg id=0x20002A60
[t=57,818,378us] task_stop_exec     ppg id=0x20002A60
[t=57,818,382us] task_start_exec    id=0x20016A38
[t=57,818,386us] idle
[t=57,818,911us] task_stop_exec     id=0x20016A38
[t=57,818,915us] task_start_exec    ppg id=0x20002A60
[t=57,818,940us] task_stop_exec     ppg id=0x20002A60
[t=57,818,943us] task_start_exec    id=0x20016A38
[t=57,818,947us] idle
[t=57,822,986us] task_stop_exec     id=0x20016A38
[t=57,822,990us] task_start_exec    ble id=0x200031DC
[t=57,823,013us] task_stop_exec     ble id=0x200031DC
[t=57,823,017us] task_start_exec    id=0x20016A38
[t=57,823,020us] idle
[t=57,827,986us] task_stop_exec     id=0x20016A38
[t=57,827,990us] task_start_exec    ppg id=0x20002A60
[t=57,827,999us] task_stop_exec     ppg id=0x20002A60
[t=57,828,003us] task_start_exec    ble id=0x200031DC
[t=57,828,025us] task_stop_exec     ble id=0x200031DC
[t=57,828,029us] task_start_exec    ppg id=0x20002A60
[t=57,829,416us] task_stop_exec     ppg id=0x20002A60
[t=57,829,420us] task_start_exec    id=0x20016A38
[t=57,829,424us] idle
[t=57,829,950us] task_stop_exec     id=0x20016A38
[t=57,829,953us] task_start_exec    ppg id=0x20002A60
[t=57,829,978us] task_stop_exec     ppg id=0x20002A60
[t=57,829,982us] task_start_exec    id=0x20016A38
[t=57,829,985us] idle
[t=57,832,986us] task_stop_exec     id=0x20016A38
[t=57,832,990us] task_start_exec    key id=0x20006160
[t=57,832,999us] task_stop_exec     key id=0x20006160
[t=57,833,003us] task_start_exec    ble id=0x200031DC
[t=57,833,025us] task_stop_exec     ble id=0x200031DC
[t=57,833,029us] task_start_exec    key id=0x20006160
[t=57,833,044us] task_stop_exec     key id=0x20006160
[t=57,833,048us] task_start_exec    id=0x20016A38
[t=57,833,052us] idle
[t=57,837,987us] task_stop_exec     id=0x20016A38
[t=57,837,991us] task_start_exec    ble id=0x200031DC
[t=57,838,013us] task_stop_exec     ble id=0x200031DC
[t=57,838,017us] task_start_exec    id=0x20016A38
[t=57,838,021us] idle
[t=57,838,986us] task_stop_exec     id=0x20016A38
[t=57,838,990us] task_start_exec    ppg id=0x20002A60
[t=57,840,078us] task_stop_exec     ppg id=0x20002A60
[t=57,840,082us] task_start_exec    id=0x20016A38
[t=57,840,086us] idle
[t=57,842,986us] task_stop_exec     id=0x20016A38
[t=57,842,990us] task_start_exec    ble id=0x200031DC
[t=57,843,012us] task_stop_exec     ble id=0x200031DC
[t=57,843,016us] task_start_exec    id=0x20016A38
[t=57,843,020us] idle
[t=57,847,986us] task_stop_exec     id=0x20016A38
[t=57,847,990us] task_start_exec    ble id=0x200031DC
[t=57,848,013us] task_stop_exec     ble id=0x200031DC
[t=57,848,017us] task_start_exec    id=0x20016A38
[t=57,848,020us] idle
[t=57,849,986us] task_stop_exec     id=0x20016A38
[t=57,849,990us] task_start_exec    ppg id=0x20002A60
[t=57,851,379us] task_stop_exec     ppg id=0x20002A60
[t=57,851,383us] task_start_exec    id=0x20016A38
[t=57,851,387us] idle
[t=57,851,912us] task_stop_exec     id=0x20016A38
[t=57,851,916us] task_start_exec    ppg id=0x20002A60
[t=57,851,940us] task_stop_exec     ppg id=0x20002A60
[t=57,851,944us] task_start_exec    id=0x20016A38
[t=57,851,948us] idle
[t=57,852,986us] task_stop_exec     id=0x20016A38
[t=57,852,990us] task_start_exec    key id=0x20006160
[t=57,852,999us] task_stop_exec     key id=0x20006160
[t=57,853,003us] task_start_exec    ble id=0x200031DC
[t=57,853,025us] task_stop_exec     ble id=0x200031DC
[t=57,853,029us] task_start_exec    key id=0x20006160
[t=57,853,044us] task_stop_exec     key id=0x20006160
[t=57,853,048us] task_start_exec    id=0x20016A38
[t=57,853,052us] idle
[t=57,857,986us] task_stop_exec     id=0x20016A38
[t=57,857,990us] task_start_exec    ble id=0x200031DC
[t=57,858,013us] task_stop_exec     ble id=0x200031DC
[t=57,858,017us] task_start_exec    id=0x20016A38
[t=57,858,020us] idle
[t=57,860,986us] task_stop_exec     id=0x20016A38
[t=57,860,990us] task_start_exec    ppg id=0x20002A60
[t=57,862,379us] task_stop_exec     ppg id=0x20002A60
[t=57,862,383us] task_start_exec    id=0x20016A38
[t=57,862,386us] idle
[t=57,862,912us] task_stop_exec     id=0x20016A38
[t=57,862,916us] task_start_exec    ppg id=0x20002A60
[t=57,862,940us] task_stop_exec     ppg id=0x20002A60
[t=57,862,944us] task_start_exec    id=0x20016A38
[t=57,862,948us] idle
[t=57,862,986us] task_stop_exec     id=0x20016A38
[t=57,862,990us] task_start_exec    ble id=0x200031DC
[t=57,863,012us] task_stop_exec     ble id=0x200031DC
[t=57,863,016us] task_start_exec    id=0x20016A38
[t=57,863,020us] idle
[t=57,867,986us] task_stop_exec     id=0x20016A38
[t=57,867,990us] task_start_exec    ble id=0x200031DC
[t=57,868,013us] task_stop_exec     ble id=0x200031DC
[t=57,868,017us] task_start_exec    id=0x20016A38
[t=57,868,020us] idle
[t=57,871,986us] task_stop_exec     id=0x20016A38
[t=57,871,990us] task_start_exec    ppg id=0x20002A60
[t=57,872,991us] task_stop_exec     ppg id=0x20002A60
[t=57,872,995us] task_start_exec    ble id=0x200031DC
[t=57,873,017us] task_stop_exec     ble id=0x200031DC
[t=57,873,020us] task_start_exec    ppg id=0x20002A60
[t=57,873,378us] task_stop_exec     ppg id=0x20002A60
[t=57,873,382us] task_start_exec    key id=0x20006160
[t=57,873,398us] task_stop_exec     key id=0x20006160
[t=57,873,402us] task_start_exec    id=0x20016A38
[t=57,873,405us] idle
[t=57,873,912us] task_stop_exec     id=0x20016A38
[t=57,873,916us] task_start_exec    ppg id=0x20002A60
[t=57,873,941us] task_stop_exec     ppg id=0x20002A60
[t=57,873,944us] task_start_exec    id=0x20016A38
[t=57,873,948us] idle
[t=57,877,986us] task_stop_exec     id=0x20016A38
[t=57,877,990us] task_start_exec    ble id=0x200031DC
[t=57,878,013us] task_stop_exec     ble id=0x200031DC
[t=57,878,017us] task_start_exec    id=0x20016A38
[t=57,878,020us] idle
[t=57,882,986us] task_stop_exec     id=0x20016A38
[t=57,882,990us] task_start_exec    ppg id=0x20002A60
[t=57,882,999us] task_stop_exec     ppg id=0x20002A60
[t=57,883,003us] task_start_exec    ble id=0x200031DC
[t=57,883,025us] task_stop_exec     ble id=0x200031DC
[t=57,883,029us] task_start_exec    ppg id=0x20002A60
[t=57,884,415us] task_stop_exec     ppg id=0x20002A60
[t=57,884,419us] task_start_exec    id=0x20016A38
[t=57,884,423us] idle
[t=57,884,948us] task_stop_exec     id=0x20016A38
[t=57,884,952us] task_start_exec    ppg id=0x20002A60
[t=57,884,977us] task_stop_exec     ppg id=0x20002A60
[t=57,884,981us] task_start_exec    id=0x20016A38
[t=57,884,984us] idle
[t=57,887,986us] task_stop_exec     id=0x20016A38
[t=57,887,990us] task_start_exec    ble id=0x200031DC
[t=57,888,013us] task_stop_exec     ble id=0x200031DC
[t=57,888,017us] task_start_exec    id=0x20016A38
[t=57,888,020us] idle
[t=57,892,986us] task_stop_exec     id=0x20016A38
[t=57,892,990us] task_start_exec    key id=0x20006160
[t=57,892,999us] task_stop_exec     key id=0x20006160
[t=57,893,003us] task_start_exec    ble id=0x200031DC
[t=57,893,025us] task_stop_exec     ble id=0x200031DC
[t=57,893,029us] task_start_exec    key id=0x20006160
[t=57,893,044us] task_stop_exec     key id=0x20006160
[t=57,893,048us] task_start_exec    id=0x20016A38
[t=57,893,052us] idle
[t=57,893,986us] task_stop_exec     id=0x20016A38
[t=57,893,990us] task_start_exec    ppg id=0x20002A60
[t=57,895,379us] task_stop_exec     ppg id=0x20002A60
[t=57,895,383us] task_start_exec    id=0x20016A38
[t=57,895,387us] idle
[t=57,895,912us] task_stop_exec     id=0x20016A38
[t=57,895,916us] task_start_exec    ppg id=0x20002A60
[t=57,895,940us] task_stop_exec     ppg id=0x20002A60
[t=57,895,944us] task_start_exec    id=0x20016A38
[t=57,895,948us] idle
[t=57,897,986us] task_stop_exec     id=0x20016A38
[t=57,897,990us] task_start_exec    ble id=0x200031DC
[t=57,898,012us] task_stop_exec     ble id=0x200031DC
[t=57,898,016us] task_start_exec    id=0x20016A38
[t=57,898,020us] idle
[t=57,902,986us] task_stop_exec     id=0x20016A38
[t=57,902,990us] task_start_exec    ble id=0x200031DC
[t=57,903,013us] task_stop_exec     ble id=0x200031DC
[t=57,903,016us] task_start_exec    id=0x20016A38
[t=57,903,020us] idle
[t=57,904,986us] task_stop_exec     id=0x20016A38
[t=57,904,990us] task_start_exec    ppg id=0x20002A60
[t=57,906,078us] task_stop_exec     ppg id=0x20002A60
[t=57,906,082us] task_start_exec    id=0x20016A38
[t=57,906,085us] idle
[t=57,907,986us] task_stop_exec     id=0x20016A38
[t=57,907,990us] task_start_exec    ble id=0x200031DC
[t=57,908,013us] task_stop_exec     ble id=0x200031DC
[t=57,908,016us] task_start_exec    id=0x20016A38
[t=57,908,020us] idle
[t=57,912,986us] task_stop_exec     id=0x20016A38
[t=57,912,990us] task_start_exec    key id=0x20006160
[t=57,912,999us] task_stop_exec     key id=0x20006160
[t=57,913,003us] task_start_exec    ble id=0x200031DC
[t=57,913,025us] task_stop_exec     ble id=0x200031DC
[t=57,913,029us] task_start_exec    key id=0x20006160
[t=57,913,044us] task_stop_exec     key id=0x20006160
[t=57,913,048us] task_start_exec    id=0x20016A38
[t=57,913,052us] idle
[t=57,915,986us] task_stop_exec     id=0x20016A38
[t=57,915,990us] task_start_exec    ppg id=0x20002A60
[t=57,917,379us] task_stop_exec     ppg id=0x20002A60
[t=57,917,383us] task_start_exec    id=0x20016A38
[t=57,917,387us] idle
[t=57,917,912us] task_stop_exec     id=0x20016A38
[t=57,917,916us] task_start_exec    ppg id=0x20002A60
[t=57,917,940us] task_stop_exec     ppg id=0x20002A60
[t=57,917,944us] task_start_exec    id=0x20016A38
[t=57,917,948us] idle
[t=57,917,986us] task_stop_exec     id=0x20016A38
[t=57,917,990us] task_start_exec    ble id=0x200031DC
[t=57,918,012us] task_stop_exec     ble id=0x200031DC
[t=57,918,016us] task_start_exec    id=0x20016A38
[t=57,918,020us] idle
[t=57,922,986us] task_stop_exec     id=0x20016A38
[t=57,922,990us] task_start_exec    ble id=0x200031DC
[t=57,923,013us] task_stop_exec     ble id=0x200031DC
[t=57,923,016us] task_start_exec    id=0x20016A38
[t=57,923,020us] idle
[t=57,926,986us] task_stop_exec     id=0x20016A38
[t=57,926,990us] task_start_exec    ppg id=0x20002A60
[t=57,927,986us] task_stop_exec     ppg id=0x20002A60
[t=57,927,990us] task_start_exec    ble id=0x200031DC
[t=57,928,013us] task_stop_exec     ble id=0x200031DC
[t=57,928,017us] task_start_exec    ppg id=0x20002A60
[t=57,928,378us] task_stop_exec     ppg id=0x20002A60
[t=57,928,382us] task_start_exec    id=0x20016A38
[t=57,928,386us] idle
[t=57,928,912us] task_stop_exec     id=0x20016A38
[t=57,928,915us] task_start_exec    ppg id=0x20002A60
[t=57,928,940us] task_stop_exec     ppg id=0x20002A60
[t=57,928,944us] task_start_exec    id=0x20016A38
[t=57,928,947us] idle
[t=57,932,986us] task_stop_exec     id=0x20016A38
[t=57,932,990us] task_start_exec    key id=0x20006160
[t=57,932,999us] task_stop_exec     key id=0x20006160
[t=57,933,003us] task_start_exec    ble id=0x200031DC
[t=57,933,025us] task_stop_exec     ble id=0x200031DC
[t=57,933,029us] task_start_exec    key id=0x20006160
[t=57,933,044us] task_stop_exec     key id=0x20006160
[t=57,933,048us] task_start_exec    id=0x20016A38
[t=57,933,052us] idle
[t=57,937,986us] task_stop_exec     id=0x20016A38
[t=57,937,990us] task_start_exec    ppg id=0x20002A60
[t=57,937,999us] task_stop_exec     ppg id=0x20002A60
[t=57,938,003us] task_start_exec    ble id=0x200031DC
[t=57,938,025us] task_stop_exec     ble id=0x200031DC
[t=57,938,029us] task_start_exec    ppg id=0x20002A60
[t=57,939,415us] task_stop_exec     ppg id=0x20002A60
[t=57,939,419us] task_start_exec    id=0x20016A38
[t=57,939,423us] idle
[t=57,939,948us] task_stop_exec     id=0x20016A38
[t=57,939,952us] task_start_exec    ppg id=0x20002A60
[t=57,939,977us] task_stop_exec     ppg id=0x20002A60
[t=57,939,980us] task_start_exec    id=0x20016A38
[t=57,939,984us] idle
[t=57,942,986us] task_stop_exec     id=0x20016A38
[t=57,942,990us] task_start_exec    ble id=0x200031DC
[t=57,943,012us] task_stop_exec     ble id=0x200031DC
[t=57,943,016us] task_start_exec    id=0x20016A38
[t=57,943,020us] idle
[t=57,947,986us] task_stop_exec     id=0x20016A38
[t=57,947,990us] task_start_exec    ble id=0x200031DC
[t=57,948,013us] task_stop_exec     ble id=0x200031DC
[t=57,948,017us] task_start_exec    id=0x20016A38
[t=57,948,020us] idle
[t=57,948,986us] task_stop_exec     id=0x20016A38
[t=57,948,990us] task_start_exec    ppg id=0x20002A60
[t=57,950,379us] task_stop_exec     ppg id=0x20002A60
[t=57,950,383us] task_start_exec    id=0x20016A38
[t=57,950,387us] idle
[t=57,950,912us] task_stop_exec     id=0x20016A38
[t=57,950,916us] task_start_exec    ppg id=0x20002A60
[t=57,950,940us] task_stop_exec     ppg id=0x20002A60
[t=57,950,944us] task_start_exec    id=0x20016A38
[t=57,950,948us] idle
[t=57,952,986us] task_stop_exec     id=0x20016A38
[t=57,952,990us] task_start_exec    key id=0x20006160
[t=57,952,999us] task_stop_exec     key id=0x20006160
[t=57,953,003us] task_start_exec    ble id=0x200031DC
[t=57,953,025us] task_stop_exec     ble id=0x200031DC
[t=57,953,029us] task_start_exec    key id=0x20006160
[t=57,953,044us] task_stop_exec     key id=0x20006160
[t=57,953,048us] task_start_exec    id=0x20016A38
[t=57,953,052us] idle
[t=57,957,986us] task_stop_exec     id=0x20016A38
[t=57,957,990us] task_start_exec    ble id=0x200031DC
[t=57,958,013us] task_stop_exec     ble id=0x200031DC
[t=57,958,016us] task_start_exec    id=0x20016A38
[t=57,958,020us] idle
[t=57,959,986us] task_stop_exec     id=0x20016A38
[t=57,959,990us] task_start_exec    ppg id=0x20002A60
[t=57,961,379us] task_stop_exec     ppg id=0x20002A60
[t=57,961,383us] task_start_exec    id=0x20016A38
[t=57,961,387us] idle
[t=57,961,912us] task_stop_exec     id=0x20016A38
[t=57,961,916us] task_start_exec    ppg id=0x20002A60
[t=57,961,940us] task_stop_exec     ppg id=0x20002A60
[t=57,961,944us] task_start_exec    id=0x20016A38
[t=57,961,948us] idle
[t=57,962,986us] task_stop_exec     id=0x20016A38
[t=57,962,990us] task_start_exec    ble id=0x200031DC
[t=57,963,012us] task_stop_exec     ble id=0x200031DC
[t=57,963,016us] task_start_exec    id=0x20016A38
[t=57,963,020us] idle
[t=57,967,986us] task_stop_exec     id=0x20016A38
[t=57,967,990us] task_start_exec    ble id=0x200031DC
[t=57,968,013us] task_stop_exec     ble id=0x200031DC
[t=57,968,017us] task_start_exec    id=0x20016A38
[t=57,968,020us] idle
[t=57,970,986us] task_stop_exec     id=0x20016A38
[t=57,970,990us] task_start_exec    ppg id=0x20002A60
[t=57,972,078us] task_stop_exec     ppg id=0x20002A60
[t=57,972,082us] task_start_exec    id=0x20016A38
[t=57,972,085us] idle
[t=57,972,986us] task_stop_exec     id=0x20016A38
[t=57,972,990us] task_start_exec    key id=0x20006160
[t=57,972,999us] task_stop_exec     key id=0x20006160
[t=57,973,003us] task_start_exec    ble id=0x200031DC
[t=57,973,025us] task_stop_exec     ble id=0x200031DC
[t=57,973,029us] task_start_exec    key id=0x20006160
[t=57,973,044us] task_stop_exec     key id=0x20006160
[t=57,973,048us] task_start_exec    id=0x20016A38
[t=57,973,052us] idle
[t=57,977,986us] task_stop_exec     id=0x20016A38
[t=57,977,990us] task_start_exec    ble id=0x200031DC
[t=57,978,013us] task_stop_exec     ble id=0x200031DC
[t=57,978,016us] task_start_exec    id=0x20016A38
[t=57,978,020us] idle
[t=57,981,986us] task_stop_exec     id=0x20016A38
[t=57,981,990us] task_start_exec    ppg id=0x20002A60
[t=57,982,986us] task_stop_exec     ppg id=0x20002A60
[t=57,982,990us] task_start_exec    ble id=0x200031DC
[t=57,983,013us] task_stop_exec     ble id=0x200031DC
[t=57,983,016us] task_start_exec    ppg id=0x20002A60
[t=57,983,378us] task_stop_exec     ppg id=0x20002A60
[t=57,983,382us] task_start_exec    id=0x20016A38
[t=57,983,386us] idle
[t=57,983,911us] task_stop_exec     id=0x20016A38
[t=57,983,915us] task_start_exec    ppg id=0x20002A60
[t=57,983,940us] task_stop_exec     ppg id=0x20002A60
[t=57,983,943us] task_start_exec    id=0x20016A38
[t=57,983,947us] idle
[t=57,987,986us] task_stop_exec     id=0x20016A38
[t=57,987,990us] task_start_exec    ble id=0x200031DC
[t=57,988,013us] task_stop_exec     ble id=0x200031DC
[t=57,988,017us] task_start_exec    id=0x20016A38
[t=57,988,020us] idle
[t=57,992,986us] task_stop_exec     id=0x20016A38
[t=57,992,990us] task_start_exec    key id=0x20006160
[t=57,992,999us] task_stop_exec     key id=0x20006160
[t=57,993,003us] task_start_exec    ppg id=0x20002A60
[t=57,993,012us] task_stop_exec     ppg id=0x20002A60
[t=57,993,016us] task_start_exec    ble id=0x200031DC
[t=57,993,037us] task_stop_exec     ble id=0x200031DC
[t=57,993,041us] task_start_exec    ppg id=0x20002A60
[t=57,994,427us] task_stop_exec     ppg id=0x20002A60
[t=57,994,431us] task_start_exec    key id=0x20006160
[t=57,994,446us] task_stop_exec     key id=0x20006160
[t=57,994,450us] task_start_exec    id=0x20016A38
[t=57,994,454us] idle
[t=57,994,961us] task_stop_exec     id=0x20016A38
[t=57,994,965us] task_start_exec    ppg id=0x20002A60
[t=57,994,993us] task_stop_exec     ppg id=0x20002A60
[t=57,994,996us] task_start_exec    id=0x20016A38
[t=57,995,000us] idle
[t=57,997,986us] task_stop_exec     id=0x20016A38
[t=57,997,990us] task_start_exec    ble id=0x200031DC
[t=57,998,012us] task_stop_exec     ble id=0x200031DC
[t=57,998,016us] task_start_exec    id=0x20016A38
[t=57,998,020us] idle
[t=58,002,986us] task_stop_exec     id=0x20016A38
[t=58,002,990us] task_start_exec    ble id=0x200031DC
[t=58,003,013us] task_stop_exec     ble id=0x200031DC
[t=58,003,016us] task_start_exec    id=0x20016A38
[t=58,003,020us] idle
[t=58,003,986us] task_stop_exec     id=0x20016A38
[t=58,003,990us] task_start_exec    ppg id=0x20002A60
[t=58,005,379us] task_stop_exec     ppg id=0x20002A60
[t=58,005,383us] task_start_exec    id=0x20016A38
[t=58,005,387us] idle
[t=58,005,912us] task_stop_exec     id=0x20016A38
[t=58,005,916us] task_start_exec    ppg id=0x20002A60
[t=58,005,940us] task_stop_exec     ppg id=0x20002A60
[t=58,005,944us] task_start_exec    id=0x20016A38
[t=58,005,948us] idle
[t=58,007,986us] task_stop_exec     id=0x20016A38
[t=58,007,990us] task_start_exec    ble id=0x200031DC
[t=58,008,012us] task_stop_exec     ble id=0x200031DC
[t=58,008,016us] task_start_exec    id=0x20016A38
[t=58,008,020us] idle
[t=58,012,986us] task_stop_exec     id=0x20016A38
[t=58,012,990us] task_start_exec    ble id=0x200031DC
[t=58,013,013us] task_stop_exec     ble id=0x200031DC
[t=58,013,017us] task_start_exec    id=0x20016A38
[t=58,013,020us] idle
[t=58,013,986us] task_stop_exec     id=0x20016A38
[t=58,013,990us] task_start_exec    key id=0x20006160
[t=58,014,008us] task_stop_exec     key id=0x20006160
[t=58,014,011us] task_start_exec    id=0x20016A38
[t=58,014,015us] idle
[t=58,014,987us] task_stop_exec     id=0x20016A38
[t=58,014,991us] task_start_exec    ppg id=0x20002A60
[t=58,016,379us] task_stop_exec     ppg id=0x20002A60
[t=58,016,384us] task_start_exec    id=0x20016A38
[t=58,016,387us] idle
[t=58,016,913us] task_stop_exec     id=0x20016A38
[t=58,016,916us] task_start_exec    ppg id=0x20002A60
[t=58,016,941us] task_stop_exec     ppg id=0x20002A60
[t=58,016,945us] task_start_exec    id=0x20016A38
[t=58,016,948us] idle
[t=58,017,986us] task_stop_exec     id=0x20016A38
[t=58,017,990us] task_start_exec    ble id=0x200031DC
[t=58,018,012us] task_stop_exec     ble id=0x200031DC
[t=58,018,016us] task_start_exec    id=0x20016A38
[t=58,018,020us] idle
[t=58,022,986us] task_stop_exec     id=0x20016A38
[t=58,022,990us] task_start_exec    ble id=0x200031DC
[t=58,023,013us] task_stop_exec     ble id=0x200031DC
[t=58,023,016us] task_start_exec    id=0x20016A38
[t=58,023,020us] idle
[t=58,025,986us] task_stop_exec     id=0x20016A38
[t=58,025,990us] task_start_exec    ppg id=0x20002A60
[t=58,027,078us] task_stop_exec     ppg id=0x20002A60
[t=58,027,082us] task_start_exec    id=0x20016A38
[t=58,027,085us] idle
[t=58,027,986us] task_stop_exec     id=0x20016A38
[t=58,027,990us] task_start_exec    ble id=0x200031DC
[t=58,028,012us] task_stop_exec     ble id=0x200031DC
[t=58,028,016us] task_start_exec    id=0x20016A38
[t=58,028,020us] idle
[t=58,032,986us] task_stop_exec     id=0x20016A38
[t=58,032,990us] task_start_exec    ble id=0x200031DC
[t=58,033,013us] task_stop_exec     ble id=0x200031DC
[t=58,033,017us] task_start_exec    id=0x20016A38
[t=58,033,020us] idle
[t=58,033,986us] task_stop_exec     id=0x20016A38
[t=58,033,990us] task_start_exec    key id=0x20006160
[t=58,034,008us] task_stop_exec     key id=0x20006160
[t=58,034,011us] task_start_exec    id=0x20016A38
[t=58,034,015us] idle
[t=58,036,986us] task_stop_exec     id=0x20016A38
[t=58,036,990us] task_start_exec    ppg id=0x20002A60
[t=58,037,987us] task_stop_exec     ppg id=0x20002A60
[t=58,037,991us] task_start_exec    ble id=0x200031DC
[t=58,038,014us] task_stop_exec     ble id=0x200031DC
[t=58,038,017us] task_start_exec    ppg id=0x20002A60
[t=58,038,380us] task_stop_exec     ppg id=0x20002A60
[t=58,038,384us] task_start_exec    id=0x20016A38
[t=58,038,387us] idle
[t=58,039,183us] task_stop_exec     id=0x20016A38
[t=58,039,187us] task_start_exec    ppg id=0x20002A60
[t=58,039,212us] task_stop_exec     ppg id=0x20002A60
[t=58,039,216us] task_start_exec    id=0x20016A38
[t=58,039,220us] idle
[t=58,042,986us] task_stop_exec     id=0x20016A38
[t=58,042,990us] task_start_exec    ble id=0x200031DC
[t=58,043,012us] task_stop_exec     ble id=0x200031DC
[t=58,043,016us] task_start_exec    id=0x20016A38
[t=58,043,020us] idle
[t=58,047,986us] task_stop_exec     id=0x20016A38
[t=58,047,990us] task_start_exec    ble id=0x200031DC
[t=58,048,013us] task_stop_exec     ble id=0x200031DC
[t=58,048,016us] task_start_exec    id=0x20016A38
[t=58,048,020us] idle
[t=58,048,986us] task_stop_exec     id=0x20016A38
[t=58,048,990us] task_start_exec    ppg id=0x20002A60
[t=58,050,078us] task_stop_exec     ppg id=0x20002A60
[t=58,050,082us] task_start_exec    id=0x20016A38
[t=58,050,086us] idle
[t=58,052,986us] task_stop_exec     id=0x20016A38
[t=58,052,990us] task_start_exec    ble id=0x200031DC
[t=58,053,013us] task_stop_exec     ble id=0x200031DC
[t=58,053,017us] task_start_exec    id=0x20016A38
[t=58,053,020us] idle
[t=58,053,986us] task_stop_exec     id=0x20016A38
[t=58,053,990us] task_start_exec    key id=0x20006160
[t=58,054,008us] task_stop_exec     key id=0x20006160
[t=58,054,011us] task_start_exec    id=0x20016A38
[t=58,054,015us] idle
[t=58,057,986us] task_stop_exec     id=0x20016A38
[t=58,057,990us] task_start_exec    ble id=0x200031DC
[t=58,058,013us] task_stop_exec     ble id=0x200031DC
[t=58,058,016us] task_start_exec    id=0x20016A38
[t=58,058,020us] idle
[t=58,059,986us] task_stop_exec     id=0x20016A38
[t=58,059,990us] task_start_exec    ppg id=0x20002A60
[t=58,061,379us] task_stop_exec     ppg id=0x20002A60
[t=58,061,383us] task_start_exec    id=0x20016A38
[t=58,061,386us] idle
[t=58,062,182us] task_stop_exec     id=0x20016A38
[t=58,062,186us] task_start_exec    ppg id=0x20002A60
[t=58,062,213us] task_stop_exec     ppg id=0x20002A60
[t=58,062,217us] task_start_exec    id=0x20016A38
[t=58,062,221us] idle
[t=58,062,986us] task_stop_exec     id=0x20016A38
[t=58,062,990us] task_start_exec    ble id=0x200031DC
[t=58,063,012us] task_stop_exec     ble id=0x200031DC
[t=58,063,016us] task_start_exec    id=0x20016A38
[t=58,063,020us] idle
[t=58,067,986us] task_stop_exec     id=0x20016A38
[t=58,067,990us] task_start_exec    ble id=0x200031DC
[t=58,068,013us] task_stop_exec     ble id=0x200031DC
[t=58,068,016us] task_start_exec    id=0x20016A38
[t=58,068,020us] idle
[t=58,071,986us] task_stop_exec     id=0x20016A38
[t=58,071,990us] task_start_exec    ppg id=0x20002A60
[t=58,072,986us] task_stop_exec     ppg id=0x20002A60
[t=58,072,990us] task_start_exec    ble id=0x200031DC
[t=58,073,013us] task_stop_exec     ble id=0x200031DC
[t=58,073,017us] task_start_exec    ppg id=0x20002A60
[t=58,073,378us] task_stop_exec     ppg id=0x20002A60
[t=58,073,382us] task_start_exec    id=0x20016A38
[t=58,073,386us] idle
[t=58,073,912us] task_stop_exec     id=0x20016A38
[t=58,073,915us] task_start_exec    ppg id=0x20002A60
[t=58,073,940us] task_stop_exec     ppg id=0x20002A60
[t=58,073,944us] task_start_exec    id=0x20016A38
[t=58,073,947us] idle
[t=58,073,986us] task_stop_exec     id=0x20016A38
[t=58,073,990us] task_start_exec    key id=0x20006160
[t=58,074,007us] task_stop_exec     key id=0x20006160
[t=58,074,011us] task_start_exec    id=0x20016A38
[t=58,074,015us] idle
[t=58,077,986us] task_stop_exec     id=0x20016A38
[t=58,077,990us] task_start_exec    ble id=0x200031DC
[t=58,078,013us] task_stop_exec     ble id=0x200031DC
[t=58,078,016us] task_start_exec    id=0x20016A38
[t=58,078,020us] idle
[t=58,082,986us] task_stop_exec     id=0x20016A38
[t=58,082,990us] task_start_exec    ppg id=0x20002A60
[t=58,082,999us] task_stop_exec     ppg id=0x20002A60
[t=58,083,003us] task_start_exec    ble id=0x200031DC
[t=58,083,025us] task_stop_exec     ble id=0x200031DC
[t=58,083,029us] task_start_exec    ppg id=0x20002A60
[t=58,084,415us] task_stop_exec     ppg id=0x20002A60
[t=58,084,420us] task_start_exec    id=0x20016A38
[t=58,084,423us] idle
[t=58,084,949us] task_stop_exec     id=0x20016A38
[t=58,084,953us] task_start_exec    ppg id=0x20002A60
[t=58,084,977us] task_stop_exec     ppg id=0x20002A60
[t=58,084,981us] task_start_exec    id=0x20016A38
[t=58,084,984us] idle
[t=58,087,986us] task_stop_exec     id=0x20016A38
[t=58,087,990us] task_start_exec    ble id=0x200031DC
[t=58,088,012us] task_stop_exec     ble id=0x200031DC
[t=58,088,016us] task_start_exec    id=0x20016A38
[t=58,088,020us] idle
[t=58,092,986us] task_stop_exec     id=0x20016A38
[t=58,092,990us] task_start_exec    ble id=0x200031DC
[t=58,093,013us] task_stop_exec     ble id=0x200031DC
[t=58,093,017us] task_start_exec    id=0x20016A38
[t=58,093,020us] idle
[t=58,093,986us] task_stop_exec     id=0x20016A38
[t=58,093,990us] task_start_exec    key id=0x20006160
[t=58,093,999us] task_stop_exec     key id=0x20006160
[t=58,094,003us] task_start_exec    ppg id=0x20002A60
[t=58,095,391us] task_stop_exec     ppg id=0x20002A60
[t=58,095,395us] task_start_exec    key id=0x20006160
[t=58,095,410us] task_stop_exec     key id=0x20006160
[t=58,095,414us] task_start_exec    id=0x20016A38
[t=58,095,418us] idle
[t=58,095,925us] task_stop_exec     id=0x20016A38
[t=58,095,928us] task_start_exec    ppg id=0x20002A60
[t=58,095,953us] task_stop_exec     ppg id=0x20002A60
[t=58,095,957us] task_start_exec    id=0x20016A38
[t=58,095,960us] idle
[t=58,097,986us] task_stop_exec     id=0x20016A38
[t=58,097,990us] task_start_exec    ble id=0x200031DC
[t=58,098,012us] task_stop_exec     ble id=0x200031DC
[t=58,098,016us] task_start_exec    id=0x20016A38
[t=58,098,020us] idle
[t=58,102,986us] task_stop_exec     id=0x20016A38
[t=58,102,990us] task_start_exec    ble id=0x200031DC
[t=58,103,013us] task_stop_exec     ble id=0x200031DC
[t=58,103,016us] task_start_exec    id=0x20016A38
[t=58,103,020us] idle
[t=58,104,986us] task_stop_exec     id=0x20016A38
[t=58,104,990us] task_start_exec    ppg id=0x20002A60
[t=58,106,078us] task_stop_exec     ppg id=0x20002A60
[t=58,106,082us] task_start_exec    id=0x20016A38
[t=58,106,086us] idle
[t=58,107,986us] task_stop_exec     id=0x20016A38
[t=58,107,990us] task_start_exec    ble id=0x200031DC
[t=58,108,012us] task_stop_exec     ble id=0x200031DC
[t=58,108,016us] task_start_exec    id=0x20016A38
[t=58,108,020us] idle
[t=58,112,986us] task_stop_exec     id=0x20016A38
[t=58,112,990us] task_start_exec    ble id=0x200031DC
[t=58,113,013us] task_stop_exec     ble id=0x200031DC
[t=58,113,017us] task_start_exec    id=0x20016A38
[t=58,113,020us] idle
[t=58,114,986us] task_stop_exec     id=0x20016A38
[t=58,114,990us] task_start_exec    key id=0x20006160
[t=58,115,007us] task_stop_exec     key id=0x20006160
[t=58,115,011us] task_start_exec    id=0x20016A38
[t=58,115,015us] idle
[t=58,115,986us] task_stop_exec     id=0x20016A38
[t=58,115,990us] task_start_exec    ppg id=0x20002A60
[t=58,117,380us] task_stop_exec     ppg id=0x20002A60
[t=58,117,384us] task_start_exec    id=0x20016A38
[t=58,117,387us] idle
[t=58,117,913us] task_stop_exec     id=0x20016A38
[t=58,117,917us] task_start_exec    ppg id=0x20002A60
[t=58,117,941us] task_stop_exec     ppg id=0x20002A60
[t=58,117,945us] task_start_exec    id=0x20016A38
[t=58,117,949us] idle
[t=58,117,986us] task_stop_exec     id=0x20016A38
[t=58,117,990us] task_start_exec    ble id=0x200031DC
[t=58,118,012us] task_stop_exec     ble id=0x200031DC
[t=58,118,016us] task_start_exec    id=0x20016A38
[t=58,118,020us] idle
[t=58,122,986us] task_stop_exec     id=0x20016A38
[t=58,122,990us] task_start_exec    ble id=0x200031DC
[t=58,123,013us] task_stop_exec     ble id=0x200031DC
[t=58,123,017us] task_start_exec    id=0x20016A38
[t=58,123,020us] idle
[t=58,126,986us] task_stop_exec     id=0x20016A38
[t=58,126,990us] task_start_exec    ppg id=0x20002A60
[t=58,127,986us] task_stop_exec     ppg id=0x20002A60
[t=58,127,990us] task_start_exec    ble id=0x200031DC
[t=58,128,013us] task_stop_exec     ble id=0x200031DC
[t=58,128,017us] task_start_exec    ppg id=0x20002A60
[t=58,128,379us] task_stop_exec     ppg id=0x20002A60
[t=58,128,383us] task_start_exec    id=0x20016A38
[t=58,128,387us] idle
[t=58,128,912us] task_stop_exec     id=0x20016A38
[t=58,128,916us] task_start_exec    ppg id=0x20002A60
[t=58,128,941us] task_stop_exec     ppg id=0x20002A60
[t=58,128,945us] task_start_exec    id=0x20016A38
[t=58,128,948us] idle
[t=58,132,986us] task_stop_exec     id=0x20016A38
[t=58,132,990us] task_start_exec    ble id=0x200031DC
[t=58,133,013us] task_stop_exec     ble id=0x200031DC
[t=58,133,017us] task_start_exec    id=0x20016A38
[t=58,133,020us] idle
[t=58,134,986us] task_stop_exec     id=0x20016A38
[t=58,134,990us] task_start_exec    key id=0x20006160
[t=58,135,007us] task_stop_exec     key id=0x20006160
[t=58,135,011us] task_start_exec    id=0x20016A38
[t=58,135,015us] idle
[t=58,137,986us] task_stop_exec     id=0x20016A38
[t=58,137,990us] task_start_exec    ppg id=0x20002A60
[t=58,137,999us] task_stop_exec     ppg id=0x20002A60
[t=58,138,003us] task_start_exec    ble id=0x200031DC
[t=58,138,025us] task_stop_exec     ble id=0x200031DC
[t=58,138,029us] task_start_exec    ppg id=0x20002A60
[t=58,139,415us] task_stop_exec     ppg id=0x20002A60
[t=58,139,420us] task_start_exec    id=0x20016A38
[t=58,139,423us] idle
[t=58,139,949us] task_stop_exec     id=0x20016A38
[t=58,139,953us] task_start_exec    ppg id=0x20002A60
[t=58,139,977us] task_stop_exec     ppg id=0x20002A60
[t=58,139,981us] task_start_exec    id=0x20016A38
[t=58,139,984us] idle
[t=58,142,986us] task_stop_exec     id=0x20016A38
[t=58,142,990us] task_start_exec    ble id=0x200031DC
[t=58,143,012us] task_stop_exec     ble id=0x200031DC
[t=58,143,016us] task_start_exec    id=0x20016A38
[t=58,143,020us] idle
[t=58,147,986us] task_stop_exec     id=0x20016A38
[t=58,147,990us] task_start_exec    ble id=0x200031DC
[t=58,148,013us] task_stop_exec     ble id=0x200031DC
[t=58,148,016us] task_start_exec    id=0x20016A38
[t=58,148,020us] idle
[t=58,148,986us] task_stop_exec     id=0x20016A38
[t=58,148,990us] task_start_exec    ppg id=0x20002A60
[t=58,150,378us] task_stop_exec     ppg id=0x20002A60
[t=58,150,383us] task_start_exec    id=0x20016A38
[t=58,150,386us] idle
[t=58,150,912us] task_stop_exec     id=0x20016A38
[t=58,150,915us] task_start_exec    ppg id=0x20002A60
[t=58,150,940us] task_stop_exec     ppg id=0x20002A60
[t=58,150,944us] task_start_exec    id=0x20016A38
[t=58,150,947us] idle
[t=58,152,986us] task_stop_exec     id=0x20016A38
[t=58,152,990us] task_start_exec    ble id=0x200031DC
[t=58,153,013us] task_stop_exec     ble id=0x200031DC
[t=58,153,017us] task_start_exec    id=0x20016A38
[t=58,153,020us] idle
[t=58,154,986us] task_stop_exec     id=0x20016A38
[t=58,154,990us] task_start_exec    key id=0x20006160
[t=58,155,007us] task_stop_exec     key id=0x20006160
[t=58,155,011us] task_start_exec    id=0x20016A38
[t=58,155,015us] idle
[t=58,157,986us] task_stop_exec     id=0x20016A38
[t=58,157,990us] task_start_exec    ble id=0x200031DC
[t=58,158,013us] task_stop_exec     ble id=0x200031DC
[t=58,158,016us] task_start_exec    id=0x20016A38
[t=58,158,020us] idle
[t=58,159,986us] task_stop_exec     id=0x20016A38
[t=58,159,990us] task_start_exec    ppg id=0x20002A60
[t=58,161,379us] task_stop_exec     ppg id=0x20002A60
[t=58,161,383us] task_start_exec    id=0x20016A38
[t=58,161,387us] idle
[t=58,161,912us] task_stop_exec     id=0x20016A38
[t=58,161,916us] task_start_exec    ppg id=0x20002A60
[t=58,161,940us] task_stop_exec     ppg id=0x20002A60
[t=58,161,944us] task_start_exec    id=0x20016A38
[t=58,161,948us] idle
[t=58,162,986us] task_stop_exec     id=0x20016A38
[t=58,162,990us] task_start_exec    ble id=0x200031DC
[t=58,163,012us] task_stop_exec     ble id=0x200031DC
[t=58,163,016us] task_start_exec    id=0x20016A38
[t=58,163,020us] idle
[t=58,167,986us] task_stop_exec     id=0x20016A38
[t=58,167,990us] task_start_exec    ble id=0x200031DC
[t=58,168,013us] task_stop_exec     ble id=0x200031DC
[t=58,168,016us] task_start_exec    id=0x20016A38
[t=58,168,020us] idle
[t=58,170,986us] task_stop_exec     id=0x20016A38
[t=58,170,990us] task_start_exec    ppg id=0x20002A60
[t=58,172,079us] task_stop_exec     ppg id=0x20002A60
[t=58,172,083us] task_start_exec    id=0x20016A38
[t=58,172,086us] idle
[t=58,172,986us] task_stop_exec     id=0x20016A38
[t=58,172,990us] task_start_exec    ble id=0x200031DC
[t=58,173,013us] task_stop_exec     ble id=0x200031DC
[t=58,173,017us] task_start_exec    id=0x20016A38
[t=58,173,020us] idle
[t=58,174,986us] task_stop_exec     id=0x20016A38
[t=58,174,990us] task_start_exec    key id=0x20006160
[t=58,175,007us] task_stop_exec     key id=0x20006160
[t=58,175,011us] task_start_exec    id=0x20016A38
[t=58,175,015us] idle
[t=58,177,986us] task_stop_exec     id=0x20016A38
[t=58,177,990us] task_start_exec    ble id=0x200031DC
[t=58,178,013us] task_stop_exec     ble id=0x200031DC
[t=58,178,016us] task_start_exec    id=0x20016A38
[t=58,178,020us] idle
[t=58,181,986us] task_stop_exec     id=0x20016A38
[t=58,181,990us] task_start_exec    ppg id=0x20002A60
[t=58,182,986us] task_stop_exec     ppg id=0x20002A60
[t=58,182,990us] task_start_exec    ble id=0x200031DC
[t=58,183,013us] task_stop_exec     ble id=0x200031DC
[t=58,183,016us] task_start_exec    ppg id=0x20002A60
[t=58,183,379us] task_stop_exec     ppg id=0x20002A60
[t=58,183,383us] task_start_exec    id=0x20016A38
[t=58,183,387us] idle
[t=58,183,912us] task_stop_exec     id=0x20016A38
[t=58,183,916us] task_start_exec    ppg id=0x20002A60
[t=58,183,940us] task_stop_exec     ppg id=0x20002A60
[t=58,183,944us] task_start_exec    id=0x20016A38
[t=58,183,948us] idle
[t=58,187,986us] task_stop_exec     id=0x20016A38
[t=58,187,990us] task_start_exec    ble id=0x200031DC
[t=58,188,013us] task_stop_exec     ble id=0x200031DC
[t=58,188,017us] task_start_exec    id=0x20016A38
[t=58,188,020us] idle
[t=58,192,986us] task_stop_exec     id=0x20016A38
[t=58,192,990us] task_start_exec    ppg id=0x20002A60
[t=58,192,999us] task_stop_exec     ppg id=0x20002A60
[t=58,193,003us] task_start_exec    ble id=0x200031DC
[t=58,193,025us] task_stop_exec     ble id=0x200031DC
[t=58,193,029us] task_start_exec    ppg id=0x20002A60
[t=58,194,416us] task_stop_exec     ppg id=0x20002A60
[t=58,194,420us] task_start_exec    id=0x20016A38
[t=58,194,423us] idle
[t=58,194,949us] task_stop_exec     id=0x20016A38
[t=58,194,953us] task_start_exec    ppg id=0x20002A60
[t=58,194,977us] task_stop_exec     ppg id=0x20002A60
[t=58,194,981us] task_start_exec    id=0x20016A38
[t=58,194,985us] idle
[t=58,194,996us] task_stop_exec     id=0x20016A38
[t=58,195,000us] task_start_exec    key id=0x20006160
[t=58,195,017us] task_stop_exec     key id=0x20006160
[t=58,195,021us] task_start_exec    id=0x20016A38
[t=58,195,025us] idle
[t=58,197,986us] task_stop_exec     id=0x20016A38
[t=58,197,990us] task_start_exec    ble id=0x200031DC
[t=58,198,012us] task_stop_exec     ble id=0x200031DC
[t=58,198,016us] task_start_exec    id=0x20016A38
[t=58,198,020us] idle
[t=58,202,986us] task_stop_exec     id=0x20016A38
[t=58,202,990us] task_start_exec    ble id=0x200031DC
[t=58,203,013us] task_stop_exec     ble id=0x200031DC
[t=58,203,016us] task_start_exec    id=0x20016A38
[t=58,203,020us] idle
[t=58,203,986us] task_stop_exec     id=0x20016A38
[t=58,203,990us] task_start_exec    ppg id=0x20002A60
[t=58,205,378us] task_stop_exec     ppg id=0x20002A60
[t=58,205,382us] task_start_exec    id=0x20016A38
[t=58,205,386us] idle
[t=58,205,912us] task_stop_exec     id=0x20016A38
[t=58,205,915us] task_start_exec    ppg id=0x20002A60
[t=58,205,940us] task_stop_exec     ppg id=0x20002A60
[t=58,205,944us] task_start_exec    id=0x20016A38
[t=58,205,947us] idle
[t=58,207,986us] task_stop_exec     id=0x20016A38
[t=58,207,990us] task_start_exec    ble id=0x200031DC
[t=58,208,012us] task_stop_exec     ble id=0x200031DC
[t=58,208,016us] task_start_exec    id=0x20016A38
[t=58,208,020us] idle
[t=58,212,986us] task_stop_exec     id=0x20016A38
[t=58,212,990us] task_start_exec    ble id=0x200031DC
[t=58,213,013us] task_stop_exec     ble id=0x200031DC
[t=58,213,017us] task_start_exec    id=0x20016A38
[t=58,213,020us] idle
[t=58,214,986us] task_stop_exec     id=0x20016A38
[t=58,214,990us] task_start_exec    key id=0x20006160
[t=58,214,999us] task_stop_exec     key id=0x20006160
[t=58,215,003us] task_start_exec    ppg id=0x20002A60
[t=58,216,391us] task_stop_exec     ppg id=0x20002A60
[t=58,216,395us] task_start_exec    key id=0x20006160
[t=58,216,410us] task_stop_exec     key id=0x20006160
[t=58,216,414us] task_start_exec    id=0x20016A38
[t=58,216,418us] idle
[t=58,216,925us] task_stop_exec     id=0x20016A38
[t=58,216,929us] task_start_exec    ppg id=0x20002A60
[t=58,216,953us] task_stop_exec     ppg id=0x20002A60
[t=58,216,957us] task_start_exec    id=0x20016A38
[t=58,216,960us] idle
[t=58,217,986us] task_stop_exec     id=0x20016A38
[t=58,217,990us] task_start_exec    ble id=0x200031DC
[t=58,218,012us] task_stop_exec     ble id=0x200031DC
[t=58,218,016us] task_start_exec    id=0x20016A38
[t=58,218,020us] idle
[t=58,222,986us] task_stop_exec     id=0x20016A38
[t=58,222,990us] task_start_exec    ble id=0x200031DC
[t=58,223,013us] task_stop_exec     ble id=0x200031DC
[t=58,223,016us] task_start_exec    id=0x20016A38
[t=58,223,020us] idle
[t=58,225,987us] task_stop_exec     id=0x20016A38
[t=58,225,991us] task_start_exec    ppg id=0x20002A60
[t=58,227,379us] task_stop_exec     ppg id=0x20002A60
[t=58,227,383us] task_start_exec    id=0x20016A38
[t=58,227,387us] idle
[t=58,227,913us] task_stop_exec     id=0x20016A38
[t=58,227,916us] task_start_exec    ppg id=0x20002A60
[t=58,227,949us] task_stop_exec     ppg id=0x20002A60
[t=58,227,953us] task_start_exec    spo2 id=0x20004D40
[t=58,227,986us] task_stop_exec     spo2 id=0x20004D40
[t=58,227,990us] task_start_exec    ble id=0x200031DC
[t=58,228,013us] task_stop_exec     ble id=0x200031DC
[t=58,228,016us] task_start_exec    spo2 id=0x20004D40
[t=58,232,986us] task_stop_exec     spo2 id=0x20004D40
[t=58,232,990us] task_start_exec    ble id=0x200031DC
[t=58,233,013us] task_stop_exec     ble id=0x200031DC
[t=58,233,017us] task_start_exec    spo2 id=0x20004D40
[t=58,235,986us] task_stop_exec     spo2 id=0x20004D40
[t=58,235,990us] task_start_exec    key id=0x20006160
[t=58,236,008us] task_stop_exec     key id=0x20006160
[t=58,236,012us] task_start_exec    spo2 id=0x20004D40
[t=58,236,986us] task_stop_exec     spo2 id=0x20004D40
[t=58,236,990us] task_start_exec    ppg id=0x20002A60
[t=58,237,986us] task_stop_exec     ppg id=0x20002A60
[t=58,237,990us] task_start_exec    ble id=0x200031DC
[t=58,238,013us] task_stop_exec     ble id=0x200031DC
[t=58,238,017us] task_start_exec    ppg id=0x20002A60
[t=58,238,078us] task_stop_exec     ppg id=0x20002A60
[t=58,238,081us] task_start_exec    spo2 id=0x20004D40
[t=58,242,986us] task_stop_exec     spo2 id=0x20004D40
[t=58,242,990us] task_start_exec    ble id=0x200031DC
[t=58,243,013us] task_stop_exec     ble id=0x200031DC
[t=58,243,017us] task_start_exec    spo2 id=0x20004D40
[t=58,247,986us] task_stop_exec     spo2 id=0x20004D40
[t=58,247,990us] task_start_exec    ppg id=0x20002A60
[t=58,247,999us] task_stop_exec     ppg id=0x20002A60
[t=58,248,003us] task_start_exec    ble id=0x200031DC
[t=58,248,025us] task_stop_exec     ble id=0x200031DC
[t=58,248,029us] task_start_exec    ppg id=0x20002A60
[t=58,249,417us] task_stop_exec     ppg id=0x20002A60
[t=58,249,421us] task_start_exec    spo2 id=0x20004D40
[t=58,249,950us] task_stop_exec     spo2 id=0x20004D40
[t=58,249,954us] task_start_exec    ppg id=0x20002A60
[t=58,249,979us] task_stop_exec     ppg id=0x20002A60
[t=58,249,982us] task_start_exec    spo2 id=0x20004D40
[t=58,252,986us] task_stop_exec     spo2 id=0x20004D40
[t=58,252,990us] task_start_exec    ble id=0x200031DC
[t=58,253,013us] task_stop_exec     ble id=0x200031DC
[t=58,253,017us] task_start_exec    spo2 id=0x20004D40
[t=58,255,986us] task_stop_exec     spo2 id=0x20004D40
[t=58,255,990us] task_start_exec    key id=0x20006160
[t=58,256,008us] task_stop_exec     key id=0x20006160
[t=58,256,012us] task_start_exec    spo2 id=0x20004D40
[t=58,257,986us] task_stop_exec     spo2 id=0x20004D40
[t=58,257,990us] task_start_exec    ble id=0x200031DC
[t=58,258,013us] task_stop_exec     ble id=0x200031DC
[t=58,258,017us] task_start_exec    spo2 id=0x20004D40
[t=58,258,986us] task_stop_exec     spo2 id=0x20004D40
[t=58,258,990us] task_start_exec    ppg id=0x20002A60
[t=58,260,379us] task_stop_exec     ppg id=0x20002A60
[t=58,260,383us] task_start_exec    spo2 id=0x20004D40
[t=58,260,912us] task_stop_exec     spo2 id=0x20004D40
[t=58,260,916us] task_start_exec    ppg id=0x20002A60
[t=58,260,941us] task_stop_exec     ppg id=0x20002A60
[t=58,260,945us] task_start_exec    spo2 id=0x20004D40
[t=58,262,987us] task_stop_exec     spo2 id=0x20004D40
[t=58,262,991us] task_start_exec    ble id=0x200031DC
[t=58,263,013us] task_stop_exec     ble id=0x200031DC
[t=58,263,017us] task_start_exec    spo2 id=0x20004D40
[t=58,267,986us] task_stop_exec     spo2 id=0x20004D40
[t=58,267,990us] task_start_exec    ble id=0x200031DC
[t=58,268,013us] task_stop_exec     ble id=0x200031DC
[t=58,268,017us] task_start_exec    spo2 id=0x20004D40
[t=58,269,986us] task_stop_exec     spo2 id=0x20004D40
[t=58,269,990us] task_start_exec    ppg id=0x20002A60
[t=58,271,379us] task_stop_exec     ppg id=0x20002A60
[t=58,271,383us] task_start_exec    spo2 id=0x20004D40
[t=58,271,913us] task_stop_exec     spo2 id=0x20004D40
[t=58,271,916us] task_start_exec    ppg id=0x20002A60
[t=58,271,941us] task_stop_exec     ppg id=0x20002A60
[t=58,271,945us] task_start_exec    spo2 id=0x20004D40
[t=58,272,986us] task_stop_exec     spo2 id=0x20004D40
[t=58,272,990us] task_start_exec    ble id=0x200031DC
[t=58,273,013us] task_stop_exec     ble id=0x200031DC
[t=58,273,017us] task_start_exec    spo2 id=0x20004D40
[t=58,275,986us] task_stop_exec     spo2 id=0x20004D40
[t=58,275,990us] task_start_exec    key id=0x20006160
[t=58,276,008us] task_stop_exec     key id=0x20006160
[t=58,276,012us] task_start_exec    spo2 id=0x20004D40
[t=58,277,986us] task_stop_exec     spo2 id=0x20004D40
[t=58,277,990us] task_start_exec    ble id=0x200031DC
[t=58,278,013us] task_stop_exec     ble id=0x200031DC
[t=58,278,017us] task_start_exec    spo2 id=0x20004D40
[t=58,280,986us] task_stop_exec     spo2 id=0x20004D40
[t=58,280,990us] task_start_exec    ppg id=0x20002A60
[t=58,282,379us] task_stop_exec     ppg id=0x20002A60
[t=58,282,383us] task_start_exec    spo2 id=0x20004D40
[t=58,282,913us] task_stop_exec     spo2 id=0x20004D40
[t=58,282,916us] task_start_exec    ppg id=0x20002A60
[t=58,282,941us] task_stop_exec     ppg id=0x20002A60
[t=58,282,945us] task_start_exec    spo2 id=0x20004D40
[t=58,282,986us] task_stop_exec     spo2 id=0x20004D40
[t=58,282,990us] task_start_exec    ble id=0x200031DC
[t=58,283,013us] task_stop_exec     ble id=0x200031DC
[t=58,283,016us] task_start_exec    spo2 id=0x20004D40
[t=58,287,986us] task_stop_exec     spo2 id=0x20004D40
[t=58,287,990us] task_start_exec    ble id=0x200031DC
[t=58,288,013us] task_stop_exec     ble id=0x200031DC
[t=58,288,017us] task_start_exec    spo2 id=0x20004D40
[t=58,291,986us] task_stop_exec     spo2 id=0x20004D40
[t=58,291,990us] task_start_exec    ppg id=0x20002A60
[t=58,292,986us] task_stop_exec     ppg id=0x20002A60
[t=58,292,990us] task_start_exec    ble id=0x200031DC
[t=58,293,013us] task_stop_exec     ble id=0x200031DC
[t=58,293,017us] task_start_exec    ppg id=0x20002A60
[t=58,293,078us] task_stop_exec     ppg id=0x20002A60
[t=58,293,082us] task_start_exec    spo2 id=0x20004D40
[t=58,293,738us] task_stop_exec     spo2 id=0x20004D40
[t=58,293,742us] task_start_exec    ble id=0x200031DC
[t=58,296,092us] task_stop_exec     ble id=0x200031DC
[t=58,296,096us] task_start_exec    key id=0x20006160
[t=58,296,112us] task_stop_exec     key id=0x20006160
[t=58,296,115us] task_start_exec    spo2 id=0x20004D40
[t=58,296,129us] task_stop_exec     spo2 id=0x20004D40
[t=58,296,133us] task_start_exec    id=0x20016A38
[t=58,296,136us] idle
[t=58,300,986us] task_stop_exec     id=0x20016A38
[t=58,300,990us] task_start_exec    ble id=0x200031DC
[t=58,301,013us] task_stop_exec     ble id=0x200031DC
[t=58,301,017us] task_start_exec    id=0x20016A38
[t=58,301,020us] idle
[t=58,302,986us] task_stop_exec     id=0x20016A38
[t=58,302,990us] task_start_exec    ppg id=0x20002A60
[t=58,304,379us] task_stop_exec     ppg id=0x20002A60
[t=58,304,383us] task_start_exec    id=0x20016A38
[t=58,304,387us] idle
[t=58,305,183us] task_stop_exec     id=0x20016A38
[t=58,305,187us] task_start_exec    ppg id=0x20002A60
[t=58,305,212us] task_stop_exec     ppg id=0x20002A60
[t=58,305,216us] task_start_exec    id=0x20016A38
[t=58,305,219us] idle
[t=58,305,986us] task_stop_exec     id=0x20016A38
[t=58,305,990us] task_start_exec    ble id=0x200031DC
[t=58,306,012us] task_stop_exec     ble id=0x200031DC
[t=58,306,016us] task_start_exec    id=0x20016A38
[t=58,306,020us] idle
[t=58,310,986us] task_stop_exec     id=0x20016A38
[t=58,310,990us] task_start_exec    ble id=0x200031DC
[t=58,311,013us] task_stop_exec     ble id=0x200031DC
[t=58,311,017us] task_start_exec    id=0x20016A38
[t=58,311,020us] idle
[t=58,314,986us] task_stop_exec     id=0x20016A38
[t=58,314,990us] task_start_exec    ppg id=0x20002A60
[t=58,315,992us] task_stop_exec     ppg id=0x20002A60
[t=58,315,995us] task_start_exec    ble id=0x200031DC
[t=58,316,017us] task_stop_exec     ble id=0x200031DC
[t=58,316,021us] task_start_exec    ppg id=0x20002A60
[t=58,316,077us] task_stop_exec     ppg id=0x20002A60
[t=58,316,081us] task_start_exec    key id=0x20006160
[t=58,316,097us] task_stop_exec     key id=0x20006160
[t=58,316,100us] task_start_exec    id=0x20016A38
[t=58,316,104us] idle
[t=58,318,629us] task_stop_exec     id=0x20016A38
[t=58,318,633us] task_start_exec    ble id=0x200031DC
[t=58,318,714us] task_stop_exec     ble id=0x200031DC
[t=58,318,718us] task_start_exec    id=0x20016A38
[t=58,318,722us] idle
[t=58,322,986us] task_stop_exec     id=0x20016A38
[t=58,322,990us] task_start_exec    ble id=0x200031DC
[t=58,323,013us] task_stop_exec     ble id=0x200031DC
[t=58,323,017us] task_start_exec    id=0x20016A38
[t=58,323,020us] idle
[t=58,325,986us] task_stop_exec     id=0x20016A38
[t=58,325,990us] task_start_exec    ppg id=0x20002A60
[t=58,327,379us] task_stop_exec     ppg id=0x20002A60
[t=58,327,383us] task_start_exec    id=0x20016A38
[t=58,327,387us] idle
[t=58,327,986us] task_stop_exec     id=0x20016A38
[t=58,327,990us] task_start_exec    ble id=0x200031DC
[t=58,328,012us] task_stop_exec     ble id=0x200031DC
[t=58,328,016us] task_start_exec    id=0x20016A38
[t=58,328,020us] idle
[t=58,328,182us] task_stop_exec     id=0x20016A38
[t=58,328,186us] task_start_exec    ppg id=0x20002A60
[t=58,328,214us] task_stop_exec     ppg id=0x20002A60
[t=58,328,217us] task_start_exec    id=0x20016A38
[t=58,328,221us] idle
[t=58,332,986us] task_stop_exec     id=0x20016A38
[t=58,332,990us] task_start_exec    ble id=0x200031DC
[t=58,333,013us] task_stop_exec     ble id=0x200031DC
[t=58,333,017us] task_start_exec    id=0x20016A38
[t=58,333,020us] idle
[t=58,335,986us] task_stop_exec     id=0x20016A38
[t=58,335,990us] task_start_exec    key id=0x20006160
[t=58,336,007us] task_stop_exec     key id=0x20006160
[t=58,336,011us] task_start_exec    id=0x20016A38
[t=58,336,015us] idle
[t=58,337,986us] task_stop_exec     id=0x20016A38
[t=58,337,990us] task_start_exec    ppg id=0x20002A60
[t=58,337,999us] task_stop_exec     ppg id=0x20002A60
[t=58,338,003us] task_start_exec    ble id=0x200031DC
[t=58,338,025us] task_stop_exec     ble id=0x200031DC
[t=58,338,029us] task_start_exec    ppg id=0x20002A60
[t=58,339,416us] task_stop_exec     ppg id=0x20002A60
[t=58,339,420us] task_start_exec    id=0x20016A38
[t=58,339,423us] idle
[t=58,339,949us] task_stop_exec     id=0x20016A38
[t=58,339,953us] task_start_exec    ppg id=0x20002A60
[t=58,339,977us] task_stop_exec     ppg id=0x20002A60
[t=58,339,981us] task_start_exec    id=0x20016A38
[t=58,339,984us] idle
[t=58,342,986us] task_stop_exec     id=0x20016A38
[t=58,342,990us] task_start_exec    ble id=0x200031DC
[t=58,343,012us] task_stop_exec     ble id=0x200031DC
[t=58,343,016us] task_start_exec    id=0x20016A38
[t=58,343,020us] idle
[t=58,347,986us] task_stop_exec     id=0x20016A38
[t=58,347,990us] task_start_exec    ble id=0x200031DC
[t=58,348,013us] task_stop_exec     ble id=0x200031DC
[t=58,348,016us] task_start_exec    id=0x20016A38
[t=58,348,020us] idle
[t=58,348,986us] task_stop_exec     id=0x20016A38
[t=58,348,990us] task_start_exec    ppg id=0x20002A60
[t=58,350,379us] task_stop_exec     ppg id=0x20002A60
[t=58,350,383us] task_start_exec    id=0x20016A38
[t=58,350,387us] idle
[t=58,350,912us] task_stop_exec     id=0x20016A38
[t=58,350,916us] task_start_exec    ppg id=0x20002A60
[t=58,350,940us] task_stop_exec     ppg id=0x20002A60
[t=58,350,944us] task_start_exec    id=0x20016A38
[t=58,350,948us] idle
[t=58,352,986us] task_stop_exec     id=0x20016A38
[t=58,352,990us] task_start_exec    ble id=0x200031DC
[t=58,353,013us] task_stop_exec     ble id=0x200031DC
[t=58,353,017us] task_start_exec    id=0x20016A38
[t=58,353,020us] idle
[t=58,355,986us] task_stop_exec     id=0x20016A38
[t=58,355,990us] task_start_exec    key id=0x20006160
[t=58,356,007us] task_stop_exec     key id=0x20006160
[t=58,356,011us] task_start_exec    id=0x20016A38
[t=58,356,015us] idle
[t=58,357,986us] task_stop_exec     id=0x20016A38
[t=58,357,990us] task_start_exec    ble id=0x200031DC
[t=58,358,013us] task_stop_exec     ble id=0x200031DC
[t=58,358,016us] task_start_exec    id=0x20016A38
[t=58,358,020us] idle
[t=58,359,986us] task_stop_exec     id=0x20016A38
[t=58,359,990us] task_start_exec    ppg id=0x20002A60
[t=58,361,379us] task_stop_exec     ppg id=0x20002A60
[t=58,361,383us] task_start_exec    id=0x20016A38
[t=58,361,386us] idle
[t=58,361,912us] task_stop_exec     id=0x20016A38
[t=58,361,916us] task_start_exec    ppg id=0x20002A60
[t=58,361,940us] task_stop_exec     ppg id=0x20002A60
[t=58,361,944us] task_start_exec    id=0x20016A38
[t=58,361,948us] idle
[t=58,362,986us] task_stop_exec     id=0x20016A38
[t=58,362,990us] task_start_exec    ble id=0x200031DC
[t=58,363,012us] task_stop_exec     ble id=0x200031DC
[t=58,363,016us] task_start_exec    id=0x20016A38
[t=58,363,020us] idle
[t=58,367,986us] task_stop_exec     id=0x20016A38
[t=58,367,990us] task_start_exec    ble id=0x200031DC
[t=58,368,013us] task_stop_exec     ble id=0x200031DC
[t=58,368,016us] task_start_exec    id=0x20016A38
[t=58,368,020us] idle
[t=58,370,986us] task_stop_exec     id=0x20016A38
[t=58,370,990us] task_start_exec    ppg id=0x20002A60
[t=58,372,077us] task_stop_exec     ppg id=0x20002A60
[t=58,372,082us] task_start_exec    id=0x20016A38
[t=58,372,085us] idle
[t=58,372,986us] task_stop_exec     id=0x20016A38
[t=58,372,990us] task_start_exec    ble id=0x200031DC
[t=58,373,013us] task_stop_exec     ble id=0x200031DC
[t=58,373,017us] task_start_exec    id=0x20016A38
[t=58,373,020us] idle
[t=58,375,986us] task_stop_exec     id=0x20016A38
[t=58,375,990us] task_start_exec    key id=0x20006160
[t=58,376,007us] task_stop_exec     key id=0x20006160
[t=58,376,011us] task_start_exec    id=0x20016A38
[t=58,376,015us] idle
[t=58,377,986us] task_stop_exec     id=0x20016A38
[t=58,377,990us] task_start_exec    ble id=0x200031DC
[t=58,378,013us] task_stop_exec     ble id=0x200031DC
[t=58,378,016us] task_start_exec    id=0x20016A38
[t=58,378,020us] idle
[t=58,381,986us] task_stop_exec     id=0x20016A38
[t=58,381,990us] task_start_exec    ppg id=0x20002A60
[t=58,382,986us] task_stop_exec     ppg id=0x20002A60
[t=58,382,990us] task_start_exec    ble id=0x200031DC
[t=58,383,013us] task_stop_exec     ble id=0x200031DC
[t=58,383,016us] task_start_exec    ppg id=0x20002A60
[t=58,383,379us] task_stop_exec     ppg id=0x20002A60
[t=58,383,383us] task_start_exec    id=0x20016A38
[t=58,383,387us] idle
[t=58,383,912us] task_stop_exec     id=0x20016A38
[t=58,383,916us] task_start_exec    ppg id=0x20002A60
[t=58,383,940us] task_stop_exec     ppg id=0x20002A60
[t=58,383,944us] task_start_exec    id=0x20016A38
[t=58,383,948us] idle
[t=58,387,986us] task_stop_exec     id=0x20016A38
[t=58,387,990us] task_start_exec    ble id=0x200031DC
[t=58,388,013us] task_stop_exec     ble id=0x200031DC
[t=58,388,017us] task_start_exec    id=0x20016A38
[t=58,388,020us] idle
[t=58,392,986us] task_stop_exec     id=0x20016A38
[t=58,392,990us] task_start_exec    ppg id=0x20002A60
[t=58,392,999us] task_stop_exec     ppg id=0x20002A60
[t=58,393,003us] task_start_exec    ble id=0x200031DC
[t=58,393,025us] task_stop_exec     ble id=0x200031DC
[t=58,393,029us] task_start_exec    ppg id=0x20002A60
[t=58,394,415us] task_stop_exec     ppg id=0x20002A60
[t=58,394,420us] task_start_exec    id=0x20016A38
[t=58,394,423us] idle
[t=58,394,949us] task_stop_exec     id=0x20016A38
[t=58,394,953us] task_start_exec    ppg id=0x20002A60
[t=58,394,977us] task_stop_exec     ppg id=0x20002A60
[t=58,394,981us] task_start_exec    id=0x20016A38
[t=58,394,985us] idle
[t=58,395,986us] task_stop_exec     id=0x20016A38
[t=58,395,990us] task_start_exec    key id=0x20006160
[t=58,396,008us] task_stop_exec     key id=0x20006160
[t=58,396,011us] task_start_exec    id=0x20016A38
[t=58,396,015us] idle
[t=58,397,986us] task_stop_exec     id=0x20016A38
[t=58,397,990us] task_start_exec    ble id=0x200031DC
[t=58,398,012us] task_stop_exec     ble id=0x200031DC
[t=58,398,016us] task_start_exec    id=0x20016A38
[t=58,398,020us] idle
[t=58,402,986us] task_stop_exec     id=0x20016A38
[t=58,402,990us] task_start_exec    ble id=0x200031DC
[t=58,403,013us] task_stop_exec     ble id=0x200031DC
[t=58,403,016us] task_start_exec    id=0x20016A38
[t=58,403,020us] idle
[t=58,403,986us] task_stop_exec     id=0x20016A38
[t=58,403,990us] task_start_exec    ppg id=0x20002A60
[t=58,405,379us] task_stop_exec     ppg id=0x20002A60
[t=58,405,383us] task_start_exec    id=0x20016A38
[t=58,405,386us] idle
[t=58,405,912us] task_stop_exec     id=0x20016A38
[t=58,405,916us] task_start_exec    ppg id=0x20002A60
[t=58,405,940us] task_stop_exec     ppg id=0x20002A60
[t=58,405,944us] task_start_exec    id=0x20016A38
[t=58,405,948us] idle
[t=58,407,986us] task_stop_exec     id=0x20016A38
[t=58,407,990us] task_start_exec    ble id=0x200031DC
[t=58,408,012us] task_stop_exec     ble id=0x200031DC
[t=58,408,016us] task_start_exec    id=0x20016A38
[t=58,408,020us] idle
[t=58,412,986us] task_stop_exec     id=0x20016A38
[t=58,412,990us] task_start_exec    ble id=0x200031DC
[t=58,413,013us] task_stop_exec     ble id=0x200031DC
[t=58,413,017us] task_start_exec    id=0x20016A38
[t=58,413,020us] idle
[t=58,414,986us] task_stop_exec     id=0x20016A38
[t=58,414,990us] task_start_exec    ppg id=0x20002A60
[t=58,416,378us] task_stop_exec     ppg id=0x20002A60
[t=58,416,382us] task_start_exec    key id=0x20006160
[t=58,416,397us] task_stop_exec     key id=0x20006160
[t=58,416,401us] task_start_exec    id=0x20016A38
[t=58,416,405us] idle
[t=58,416,912us] task_stop_exec     id=0x20016A38
[t=58,416,915us] task_start_exec    ppg id=0x20002A60
[t=58,416,940us] task_stop_exec     ppg id=0x20002A60
[t=58,416,944us] task_start_exec    id=0x20016A38
[t=58,416,947us] idle
[t=58,417,986us] task_stop_exec     id=0x20016A38
[t=58,417,990us] task_start_exec    ble id=0x200031DC
[t=58,418,012us] task_stop_exec     ble id=0x200031DC
[t=58,418,016us] task_start_exec    id=0x20016A38
[t=58,418,020us] idle
[t=58,422,986us] task_stop_exec     id=0x20016A38
[t=58,422,990us] task_start_exec    ble id=0x200031DC
[t=58,423,013us] task_stop_exec     ble id=0x200031DC
[t=58,423,016us] task_start_exec    id=0x20016A38
[t=58,423,020us] idle
[t=58,425,986us] task_stop_exec     id=0x20016A38
[t=58,425,990us] task_start_exec    ppg id=0x20002A60
[t=58,427,378us] task_stop_exec     ppg id=0x20002A60
[t=58,427,383us] task_start_exec    id=0x20016A38
[t=58,427,386us] idle
[t=58,427,912us] task_stop_exec     id=0x20016A38
[t=58,427,916us] task_start_exec    ppg id=0x20002A60
[t=58,427,940us] task_stop_exec     ppg id=0x20002A60
[t=58,427,944us] task_start_exec    id=0x20016A38
[t=58,427,948us] idle
[t=58,427,986us] task_stop_exec     id=0x20016A38
[t=58,427,990us] task_start_exec    ble id=0x200031DC
[t=58,428,012us] task_stop_exec     ble id=0x200031DC
[t=58,428,016us] task_start_exec    id=0x20016A38
[t=58,428,020us] idle
[t=58,432,986us] task_stop_exec     id=0x20016A38
[t=58,432,990us] task_start_exec    ble id=0x200031DC
[t=58,433,013us] task_stop_exec     ble id=0x200031DC
[t=58,433,017us] task_start_exec    id=0x20016A38
[t=58,433,020us] idle
[t=58,435,987us] task_stop_exec     id=0x20016A38
[t=58,435,991us] task_start_exec    key id=0x20006160
[t=58,436,008us] task_stop_exec     key id=0x20006160
[t=58,436,012us] task_start_exec    id=0x20016A38
[t=58,436,016us] idle
[t=58,436,986us] task_stop_exec     id=0x20016A38
[t=58,436,990us] task_start_exec    ppg id=0x20002A60
[t=58,437,986us] task_stop_exec     ppg id=0x20002A60
[t=58,437,990us] task_start_exec    ble id=0x200031DC
[t=58,438,013us] task_stop_exec     ble id=0x200031DC
[t=58,438,017us] task_start_exec    ppg id=0x20002A60
[t=58,438,077us] task_stop_exec     ppg id=0x20002A60
[t=58,438,081us] task_start_exec    id=0x20016A38
[t=58,438,084us] idle
[t=58,442,986us] task_stop_exec     id=0x20016A38
[t=58,442,990us] task_start_exec    ble id=0x200031DC
[t=58,443,013us] task_stop_exec     ble id=0x200031DC
[t=58,443,016us] task_start_exec    id=0x20016A38
[t=58,443,020us] idle
[t=58,447,986us] task_stop_exec     id=0x20016A38
[t=58,447,990us] task_start_exec    ppg id=0x20002A60
[t=58,447,999us] task_stop_exec     ppg id=0x20002A60
[t=58,448,003us] task_start_exec    ble id=0x200031DC
[t=58,448,025us] task_stop_exec     ble id=0x200031DC
[t=58,448,029us] task_start_exec    ppg id=0x20002A60
[t=58,449,416us] task_stop_exec     ppg id=0x20002A60
[t=58,449,421us] task_start_exec    id=0x20016A38
[t=58,449,424us] idle
[t=58,449,950us] task_stop_exec     id=0x20016A38
[t=58,449,953us] task_start_exec    ppg id=0x20002A60
[t=58,449,978us] task_stop_exec     ppg id=0x20002A60
[t=58,449,982us] task_start_exec    id=0x20016A38
[t=58,449,985us] idle
[t=58,452,986us] task_stop_exec     id=0x20016A38
[t=58,452,990us] task_start_exec    ble id=0x200031DC
[t=58,453,013us] task_stop_exec     ble id=0x200031DC
[t=58,453,017us] task_start_exec    id=0x20016A38
[t=58,453,020us] idle
[t=58,455,986us] task_stop_exec     id=0x20016A38
[t=58,455,990us] task_start_exec    key id=0x20006160
[t=58,456,007us] task_stop_exec     key id=0x20006160
[t=58,456,011us] task_start_exec    id=0x20016A38
[t=58,456,015us] idle
[t=58,457,986us] task_stop_exec     id=0x20016A38
[t=58,457,990us] task_start_exec    ble id=0x200031DC
[t=58,458,013us] task_stop_exec     ble id=0x200031DC
[t=58,458,016us] task_start_exec    id=0x20016A38
[t=58,458,020us] idle
[t=58,458,986us] task_stop_exec     id=0x20016A38
[t=58,458,990us] task_start_exec    ppg id=0x20002A60
[t=58,460,379us] task_stop_exec     ppg id=0x20002A60
[t=58,460,383us] task_start_exec    id=0x20016A38
[t=58,460,387us] idle
[t=58,460,912us] task_stop_exec     id=0x20016A38
[t=58,460,916us] task_start_exec    ppg id=0x20002A60
[t=58,460,940us] task_stop_exec     ppg id=0x20002A60
[t=58,460,944us] task_start_exec    id=0x20016A38
[t=58,460,948us] idle
[t=58,462,986us] task_stop_exec     id=0x20016A38
[t=58,462,990us] task_start_exec    ble id=0x200031DC
[t=58,463,012us] task_stop_exec     ble id=0x200031DC
[t=58,463,016us] task_start_exec    id=0x20016A38
[t=58,463,020us] idle
[t=58,467,986us] task_stop_exec     id=0x20016A38
[t=58,467,990us] task_start_exec    ble id=0x200031DC
[t=58,468,013us] task_stop_exec     ble id=0x200031DC
[t=58,468,016us] task_start_exec    id=0x20016A38
[t=58,468,020us] idle
[t=58,469,986us] task_stop_exec     id=0x20016A38
[t=58,469,990us] task_start_exec    ppg id=0x20002A60
[t=58,471,380us] task_stop_exec     ppg id=0x20002A60
[t=58,471,384us] task_start_exec    id=0x20016A38
[t=58,471,387us] idle
[t=58,471,913us] task_stop_exec     id=0x20016A38
[t=58,471,917us] task_start_exec    ppg id=0x20002A60
[t=58,471,941us] task_stop_exec     ppg id=0x20002A60
[t=58,471,945us] task_start_exec    id=0x20016A38
[t=58,471,949us] idle
[t=58,472,986us] task_stop_exec     id=0x20016A38
[t=58,472,990us] task_start_exec    ble id=0x200031DC
[t=58,473,013us] task_stop_exec     ble id=0x200031DC
[t=58,473,017us] task_start_exec    id=0x20016A38
[t=58,473,020us] idle
[t=58,475,986us] task_stop_exec     id=0x20016A38
[t=58,475,990us] task_start_exec    key id=0x20006160
[t=58,476,007us] task_stop_exec     key id=0x20006160
[t=58,476,011us] task_start_exec    id=0x20016A38
[t=58,476,015us] idle
[t=58,477,986us] task_stop_exec     id=0x20016A38
[t=58,477,990us] task_start_exec    ble id=0x200031DC
[t=58,478,013us] task_stop_exec     ble id=0x200031DC
[t=58,478,016us] task_start_exec    id=0x20016A38
[t=58,478,020us] idle
[t=58,480,986us] task_stop_exec     id=0x20016A38
[t=58,480,990us] task_start_exec    ppg id=0x20002A60
[t=58,482,378us] task_stop_exec     ppg id=0x20002A60
[t=58,482,383us] task_start_exec    id=0x20016A38
[t=58,482,386us] idle
[t=58,482,912us] task_stop_exec     id=0x20016A38
[t=58,482,915us] task_start_exec    ppg id=0x20002A60
[t=58,482,940us] task_stop_exec     ppg id=0x20002A60
[t=58,482,944us] task_start_exec    id=0x20016A38
[t=58,482,947us] idle
[t=58,482,986us] task_stop_exec     id=0x20016A38
[t=58,482,990us] task_start_exec    ble id=0x200031DC
[t=58,483,012us] task_stop_exec     ble id=0x200031DC
[t=58,483,016us] task_start_exec    id=0x20016A38
[t=58,483,020us] idle
[t=58,487,986us] task_stop_exec     id=0x20016A38
[t=58,487,990us] task_start_exec    ble id=0x200031DC
[t=58,488,013us] task_stop_exec     ble id=0x200031DC
[t=58,488,016us] task_start_exec    id=0x20016A38
[t=58,488,020us] idle
[t=58,491,986us] task_stop_exec     id=0x20016A38
[t=58,491,990us] task_start_exec    ppg id=0x20002A60
[t=58,492,986us] task_stop_exec     ppg id=0x20002A60
[t=58,492,990us] task_start_exec    ble id=0x200031DC
[t=58,493,013us] task_stop_exec     ble id=0x200031DC
[t=58,493,017us] task_start_exec    ppg id=0x20002A60
[t=58,493,379us] task_stop_exec     ppg id=0x20002A60
[t=58,493,383us] task_start_exec    id=0x20016A38
[t=58,493,387us] idle
[t=58,493,913us] task_stop_exec     id=0x20016A38
[t=58,493,916us] task_start_exec    ppg id=0x20002A60
[t=58,493,941us] task_stop_exec     ppg id=0x20002A60
[t=58,493,945us] task_start_exec    id=0x20016A38
[t=58,493,948us] idle
[t=58,495,986us] task_stop_exec     id=0x20016A38
[t=58,495,990us] task_start_exec    key id=0x20006160
[t=58,496,008us] task_stop_exec     key id=0x20006160
[t=58,496,011us] task_start_exec    id=0x20016A38
[t=58,496,015us] idle
[t=58,497,986us] task_stop_exec     id=0x20016A38
[t=58,497,990us] task_start_exec    ble id=0x200031DC
[t=58,498,013us] task_stop_exec     ble id=0x200031DC
[t=58,498,016us] task_start_exec    id=0x20016A38
[t=58,498,020us] idle
[t=58,502,986us] task_stop_exec     id=0x20016A38
[t=58,502,990us] task_start_exec    ppg id=0x20002A60
[t=58,502,999us] task_stop_exec     ppg id=0x20002A60
[t=58,503,003us] task_start_exec    ble id=0x200031DC
[t=58,503,025us] task_stop_exec     ble id=0x200031DC
[t=58,503,029us] task_start_exec    ppg id=0x20002A60
[t=58,504,114us] task_stop_exec     ppg id=0x20002A60
[t=58,504,118us] task_start_exec    id=0x20016A38
[t=58,504,122us] idle
[t=58,507,986us] task_stop_exec     id=0x20016A38
[t=58,507,990us] task_start_exec    ble id=0x200031DC
[t=58,508,012us] task_stop_exec     ble id=0x200031DC
[t=58,508,016us] task_start_exec    id=0x20016A38
[t=58,508,020us] idle
[t=58,512,986us] task_stop_exec     id=0x20016A38
[t=58,512,990us] task_start_exec    ble id=0x200031DC
[t=58,513,013us] task_stop_exec     ble id=0x200031DC
[t=58,513,017us] task_start_exec    id=0x20016A38
[t=58,513,020us] idle
[t=58,513,986us] task_stop_exec     id=0x20016A38
[t=58,513,990us] task_start_exec    ppg id=0x20002A60
[t=58,515,379us] task_stop_exec     ppg id=0x20002A60
[t=58,515,383us] task_start_exec    id=0x20016A38
[t=58,515,387us] idle
[t=58,515,912us] task_stop_exec     id=0x20016A38
[t=58,515,916us] task_start_exec    ppg id=0x20002A60
[t=58,515,940us] task_stop_exec     ppg id=0x20002A60
[t=58,515,944us] task_start_exec    id=0x20016A38
[t=58,515,948us] idle
[t=58,515,986us] task_stop_exec     id=0x20016A38
[t=58,515,990us] task_start_exec    key id=0x20006160
[t=58,516,007us] task_stop_exec     key id=0x20006160
[t=58,516,011us] task_start_exec    id=0x20016A38
[t=58,516,015us] idle
[t=58,517,986us] task_stop_exec     id=0x20016A38
[t=58,517,990us] task_start_exec    ble id=0x200031DC
[t=58,518,012us] task_stop_exec     ble id=0x200031DC
[t=58,518,016us] task_start_exec    id=0x20016A38
[t=58,518,020us] idle
[t=58,522,986us] task_stop_exec     id=0x20016A38
[t=58,522,990us] task_start_exec    ble id=0x200031DC
[t=58,523,013us] task_stop_exec     ble id=0x200031DC
[t=58,523,016us] task_start_exec    id=0x20016A38
[t=58,523,020us] idle
[t=58,524,986us] task_stop_exec     id=0x20016A38
[t=58,524,990us] task_start_exec    ppg id=0x20002A60
[t=58,526,379us] task_stop_exec     ppg id=0x20002A60
[t=58,526,383us] task_start_exec    id=0x20016A38
[t=58,526,386us] idle
[t=58,526,912us] task_stop_exec     id=0x20016A38
[t=58,526,916us] task_start_exec    ppg id=0x20002A60
[t=58,526,940us] task_stop_exec     ppg id=0x20002A60
[t=58,526,944us] task_start_exec    id=0x20016A38
[t=58,526,948us] idle
[t=58,527,986us] task_stop_exec     id=0x20016A38
[t=58,527,990us] task_start_exec    ble id=0x200031DC
[t=58,528,012us] task_stop_exec     ble id=0x200031DC
[t=58,528,016us] task_start_exec    id=0x20016A38
[t=58,528,020us] idle
[t=58,532,986us] task_stop_exec     id=0x20016A38
[t=58,532,990us] task_start_exec    ble id=0x200031DC
[t=58,533,013us] task_stop_exec     ble id=0x200031DC
[t=58,533,017us] task_start_exec    id=0x20016A38
[t=58,533,020us] idle
[t=58,535,986us] task_stop_exec     id=0x20016A38
[t=58,535,990us] task_start_exec    key id=0x20006160
[t=58,535,999us] task_stop_exec     key id=0x20006160
[t=58,536,003us] task_start_exec    ppg id=0x20002A60
[t=58,537,391us] task_stop_exec     ppg id=0x20002A60
[t=58,537,395us] task_start_exec    key id=0x20006160
[t=58,537,410us] task_stop_exec     key id=0x20006160
[t=58,537,414us] task_start_exec    id=0x20016A38
[t=58,537,418us] idle
[t=58,537,925us] task_stop_exec     id=0x20016A38
[t=58,537,928us] task_start_exec    ppg id=0x20002A60
[t=58,537,953us] task_stop_exec     ppg id=0x20002A60
[t=58,537,957us] task_start_exec    id=0x20016A38
[t=58,537,960us] idle
[t=58,537,986us] task_stop_exec     id=0x20016A38
[t=58,537,990us] task_start_exec    ble id=0x200031DC
[t=58,538,012us] task_stop_exec     ble id=0x200031DC
[t=58,538,016us] task_start_exec    id=0x20016A38
[t=58,538,020us] idle
[t=58,542,986us] task_stop_exec     id=0x20016A38
[t=58,542,990us] task_start_exec    ble id=0x200031DC
[t=58,543,013us] task_stop_exec     ble id=0x200031DC
[t=58,543,017us] task_start_exec    id=0x20016A38
[t=58,543,020us] idle
[t=58,546,986us] task_stop_exec     id=0x20016A38
[t=58,546,990us] task_start_exec    ppg id=0x20002A60
[t=58,547,986us] task_stop_exec     ppg id=0x20002A60
[t=58,547,990us] task_start_exec    ble id=0x200031DC
[t=58,548,013us] task_stop_exec     ble id=0x200031DC
[t=58,548,017us] task_start_exec    ppg id=0x20002A60
[t=58,548,378us] task_stop_exec     ppg id=0x20002A60
[t=58,548,382us] task_start_exec    id=0x20016A38
[t=58,548,386us] idle
[t=58,548,912us] task_stop_exec     id=0x20016A38
[t=58,548,915us] task_start_exec    ppg id=0x20002A60
[t=58,548,940us] task_stop_exec     ppg id=0x20002A60
[t=58,548,944us] task_start_exec    id=0x20016A38
[t=58,548,947us] idle
[t=58,552,986us] task_stop_exec     id=0x20016A38
[t=58,552,990us] task_start_exec    ble id=0x200031DC
[t=58,553,013us] task_stop_exec     ble id=0x200031DC
[t=58,553,017us] task_start_exec    id=0x20016A38
[t=58,553,020us] idle
[t=58,556,986us] task_stop_exec     id=0x20016A38
[t=58,556,990us] task_start_exec    key id=0x20006160
[t=58,557,007us] task_stop_exec     key id=0x20006160
[t=58,557,011us] task_start_exec    id=0x20016A38
[t=58,557,015us] idle
[t=58,557,986us] task_stop_exec     id=0x20016A38
[t=58,557,990us] task_start_exec    ppg id=0x20002A60
[t=58,557,999us] task_stop_exec     ppg id=0x20002A60
[t=58,558,003us] task_start_exec    ble id=0x200031DC
[t=58,558,025us] task_stop_exec     ble id=0x200031DC
[t=58,558,029us] task_start_exec    ppg id=0x20002A60
[t=58,559,114us] task_stop_exec     ppg id=0x20002A60
[t=58,559,118us] task_start_exec    id=0x20016A38
[t=58,559,122us] idle
[t=58,562,986us] task_stop_exec     id=0x20016A38
[t=58,562,990us] task_start_exec    ble id=0x200031DC
[t=58,563,012us] task_stop_exec     ble id=0x200031DC
[t=58,563,016us] task_start_exec    id=0x20016A38
[t=58,563,020us] idle
[t=58,567,986us] task_stop_exec     id=0x20016A38
[t=58,567,990us] task_start_exec    ble id=0x200031DC
[t=58,568,013us] task_stop_exec     ble id=0x200031DC
[t=58,568,016us] task_start_exec    id=0x20016A38
[t=58,568,020us] idle
[t=58,568,986us] task_stop_exec     id=0x20016A38
[t=58,568,990us] task_start_exec    ppg id=0x20002A60
[t=58,570,379us] task_stop_exec     ppg id=0x20002A60
[t=58,570,383us] task_start_exec    id=0x20016A38
[t=58,570,386us] idle
[t=58,570,912us] task_stop_exec     id=0x20016A38
[t=58,570,916us] task_start_exec    ppg id=0x20002A60
[t=58,570,940us] task_stop_exec     ppg id=0x20002A60
[t=58,570,944us] task_start_exec    id=0x20016A38
[t=58,570,948us] idle
[t=58,572,986us] task_stop_exec     id=0x20016A38
[t=58,572,990us] task_start_exec    ble id=0x200031DC
[t=58,573,013us] task_stop_exec     ble id=0x200031DC
[t=58,573,017us] task_start_exec    id=0x20016A38
[t=58,573,020us] idle
[t=58,576,987us] task_stop_exec     id=0x20016A38
[t=58,576,991us] task_start_exec    key id=0x20006160
[t=58,577,008us] task_stop_exec     key id=0x20006160
[t=58,577,012us] task_start_exec    id=0x20016A38
[t=58,577,016us] idle
[t=58,577,986us] task_stop_exec     id=0x20016A38
[t=58,577,990us] task_start_exec    ble id=0x200031DC
[t=58,578,013us] task_stop_exec     ble id=0x200031DC
[t=58,578,016us] task_start_exec    id=0x20016A38
[t=58,578,020us] idle
[t=58,579,986us] task_stop_exec     id=0x20016A38
[t=58,579,990us] task_start_exec    ppg id=0x20002A60
[t=58,581,379us] task_stop_exec     ppg id=0x20002A60
[t=58,581,383us] task_start_exec    id=0x20016A38
[t=58,581,386us] idle
[t=58,581,912us] task_stop_exec     id=0x20016A38
[t=58,581,916us] task_start_exec    ppg id=0x20002A60
[t=58,581,940us] task_stop_exec     ppg id=0x20002A60
[t=58,581,944us] task_start_exec    id=0x20016A38
[t=58,581,947us] idle
[t=58,582,986us] task_stop_exec     id=0x20016A38
[t=58,582,990us] task_start_exec    ble id=0x200031DC
[t=58,583,012us] task_stop_exec     ble id=0x200031DC
[t=58,583,016us] task_start_exec    id=0x20016A38
[t=58,583,020us] idle
[t=58,587,986us] task_stop_exec     id=0x20016A38
[t=58,587,990us] task_start_exec    ble id=0x200031DC
[t=58,588,013us] task_stop_exec     ble id=0x200031DC
[t=58,588,016us] task_start_exec    id=0x20016A38
[t=58,588,020us] idle
[t=58,590,986us] task_stop_exec     id=0x20016A38
[t=58,590,990us] task_start_exec    ppg id=0x20002A60
[t=58,592,378us] task_stop_exec     ppg id=0x20002A60
[t=58,592,382us] task_start_exec    id=0x20016A38
[t=58,592,386us] idle
[t=58,592,912us] task_stop_exec     id=0x20016A38
[t=58,592,915us] task_start_exec    ppg id=0x20002A60
[t=58,592,940us] task_stop_exec     ppg id=0x20002A60
[t=58,592,944us] task_start_exec    id=0x20016A38
[t=58,592,947us] idle
[t=58,592,986us] task_stop_exec     id=0x20016A38
[t=58,592,990us] task_start_exec    ble id=0x200031DC
[t=58,593,013us] task_stop_exec     ble id=0x200031DC
[t=58,593,017us] task_start_exec    id=0x20016A38
[t=58,593,020us] idle
[t=58,596,986us] task_stop_exec     id=0x20016A38
[t=58,596,990us] task_start_exec    key id=0x20006160
[t=58,597,007us] task_stop_exec     key id=0x20006160
[t=58,597,011us] task_start_exec    id=0x20016A38
[t=58,597,015us] idle
[t=58,597,986us] task_stop_exec     id=0x20016A38
[t=58,597,990us] task_start_exec    ble id=0x200031DC
[t=58,598,013us] task_stop_exec     ble id=0x200031DC
[t=58,598,017us] task_start_exec    id=0x20016A38
[t=58,598,020us] idle
[t=58,601,986us] task_stop_exec     id=0x20016A38
[t=58,601,990us] task_start_exec    ppg id=0x20002A60
[t=58,602,986us] task_stop_exec     ppg id=0x20002A60
[t=58,602,990us] task_start_exec    ble id=0x200031DC
[t=58,603,013us] task_stop_exec     ble id=0x200031DC
[t=58,603,017us] task_start_exec    ppg id=0x20002A60
[t=58,603,378us] task_stop_exec     ppg id=0x20002A60
[t=58,603,382us] task_start_exec    id=0x20016A38
[t=58,603,386us] idle
[t=58,603,911us] task_stop_exec     id=0x20016A38
[t=58,603,915us] task_start_exec    ppg id=0x20002A60
[t=58,603,940us] task_stop_exec     ppg id=0x20002A60
[t=58,603,943us] task_start_exec    id=0x20016A38
[t=58,603,947us] idle
[t=58,607,986us] task_stop_exec     id=0x20016A38
[t=58,607,990us] task_start_exec    ble id=0x200031DC
[t=58,608,013us] task_stop_exec     ble id=0x200031DC
[t=58,608,017us] task_start_exec    id=0x20016A38
[t=58,608,020us] idle
[t=58,612,986us] task_stop_exec     id=0x20016A38
[t=58,612,990us] task_start_exec    ppg id=0x20002A60
[t=58,612,999us] task_stop_exec     ppg id=0x20002A60
[t=58,613,003us] task_start_exec    ble id=0x200031DC
[t=58,613,025us] task_stop_exec     ble id=0x200031DC
[t=58,613,029us] task_start_exec    ppg id=0x20002A60
[t=58,614,416us] task_stop_exec     ppg id=0x20002A60
[t=58,614,420us] task_start_exec    id=0x20016A38
[t=58,614,424us] idle
[t=58,614,949us] task_stop_exec     id=0x20016A38
[t=58,614,953us] task_start_exec    ppg id=0x20002A60
[t=58,614,977us] task_stop_exec     ppg id=0x20002A60
[t=58,614,981us] task_start_exec    id=0x20016A38
[t=58,614,985us] idle
[t=58,616,986us] task_stop_exec     id=0x20016A38
[t=58,616,990us] task_start_exec    key id=0x20006160
[t=58,617,008us] task_stop_exec     key id=0x20006160
[t=58,617,011us] task_start_exec    id=0x20016A38
[t=58,617,015us] idle
[t=58,617,986us] task_stop_exec     id=0x20016A38
[t=58,617,990us] task_start_exec    ble id=0x200031DC
[t=58,618,012us] task_stop_exec     ble id=0x200031DC
[t=58,618,016us] task_start_exec    id=0x20016A38
[t=58,618,020us] idle
[t=58,622,986us] task_stop_exec     id=0x20016A38
[t=58,622,990us] task_start_exec    ble id=0x200031DC
[t=58,623,013us] task_stop_exec     ble id=0x200031DC
[t=58,623,016us] task_start_exec    id=0x20016A38
[t=58,623,020us] idle
[t=58,623,986us] task_stop_exec     id=0x20016A38
[t=58,623,990us] task_start_exec    ppg id=0x20002A60
[t=58,625,078us] task_stop_exec     ppg id=0x20002A60
[t=58,625,082us] task_start_exec    id=0x20016A38
[t=58,625,085us] idle
[t=58,627,986us] task_stop_exec     id=0x20016A38
[t=58,627,990us] task_start_exec    ble id=0x200031DC
[t=58,628,012us] task_stop_exec     ble id=0x200031DC
[t=58,628,016us] task_start_exec    id=0x20016A38
[t=58,628,020us] idle
[t=58,632,986us] task_stop_exec     id=0x20016A38
[t=58,632,990us] task_start_exec    ble id=0x200031DC
[t=58,633,013us] task_stop_exec     ble id=0x200031DC
[t=58,633,017us] task_start_exec    id=0x20016A38
[t=58,633,020us] idle
[t=58,634,986us] task_stop_exec     id=0x20016A38
[t=58,634,990us] task_start_exec    ppg id=0x20002A60
[t=58,636,380us] task_stop_exec     ppg id=0x20002A60
[t=58,636,384us] task_start_exec    id=0x20016A38
[t=58,636,387us] idle
[t=58,636,913us] task_stop_exec     id=0x20016A38
[t=58,636,917us] task_start_exec    ppg id=0x20002A60
[t=58,636,941us] task_stop_exec     ppg id=0x20002A60
[t=58,636,945us] task_start_exec    id=0x20016A38
[t=58,636,949us] idle
[t=58,636,986us] task_stop_exec     id=0x20016A38
[t=58,636,990us] task_start_exec    key id=0x20006160
[t=58,637,007us] task_stop_exec     key id=0x20006160
[t=58,637,011us] task_start_exec    id=0x20016A38
[t=58,637,015us] idle
[t=58,637,986us] task_stop_exec     id=0x20016A38
[t=58,637,990us] task_start_exec    ble id=0x200031DC
[t=58,638,012us] task_stop_exec     ble id=0x200031DC
[t=58,638,016us] task_start_exec    id=0x20016A38
[t=58,638,020us] idle
[t=58,642,986us] task_stop_exec     id=0x20016A38
[t=58,642,990us] task_start_exec    ble id=0x200031DC
[t=58,643,013us] task_stop_exec     ble id=0x200031DC
[t=58,643,016us] task_start_exec    id=0x20016A38
[t=58,643,020us] idle
[t=58,645,986us] task_stop_exec     id=0x20016A38
[t=58,645,990us] task_start_exec    ppg id=0x20002A60
[t=58,647,379us] task_stop_exec     ppg id=0x20002A60
[t=58,647,383us] task_start_exec    id=0x20016A38
[t=58,647,386us] idle
[t=58,647,912us] task_stop_exec     id=0x20016A38
[t=58,647,916us] task_start_exec    ppg id=0x20002A60
[t=58,647,940us] task_stop_exec     ppg id=0x20002A60
[t=58,647,944us] task_start_exec    id=0x20016A38
[t=58,647,947us] idle
[t=58,647,987us] task_stop_exec     id=0x20016A38
[t=58,647,991us] task_start_exec    ble id=0x200031DC
[t=58,648,013us] task_stop_exec     ble id=0x200031DC
[t=58,648,017us] task_start_exec    id=0x20016A38
[t=58,648,020us] idle
[t=58,652,986us] task_stop_exec     id=0x20016A38
[t=58,652,990us] task_start_exec    ble id=0x200031DC
[t=58,653,013us] task_stop_exec     ble id=0x200031DC
[t=58,653,017us] task_start_exec    id=0x20016A38
[t=58,653,020us] idle
[t=58,656,986us] task_stop_exec     id=0x20016A38
[t=58,656,990us] task_start_exec    key id=0x20006160
[t=58,656,999us] task_stop_exec     key id=0x20006160
[t=58,657,003us] task_start_exec    ppg id=0x20002A60
[t=58,657,986us] task_stop_exec     ppg id=0x20002A60
[t=58,657,990us] task_start_exec    ble id=0x200031DC
[t=58,658,012us] task_stop_exec     ble id=0x200031DC
[t=58,658,016us] task_start_exec    ppg id=0x20002A60
[t=58,658,391us] task_stop_exec     ppg id=0x20002A60
[t=58,658,395us] task_start_exec    key id=0x20006160
[t=58,658,410us] task_stop_exec     key id=0x20006160
[t=58,658,414us] task_start_exec    id=0x20016A38
[t=58,658,418us] idle
[t=58,658,925us] task_stop_exec     id=0x20016A38
[t=58,658,928us] task_start_exec    ppg id=0x20002A60
[t=58,658,953us] task_stop_exec     ppg id=0x20002A60
[t=58,658,957us] task_start_exec    id=0x20016A38
[t=58,658,960us] idle
[t=58,662,986us] task_stop_exec     id=0x20016A38
[t=58,662,990us] task_start_exec    ble id=0x200031DC
[t=58,663,013us] task_stop_exec     ble id=0x200031DC
[t=58,663,017us] task_start_exec    id=0x20016A38
[t=58,663,020us] idle
[t=58,667,986us] task_stop_exec     id=0x20016A38
[t=58,667,990us] task_start_exec    ppg id=0x20002A60
[t=58,667,999us] task_stop_exec     ppg id=0x20002A60
[t=58,668,003us] task_start_exec    ble id=0x200031DC
[t=58,668,025us] task_stop_exec     ble id=0x200031DC
[t=58,668,029us] task_start_exec    ppg id=0x20002A60
[t=58,669,415us] task_stop_exec     ppg id=0x20002A60
[t=58,669,420us] task_start_exec    id=0x20016A38
[t=58,669,423us] idle
[t=58,669,949us] task_stop_exec     id=0x20016A38
[t=58,669,952us] task_start_exec    ppg id=0x20002A60
[t=58,669,977us] task_stop_exec     ppg id=0x20002A60
[t=58,669,981us] task_start_exec    id=0x20016A38
[t=58,669,984us] idle
[t=58,672,986us] task_stop_exec     id=0x20016A38
[t=58,672,990us] task_start_exec    ble id=0x200031DC
[t=58,673,013us] task_stop_exec     ble id=0x200031DC
[t=58,673,017us] task_start_exec    id=0x20016A38
[t=58,673,020us] idle
[t=58,677,986us] task_stop_exec     id=0x20016A38
[t=58,677,990us] task_start_exec    key id=0x20006160
[t=58,677,999us] task_stop_exec     key id=0x20006160
[t=58,678,003us] task_start_exec    ble id=0x200031DC
[t=58,678,025us] task_stop_exec     ble id=0x200031DC
[t=58,678,029us] task_start_exec    key id=0x20006160
[t=58,678,044us] task_stop_exec     key id=0x20006160
[t=58,678,048us] task_start_exec    id=0x20016A38
[t=58,678,052us] idle
[t=58,678,986us] task_stop_exec     id=0x20016A38
[t=58,678,990us] task_start_exec    ppg id=0x20002A60
[t=58,680,379us] task_stop_exec     ppg id=0x20002A60
[t=58,680,383us] task_start_exec    id=0x20016A38
[t=58,680,387us] idle
[t=58,680,912us] task_stop_exec     id=0x20016A38
[t=58,680,916us] task_start_exec    ppg id=0x20002A60
[t=58,680,940us] task_stop_exec     ppg id=0x20002A60
[t=58,680,944us] task_start_exec    id=0x20016A38
[t=58,680,948us] idle
[t=58,682,987us] task_stop_exec     id=0x20016A38
[t=58,682,991us] task_start_exec    ble id=0x200031DC
[t=58,683,013us] task_stop_exec     ble id=0x200031DC
[t=58,683,017us] task_start_exec    id=0x20016A38
[t=58,683,021us] idle
[t=58,687,986us] task_stop_exec     id=0x20016A38
[t=58,687,990us] task_start_exec    ble id=0x200031DC
[t=58,688,013us] task_stop_exec     ble id=0x200031DC
[t=58,688,016us] task_start_exec    id=0x20016A38
[t=58,688,020us] idle
[t=58,689,986us] task_stop_exec     id=0x20016A38
[t=58,689,990us] task_start_exec    ppg id=0x20002A60
[t=58,691,078us] task_stop_exec     ppg id=0x20002A60
[t=58,691,082us] task_start_exec    id=0x20016A38
[t=58,691,086us] idle
[t=58,692,986us] task_stop_exec     id=0x20016A38
[t=58,692,990us] task_start_exec    ble id=0x200031DC
[t=58,693,013us] task_stop_exec     ble id=0x200031DC
[t=58,693,016us] task_start_exec    id=0x20016A38
[t=58,693,020us] idle
[t=58,697,986us] task_stop_exec     id=0x20016A38
[t=58,697,990us] task_start_exec    key id=0x20006160
[t=58,697,999us] task_stop_exec     key id=0x20006160
[t=58,698,003us] task_start_exec    ble id=0x200031DC
[t=58,698,025us] task_stop_exec     ble id=0x200031DC
[t=58,698,029us] task_start_exec    key id=0x20006160
[t=58,698,044us] task_stop_exec     key id=0x20006160
[t=58,698,048us] task_start_exec    id=0x20016A38
[t=58,698,052us] idle
[t=58,700,986us] task_stop_exec     id=0x20016A38
[t=58,700,990us] task_start_exec    ppg id=0x20002A60
[t=58,702,378us] task_stop_exec     ppg id=0x20002A60
[t=58,702,383us] task_start_exec    id=0x20016A38
[t=58,702,386us] idle
[t=58,702,912us] task_stop_exec     id=0x20016A38
[t=58,702,915us] task_start_exec    ppg id=0x20002A60
[t=58,702,940us] task_stop_exec     ppg id=0x20002A60
[t=58,702,944us] task_start_exec    id=0x20016A38
[t=58,702,947us] idle
[t=58,702,986us] task_stop_exec     id=0x20016A38
[t=58,702,990us] task_start_exec    ble id=0x200031DC
[t=58,703,012us] task_stop_exec     ble id=0x200031DC
[t=58,703,016us] task_start_exec    id=0x20016A38
[t=58,703,020us] idle
[t=58,707,986us] task_stop_exec     id=0x20016A38
[t=58,707,990us] task_start_exec    ble id=0x200031DC
[t=58,708,013us] task_stop_exec     ble id=0x200031DC
[t=58,708,016us] task_start_exec    id=0x20016A38
[t=58,708,020us] idle
[t=58,711,986us] task_stop_exec     id=0x20016A38
[t=58,711,990us] task_start_exec    ppg id=0x20002A60
[t=58,712,986us] task_stop_exec     ppg id=0x20002A60
[t=58,712,990us] task_start_exec    ble id=0x200031DC
[t=58,713,013us] task_stop_exec     ble id=0x200031DC
[t=58,713,017us] task_start_exec    ppg id=0x20002A60
[t=58,713,378us] task_stop_exec     ppg id=0x20002A60
[t=58,713,382us] task_start_exec    id=0x20016A38
[t=58,713,386us] idle
[t=58,713,911us] task_stop_exec     id=0x20016A38
[t=58,713,915us] task_start_exec    ppg id=0x20002A60
[t=58,713,940us] task_stop_exec     ppg id=0x20002A60
[t=58,713,944us] task_start_exec    id=0x20016A38
[t=58,713,947us] idle
[t=58,717,987us] task_stop_exec     id=0x20016A38
[t=58,717,991us] task_start_exec    key id=0x20006160
[t=58,718,000us] task_stop_exec     key id=0x20006160
[t=58,718,004us] task_start_exec    ble id=0x200031DC
[t=58,718,026us] task_stop_exec     ble id=0x200031DC
[t=58,718,030us] task_start_exec    key id=0x20006160
[t=58,718,045us] task_stop_exec     key id=0x20006160
[t=58,718,049us] task_start_exec    id=0x20016A38
[t=58,718,053us] idle
[t=58,722,986us] task_stop_exec     id=0x20016A38
[t=58,722,990us] task_start_exec    ppg id=0x20002A60
[t=58,722,999us] task_stop_exec     ppg id=0x20002A60
[t=58,723,003us] task_start_exec    ble id=0x200031DC
[t=58,723,025us] task_stop_exec     ble id=0x200031DC
[t=58,723,029us] task_start_exec    ppg id=0x20002A60
[t=58,724,416us] task_stop_exec     ppg id=0x20002A60
[t=58,724,420us] task_start_exec    id=0x20016A38
[t=58,724,423us] idle
[t=58,724,949us] task_stop_exec     id=0x20016A38
[t=58,724,953us] task_start_exec    ppg id=0x20002A60
[t=58,724,977us] task_stop_exec     ppg id=0x20002A60
[t=58,724,981us] task_start_exec    id=0x20016A38
[t=58,724,984us] idle
[t=58,727,986us] task_stop_exec     id=0x20016A38
[t=58,727,990us] task_start_exec    ble id=0x200031DC
[t=58,728,012us] task_stop_exec     ble id=0x200031DC
[t=58,728,016us] task_start_exec    id=0x20016A38
[t=58,728,020us] idle
[t=58,732,986us] task_stop_exec     id=0x20016A38
[t=58,732,990us] task_start_exec    ble id=0x200031DC
[t=58,733,013us] task_stop_exec     ble id=0x200031DC
[t=58,733,017us] task_start_exec    id=0x20016A38
[t=58,733,020us] idle
[t=58,733,986us] task_stop_exec     id=0x20016A38
[t=58,733,990us] task_start_exec    ppg id=0x20002A60
[t=58,735,379us] task_stop_exec     ppg id=0x20002A60
[t=58,735,383us] task_start_exec    id=0x20016A38
[t=58,735,387us] idle
[t=58,735,912us] task_stop_exec     id=0x20016A38
[t=58,735,916us] task_start_exec    ppg id=0x20002A60
[t=58,735,940us] task_stop_exec     ppg id=0x20002A60
[t=58,735,944us] task_start_exec    id=0x20016A38
[t=58,735,948us] idle
[t=58,737,986us] task_stop_exec     id=0x20016A38
[t=58,737,990us] task_start_exec    key id=0x20006160
[t=58,737,999us] task_stop_exec     key id=0x20006160
[t=58,738,003us] task_start_exec    ble id=0x200031DC
[t=58,738,025us] task_stop_exec     ble id=0x200031DC
[t=58,738,029us] task_start_exec    key id=0x20006160
[t=58,738,044us] task_stop_exec     key id=0x20006160
[t=58,738,048us] task_start_exec    id=0x20016A38
[t=58,738,052us] idle
[t=58,742,986us] task_stop_exec     id=0x20016A38
[t=58,742,990us] task_start_exec    ble id=0x200031DC
[t=58,743,013us] task_stop_exec     ble id=0x200031DC
[t=58,743,016us] task_start_exec    id=0x20016A38
[t=58,743,020us] idle
[t=58,744,986us] task_stop_exec     id=0x20016A38
[t=58,744,990us] task_start_exec    ppg id=0x20002A60
[t=58,746,379us] task_stop_exec     ppg id=0x20002A60
[t=58,746,383us] task_start_exec    id=0x20016A38
[t=58,746,387us] idle
[t=58,746,912us] task_stop_exec     id=0x20016A38
[t=58,746,916us] task_start_exec    ppg id=0x20002A60
[t=58,746,940us] task_stop_exec     ppg id=0x20002A60
[t=58,746,944us] task_start_exec    id=0x20016A38
[t=58,746,948us] idle
[t=58,747,986us] task_stop_exec     id=0x20016A38
[t=58,747,990us] task_start_exec    ble id=0x200031DC
[t=58,748,012us] task_stop_exec     ble id=0x200031DC
[t=58,748,016us] task_start_exec    id=0x20016A38
[t=58,748,020us] idle
[t=58,752,987us] task_stop_exec     id=0x20016A38
[t=58,752,991us] task_start_exec    ble id=0x200031DC
[t=58,753,013us] task_stop_exec     ble id=0x200031DC
[t=58,753,017us] task_start_exec    id=0x20016A38
[t=58,753,021us] idle
[t=58,755,986us] task_stop_exec     id=0x20016A38
[t=58,755,990us] task_start_exec    ppg id=0x20002A60
[t=58,757,077us] task_stop_exec     ppg id=0x20002A60
[t=58,757,082us] task_start_exec    id=0x20016A38
[t=58,757,085us] idle
[t=58,757,986us] task_stop_exec     id=0x20016A38
[t=58,757,990us] task_start_exec    key id=0x20006160
[t=58,757,999us] task_stop_exec     key id=0x20006160
[t=58,758,003us] task_start_exec    ble id=0x200031DC
[t=58,758,025us] task_stop_exec     ble id=0x200031DC
[t=58,758,029us] task_start_exec    key id=0x20006160
[t=58,758,044us] task_stop_exec     key id=0x20006160
[t=58,758,048us] task_start_exec    id=0x20016A38
[t=58,758,052us] idle
[t=58,762,986us] task_stop_exec     id=0x20016A38
[t=58,762,990us] task_start_exec    ble id=0x200031DC
[t=58,763,013us] task_stop_exec     ble id=0x200031DC
[t=58,763,016us] task_start_exec    id=0x20016A38
[t=58,763,020us] idle
[t=58,766,986us] task_stop_exec     id=0x20016A38
[t=58,766,990us] task_start_exec    ppg id=0x20002A60
[t=58,767,986us] task_stop_exec     ppg id=0x20002A60
[t=58,767,990us] task_start_exec    ble id=0x200031DC
[t=58,768,013us] task_stop_exec     ble id=0x200031DC
[t=58,768,016us] task_start_exec    ppg id=0x20002A60
[t=58,768,379us] task_stop_exec     ppg id=0x20002A60
[t=58,768,383us] task_start_exec    id=0x20016A38
[t=58,768,387us] idle
[t=58,768,912us] task_stop_exec     id=0x20016A38
[t=58,768,916us] task_start_exec    ppg id=0x20002A60
[t=58,768,941us] task_stop_exec     ppg id=0x20002A60
[t=58,768,944us] task_start_exec    id=0x20016A38
[t=58,768,948us] idle
[t=58,772,986us] task_stop_exec     id=0x20016A38
[t=58,772,990us] task_start_exec    ble id=0x200031DC
[t=58,773,013us] task_stop_exec     ble id=0x200031DC
[t=58,773,017us] task_start_exec    id=0x20016A38
[t=58,773,020us] idle
[t=58,777,986us] task_stop_exec     id=0x20016A38
[t=58,777,990us] task_start_exec    key id=0x20006160
[t=58,777,999us] task_stop_exec     key id=0x20006160
[t=58,778,003us] task_start_exec    ppg id=0x20002A60
[t=58,778,012us] task_stop_exec     ppg id=0x20002A60
[t=58,778,016us] task_start_exec    ble id=0x200031DC
[t=58,778,037us] task_stop_exec     ble id=0x200031DC
[t=58,778,041us] task_start_exec    ppg id=0x20002A60
[t=58,779,427us] task_stop_exec     ppg id=0x20002A60
[t=58,779,431us] task_start_exec    key id=0x20006160
[t=58,779,447us] task_stop_exec     key id=0x20006160
[t=58,779,451us] task_start_exec    id=0x20016A38
[t=58,779,454us] idle
[t=58,779,961us] task_stop_exec     id=0x20016A38
[t=58,779,965us] task_start_exec    ppg id=0x20002A60
[t=58,779,993us] task_stop_exec     ppg id=0x20002A60
[t=58,779,997us] task_start_exec    id=0x20016A38
[t=58,780,000us] idle
[t=58,782,986us] task_stop_exec     id=0x20016A38
[t=58,782,990us] task_start_exec    ble id=0x200031DC
[t=58,783,012us] task_stop_exec     ble id=0x200031DC
[t=58,783,016us] task_start_exec    id=0x20016A38
[t=58,783,020us] idle
[t=58,787,986us] task_stop_exec     id=0x20016A38
[t=58,787,990us] task_start_exec    ble id=0x200031DC
[t=58,788,013us] task_stop_exec     ble id=0x200031DC
[t=58,788,016us] task_start_exec    id=0x20016A38
[t=58,788,020us] idle
[t=58,789,986us] task_stop_exec     id=0x20016A38
[t=58,789,990us] task_start_exec    ppg id=0x20002A60
[t=58,791,379us] task_stop_exec     ppg id=0x20002A60
[t=58,791,383us] task_start_exec    id=0x20016A38
[t=58,791,387us] idle
[t=58,791,912us] task_stop_exec     id=0x20016A38
[t=58,791,916us] task_start_exec    ppg id=0x20002A60
[t=58,791,940us] task_stop_exec     ppg id=0x20002A60
[t=58,791,944us] task_start_exec    id=0x20016A38
[t=58,791,948us] idle
[t=58,792,986us] task_stop_exec     id=0x20016A38
[t=58,792,990us] task_start_exec    ble id=0x200031DC
[t=58,793,012us] task_stop_exec     ble id=0x200031DC
[t=58,793,016us] task_start_exec    id=0x20016A38
[t=58,793,020us] idle
[t=58,797,986us] task_stop_exec     id=0x20016A38
[t=58,797,990us] task_start_exec    ble id=0x200031DC
[t=58,798,013us] task_stop_exec     ble id=0x200031DC
[t=58,798,017us] task_start_exec    id=0x20016A38
[t=58,798,020us] idle
[t=58,798,986us] task_stop_exec     id=0x20016A38
[t=58,798,990us] task_start_exec    key id=0x20006160
[t=58,799,008us] task_stop_exec     key id=0x20006160
[t=58,799,011us] task_start_exec    id=0x20016A38
[t=58,799,015us] idle
[t=58,800,986us] task_stop_exec     id=0x20016A38
[t=58,800,990us] task_start_exec    ppg id=0x20002A60
[t=58,802,378us] task_stop_exec     ppg id=0x20002A60
[t=58,802,382us] task_start_exec    id=0x20016A38
[t=58,802,386us] idle
[t=58,802,912us] task_stop_exec     id=0x20016A38
[t=58,802,915us] task_start_exec    ppg id=0x20002A60
[t=58,802,940us] task_stop_exec     ppg id=0x20002A60
[t=58,802,944us] task_start_exec    id=0x20016A38
[t=58,802,947us] idle
[t=58,802,986us] task_stop_exec     id=0x20016A38
[t=58,802,990us] task_start_exec    ble id=0x200031DC
[t=58,803,012us] task_stop_exec     ble id=0x200031DC
[t=58,803,016us] task_start_exec    id=0x20016A38
[t=58,803,020us] idle
[t=58,807,986us] task_stop_exec     id=0x20016A38
[t=58,807,990us] task_start_exec    ble id=0x200031DC
[t=58,808,013us] task_stop_exec     ble id=0x200031DC
[t=58,808,016us] task_start_exec    id=0x20016A38
[t=58,808,020us] idle
[t=58,811,986us] task_stop_exec     id=0x20016A38
[t=58,811,990us] task_start_exec    ppg id=0x20002A60
[t=58,812,986us] task_stop_exec     ppg id=0x20002A60
[t=58,812,990us] task_start_exec    ble id=0x200031DC
[t=58,813,013us] task_stop_exec     ble id=0x200031DC
[t=58,813,017us] task_start_exec    ppg id=0x20002A60
[t=58,813,379us] task_stop_exec     ppg id=0x20002A60
[t=58,813,383us] task_start_exec    id=0x20016A38
[t=58,813,387us] idle
[t=58,813,912us] task_stop_exec     id=0x20016A38
[t=58,813,916us] task_start_exec    ppg id=0x20002A60
[t=58,813,941us] task_stop_exec     ppg id=0x20002A60
[t=58,813,944us] task_start_exec    id=0x20016A38
[t=58,813,948us] idle
[t=58,817,986us] task_stop_exec     id=0x20016A38
[t=58,817,990us] task_start_exec    ble id=0x200031DC
[t=58,818,013us] task_stop_exec     ble id=0x200031DC
[t=58,818,017us] task_start_exec    id=0x20016A38
[t=58,818,020us] idle
[t=58,818,986us] task_stop_exec     id=0x20016A38
[t=58,818,990us] task_start_exec    key id=0x20006160
[t=58,819,008us] task_stop_exec     key id=0x20006160
[t=58,819,011us] task_start_exec    id=0x20016A38
[t=58,819,015us] idle
[t=58,822,986us] task_stop_exec     id=0x20016A38
[t=58,822,990us] task_start_exec    ppg id=0x20002A60
[t=58,822,999us] task_stop_exec     ppg id=0x20002A60
[t=58,823,003us] task_start_exec    ble id=0x200031DC
[t=58,823,025us] task_stop_exec     ble id=0x200031DC
[t=58,823,029us] task_start_exec    ppg id=0x20002A60
[t=58,824,114us] task_stop_exec     ppg id=0x20002A60
[t=58,824,118us] task_start_exec    id=0x20016A38
[t=58,824,122us] idle
[t=58,827,986us] task_stop_exec     id=0x20016A38
[t=58,827,990us] task_start_exec    ble id=0x200031DC
[t=58,828,012us] task_stop_exec     ble id=0x200031DC
[t=58,828,016us] task_start_exec    id=0x20016A38
[t=58,828,020us] idle
[t=58,832,986us] task_stop_exec     id=0x20016A38
[t=58,832,990us] task_start_exec    ble id=0x200031DC
[t=58,833,013us] task_stop_exec     ble id=0x200031DC
[t=58,833,016us] task_start_exec    id=0x20016A38
[t=58,833,020us] idle
[t=58,833,986us] task_stop_exec     id=0x20016A38
[t=58,833,990us] task_start_exec    ppg id=0x20002A60
[t=58,835,380us] task_stop_exec     ppg id=0x20002A60
[t=58,835,384us] task_start_exec    id=0x20016A38
[t=58,835,388us] idle
[t=58,835,913us] task_stop_exec     id=0x20016A38
[t=58,835,917us] task_start_exec    ppg id=0x20002A60
[t=58,835,941us] task_stop_exec     ppg id=0x20002A60
[t=58,835,945us] task_start_exec    id=0x20016A38
[t=58,835,949us] idle
[t=58,837,986us] task_stop_exec     id=0x20016A38
[t=58,837,990us] task_start_exec    ble id=0x200031DC
[t=58,838,013us] task_stop_exec     ble id=0x200031DC
[t=58,838,017us] task_start_exec    id=0x20016A38
[t=58,838,020us] idle
[t=58,838,986us] task_stop_exec     id=0x20016A38
[t=58,838,990us] task_start_exec    key id=0x20006160
[t=58,839,008us] task_stop_exec     key id=0x20006160
[t=58,839,011us] task_start_exec    id=0x20016A38
[t=58,839,015us] idle
[t=58,842,986us] task_stop_exec     id=0x20016A38
[t=58,842,990us] task_start_exec    ble id=0x200031DC
[t=58,843,013us] task_stop_exec     ble id=0x200031DC
[t=58,843,016us] task_start_exec    id=0x20016A38
[t=58,843,020us] idle
[t=58,844,986us] task_stop_exec     id=0x20016A38
[t=58,844,990us] task_start_exec    ppg id=0x20002A60
[t=58,846,379us] task_stop_exec     ppg id=0x20002A60
[t=58,846,383us] task_start_exec    id=0x20016A38
[t=58,846,386us] idle
[t=58,846,912us] task_stop_exec     id=0x20016A38
[t=58,846,916us] task_start_exec    ppg id=0x20002A60
[t=58,846,940us] task_stop_exec     ppg id=0x20002A60
[t=58,846,944us] task_start_exec    id=0x20016A38
[t=58,846,947us] idle
[t=58,847,986us] task_stop_exec     id=0x20016A38
[t=58,847,990us] task_start_exec    ble id=0x200031DC
[t=58,848,012us] task_stop_exec     ble id=0x200031DC
[t=58,848,016us] task_start_exec    id=0x20016A38
[t=58,848,020us] idle
[t=58,852,986us] task_stop_exec     id=0x20016A38
[t=58,852,990us] task_start_exec    ble id=0x200031DC
[t=58,853,013us] task_stop_exec     ble id=0x200031DC
[t=58,853,016us] task_start_exec    id=0x20016A38
[t=58,853,020us] idle
[t=58,855,986us] task_stop_exec     id=0x20016A38
[t=58,855,990us] task_start_exec    ppg id=0x20002A60
[t=58,857,378us] task_stop_exec     ppg id=0x20002A60
[t=58,857,383us] task_start_exec    id=0x20016A38
[t=58,857,386us] idle
[t=58,857,912us] task_stop_exec     id=0x20016A38
[t=58,857,915us] task_start_exec    ppg id=0x20002A60
[t=58,857,940us] task_stop_exec     ppg id=0x20002A60
[t=58,857,944us] task_start_exec    id=0x20016A38
[t=58,857,947us] idle
[t=58,857,986us] task_stop_exec     id=0x20016A38
[t=58,857,990us] task_start_exec    ble id=0x200031DC
[t=58,858,013us] task_stop_exec     ble id=0x200031DC
[t=58,858,017us] task_start_exec    id=0x20016A38
[t=58,858,020us] idle
[t=58,858,986us] task_stop_exec     id=0x20016A38
[t=58,858,990us] task_start_exec    key id=0x20006160
[t=58,859,008us] task_stop_exec     key id=0x20006160
[t=58,859,011us] task_start_exec    id=0x20016A38
[t=58,859,015us] idle
[t=58,862,986us] task_stop_exec     id=0x20016A38
[t=58,862,990us] task_start_exec    ble id=0x200031DC
[t=58,863,013us] task_stop_exec     ble id=0x200031DC
[t=58,863,016us] task_start_exec    id=0x20016A38
[t=58,863,020us] idle
[t=58,866,986us] task_stop_exec     id=0x20016A38
[t=58,866,990us] task_start_exec    ppg id=0x20002A60
[t=58,867,986us] task_stop_exec     ppg id=0x20002A60
[t=58,867,990us] task_start_exec    ble id=0x200031DC
[t=58,868,013us] task_stop_exec     ble id=0x200031DC
[t=58,868,017us] task_start_exec    ppg id=0x20002A60
[t=58,868,378us] task_stop_exec     ppg id=0x20002A60
[t=58,868,382us] task_start_exec    id=0x20016A38
[t=58,868,386us] idle
[t=58,868,911us] task_stop_exec     id=0x20016A38
[t=58,868,915us] task_start_exec    ppg id=0x20002A60
[t=58,868,940us] task_stop_exec     ppg id=0x20002A60
[t=58,868,943us] task_start_exec    id=0x20016A38
[t=58,868,947us] idle
[t=58,872,986us] task_stop_exec     id=0x20016A38
[t=58,872,990us] task_start_exec    ble id=0x200031DC
[t=58,873,013us] task_stop_exec     ble id=0x200031DC
[t=58,873,017us] task_start_exec    id=0x20016A38
[t=58,873,020us] idle
[t=58,877,986us] task_stop_exec     id=0x20016A38
[t=58,877,990us] task_start_exec    ppg id=0x20002A60
[t=58,877,999us] task_stop_exec     ppg id=0x20002A60
[t=58,878,003us] task_start_exec    ble id=0x200031DC
[t=58,878,025us] task_stop_exec     ble id=0x200031DC
[t=58,878,029us] task_start_exec    ppg id=0x20002A60
[t=58,879,415us] task_stop_exec     ppg id=0x20002A60
[t=58,879,419us] task_start_exec    key id=0x20006160
[t=58,879,434us] task_stop_exec     key id=0x20006160
[t=58,879,438us] task_start_exec    id=0x20016A38
[t=58,879,442us] idle
[t=58,879,949us] task_stop_exec     id=0x20016A38
[t=58,879,952us] task_start_exec    ppg id=0x20002A60
[t=58,879,977us] task_stop_exec     ppg id=0x20002A60
[t=58,879,981us] task_start_exec    id=0x20016A38
[t=58,879,984us] idle
[t=58,882,986us] task_stop_exec     id=0x20016A38
[t=58,882,990us] task_start_exec    ble id=0x200031DC
[t=58,883,012us] task_stop_exec     ble id=0x200031DC
[t=58,883,016us] task_start_exec    id=0x20016A38
[t=58,883,020us] idle
[t=58,887,986us] task_stop_exec     id=0x20016A38
[t=58,887,990us] task_start_exec    ble id=0x200031DC
[t=58,888,013us] task_stop_exec     ble id=0x200031DC
[t=58,888,016us] task_start_exec    id=0x20016A38
[t=58,888,020us] idle
[t=58,888,986us] task_stop_exec     id=0x20016A38
[t=58,888,990us] task_start_exec    ppg id=0x20002A60
[t=58,890,078us] task_stop_exec     ppg id=0x20002A60
[t=58,890,082us] task_start_exec    id=0x20016A38
[t=58,890,086us] idle
[t=58,892,986us] task_stop_exec     id=0x20016A38
[t=58,892,990us] task_start_exec    ble id=0x200031DC
[t=58,893,012us] task_stop_exec     ble id=0x200031DC
[t=58,893,016us] task_start_exec    id=0x20016A38
[t=58,893,020us] idle
[t=58,897,986us] task_stop_exec     id=0x20016A38
[t=58,897,990us] task_start_exec    ble id=0x200031DC
[t=58,898,013us] task_stop_exec     ble id=0x200031DC
[t=58,898,017us] task_start_exec    id=0x20016A38
[t=58,898,020us] idle
[t=58,898,986us] task_stop_exec     id=0x20016A38
[t=58,898,990us] task_start_exec    key id=0x20006160
[t=58,899,008us] task_stop_exec     key id=0x20006160
[t=58,899,011us] task_start_exec    id=0x20016A38
[t=58,899,015us] idle
[t=58,899,986us] task_stop_exec     id=0x20016A38
[t=58,899,990us] task_start_exec    ppg id=0x20002A60
[t=58,901,379us] task_stop_exec     ppg id=0x20002A60
[t=58,901,383us] task_start_exec    id=0x20016A38
[t=58,901,387us] idle
[t=58,901,912us] task_stop_exec     id=0x20016A38
[t=58,901,916us] task_start_exec    ppg id=0x20002A60
[t=58,901,940us] task_stop_exec     ppg id=0x20002A60
[t=58,901,944us] task_start_exec    id=0x20016A38
[t=58,901,948us] idle
[t=58,902,986us] task_stop_exec     id=0x20016A38
[t=58,902,990us] task_start_exec    ble id=0x200031DC
[t=58,903,012us] task_stop_exec     ble id=0x200031DC
[t=58,903,016us] task_start_exec    id=0x20016A38
[t=58,903,020us] idle
[t=58,907,986us] task_stop_exec     id=0x20016A38
[t=58,907,990us] task_start_exec    ble id=0x200031DC
[t=58,908,013us] task_stop_exec     ble id=0x200031DC
[t=58,908,017us] task_start_exec    id=0x20016A38
[t=58,908,020us] idle
[t=58,910,986us] task_stop_exec     id=0x20016A38
[t=58,910,990us] task_start_exec    ppg id=0x20002A60
[t=58,912,378us] task_stop_exec     ppg id=0x20002A60
[t=58,912,382us] task_start_exec    id=0x20016A38
[t=58,912,386us] idle
[t=58,912,912us] task_stop_exec     id=0x20016A38
[t=58,912,915us] task_start_exec    ppg id=0x20002A60
[t=58,912,940us] task_stop_exec     ppg id=0x20002A60
[t=58,912,944us] task_start_exec    id=0x20016A38
[t=58,912,947us] idle
[t=58,912,986us] task_stop_exec     id=0x20016A38
[t=58,912,990us] task_start_exec    ble id=0x200031DC
[t=58,913,012us] task_stop_exec     ble id=0x200031DC
[t=58,913,016us] task_start_exec    id=0x20016A38
[t=58,913,020us] idle
[t=58,917,986us] task_stop_exec     id=0x20016A38
[t=58,917,990us] task_start_exec    ble id=0x200031DC
[t=58,918,013us] task_stop_exec     ble id=0x200031DC
[t=58,918,017us] task_start_exec    id=0x20016A38
[t=58,918,020us] idle
[t=58,918,986us] task_stop_exec     id=0x20016A38
[t=58,918,990us] task_start_exec    key id=0x20006160
[t=58,919,008us] task_stop_exec     key id=0x20006160
[t=58,919,011us] task_start_exec    id=0x20016A38
[t=58,919,015us] idle
[t=58,921,986us] task_stop_exec     id=0x20016A38
[t=58,921,990us] task_start_exec    ppg id=0x20002A60
[t=58,922,986us] task_stop_exec     ppg id=0x20002A60
[t=58,922,990us] task_start_exec    ble id=0x200031DC
[t=58,923,013us] task_stop_exec     ble id=0x200031DC
[t=58,923,017us] task_start_exec    ppg id=0x20002A60
[t=58,923,378us] task_stop_exec     ppg id=0x20002A60
[t=58,923,382us] task_start_exec    id=0x20016A38
[t=58,923,386us] idle
[t=58,923,912us] task_stop_exec     id=0x20016A38
[t=58,923,915us] task_start_exec    ppg id=0x20002A60
[t=58,923,940us] task_stop_exec     ppg id=0x20002A60
[t=58,923,944us] task_start_exec    id=0x20016A38
[t=58,923,947us] idle
[t=58,927,986us] task_stop_exec     id=0x20016A38
[t=58,927,990us] task_start_exec    ble id=0x200031DC
[t=58,928,013us] task_stop_exec     ble id=0x200031DC
[t=58,928,017us] task_start_exec    id=0x20016A38
[t=58,928,020us] idle
[t=58,932,986us] task_stop_exec     id=0x20016A38
[t=58,932,990us] task_start_exec    ppg id=0x20002A60
[t=58,932,999us] task_stop_exec     ppg id=0x20002A60
[t=58,933,003us] task_start_exec    ble id=0x200031DC
[t=58,933,025us] task_stop_exec     ble id=0x200031DC
[t=58,933,029us] task_start_exec    ppg id=0x20002A60
[t=58,934,415us] task_stop_exec     ppg id=0x20002A60
[t=58,934,419us] task_start_exec    id=0x20016A38
[t=58,934,423us] idle
[t=58,934,949us] task_stop_exec     id=0x20016A38
[t=58,934,952us] task_start_exec    ppg id=0x20002A60
[t=58,934,977us] task_stop_exec     ppg id=0x20002A60
[t=58,934,981us] task_start_exec    id=0x20016A38
[t=58,934,984us] idle
[t=58,937,986us] task_stop_exec     id=0x20016A38
[t=58,937,990us] task_start_exec    ble id=0x200031DC
[t=58,938,013us] task_stop_exec     ble id=0x200031DC
[t=58,938,017us] task_start_exec    id=0x20016A38
[t=58,938,020us] idle
[t=58,938,986us] task_stop_exec     id=0x20016A38
[t=58,938,990us] task_start_exec    key id=0x20006160
[t=58,939,008us] task_stop_exec     key id=0x20006160
[t=58,939,011us] task_start_exec    id=0x20016A38
[t=58,939,015us] idle
[t=58,942,986us] task_stop_exec     id=0x20016A38
[t=58,942,990us] task_start_exec    ble id=0x200031DC
[t=58,943,013us] task_stop_exec     ble id=0x200031DC
[t=58,943,016us] task_start_exec    id=0x20016A38
[t=58,943,020us] idle
[t=58,943,986us] task_stop_exec     id=0x20016A38
[t=58,943,990us] task_start_exec    ppg id=0x20002A60
[t=58,945,078us] task_stop_exec     ppg id=0x20002A60
[t=58,945,082us] task_start_exec    id=0x20016A38
[t=58,945,085us] idle
[t=58,947,986us] task_stop_exec     id=0x20016A38
[t=58,947,990us] task_start_exec    ble id=0x200031DC
[t=58,948,012us] task_stop_exec     ble id=0x200031DC
[t=58,948,016us] task_start_exec    id=0x20016A38
[t=58,948,020us] idle
[t=58,952,986us] task_stop_exec     id=0x20016A38
[t=58,952,990us] task_start_exec    ble id=0x200031DC
[t=58,953,013us] task_stop_exec     ble id=0x200031DC
[t=58,953,016us] task_start_exec    id=0x20016A38
[t=58,953,020us] idle
[t=58,954,986us] task_stop_exec     id=0x20016A38
[t=58,954,990us] task_start_exec    ppg id=0x20002A60
[t=58,956,379us] task_stop_exec     ppg id=0x20002A60
[t=58,956,383us] task_start_exec    id=0x20016A38
[t=58,956,386us] idle
[t=58,957,182us] task_stop_exec     id=0x20016A38
[t=58,957,186us] task_start_exec    ppg id=0x20002A60
[t=58,957,211us] task_stop_exec     ppg id=0x20002A60
[t=58,957,215us] task_start_exec    id=0x20016A38
[t=58,957,219us] idle
[t=58,957,986us] task_stop_exec     id=0x20016A38
[t=58,957,990us] task_start_exec    ble id=0x200031DC
[t=58,958,013us] task_stop_exec     ble id=0x200031DC
[t=58,958,017us] task_start_exec    id=0x20016A38
[t=58,958,020us] idle
[t=58,958,986us] task_stop_exec     id=0x20016A38
[t=58,958,990us] task_start_exec    key id=0x20006160
[t=58,959,008us] task_stop_exec     key id=0x20006160
[t=58,959,011us] task_start_exec    id=0x20016A38
[t=58,959,015us] idle
[t=58,962,986us] task_stop_exec     id=0x20016A38
[t=58,962,990us] task_start_exec    ble id=0x200031DC
[t=58,963,013us] task_stop_exec     ble id=0x200031DC
[t=58,963,016us] task_start_exec    id=0x20016A38
[t=58,963,020us] idle
[t=58,966,986us] task_stop_exec     id=0x20016A38
[t=58,966,990us] task_start_exec    ppg id=0x20002A60
[t=58,967,987us] task_stop_exec     ppg id=0x20002A60
[t=58,967,991us] task_start_exec    ble id=0x200031DC
[t=58,968,014us] task_stop_exec     ble id=0x200031DC
[t=58,968,017us] task_start_exec    ppg id=0x20002A60
[t=58,968,078us] task_stop_exec     ppg id=0x20002A60
[t=58,968,081us] task_start_exec    id=0x20016A38
[t=58,968,085us] idle
[t=58,972,986us] task_stop_exec     id=0x20016A38
[t=58,972,990us] task_start_exec    ble id=0x200031DC
[t=58,973,013us] task_stop_exec     ble id=0x200031DC
[t=58,973,016us] task_start_exec    id=0x20016A38
[t=58,973,020us] idle
[t=58,977,986us] task_stop_exec     id=0x20016A38
[t=58,977,990us] task_start_exec    ppg id=0x20002A60
[t=58,977,999us] task_stop_exec     ppg id=0x20002A60
[t=58,978,003us] task_start_exec    ble id=0x200031DC
[t=58,978,025us] task_stop_exec     ble id=0x200031DC
[t=58,978,029us] task_start_exec    ppg id=0x20002A60
[t=58,979,415us] task_stop_exec     ppg id=0x20002A60
[t=58,979,419us] task_start_exec    key id=0x20006160
[t=58,979,434us] task_stop_exec     key id=0x20006160
[t=58,979,438us] task_start_exec    id=0x20016A38
[t=58,979,442us] idle
[t=58,980,219us] task_stop_exec     id=0x20016A38
[t=58,980,222us] task_start_exec    ppg id=0x20002A60
[t=58,980,250us] task_stop_exec     ppg id=0x20002A60
[t=58,980,254us] task_start_exec    id=0x20016A38
[t=58,980,257us] idle
[t=58,982,986us] task_stop_exec     id=0x20016A38
[t=58,982,990us] task_start_exec    ble id=0x200031DC
[t=58,983,012us] task_stop_exec     ble id=0x200031DC
[t=58,983,016us] task_start_exec    id=0x20016A38
[t=58,983,020us] idle
[t=58,987,986us] task_stop_exec     id=0x20016A38
[t=58,987,990us] task_start_exec    ble id=0x200031DC
[t=58,988,013us] task_stop_exec     ble id=0x200031DC
[t=58,988,016us] task_start_exec    id=0x20016A38
[t=58,988,020us] idle
[t=58,989,986us] task_stop_exec     id=0x20016A38
[t=58,989,990us] task_start_exec    ppg id=0x20002A60
[t=58,991,379us] task_stop_exec     ppg id=0x20002A60
[t=58,991,383us] task_start_exec    id=0x20016A38
[t=58,991,387us] idle
[t=58,991,912us] task_stop_exec     id=0x20016A38
[t=58,991,916us] task_start_exec    ppg id=0x20002A60
[t=58,991,940us] task_stop_exec     ppg id=0x20002A60
[t=58,991,944us] task_start_exec    id=0x20016A38
[t=58,991,948us] idle
[t=58,992,986us] task_stop_exec     id=0x20016A38
[t=58,992,990us] task_start_exec    ble id=0x200031DC
[t=58,993,012us] task_stop_exec     ble id=0x200031DC
[t=58,993,016us] task_start_exec    id=0x20016A38
[t=58,993,020us] idle
[t=58,997,986us] task_stop_exec     id=0x20016A38
[t=58,997,990us] task_start_exec    ble id=0x200031DC
[t=58,998,013us] task_stop_exec     ble id=0x200031DC
[t=58,998,017us] task_start_exec    id=0x20016A38
[t=58,998,020us] idle
[t=58,998,986us] task_stop_exec     id=0x20016A38
[t=58,998,990us] task_start_exec    key id=0x20006160
[t=58,999,008us] task_stop_exec     key id=0x20006160
[t=58,999,011us] task_start_exec    id=0x20016A38
[t=58,999,015us] idle
[t=59,000,986us] task_stop_exec     id=0x20016A38
[t=59,000,990us] task_start_exec    ppg id=0x20002A60
[t=59,002,379us] task_stop_exec     ppg id=0x20002A60
[t=59,002,383us] task_start_exec    id=0x20016A38
[t=59,002,387us] idle
[t=59,002,912us] task_stop_exec     id=0x20016A38
[t=59,002,916us] task_start_exec    ppg id=0x20002A60
[t=59,002,940us] task_stop_exec     ppg id=0x20002A60
[t=59,002,944us] task_start_exec    id=0x20016A38
[t=59,002,948us] idle
[t=59,002,986us] task_stop_exec     id=0x20016A38
[t=59,002,990us] task_start_exec    ble id=0x200031DC
[t=59,003,012us] task_stop_exec     ble id=0x200031DC
[t=59,003,016us] task_start_exec    id=0x20016A38
[t=59,003,020us] idle
[t=59,007,986us] task_stop_exec     id=0x20016A38
[t=59,007,990us] task_start_exec    ble id=0x200031DC
[t=59,008,013us] task_stop_exec     ble id=0x200031DC
[t=59,008,016us] task_start_exec    id=0x20016A38
[t=59,008,020us] idle
[t=59,011,986us] task_stop_exec     id=0x20016A38
[t=59,011,990us] task_start_exec    ppg id=0x20002A60
[t=59,012,986us] task_stop_exec     ppg id=0x20002A60
[t=59,012,990us] task_start_exec    ble id=0x200031DC
[t=59,013,013us] task_stop_exec     ble id=0x200031DC
[t=59,013,017us] task_start_exec    ppg id=0x20002A60
[t=59,013,378us] task_stop_exec     ppg id=0x20002A60
[t=59,013,382us] task_start_exec    id=0x20016A38
[t=59,013,386us] idle
[t=59,013,911us] task_stop_exec     id=0x20016A38
[t=59,013,915us] task_start_exec    ppg id=0x20002A60
[t=59,013,940us] task_stop_exec     ppg id=0x20002A60
[t=59,013,944us] task_start_exec    id=0x20016A38
[t=59,013,947us] idle
[t=59,017,986us] task_stop_exec     id=0x20016A38
[t=59,017,990us] task_start_exec    ble id=0x200031DC
[t=59,018,013us] task_stop_exec     ble id=0x200031DC
[t=59,018,017us] task_start_exec    id=0x20016A38
[t=59,018,020us] idle
[t=59,018,986us] task_stop_exec     id=0x20016A38
[t=59,018,990us] task_start_exec    key id=0x20006160
[t=59,019,008us] task_stop_exec     key id=0x20006160
[t=59,019,011us] task_start_exec    id=0x20016A38
[t=59,019,015us] idle
[t=59,022,986us] task_stop_exec     id=0x20016A38
[t=59,022,990us] task_start_exec    ppg id=0x20002A60
[t=59,022,999us] task_stop_exec     ppg id=0x20002A60
[t=59,023,003us] task_start_exec    ble id=0x200031DC
[t=59,023,025us] task_stop_exec     ble id=0x200031DC
[t=59,023,029us] task_start_exec    ppg id=0x20002A60
[t=59,024,114us] task_stop_exec     ppg id=0x20002A60
[t=59,024,118us] task_start_exec    id=0x20016A38
[t=59,024,122us] idle
[t=59,027,986us] task_stop_exec     id=0x20016A38
[t=59,027,990us] task_start_exec    ble id=0x200031DC
[t=59,028,012us] task_stop_exec     ble id=0x200031DC
[t=59,028,016us] task_start_exec    id=0x20016A38
[t=59,028,020us] idle
[t=59,032,986us] task_stop_exec     id=0x20016A38
[t=59,032,990us] task_start_exec    ble id=0x200031DC
[t=59,033,013us] task_stop_exec     ble id=0x200031DC
[t=59,033,016us] task_start_exec    id=0x20016A38
[t=59,033,020us] idle
[t=59,033,986us] task_stop_exec     id=0x20016A38
[t=59,033,990us] task_start_exec    ppg id=0x20002A60
[t=59,035,379us] task_stop_exec     ppg id=0x20002A60
[t=59,035,383us] task_start_exec    id=0x20016A38
[t=59,035,387us] idle
[t=59,035,912us] task_stop_exec     id=0x20016A38
[t=59,035,916us] task_start_exec    ppg id=0x20002A60
[t=59,035,940us] task_stop_exec     ppg id=0x20002A60
[t=59,035,944us] task_start_exec    id=0x20016A38
[t=59,035,948us] idle
[t=59,037,986us] task_stop_exec     id=0x20016A38
[t=59,037,990us] task_start_exec    ble id=0x200031DC
[t=59,038,013us] task_stop_exec     ble id=0x200031DC
[t=59,038,017us] task_start_exec    id=0x20016A38
[t=59,038,020us] idle
[t=59,038,986us] task_stop_exec     id=0x20016A38
[t=59,038,990us] task_start_exec    key id=0x20006160
[t=59,039,008us] task_stop_exec     key id=0x20006160
[t=59,039,011us] task_start_exec    id=0x20016A38
[t=59,039,015us] idle
[t=59,042,986us] task_stop_exec     id=0x20016A38
[t=59,042,990us] task_start_exec    ble id=0x200031DC
[t=59,043,013us] task_stop_exec     ble id=0x200031DC
[t=59,043,016us] task_start_exec    id=0x20016A38
[t=59,043,020us] idle
[t=59,044,986us] task_stop_exec     id=0x20016A38
[t=59,044,990us] task_start_exec    ppg id=0x20002A60
[t=59,046,379us] task_stop_exec     ppg id=0x20002A60
[t=59,046,383us] task_start_exec    id=0x20016A38
[t=59,046,387us] idle
[t=59,046,912us] task_stop_exec     id=0x20016A38
[t=59,046,916us] task_start_exec    ppg id=0x20002A60
[t=59,046,940us] task_stop_exec     ppg id=0x20002A60
[t=59,046,944us] task_start_exec    id=0x20016A38
[t=59,046,948us] idle
[t=59,047,986us] task_stop_exec     id=0x20016A38
[t=59,047,990us] task_start_exec    ble id=0x200031DC
[t=59,048,012us] task_stop_exec     ble id=0x200031DC
[t=59,048,016us] task_start_exec    id=0x20016A38
[t=59,048,020us] idle
[t=59,052,986us] task_stop_exec     id=0x20016A38
[t=59,052,990us] task_start_exec    ble id=0x200031DC
[t=59,053,013us] task_stop_exec     ble id=0x200031DC
[t=59,053,016us] task_start_exec    id=0x20016A38
[t=59,053,020us] idle
[t=59,055,986us] task_stop_exec     id=0x20016A38
[t=59,055,990us] task_start_exec    ppg id=0x20002A60
[t=59,057,379us] task_stop_exec     ppg id=0x20002A60
[t=59,057,383us] task_start_exec    id=0x20016A38
[t=59,057,386us] idle
[t=59,057,912us] task_stop_exec     id=0x20016A38
[t=59,057,916us] task_start_exec    ppg id=0x20002A60
[t=59,057,940us] task_stop_exec     ppg id=0x20002A60
[t=59,057,944us] task_start_exec    id=0x20016A38
[t=59,057,948us] idle
[t=59,057,986us] task_stop_exec     id=0x20016A38
[t=59,057,990us] task_start_exec    ble id=0x200031DC
[t=59,058,013us] task_stop_exec     ble id=0x200031DC
[t=59,058,017us] task_start_exec    id=0x20016A38
[t=59,058,020us] idle
[t=59,058,986us] task_stop_exec     id=0x20016A38
[t=59,058,990us] task_start_exec    key id=0x20006160
[t=59,059,008us] task_stop_exec     key id=0x20006160
[t=59,059,011us] task_start_exec    id=0x20016A38
[t=59,059,015us] idle
[t=59,062,986us] task_stop_exec     id=0x20016A38
[t=59,062,990us] task_start_exec    ble id=0x200031DC
[t=59,063,013us] task_stop_exec     ble id=0x200031DC
[t=59,063,016us] task_start_exec    id=0x20016A38
[t=59,063,020us] idle
[t=59,066,986us] task_stop_exec     id=0x20016A38
[t=59,066,990us] task_start_exec    ppg id=0x20002A60
[t=59,067,986us] task_stop_exec     ppg id=0x20002A60
[t=59,067,990us] task_start_exec    ble id=0x200031DC
[t=59,068,013us] task_stop_exec     ble id=0x200031DC
[t=59,068,017us] task_start_exec    ppg id=0x20002A60
[t=59,068,378us] task_stop_exec     ppg id=0x20002A60
[t=59,068,382us] task_start_exec    id=0x20016A38
[t=59,068,386us] idle
[t=59,068,911us] task_stop_exec     id=0x20016A38
[t=59,068,915us] task_start_exec    ppg id=0x20002A60
[t=59,068,940us] task_stop_exec     ppg id=0x20002A60
[t=59,068,943us] task_start_exec    id=0x20016A38
[t=59,068,947us] idle
[t=59,072,986us] task_stop_exec     id=0x20016A38
[t=59,072,990us] task_start_exec    ble id=0x200031DC
[t=59,073,013us] task_stop_exec     ble id=0x200031DC
[t=59,073,017us] task_start_exec    id=0x20016A38
[t=59,073,020us] idle
[t=59,077,986us] task_stop_exec     id=0x20016A38
[t=59,077,990us] task_start_exec    ppg id=0x20002A60
[t=59,077,999us] task_stop_exec     ppg id=0x20002A60
[t=59,078,003us] task_start_exec    ble id=0x200031DC
[t=59,078,025us] task_stop_exec     ble id=0x200031DC
[t=59,078,029us] task_start_exec    ppg id=0x20002A60
[t=59,079,415us] task_stop_exec     ppg id=0x20002A60
[t=59,079,419us] task_start_exec    key id=0x20006160
[t=59,079,434us] task_stop_exec     key id=0x20006160
[t=59,079,438us] task_start_exec    id=0x20016A38
[t=59,079,442us] idle
[t=59,079,949us] task_stop_exec     id=0x20016A38
[t=59,079,952us] task_start_exec    ppg id=0x20002A60
[t=59,079,977us] task_stop_exec     ppg id=0x20002A60
[t=59,079,981us] task_start_exec    id=0x20016A38
[t=59,079,984us] idle
[t=59,082,986us] task_stop_exec     id=0x20016A38
[t=59,082,990us] task_start_exec    ble id=0x200031DC
[t=59,083,012us] task_stop_exec     ble id=0x200031DC
[t=59,083,016us] task_start_exec    id=0x20016A38
[t=59,083,020us] idle
[t=59,087,986us] task_stop_exec     id=0x20016A38
[t=59,087,990us] task_start_exec    ble id=0x200031DC
[t=59,088,013us] task_stop_exec     ble id=0x200031DC
[t=59,088,016us] task_start_exec    id=0x20016A38
[t=59,088,020us] idle
[t=59,088,986us] task_stop_exec     id=0x20016A38
[t=59,088,990us] task_start_exec    ppg id=0x20002A60
[t=59,090,078us] task_stop_exec     ppg id=0x20002A60
[t=59,090,082us] task_start_exec    id=0x20016A38
[t=59,090,086us] idle
[t=59,092,986us] task_stop_exec     id=0x20016A38
[t=59,092,990us] task_start_exec    ble id=0x200031DC
[t=59,093,012us] task_stop_exec     ble id=0x200031DC
[t=59,093,016us] task_start_exec    id=0x20016A38
[t=59,093,020us] idle
[t=59,097,986us] task_stop_exec     id=0x20016A38
[t=59,097,990us] task_start_exec    ble id=0x200031DC
[t=59,098,013us] task_stop_exec     ble id=0x200031DC
[t=59,098,017us] task_start_exec    id=0x20016A38
[t=59,098,020us] idle
[t=59,098,986us] task_stop_exec     id=0x20016A38
[t=59,098,990us] task_start_exec    key id=0x20006160
[t=59,099,008us] task_stop_exec     key id=0x20006160
[t=59,099,011us] task_start_exec    id=0x20016A38
[t=59,099,015us] idle
[t=59,099,986us] task_stop_exec     id=0x20016A38
[t=59,099,990us] task_start_exec    ppg id=0x20002A60
[t=59,101,379us] task_stop_exec     ppg id=0x20002A60
[t=59,101,383us] task_start_exec    id=0x20016A38
[t=59,101,386us] idle
[t=59,101,912us] task_stop_exec     id=0x20016A38
[t=59,101,916us] task_start_exec    ppg id=0x20002A60
[t=59,101,940us] task_stop_exec     ppg id=0x20002A60
[t=59,101,944us] task_start_exec    id=0x20016A38
[t=59,101,948us] idle
[t=59,102,986us] task_stop_exec     id=0x20016A38
[t=59,102,990us] task_start_exec    ble id=0x200031DC
[t=59,103,012us] task_stop_exec     ble id=0x200031DC
[t=59,103,016us] task_start_exec    id=0x20016A38
[t=59,103,020us] idle
[t=59,107,986us] task_stop_exec     id=0x20016A38
[t=59,107,990us] task_start_exec    ble id=0x200031DC
[t=59,108,013us] task_stop_exec     ble id=0x200031DC
[t=59,108,016us] task_start_exec    id=0x20016A38
[t=59,108,020us] idle
[t=59,110,986us] task_stop_exec     id=0x20016A38
[t=59,110,990us] task_start_exec    ppg id=0x20002A60
[t=59,112,379us] task_stop_exec     ppg id=0x20002A60
[t=59,112,383us] task_start_exec    id=0x20016A38
[t=59,112,387us] idle
[t=59,112,912us] task_stop_exec     id=0x20016A38
[t=59,112,916us] task_start_exec    ppg id=0x20002A60
[t=59,112,940us] task_stop_exec     ppg id=0x20002A60
[t=59,112,944us] task_start_exec    id=0x20016A38
[t=59,112,948us] idle
[t=59,112,986us] task_stop_exec     id=0x20016A38
[t=59,112,990us] task_start_exec    ble id=0x200031DC
[t=59,113,012us] task_stop_exec     ble id=0x200031DC
[t=59,113,016us] task_start_exec    id=0x20016A38
[t=59,113,020us] idle
[t=59,117,986us] task_stop_exec     id=0x20016A38
[t=59,117,990us] task_start_exec    ble id=0x200031DC
[t=59,118,013us] task_stop_exec     ble id=0x200031DC
[t=59,118,017us] task_start_exec    id=0x20016A38
[t=59,118,020us] idle
[t=59,118,986us] task_stop_exec     id=0x20016A38
[t=59,118,990us] task_start_exec    key id=0x20006160
[t=59,119,008us] task_stop_exec     key id=0x20006160
[t=59,119,011us] task_start_exec    id=0x20016A38
[t=59,119,015us] idle
[t=59,121,986us] task_stop_exec     id=0x20016A38
[t=59,121,990us] task_start_exec    ppg id=0x20002A60
[t=59,122,986us] task_stop_exec     ppg id=0x20002A60
[t=59,122,990us] task_start_exec    ble id=0x200031DC
[t=59,123,013us] task_stop_exec     ble id=0x200031DC
[t=59,123,017us] task_start_exec    ppg id=0x20002A60
[t=59,123,378us] task_stop_exec     ppg id=0x20002A60
[t=59,123,382us] task_start_exec    id=0x20016A38
[t=59,123,386us] idle
[t=59,123,911us] task_stop_exec     id=0x20016A38
[t=59,123,915us] task_start_exec    ppg id=0x20002A60
[t=59,123,940us] task_stop_exec     ppg id=0x20002A60
[t=59,123,943us] task_start_exec    id=0x20016A38
[t=59,123,947us] idle
[t=59,127,986us] task_stop_exec     id=0x20016A38
[t=59,127,990us] task_start_exec    ble id=0x200031DC
[t=59,128,013us] task_stop_exec     ble id=0x200031DC
[t=59,128,017us] task_start_exec    id=0x20016A38
[t=59,128,020us] idle
[t=59,132,986us] task_stop_exec     id=0x20016A38
[t=59,132,990us] task_start_exec    ppg id=0x20002A60
[t=59,132,999us] task_stop_exec     ppg id=0x20002A60
[t=59,133,003us] task_start_exec    ble id=0x200031DC
[t=59,133,025us] task_stop_exec     ble id=0x200031DC
[t=59,133,029us] task_start_exec    ppg id=0x20002A60
[t=59,134,415us] task_stop_exec     ppg id=0x20002A60
[t=59,134,419us] task_start_exec    id=0x20016A38
[t=59,134,423us] idle
[t=59,134,948us] task_stop_exec     id=0x20016A38
[t=59,134,952us] task_start_exec    ppg id=0x20002A60
[t=59,134,977us] task_stop_exec     ppg id=0x20002A60
[t=59,134,980us] task_start_exec    id=0x20016A38
[t=59,134,984us] idle
[t=59,137,986us] task_stop_exec     id=0x20016A38
[t=59,137,990us] task_start_exec    ble id=0x200031DC
[t=59,138,013us] task_stop_exec     ble id=0x200031DC
[t=59,138,017us] task_start_exec    id=0x20016A38
[t=59,138,020us] idle
[t=59,138,986us] task_stop_exec     id=0x20016A38
[t=59,138,990us] task_start_exec    key id=0x20006160
[t=59,139,008us] task_stop_exec     key id=0x20006160
[t=59,139,011us] task_start_exec    id=0x20016A38
[t=59,139,015us] idle
[t=59,142,986us] task_stop_exec     id=0x20016A38
[t=59,142,990us] task_start_exec    ble id=0x200031DC
[t=59,143,013us] task_stop_exec     ble id=0x200031DC
[t=59,143,016us] task_start_exec    id=0x20016A38
[t=59,143,020us] idle
[t=59,143,986us] task_stop_exec     id=0x20016A38
[t=59,143,990us] task_start_exec    ppg id=0x20002A60
[t=59,145,379us] task_stop_exec     ppg id=0x20002A60
[t=59,145,383us] task_start_exec    id=0x20016A38
[t=59,145,386us] idle
[t=59,145,912us] task_stop_exec     id=0x20016A38
[t=59,145,916us] task_start_exec    ppg id=0x20002A60
[t=59,145,940us] task_stop_exec     ppg id=0x20002A60
[t=59,145,944us] task_start_exec    id=0x20016A38
[t=59,145,948us] idle
[t=59,147,986us] task_stop_exec     id=0x20016A38
[t=59,147,990us] task_start_exec    ble id=0x200031DC
[t=59,148,012us] task_stop_exec     ble id=0x200031DC
[t=59,148,016us] task_start_exec    id=0x20016A38
[t=59,148,020us] idle
[t=59,152,986us] task_stop_exec     id=0x20016A38
[t=59,152,990us] task_start_exec    ble id=0x200031DC
[t=59,153,013us] task_stop_exec     ble id=0x200031DC
[t=59,153,016us] task_start_exec    id=0x20016A38
[t=59,153,020us] idle
[t=59,154,986us] task_stop_exec     id=0x20016A38
[t=59,154,990us] task_start_exec    ppg id=0x20002A60
[t=59,156,078us] task_stop_exec     ppg id=0x20002A60
[t=59,156,082us] task_start_exec    id=0x20016A38
[t=59,156,085us] idle
[t=59,157,986us] task_stop_exec     id=0x20016A38
[t=59,157,990us] task_start_exec    ble id=0x200031DC
[t=59,158,013us] task_stop_exec     ble id=0x200031DC
[t=59,158,016us] task_start_exec    id=0x20016A38
[t=59,158,020us] idle
[t=59,158,986us] task_stop_exec     id=0x20016A38
[t=59,158,990us] task_start_exec    key id=0x20006160
[t=59,159,008us] task_stop_exec     key id=0x20006160
[t=59,159,011us] task_start_exec    id=0x20016A38
[t=59,159,015us] idle
[t=59,162,986us] task_stop_exec     id=0x20016A38
[t=59,162,990us] task_start_exec    ble id=0x200031DC
[t=59,163,013us] task_stop_exec     ble id=0x200031DC
[t=59,163,016us] task_start_exec    id=0x20016A38
[t=59,163,020us] idle
[t=59,165,986us] task_stop_exec     id=0x20016A38
[t=59,165,990us] task_start_exec    ppg id=0x20002A60
[t=59,167,380us] task_stop_exec     ppg id=0x20002A60
[t=59,167,384us] task_start_exec    id=0x20016A38
[t=59,167,387us] idle
[t=59,167,913us] task_stop_exec     id=0x20016A38
[t=59,167,917us] task_start_exec    ppg id=0x20002A60
[t=59,167,941us] task_stop_exec     ppg id=0x20002A60
[t=59,167,945us] task_start_exec    id=0x20016A38
[t=59,167,949us] idle
[t=59,167,986us] task_stop_exec     id=0x20016A38
[t=59,167,990us] task_start_exec    ble id=0x200031DC
[t=59,168,012us] task_stop_exec     ble id=0x200031DC
[t=59,168,016us] task_start_exec    id=0x20016A38
[t=59,168,020us] idle
[t=59,172,986us] task_stop_exec     id=0x20016A38
[t=59,172,990us] task_start_exec    ble id=0x200031DC
[t=59,173,013us] task_stop_exec     ble id=0x200031DC
[t=59,173,016us] task_start_exec    id=0x20016A38
[t=59,173,020us] idle
[t=59,176,986us] task_stop_exec     id=0x20016A38
[t=59,176,990us] task_start_exec    ppg id=0x20002A60
[t=59,177,986us] task_stop_exec     ppg id=0x20002A60
[t=59,177,990us] task_start_exec    ble id=0x200031DC
[t=59,178,013us] task_stop_exec     ble id=0x200031DC
[t=59,178,017us] task_start_exec    ppg id=0x20002A60
[t=59,178,379us] task_stop_exec     ppg id=0x20002A60
[t=59,178,383us] task_start_exec    id=0x20016A38
[t=59,178,387us] idle
[t=59,178,913us] task_stop_exec     id=0x20016A38
[t=59,178,916us] task_start_exec    ppg id=0x20002A60
[t=59,178,941us] task_stop_exec     ppg id=0x20002A60
[t=59,178,945us] task_start_exec    id=0x20016A38
[t=59,178,949us] idle
[t=59,178,986us] task_stop_exec     id=0x20016A38
[t=59,178,990us] task_start_exec    key id=0x20006160
[t=59,179,007us] task_stop_exec     key id=0x20006160
[t=59,179,011us] task_start_exec    id=0x20016A38
[t=59,179,015us] idle
[t=59,182,986us] task_stop_exec     id=0x20016A38
[t=59,182,990us] task_start_exec    ble id=0x200031DC
[t=59,183,013us] task_stop_exec     ble id=0x200031DC
[t=59,183,016us] task_start_exec    id=0x20016A38
[t=59,183,020us] idle
[t=59,187,986us] task_stop_exec     id=0x20016A38
[t=59,187,990us] task_start_exec    ppg id=0x20002A60
[t=59,187,999us] task_stop_exec     ppg id=0x20002A60
[t=59,188,003us] task_start_exec    ble id=0x200031DC
[t=59,188,025us] task_stop_exec     ble id=0x200031DC
[t=59,188,029us] task_start_exec    ppg id=0x20002A60
[t=59,189,415us] task_stop_exec     ppg id=0x20002A60
[t=59,189,419us] task_start_exec    id=0x20016A38
[t=59,189,423us] idle
[t=59,189,948us] task_stop_exec     id=0x20016A38
[t=59,189,952us] task_start_exec    ppg id=0x20002A60
[t=59,189,977us] task_stop_exec     ppg id=0x20002A60
[t=59,189,980us] task_start_exec    id=0x20016A38
[t=59,189,984us] idle
[t=59,192,986us] task_stop_exec     id=0x20016A38
[t=59,192,990us] task_start_exec    ble id=0x200031DC
[t=59,193,012us] task_stop_exec     ble id=0x200031DC
[t=59,193,016us] task_start_exec    id=0x20016A38
[t=59,193,020us] idle
[t=59,197,986us] task_stop_exec     id=0x20016A38
[t=59,197,990us] task_start_exec    ble id=0x200031DC
[t=59,198,013us] task_stop_exec     ble id=0x200031DC
[t=59,198,017us] task_start_exec    id=0x20016A38
[t=59,198,020us] idle
[t=59,198,986us] task_stop_exec     id=0x20016A38
[t=59,198,990us] task_start_exec    key id=0x20006160
[t=59,198,999us] task_stop_exec     key id=0x20006160
[t=59,199,003us] task_start_exec    ppg id=0x20002A60
[t=59,200,391us] task_stop_exec     ppg id=0x20002A60
[t=59,200,395us] task_start_exec    key id=0x20006160
[t=59,200,411us] task_stop_exec     key id=0x20006160
[t=59,200,414us] task_start_exec    id=0x20016A38
[t=59,200,418us] idle
[t=59,200,925us] task_stop_exec     id=0x20016A38
[t=59,200,929us] task_start_exec    ppg id=0x20002A60
[t=59,200,953us] task_stop_exec     ppg id=0x20002A60
[t=59,200,957us] task_start_exec    id=0x20016A38
[t=59,200,961us] idle
[t=59,202,986us] task_stop_exec     id=0x20016A38
[t=59,202,990us] task_start_exec    ble id=0x200031DC
[t=59,203,012us] task_stop_exec     ble id=0x200031DC
[t=59,203,016us] task_start_exec    id=0x20016A38
[t=59,203,020us] idle
[t=59,207,986us] task_stop_exec     id=0x20016A38
[t=59,207,990us] task_start_exec    ble id=0x200031DC
[t=59,208,013us] task_stop_exec     ble id=0x200031DC
[t=59,208,016us] task_start_exec    id=0x20016A38
[t=59,208,020us] idle
[t=59,209,986us] task_stop_exec     id=0x20016A38
[t=59,209,990us] task_start_exec    ppg id=0x20002A60
[t=59,211,078us] task_stop_exec     ppg id=0x20002A60
[t=59,211,082us] task_start_exec    id=0x20016A38
[t=59,211,086us] idle
[t=59,212,986us] task_stop_exec     id=0x20016A38
[t=59,212,990us] task_start_exec    ble id=0x200031DC
[t=59,213,012us] task_stop_exec     ble id=0x200031DC
[t=59,213,016us] task_start_exec    id=0x20016A38
[t=59,213,020us] idle
[t=59,217,986us] task_stop_exec     id=0x20016A38
[t=59,217,990us] task_start_exec    ble id=0x200031DC
[t=59,218,013us] task_stop_exec     ble id=0x200031DC
[t=59,218,017us] task_start_exec    id=0x20016A38
[t=59,218,020us] idle
[t=59,219,986us] task_stop_exec     id=0x20016A38
[t=59,219,990us] task_start_exec    key id=0x20006160
[t=59,220,007us] task_stop_exec     key id=0x20006160
[t=59,220,011us] task_start_exec    id=0x20016A38
[t=59,220,015us] idle
[t=59,220,986us] task_stop_exec     id=0x20016A38
[t=59,220,990us] task_start_exec    ppg id=0x20002A60
[t=59,222,380us] task_stop_exec     ppg id=0x20002A60
[t=59,222,384us] task_start_exec    id=0x20016A38
[t=59,222,387us] idle
[t=59,222,913us] task_stop_exec     id=0x20016A38
[t=59,222,917us] task_start_exec    ppg id=0x20002A60
[t=59,222,941us] task_stop_exec     ppg id=0x20002A60
[t=59,222,945us] task_start_exec    id=0x20016A38
[t=59,222,949us] idle
[t=59,222,986us] task_stop_exec     id=0x20016A38
[t=59,222,990us] task_start_exec    ble id=0x200031DC
[t=59,223,012us] task_stop_exec     ble id=0x200031DC
[t=59,223,016us] task_start_exec    id=0x20016A38
[t=59,223,020us] idle
[t=59,227,986us] task_stop_exec     id=0x20016A38
[t=59,227,990us] task_start_exec    ble id=0x200031DC
[t=59,228,013us] task_stop_exec     ble id=0x200031DC
[t=59,228,016us] task_start_exec    id=0x20016A38
[t=59,228,020us] idle
[t=59,231,986us] task_stop_exec     id=0x20016A38
[t=59,231,990us] task_start_exec    ppg id=0x20002A60
[t=59,232,986us] task_stop_exec     ppg id=0x20002A60
[t=59,232,990us] task_start_exec    ble id=0x200031DC
[t=59,233,013us] task_stop_exec     ble id=0x200031DC
[t=59,233,017us] task_start_exec    ppg id=0x20002A60
[t=59,233,379us] task_stop_exec     ppg id=0x20002A60
[t=59,233,383us] task_start_exec    id=0x20016A38
[t=59,233,387us] idle
[t=59,233,912us] task_stop_exec     id=0x20016A38
[t=59,233,916us] task_start_exec    ppg id=0x20002A60
[t=59,233,949us] task_stop_exec     ppg id=0x20002A60
[t=59,233,953us] task_start_exec    spo2 id=0x20004D40
[t=59,237,986us] task_stop_exec     spo2 id=0x20004D40
[t=59,237,990us] task_start_exec    ble id=0x200031DC
[t=59,238,013us] task_stop_exec     ble id=0x200031DC
[t=59,238,017us] task_start_exec    spo2 id=0x20004D40
[t=59,239,986us] task_stop_exec     spo2 id=0x20004D40
[t=59,239,990us] task_start_exec    key id=0x20006160
[t=59,240,008us] task_stop_exec     key id=0x20006160
[t=59,240,012us] task_start_exec    spo2 id=0x20004D40
[t=59,242,986us] task_stop_exec     spo2 id=0x20004D40
[t=59,242,990us] task_start_exec    ppg id=0x20002A60
[t=59,242,999us] task_stop_exec     ppg id=0x20002A60
[t=59,243,003us] task_start_exec    ble id=0x200031DC
[t=59,243,025us] task_stop_exec     ble id=0x200031DC
[t=59,243,029us] task_start_exec    ppg id=0x20002A60
[t=59,244,416us] task_stop_exec     ppg id=0x20002A60
[t=59,244,420us] task_start_exec    spo2 id=0x20004D40
[t=59,244,949us] task_stop_exec     spo2 id=0x20004D40
[t=59,244,953us] task_start_exec    ppg id=0x20002A60
[t=59,244,978us] task_stop_exec     ppg id=0x20002A60
[t=59,244,982us] task_start_exec    spo2 id=0x20004D40
[t=59,247,986us] task_stop_exec     spo2 id=0x20004D40
[t=59,247,990us] task_start_exec    ble id=0x200031DC
[t=59,248,013us] task_stop_exec     ble id=0x200031DC
[t=59,248,016us] task_start_exec    spo2 id=0x20004D40
[t=59,252,986us] task_stop_exec     spo2 id=0x20004D40
[t=59,252,990us] task_start_exec    ble id=0x200031DC
[t=59,253,013us] task_stop_exec     ble id=0x200031DC
[t=59,253,017us] task_start_exec    spo2 id=0x20004D40
[t=59,253,986us] task_stop_exec     spo2 id=0x20004D40
[t=59,253,990us] task_start_exec    ppg id=0x20002A60
[t=59,255,379us] task_stop_exec     ppg id=0x20002A60
[t=59,255,383us] task_start_exec    spo2 id=0x20004D40
[t=59,255,913us] task_stop_exec     spo2 id=0x20004D40
[t=59,255,916us] task_start_exec    ppg id=0x20002A60
[t=59,255,941us] task_stop_exec     ppg id=0x20002A60
[t=59,255,945us] task_start_exec    spo2 id=0x20004D40
[t=59,257,987us] task_stop_exec     spo2 id=0x20004D40
[t=59,257,991us] task_start_exec    ble id=0x200031DC
[t=59,258,014us] task_stop_exec     ble id=0x200031DC
[t=59,258,018us] task_start_exec    spo2 id=0x20004D40
[t=59,259,986us] task_stop_exec     spo2 id=0x20004D40
[t=59,259,990us] task_start_exec    key id=0x20006160
[t=59,260,008us] task_stop_exec     key id=0x20006160
[t=59,260,012us] task_start_exec    spo2 id=0x20004D40
[t=59,262,986us] task_stop_exec     spo2 id=0x20004D40
[t=59,262,990us] task_start_exec    ble id=0x200031DC
[t=59,263,013us] task_stop_exec     ble id=0x200031DC
[t=59,263,017us] task_start_exec    spo2 id=0x20004D40
[t=59,264,986us] task_stop_exec     spo2 id=0x20004D40
[t=59,264,990us] task_start_exec    ppg id=0x20002A60
[t=59,266,379us] task_stop_exec     ppg id=0x20002A60
[t=59,266,383us] task_start_exec    spo2 id=0x20004D40
[t=59,266,913us] task_stop_exec     spo2 id=0x20004D40
[t=59,266,916us] task_start_exec    ppg id=0x20002A60
[t=59,266,941us] task_stop_exec     ppg id=0x20002A60
[t=59,266,945us] task_start_exec    spo2 id=0x20004D40
[t=59,267,986us] task_stop_exec     spo2 id=0x20004D40
[t=59,267,990us] task_start_exec    ble id=0x200031DC
[t=59,268,013us] task_stop_exec     ble id=0x200031DC
[t=59,268,016us] task_start_exec    spo2 id=0x20004D40
[t=59,272,986us] task_stop_exec     spo2 id=0x20004D40
[t=59,272,990us] task_start_exec    ble id=0x200031DC
[t=59,273,013us] task_stop_exec     ble id=0x200031DC
[t=59,273,017us] task_start_exec    spo2 id=0x20004D40
[t=59,275,986us] task_stop_exec     spo2 id=0x20004D40
[t=59,275,990us] task_start_exec    ppg id=0x20002A60
[t=59,277,078us] task_stop_exec     ppg id=0x20002A60
[t=59,277,082us] task_start_exec    spo2 id=0x20004D40
[t=59,277,986us] task_stop_exec     spo2 id=0x20004D40
[t=59,277,990us] task_start_exec    ble id=0x200031DC
[t=59,278,013us] task_stop_exec     ble id=0x200031DC
[t=59,278,017us] task_start_exec    spo2 id=0x20004D40
[t=59,279,987us] task_stop_exec     spo2 id=0x20004D40
[t=59,279,991us] task_start_exec    key id=0x20006160
[t=59,280,009us] task_stop_exec     key id=0x20006160
[t=59,280,012us] task_start_exec    spo2 id=0x20004D40
[t=59,282,986us] task_stop_exec     spo2 id=0x20004D40
[t=59,282,990us] task_start_exec    ble id=0x200031DC
[t=59,283,013us] task_stop_exec     ble id=0x200031DC
[t=59,283,017us] task_start_exec    spo2 id=0x20004D40
[t=59,286,986us] task_stop_exec     spo2 id=0x20004D40
[t=59,286,990us] task_start_exec    ppg id=0x20002A60
[t=59,287,986us] task_stop_exec     ppg id=0x20002A60
[t=59,287,990us] task_start_exec    ble id=0x200031DC
[t=59,288,013us] task_stop_exec     ble id=0x200031DC
[t=59,288,017us] task_start_exec    ppg id=0x20002A60
[t=59,288,380us] task_stop_exec     ppg id=0x20002A60
[t=59,288,383us] task_start_exec    spo2 id=0x20004D40
[t=59,288,913us] task_stop_exec     spo2 id=0x20004D40
[t=59,288,917us] task_start_exec    ppg id=0x20002A60
[t=59,288,942us] task_stop_exec     ppg id=0x20002A60
[t=59,288,945us] task_start_exec    spo2 id=0x20004D40
[t=59,292,986us] task_stop_exec     spo2 id=0x20004D40
[t=59,292,990us] task_start_exec    ble id=0x200031DC
[t=59,293,013us] task_stop_exec     ble id=0x200031DC
[t=59,293,017us] task_start_exec    spo2 id=0x20004D40
[t=59,297,986us] task_stop_exec     spo2 id=0x20004D40
[t=59,297,990us] task_start_exec    ppg id=0x20002A60
[t=59,297,999us] task_stop_exec     ppg id=0x20002A60
[t=59,298,003us] task_start_exec    ble id=0x200031DC
[t=59,298,026us] task_stop_exec     ble id=0x200031DC
[t=59,298,029us] task_start_exec    ppg id=0x20002A60
[t=59,299,416us] task_stop_exec     ppg id=0x20002A60
[t=59,299,420us] task_start_exec    spo2 id=0x20004D40
[t=59,299,949us] task_stop_exec     spo2 id=0x20004D40
[t=59,299,953us] task_start_exec    ppg id=0x20002A60
[t=59,299,978us] task_stop_exec     ppg id=0x20002A60
[t=59,299,982us] task_start_exec    spo2 id=0x20004D40
[t=59,299,994us] task_stop_exec     spo2 id=0x20004D40
[t=59,299,997us] task_start_exec    key id=0x20006160
[t=59,300,015us] task_stop_exec     key id=0x20006160
[t=59,300,019us] task_start_exec    spo2 id=0x20004D40
[t=59,300,123us] task_stop_exec     spo2 id=0x20004D40
[t=59,300,127us] task_start_exec    ble id=0x200031DC
[t=59,302,467us] task_stop_exec     ble id=0x200031DC
[t=59,302,471us] task_start_exec    spo2 id=0x20004D40
[t=59,302,485us] task_stop_exec     spo2 id=0x20004D40
[t=59,302,488us] task_start_exec    id=0x20016A38
[t=59,302,492us] idle
[t=59,306,986us] task_stop_exec     id=0x20016A38
[t=59,306,990us] task_start_exec    ble id=0x200031DC
[t=59,307,013us] task_stop_exec     ble id=0x200031DC
[t=59,307,017us] task_start_exec    id=0x20016A38
[t=59,307,020us] idle
[t=59,308,629us] task_stop_exec     id=0x20016A38
[t=59,308,633us] task_start_exec    ble id=0x200031DC
[t=59,308,714us] task_stop_exec     ble id=0x200031DC
[t=59,308,718us] task_start_exec    id=0x20016A38
[t=59,308,721us] idle
[t=59,308,986us] task_stop_exec     id=0x20016A38
[t=59,308,990us] task_start_exec    ppg id=0x20002A60
[t=59,310,380us] task_stop_exec     ppg id=0x20002A60
[t=59,310,384us] task_start_exec    id=0x20016A38
[t=59,310,387us] idle
[t=59,310,913us] task_stop_exec     id=0x20016A38
[t=59,310,917us] task_start_exec    ppg id=0x20002A60
[t=59,310,941us] task_stop_exec     ppg id=0x20002A60
[t=59,310,945us] task_start_exec    id=0x20016A38
[t=59,310,949us] idle
[t=59,312,986us] task_stop_exec     id=0x20016A38
[t=59,312,990us] task_start_exec    ble id=0x200031DC
[t=59,313,012us] task_stop_exec     ble id=0x200031DC
[t=59,313,016us] task_start_exec    id=0x20016A38
[t=59,313,020us] idle
[t=59,317,986us] task_stop_exec     id=0x20016A38
[t=59,317,990us] task_start_exec    ble id=0x200031DC
[t=59,318,013us] task_stop_exec     ble id=0x200031DC
[t=59,318,017us] task_start_exec    id=0x20016A38
[t=59,318,020us] idle
[t=59,319,986us] task_stop_exec     id=0x20016A38
[t=59,319,990us] task_start_exec    key id=0x20006160
[t=59,319,999us] task_stop_exec     key id=0x20006160
[t=59,320,003us] task_start_exec    ppg id=0x20002A60
[t=59,321,391us] task_stop_exec     ppg id=0x20002A60
[t=59,321,395us] task_start_exec    key id=0x20006160
[t=59,321,411us] task_stop_exec     key id=0x20006160
[t=59,321,415us] task_start_exec    id=0x20016A38
[t=59,321,418us] idle
[t=59,321,925us] task_stop_exec     id=0x20016A38
[t=59,321,929us] task_start_exec    ppg id=0x20002A60
[t=59,321,953us] task_stop_exec     ppg id=0x20002A60
[t=59,321,957us] task_start_exec    id=0x20016A38
[t=59,321,961us] idle
[t=59,322,986us] task_stop_exec     id=0x20016A38
[t=59,322,990us] task_start_exec    ble id=0x200031DC
[t=59,323,012us] task_stop_exec     ble id=0x200031DC
[t=59,323,016us] task_start_exec    id=0x20016A38
[t=59,323,020us] idle
[t=59,327,986us] task_stop_exec     id=0x20016A38
[t=59,327,990us] task_start_exec    ble id=0x200031DC
[t=59,328,013us] task_stop_exec     ble id=0x200031DC
[t=59,328,016us] task_start_exec    id=0x20016A38
[t=59,328,020us] idle
[t=59,330,986us] task_stop_exec     id=0x20016A38
[t=59,330,990us] task_start_exec    ppg id=0x20002A60
[t=59,332,379us] task_stop_exec     ppg id=0x20002A60
[t=59,332,383us] task_start_exec    id=0x20016A38
[t=59,332,386us] idle
[t=59,332,912us] task_stop_exec     id=0x20016A38
[t=59,332,916us] task_start_exec    ppg id=0x20002A60
[t=59,332,940us] task_stop_exec     ppg id=0x20002A60
[t=59,332,944us] task_start_exec    id=0x20016A38
[t=59,332,948us] idle
[t=59,332,986us] task_stop_exec     id=0x20016A38
[t=59,332,990us] task_start_exec    ble id=0x200031DC
[t=59,333,012us] task_stop_exec     ble id=0x200031DC
[t=59,333,016us] task_start_exec    id=0x20016A38
[t=59,333,020us] idle
[t=59,337,986us] task_stop_exec     id=0x20016A38
[t=59,337,990us] task_start_exec    ble id=0x200031DC
[t=59,338,013us] task_stop_exec     ble id=0x200031DC
[t=59,338,017us] task_start_exec    id=0x20016A38
[t=59,338,020us] idle
[t=59,340,986us] task_stop_exec     id=0x20016A38
[t=59,340,990us] task_start_exec    key id=0x20006160
[t=59,341,007us] task_stop_exec     key id=0x20006160
[t=59,341,011us] task_start_exec    id=0x20016A38
[t=59,341,015us] idle
[t=59,341,986us] task_stop_exec     id=0x20016A38
[t=59,341,990us] task_start_exec    ppg id=0x20002A60
[t=59,342,986us] task_stop_exec     ppg id=0x20002A60
[t=59,342,990us] task_start_exec    ble id=0x200031DC
[t=59,343,013us] task_stop_exec     ble id=0x200031DC
[t=59,343,017us] task_start_exec    ppg id=0x20002A60
[t=59,343,077us] task_stop_exec     ppg id=0x20002A60
[t=59,343,081us] task_start_exec    id=0x20016A38
[t=59,343,085us] idle
[t=59,347,986us] task_stop_exec     id=0x20016A38
[t=59,347,990us] task_start_exec    ble id=0x200031DC
[t=59,348,013us] task_stop_exec     ble id=0x200031DC
[t=59,348,016us] task_start_exec    id=0x20016A38
[t=59,348,020us] idle
[t=59,352,986us] task_stop_exec     id=0x20016A38
[t=59,352,990us] task_start_exec    ppg id=0x20002A60
[t=59,352,999us] task_stop_exec     ppg id=0x20002A60
[t=59,353,003us] task_start_exec    ble id=0x200031DC
[t=59,353,025us] task_stop_exec     ble id=0x200031DC
[t=59,353,029us] task_start_exec    ppg id=0x20002A60
[t=59,354,415us] task_stop_exec     ppg id=0x20002A60
[t=59,354,419us] task_start_exec    id=0x20016A38
[t=59,354,423us] idle
[t=59,354,948us] task_stop_exec     id=0x20016A38
[t=59,354,952us] task_start_exec    ppg id=0x20002A60
[t=59,354,977us] task_stop_exec     ppg id=0x20002A60
[t=59,354,980us] task_start_exec    id=0x20016A38
[t=59,354,984us] idle
[t=59,357,986us] task_stop_exec     id=0x20016A38
[t=59,357,990us] task_start_exec    ble id=0x200031DC
[t=59,358,013us] task_stop_exec     ble id=0x200031DC
[t=59,358,017us] task_start_exec    id=0x20016A38
[t=59,358,020us] idle
[t=59,360,986us] task_stop_exec     id=0x20016A38
[t=59,360,990us] task_start_exec    key id=0x20006160
[t=59,361,007us] task_stop_exec     key id=0x20006160
[t=59,361,011us] task_start_exec    id=0x20016A38
[t=59,361,015us] idle
[t=59,362,986us] task_stop_exec     id=0x20016A38
[t=59,362,990us] task_start_exec    ble id=0x200031DC
[t=59,363,013us] task_stop_exec     ble id=0x200031DC
[t=59,363,016us] task_start_exec    id=0x20016A38
[t=59,363,020us] idle
[t=59,363,986us] task_stop_exec     id=0x20016A38
[t=59,363,990us] task_start_exec    ppg id=0x20002A60
[t=59,365,379us] task_stop_exec     ppg id=0x20002A60
[t=59,365,383us] task_start_exec    id=0x20016A38
[t=59,365,387us] idle
[t=59,365,912us] task_stop_exec     id=0x20016A38
[t=59,365,916us] task_start_exec    ppg id=0x20002A60
[t=59,365,940us] task_stop_exec     ppg id=0x20002A60
[t=59,365,944us] task_start_exec    id=0x20016A38
[t=59,365,948us] idle
[t=59,367,986us] task_stop_exec     id=0x20016A38
[t=59,367,990us] task_start_exec    ble id=0x200031DC
[t=59,368,012us] task_stop_exec     ble id=0x200031DC
[t=59,368,016us] task_start_exec    id=0x20016A38
[t=59,368,020us] idle
[t=59,372,986us] task_stop_exec     id=0x20016A38
[t=59,372,990us] task_start_exec    ble id=0x200031DC
[t=59,373,013us] task_stop_exec     ble id=0x200031DC
[t=59,373,016us] task_start_exec    id=0x20016A38
[t=59,373,020us] idle
[t=59,374,986us] task_stop_exec     id=0x20016A38
[t=59,374,990us] task_start_exec    ppg id=0x20002A60
[t=59,376,379us] task_stop_exec     ppg id=0x20002A60
[t=59,376,383us] task_start_exec    id=0x20016A38
[t=59,376,387us] idle
[t=59,376,912us] task_stop_exec     id=0x20016A38
[t=59,376,916us] task_start_exec    ppg id=0x20002A60
[t=59,376,940us] task_stop_exec     ppg id=0x20002A60
[t=59,376,944us] task_start_exec    id=0x20016A38
[t=59,376,948us] idle
[t=59,377,986us] task_stop_exec     id=0x20016A38
[t=59,377,990us] task_start_exec    ble id=0x200031DC
[t=59,378,013us] task_stop_exec     ble id=0x200031DC
[t=59,378,017us] task_start_exec    id=0x20016A38
[t=59,378,020us] idle
[t=59,380,986us] task_stop_exec     id=0x20016A38
[t=59,380,990us] task_start_exec    key id=0x20006160
[t=59,381,007us] task_stop_exec     key id=0x20006160
[t=59,381,011us] task_start_exec    id=0x20016A38
[t=59,381,015us] idle
[t=59,382,986us] task_stop_exec     id=0x20016A38
[t=59,382,990us] task_start_exec    ble id=0x200031DC
[t=59,383,013us] task_stop_exec     ble id=0x200031DC
[t=59,383,016us] task_start_exec    id=0x20016A38
[t=59,383,020us] idle
[t=59,385,987us] task_stop_exec     id=0x20016A38
[t=59,385,991us] task_start_exec    ppg id=0x20002A60
[t=59,387,380us] task_stop_exec     ppg id=0x20002A60
[t=59,387,384us] task_start_exec    id=0x20016A38
[t=59,387,387us] idle
[t=59,387,913us] task_stop_exec     id=0x20016A38
[t=59,387,917us] task_start_exec    ppg id=0x20002A60
[t=59,387,941us] task_stop_exec     ppg id=0x20002A60
[t=59,387,945us] task_start_exec    id=0x20016A38
[t=59,387,948us] idle
[t=59,387,986us] task_stop_exec     id=0x20016A38
[t=59,387,990us] task_start_exec    ble id=0x200031DC
[t=59,388,012us] task_stop_exec     ble id=0x200031DC
[t=59,388,016us] task_start_exec    id=0x20016A38
[t=59,388,020us] idle
[t=59,392,986us] task_stop_exec     id=0x20016A38
[t=59,392,990us] task_start_exec    ble id=0x200031DC
[t=59,393,013us] task_stop_exec     ble id=0x200031DC
[t=59,393,016us] task_start_exec    id=0x20016A38
[t=59,393,020us] idle
[t=59,396,986us] task_stop_exec     id=0x20016A38
[t=59,396,990us] task_start_exec    ppg id=0x20002A60
[t=59,397,986us] task_stop_exec     ppg id=0x20002A60
[t=59,397,990us] task_start_exec    ble id=0x200031DC
[t=59,398,013us] task_stop_exec     ble id=0x200031DC
[t=59,398,017us] task_start_exec    ppg id=0x20002A60
[t=59,398,378us] task_stop_exec     ppg id=0x20002A60
[t=59,398,382us] task_start_exec    id=0x20016A38
[t=59,398,386us] idle
[t=59,398,912us] task_stop_exec     id=0x20016A38
[t=59,398,915us] task_start_exec    ppg id=0x20002A60
[t=59,398,940us] task_stop_exec     ppg id=0x20002A60
[t=59,398,944us] task_start_exec    id=0x20016A38
[t=59,398,947us] idle
[t=59,400,986us] task_stop_exec     id=0x20016A38
[t=59,400,990us] task_start_exec    key id=0x20006160
[t=59,401,008us] task_stop_exec     key id=0x20006160
[t=59,401,011us] task_start_exec    id=0x20016A38
[t=59,401,015us] idle
[t=59,402,986us] task_stop_exec     id=0x20016A38
[t=59,402,990us] task_start_exec    ble id=0x200031DC
[t=59,403,013us] task_stop_exec     ble id=0x200031DC
[t=59,403,016us] task_start_exec    id=0x20016A38
[t=59,403,020us] idle
[t=59,407,986us] task_stop_exec     id=0x20016A38
[t=59,407,990us] task_start_exec    ppg id=0x20002A60
[t=59,407,999us] task_stop_exec     ppg id=0x20002A60
[t=59,408,003us] task_start_exec    ble id=0x200031DC
[t=59,408,025us] task_stop_exec     ble id=0x200031DC
[t=59,408,029us] task_start_exec    ppg id=0x20002A60
[t=59,409,114us] task_stop_exec     ppg id=0x20002A60
[t=59,409,118us] task_start_exec    id=0x20016A38
[t=59,409,122us] idle
[t=59,412,986us] task_stop_exec     id=0x20016A38
[t=59,412,990us] task_start_exec    ble id=0x200031DC
[t=59,413,012us] task_stop_exec     ble id=0x200031DC
[t=59,413,016us] task_start_exec    id=0x20016A38
[t=59,413,020us] idle
[t=59,417,986us] task_stop_exec     id=0x20016A38
[t=59,417,990us] task_start_exec    ble id=0x200031DC
[t=59,418,013us] task_stop_exec     ble id=0x200031DC
[t=59,418,017us] task_start_exec    id=0x20016A38
[t=59,418,020us] idle
[t=59,418,986us] task_stop_exec     id=0x20016A38
[t=59,418,990us] task_start_exec    ppg id=0x20002A60
[t=59,420,379us] task_stop_exec     ppg id=0x20002A60
[t=59,420,383us] task_start_exec    id=0x20016A38
[t=59,420,386us] idle
[t=59,420,912us] task_stop_exec     id=0x20016A38
[t=59,420,916us] task_start_exec    ppg id=0x20002A60
[t=59,420,940us] task_stop_exec     ppg id=0x20002A60
[t=59,420,944us] task_start_exec    id=0x20016A38
[t=59,420,948us] idle
[t=59,420,986us] task_stop_exec     id=0x20016A38
[t=59,420,990us] task_start_exec    key id=0x20006160
[t=59,421,007us] task_stop_exec     key id=0x20006160
[t=59,421,011us] task_start_exec    id=0x20016A38
[t=59,421,015us] idle
[t=59,422,986us] task_stop_exec     id=0x20016A38
[t=59,422,990us] task_start_exec    ble id=0x200031DC
[t=59,423,012us] task_stop_exec     ble id=0x200031DC
[t=59,423,016us] task_start_exec    id=0x20016A38
[t=59,423,020us] idle
[t=59,427,986us] task_stop_exec     id=0x20016A38
[t=59,427,990us] task_start_exec    ble id=0x200031DC
[t=59,428,013us] task_stop_exec     ble id=0x200031DC
[t=59,428,016us] task_start_exec    id=0x20016A38
[t=59,428,020us] idle
[t=59,429,986us] task_stop_exec     id=0x20016A38
[t=59,429,990us] task_start_exec    ppg id=0x20002A60
[t=59,431,379us] task_stop_exec     ppg id=0x20002A60
[t=59,431,383us] task_start_exec    id=0x20016A38
[t=59,431,386us] idle
[t=59,431,912us] task_stop_exec     id=0x20016A38
[t=59,431,916us] task_start_exec    ppg id=0x20002A60
[t=59,431,940us] task_stop_exec     ppg id=0x20002A60
[t=59,431,944us] task_start_exec    id=0x20016A38
[t=59,431,948us] idle
[t=59,432,986us] task_stop_exec     id=0x20016A38
[t=59,432,990us] task_start_exec    ble id=0x200031DC
[t=59,433,012us] task_stop_exec     ble id=0x200031DC
[t=59,433,016us] task_start_exec    id=0x20016A38
[t=59,433,020us] idle
[t=59,437,986us] task_stop_exec     id=0x20016A38
[t=59,437,990us] task_start_exec    ble id=0x200031DC
[t=59,438,013us] task_stop_exec     ble id=0x200031DC
[t=59,438,017us] task_start_exec    id=0x20016A38
[t=59,438,020us] idle
[t=59,440,986us] task_stop_exec     id=0x20016A38
[t=59,440,990us] task_start_exec    key id=0x20006160
[t=59,440,999us] task_stop_exec     key id=0x20006160
[t=59,441,003us] task_start_exec    ppg id=0x20002A60
[t=59,442,391us] task_stop_exec     ppg id=0x20002A60
[t=59,442,395us] task_start_exec    key id=0x20006160
[t=59,442,410us] task_stop_exec     key id=0x20006160
[t=59,442,414us] task_start_exec    id=0x20016A38
[t=59,442,418us] idle
[t=59,442,925us] task_stop_exec     id=0x20016A38
[t=59,442,928us] task_start_exec    ppg id=0x20002A60
[t=59,442,953us] task_stop_exec     ppg id=0x20002A60
[t=59,442,957us] task_start_exec    id=0x20016A38
[t=59,442,960us] idle
[t=59,442,986us] task_stop_exec     id=0x20016A38
[t=59,442,990us] task_start_exec    ble id=0x200031DC
[t=59,443,012us] task_stop_exec     ble id=0x200031DC
[t=59,443,016us] task_start_exec    id=0x20016A38
[t=59,443,020us] idle
[t=59,447,986us] task_stop_exec     id=0x20016A38
[t=59,447,990us] task_start_exec    ble id=0x200031DC
[t=59,448,013us] task_stop_exec     ble id=0x200031DC
[t=59,448,016us] task_start_exec    id=0x20016A38
[t=59,448,020us] idle
[t=59,451,986us] task_stop_exec     id=0x20016A38
[t=59,451,990us] task_start_exec    ppg id=0x20002A60
[t=59,452,986us] task_stop_exec     ppg id=0x20002A60
[t=59,452,990us] task_start_exec    ble id=0x200031DC
[t=59,453,013us] task_stop_exec     ble id=0x200031DC
[t=59,453,017us] task_start_exec    ppg id=0x20002A60
[t=59,453,378us] task_stop_exec     ppg id=0x20002A60
[t=59,453,382us] task_start_exec    id=0x20016A38
[t=59,453,386us] idle
[t=59,453,911us] task_stop_exec     id=0x20016A38
[t=59,453,915us] task_start_exec    ppg id=0x20002A60
[t=59,453,940us] task_stop_exec     ppg id=0x20002A60
[t=59,453,944us] task_start_exec    id=0x20016A38
[t=59,453,947us] idle
[t=59,457,986us] task_stop_exec     id=0x20016A38
[t=59,457,990us] task_start_exec    ble id=0x200031DC
[t=59,458,013us] task_stop_exec     ble id=0x200031DC
[t=59,458,017us] task_start_exec    id=0x20016A38
[t=59,458,020us] idle
[t=59,461,986us] task_stop_exec     id=0x20016A38
[t=59,461,990us] task_start_exec    key id=0x20006160
[t=59,462,007us] task_stop_exec     key id=0x20006160
[t=59,462,011us] task_start_exec    id=0x20016A38
[t=59,462,015us] idle
[t=59,462,986us] task_stop_exec     id=0x20016A38
[t=59,462,990us] task_start_exec    ppg id=0x20002A60
[t=59,462,999us] task_stop_exec     ppg id=0x20002A60
[t=59,463,003us] task_start_exec    ble id=0x200031DC
[t=59,463,025us] task_stop_exec     ble id=0x200031DC
[t=59,463,029us] task_start_exec    ppg id=0x20002A60
[t=59,464,114us] task_stop_exec     ppg id=0x20002A60
[t=59,464,118us] task_start_exec    id=0x20016A38
[t=59,464,122us] idle
[t=59,467,986us] task_stop_exec     id=0x20016A38
[t=59,467,990us] task_start_exec    ble id=0x200031DC
[t=59,468,012us] task_stop_exec     ble id=0x200031DC
[t=59,468,016us] task_start_exec    id=0x20016A38
[t=59,468,020us] idle
[t=59,472,986us] task_stop_exec     id=0x20016A38
[t=59,472,990us] task_start_exec    ble id=0x200031DC
[t=59,473,013us] task_stop_exec     ble id=0x200031DC
[t=59,473,016us] task_start_exec    id=0x20016A38
[t=59,473,020us] idle
[t=59,473,986us] task_stop_exec     id=0x20016A38
[t=59,473,990us] task_start_exec    ppg id=0x20002A60
[t=59,475,379us] task_stop_exec     ppg id=0x20002A60
[t=59,475,383us] task_start_exec    id=0x20016A38
[t=59,475,387us] idle
[t=59,476,182us] task_stop_exec     id=0x20016A38
[t=59,476,186us] task_start_exec    ppg id=0x20002A60
[t=59,476,211us] task_stop_exec     ppg id=0x20002A60
[t=59,476,215us] task_start_exec    id=0x20016A38
[t=59,476,219us] idle
[t=59,477,986us] task_stop_exec     id=0x20016A38
[t=59,477,990us] task_start_exec    ble id=0x200031DC
[t=59,478,013us] task_stop_exec     ble id=0x200031DC
[t=59,478,017us] task_start_exec    id=0x20016A38
[t=59,478,020us] idle
[t=59,481,986us] task_stop_exec     id=0x20016A38
[t=59,481,990us] task_start_exec    key id=0x20006160
[t=59,482,007us] task_stop_exec     key id=0x20006160
[t=59,482,011us] task_start_exec    id=0x20016A38
[t=59,482,015us] idle
[t=59,482,986us] task_stop_exec     id=0x20016A38
[t=59,482,990us] task_start_exec    ble id=0x200031DC
[t=59,483,013us] task_stop_exec     ble id=0x200031DC
[t=59,483,017us] task_start_exec    id=0x20016A38
[t=59,483,020us] idle
[t=59,485,986us] task_stop_exec     id=0x20016A38
[t=59,485,990us] task_start_exec    ppg id=0x20002A60
[t=59,487,078us] task_stop_exec     ppg id=0x20002A60
[t=59,487,082us] task_start_exec    id=0x20016A38
[t=59,487,085us] idle
[t=59,487,986us] task_stop_exec     id=0x20016A38
[t=59,487,990us] task_start_exec    ble id=0x200031DC
[t=59,488,012us] task_stop_exec     ble id=0x200031DC
[t=59,488,016us] task_start_exec    id=0x20016A38
[t=59,488,020us] idle
[t=59,492,986us] task_stop_exec     id=0x20016A38
[t=59,492,990us] task_start_exec    ble id=0x200031DC
[t=59,493,013us] task_stop_exec     ble id=0x200031DC
[t=59,493,016us] task_start_exec    id=0x20016A38
[t=59,493,020us] idle
[t=59,496,986us] task_stop_exec     id=0x20016A38
[t=59,496,990us] task_start_exec    ppg id=0x20002A60
[t=59,497,986us] task_stop_exec     ppg id=0x20002A60
[t=59,497,990us] task_start_exec    ble id=0x200031DC
[t=59,498,013us] task_stop_exec     ble id=0x200031DC
[t=59,498,017us] task_start_exec    ppg id=0x20002A60
[t=59,498,379us] task_stop_exec     ppg id=0x20002A60
[t=59,498,383us] task_start_exec    id=0x20016A38
[t=59,498,387us] idle
[t=59,499,182us] task_stop_exec     id=0x20016A38
[t=59,499,186us] task_start_exec    ppg id=0x20002A60
[t=59,499,214us] task_stop_exec     ppg id=0x20002A60
[t=59,499,218us] task_start_exec    id=0x20016A38
[t=59,499,221us] idle
[t=59,501,986us] task_stop_exec     id=0x20016A38
[t=59,501,990us] task_start_exec    key id=0x20006160
[t=59,502,008us] task_stop_exec     key id=0x20006160
[t=59,502,011us] task_start_exec    id=0x20016A38
[t=59,502,015us] idle
[t=59,502,986us] task_stop_exec     id=0x20016A38
[t=59,502,990us] task_start_exec    ble id=0x200031DC
[t=59,503,012us] task_stop_exec     ble id=0x200031DC
[t=59,503,016us] task_start_exec    id=0x20016A38
[t=59,503,020us] idle
[t=59,507,986us] task_stop_exec     id=0x20016A38
[t=59,507,990us] task_start_exec    ble id=0x200031DC
[t=59,508,013us] task_stop_exec     ble id=0x200031DC
[t=59,508,016us] task_start_exec    id=0x20016A38
[t=59,508,020us] idle
[t=59,508,986us] task_stop_exec     id=0x20016A38
[t=59,508,990us] task_start_exec    ppg id=0x20002A60
[t=59,510,379us] task_stop_exec     ppg id=0x20002A60
[t=59,510,383us] task_start_exec    id=0x20016A38
[t=59,510,387us] idle
[t=59,510,912us] task_stop_exec     id=0x20016A38
[t=59,510,916us] task_start_exec    ppg id=0x20002A60
[t=59,510,940us] task_stop_exec     ppg id=0x20002A60
[t=59,510,944us] task_start_exec    id=0x20016A38
[t=59,510,948us] idle
[t=59,512,986us] task_stop_exec     id=0x20016A38
[t=59,512,990us] task_start_exec    ble id=0x200031DC
[t=59,513,012us] task_stop_exec     ble id=0x200031DC
[t=59,513,016us] task_start_exec    id=0x20016A38
[t=59,513,020us] idle
[t=59,517,986us] task_stop_exec     id=0x20016A38
[t=59,517,990us] task_start_exec    ble id=0x200031DC
[t=59,518,013us] task_stop_exec     ble id=0x200031DC
[t=59,518,017us] task_start_exec    id=0x20016A38
[t=59,518,020us] idle
[t=59,519,986us] task_stop_exec     id=0x20016A38
[t=59,519,990us] task_start_exec    ppg id=0x20002A60
[t=59,521,378us] task_stop_exec     ppg id=0x20002A60
[t=59,521,383us] task_start_exec    id=0x20016A38
[t=59,521,386us] idle
[t=59,521,912us] task_stop_exec     id=0x20016A38
[t=59,521,916us] task_start_exec    ppg id=0x20002A60
[t=59,521,940us] task_stop_exec     ppg id=0x20002A60
[t=59,521,944us] task_start_exec    id=0x20016A38
[t=59,521,948us] idle
[t=59,521,986us] task_stop_exec     id=0x20016A38
[t=59,521,990us] task_start_exec    key id=0x20006160
[t=59,522,007us] task_stop_exec     key id=0x20006160
[t=59,522,011us] task_start_exec    id=0x20016A38
[t=59,522,015us] idle
[t=59,522,986us] task_stop_exec     id=0x20016A38
[t=59,522,990us] task_start_exec    ble id=0x200031DC
[t=59,523,012us] task_stop_exec     ble id=0x200031DC
[t=59,523,016us] task_start_exec    id=0x20016A38
[t=59,523,020us] idle
[t=59,527,986us] task_stop_exec     id=0x20016A38
[t=59,527,990us] task_start_exec    ble id=0x200031DC
[t=59,528,013us] task_stop_exec     ble id=0x200031DC
[t=59,528,016us] task_start_exec    id=0x20016A38
[t=59,528,020us] idle
[t=59,530,986us] task_stop_exec     id=0x20016A38
[t=59,530,990us] task_start_exec    ppg id=0x20002A60
[t=59,532,379us] task_stop_exec     ppg id=0x20002A60
[t=59,532,383us] task_start_exec    id=0x20016A38
[t=59,532,386us] idle
[t=59,532,912us] task_stop_exec     id=0x20016A38
[t=59,532,916us] task_start_exec    ppg id=0x20002A60
[t=59,532,940us] task_stop_exec     ppg id=0x20002A60
[t=59,532,944us] task_start_exec    id=0x20016A38
[t=59,532,948us] idle
[t=59,532,986us] task_stop_exec     id=0x20016A38
[t=59,532,990us] task_start_exec    ble id=0x200031DC
[t=59,533,012us] task_stop_exec     ble id=0x200031DC
[t=59,533,016us] task_start_exec    id=0x20016A38
[t=59,533,020us] idle
[t=59,537,986us] task_stop_exec     id=0x20016A38
[t=59,537,990us] task_start_exec    ble id=0x200031DC
[t=59,538,013us] task_stop_exec     ble id=0x200031DC
[t=59,538,017us] task_start_exec    id=0x20016A38
[t=59,538,020us] idle
[t=59,541,986us] task_stop_exec     id=0x20016A38
[t=59,541,990us] task_start_exec    key id=0x20006160
[t=59,541,999us] task_stop_exec     key id=0x20006160
[t=59,542,003us] task_start_exec    ppg id=0x20002A60
[t=59,542,986us] task_stop_exec     ppg id=0x20002A60
[t=59,542,990us] task_start_exec    ble id=0x200031DC
[t=59,543,012us] task_stop_exec     ble id=0x200031DC
[t=59,543,016us] task_start_exec    ppg id=0x20002A60
[t=59,543,090us] task_stop_exec     ppg id=0x20002A60
[t=59,543,093us] task_start_exec    key id=0x20006160
[t=59,543,109us] task_stop_exec     key id=0x20006160
[t=59,543,113us] task_start_exec    id=0x20016A38
[t=59,543,116us] idle
[t=59,547,986us] task_stop_exec     id=0x20016A38
[t=59,547,990us] task_start_exec    ble id=0x200031DC
[t=59,548,013us] task_stop_exec     ble id=0x200031DC
[t=59,548,016us] task_start_exec    id=0x20016A38
[t=59,548,020us] idle
[t=59,552,986us] task_stop_exec     id=0x20016A38
[t=59,552,990us] task_start_exec    ppg id=0x20002A60
[t=59,552,999us] task_stop_exec     ppg id=0x20002A60
[t=59,553,003us] task_start_exec    ble id=0x200031DC
[t=59,553,025us] task_stop_exec     ble id=0x200031DC
[t=59,553,029us] task_start_exec    ppg id=0x20002A60
[t=59,554,416us] task_stop_exec     ppg id=0x20002A60
[t=59,554,420us] task_start_exec    id=0x20016A38
[t=59,554,424us] idle
[t=59,554,950us] task_stop_exec     id=0x20016A38
[t=59,554,953us] task_start_exec    ppg id=0x20002A60
[t=59,554,978us] task_stop_exec     ppg id=0x20002A60
[t=59,554,982us] task_start_exec    id=0x20016A38
[t=59,554,985us] idle
[t=59,557,986us] task_stop_exec     id=0x20016A38
[t=59,557,990us] task_start_exec    ble id=0x200031DC
[t=59,558,013us] task_stop_exec     ble id=0x200031DC
[t=59,558,017us] task_start_exec    id=0x20016A38
[t=59,558,020us] idle
[t=59,562,986us] task_stop_exec     id=0x20016A38
[t=59,562,990us] task_start_exec    key id=0x20006160
[t=59,562,999us] task_stop_exec     key id=0x20006160
[t=59,563,003us] task_start_exec    ble id=0x200031DC
[t=59,563,025us] task_stop_exec     ble id=0x200031DC
[t=59,563,029us] task_start_exec    key id=0x20006160
[t=59,563,044us] task_stop_exec     key id=0x20006160
[t=59,563,048us] task_start_exec    id=0x20016A38
[t=59,563,052us] idle
[t=59,563,986us] task_stop_exec     id=0x20016A38
[t=59,563,990us] task_start_exec    ppg id=0x20002A60
[t=59,565,379us] task_stop_exec     ppg id=0x20002A60
[t=59,565,383us] task_start_exec    id=0x20016A38
[t=59,565,387us] idle
[t=59,565,912us] task_stop_exec     id=0x20016A38
[t=59,565,916us] task_start_exec    ppg id=0x20002A60
[t=59,565,940us] task_stop_exec     ppg id=0x20002A60
[t=59,565,944us] task_start_exec    id=0x20016A38
[t=59,565,948us] idle
[t=59,567,986us] task_stop_exec     id=0x20016A38
[t=59,567,990us] task_start_exec    ble id=0x200031DC
[t=59,568,012us] task_stop_exec     ble id=0x200031DC
[t=59,568,016us] task_start_exec    id=0x20016A38
[t=59,568,020us] idle
[t=59,572,986us] task_stop_exec     id=0x20016A38
[t=59,572,990us] task_start_exec    ble id=0x200031DC
[t=59,573,013us] task_stop_exec     ble id=0x200031DC
[t=59,573,016us] task_start_exec    id=0x20016A38
[t=59,573,020us] idle
[t=59,574,986us] task_stop_exec     id=0x20016A38
[t=59,574,990us] task_start_exec    ppg id=0x20002A60
[t=59,576,378us] task_stop_exec     ppg id=0x20002A60
[t=59,576,383us] task_start_exec    id=0x20016A38
[t=59,576,386us] idle
[t=59,576,912us] task_stop_exec     id=0x20016A38
[t=59,576,916us] task_start_exec    ppg id=0x20002A60
[t=59,576,940us] task_stop_exec     ppg id=0x20002A60
[t=59,576,944us] task_start_exec    id=0x20016A38
[t=59,576,948us] idle
[t=59,577,986us] task_stop_exec     id=0x20016A38
[t=59,577,990us] task_start_exec    ble id=0x200031DC
[t=59,578,013us] task_stop_exec     ble id=0x200031DC
[t=59,578,017us] task_start_exec    id=0x20016A38
[t=59,578,020us] idle
[t=59,582,986us] task_stop_exec     id=0x20016A38
[t=59,582,990us] task_start_exec    key id=0x20006160
[t=59,582,999us] task_stop_exec     key id=0x20006160
[t=59,583,003us] task_start_exec    ble id=0x200031DC
[t=59,583,025us] task_stop_exec     ble id=0x200031DC
[t=59,583,029us] task_start_exec    key id=0x20006160
[t=59,583,044us] task_stop_exec     key id=0x20006160
[t=59,583,048us] task_start_exec    id=0x20016A38
[t=59,583,052us] idle
[t=59,585,986us] task_stop_exec     id=0x20016A38
[t=59,585,990us] task_start_exec    ppg id=0x20002A60
[t=59,587,379us] task_stop_exec     ppg id=0x20002A60
[t=59,587,383us] task_start_exec    id=0x20016A38
[t=59,587,386us] idle
[t=59,587,912us] task_stop_exec     id=0x20016A38
[t=59,587,916us] task_start_exec    ppg id=0x20002A60
[t=59,587,940us] task_stop_exec     ppg id=0x20002A60
[t=59,587,944us] task_start_exec    id=0x20016A38
[t=59,587,948us] idle
[t=59,587,986us] task_stop_exec     id=0x20016A38
[t=59,587,990us] task_start_exec    ble id=0x200031DC
[t=59,588,012us] task_stop_exec     ble id=0x200031DC
[t=59,588,016us] task_start_exec    id=0x20016A38
[t=59,588,020us] idle
[t=59,592,986us] task_stop_exec     id=0x20016A38
[t=59,592,990us] task_start_exec    ble id=0x200031DC
[t=59,593,013us] task_stop_exec     ble id=0x200031DC
[t=59,593,016us] task_start_exec    id=0x20016A38
[t=59,593,020us] idle
[t=59,596,987us] task_stop_exec     id=0x20016A38
[t=59,596,991us] task_start_exec    ppg id=0x20002A60
[t=59,597,986us] task_stop_exec     ppg id=0x20002A60
[t=59,597,990us] task_start_exec    ble id=0x200031DC
[t=59,598,013us] task_stop_exec     ble id=0x200031DC
[t=59,598,017us] task_start_exec    ppg id=0x20002A60
[t=59,598,379us] task_stop_exec     ppg id=0x20002A60
[t=59,598,383us] task_start_exec    id=0x20016A38
[t=59,598,387us] idle
[t=59,598,912us] task_stop_exec     id=0x20016A38
[t=59,598,916us] task_start_exec    ppg id=0x20002A60
[t=59,598,941us] task_stop_exec     ppg id=0x20002A60
[t=59,598,944us] task_start_exec    id=0x20016A38
[t=59,598,948us] idle
[t=59,602,986us] task_stop_exec     id=0x20016A38
[t=59,602,990us] task_start_exec    key id=0x20006160
[t=59,602,999us] task_stop_exec     key id=0x20006160
[t=59,603,003us] task_start_exec    ble id=0x200031DC
[t=59,603,025us] task_stop_exec     ble id=0x200031DC
[t=59,603,029us] task_start_exec    key id=0x20006160
[t=59,603,044us] task_stop_exec     key id=0x20006160
[t=59,603,048us] task_start_exec    id=0x20016A38
[t=59,603,052us] idle
[t=59,607,986us] task_stop_exec     id=0x20016A38
[t=59,607,990us] task_start_exec    ppg id=0x20002A60
[t=59,607,999us] task_stop_exec     ppg id=0x20002A60
[t=59,608,003us] task_start_exec    ble id=0x200031DC
[t=59,608,025us] task_stop_exec     ble id=0x200031DC
[t=59,608,029us] task_start_exec    ppg id=0x20002A60
[t=59,609,114us] task_stop_exec     ppg id=0x20002A60
[t=59,609,118us] task_start_exec    id=0x20016A38
[t=59,609,122us] idle
[t=59,612,986us] task_stop_exec     id=0x20016A38
[t=59,612,990us] task_start_exec    ble id=0x200031DC
[t=59,613,012us] task_stop_exec     ble id=0x200031DC
[t=59,613,016us] task_start_exec    id=0x20016A38
[t=59,613,020us] idle
[t=59,617,986us] task_stop_exec     id=0x20016A38
[t=59,617,990us] task_start_exec    ble id=0x200031DC
[t=59,618,013us] task_stop_exec     ble id=0x200031DC
[t=59,618,017us] task_start_exec    id=0x20016A38
[t=59,618,020us] idle
[t=59,618,986us] task_stop_exec     id=0x20016A38
[t=59,618,990us] task_start_exec    ppg id=0x20002A60
[t=59,620,380us] task_stop_exec     ppg id=0x20002A60
[t=59,620,384us] task_start_exec    id=0x20016A38
[t=59,620,388us] idle
[t=59,620,913us] task_stop_exec     id=0x20016A38
[t=59,620,917us] task_start_exec    ppg id=0x20002A60
[t=59,620,942us] task_stop_exec     ppg id=0x20002A60
[t=59,620,945us] task_start_exec    id=0x20016A38
[t=59,620,949us] idle
[t=59,622,986us] task_stop_exec     id=0x20016A38
[t=59,622,990us] task_start_exec    key id=0x20006160
[t=59,622,999us] task_stop_exec     key id=0x20006160
[t=59,623,003us] task_start_exec    ble id=0x200031DC
[t=59,623,025us] task_stop_exec     ble id=0x200031DC
[t=59,623,029us] task_start_exec    key id=0x20006160
[t=59,623,044us] task_stop_exec     key id=0x20006160
[t=59,623,048us] task_start_exec    id=0x20016A38
[t=59,623,052us] idle
[t=59,627,986us] task_stop_exec     id=0x20016A38
[t=59,627,990us] task_start_exec    ble id=0x200031DC
[t=59,628,013us] task_stop_exec     ble id=0x200031DC
[t=59,628,017us] task_start_exec    id=0x20016A38
[t=59,628,020us] idle
[t=59,629,986us] task_stop_exec     id=0x20016A38
[t=59,629,990us] task_start_exec    ppg id=0x20002A60
[t=59,631,378us] task_stop_exec     ppg id=0x20002A60
[t=59,631,383us] task_start_exec    id=0x20016A38
[t=59,631,386us] idle
[t=59,631,912us] task_stop_exec     id=0x20016A38
[t=59,631,915us] task_start_exec    ppg id=0x20002A60
[t=59,631,940us] task_stop_exec     ppg id=0x20002A60
[t=59,631,944us] task_start_exec    id=0x20016A38
[t=59,631,947us] idle
[t=59,632,987us] task_stop_exec     id=0x20016A38
[t=59,632,991us] task_start_exec    ble id=0x200031DC
[t=59,633,013us] task_stop_exec     ble id=0x200031DC
[t=59,633,017us] task_start_exec    id=0x20016A38
[t=59,633,021us] idle
[t=59,637,986us] task_stop_exec     id=0x20016A38
[t=59,637,990us] task_start_exec    ble id=0x200031DC
[t=59,638,013us] task_stop_exec     ble id=0x200031DC
[t=59,638,017us] task_start_exec    id=0x20016A38
[t=59,638,020us] idle
[t=59,640,986us] task_stop_exec     id=0x20016A38
[t=59,640,990us] task_start_exec    ppg id=0x20002A60
[t=59,642,379us] task_stop_exec     ppg id=0x20002A60
[t=59,642,383us] task_start_exec    id=0x20016A38
[t=59,642,387us] idle
[t=59,642,912us] task_stop_exec     id=0x20016A38
[t=59,642,916us] task_start_exec    ppg id=0x20002A60
[t=59,642,940us] task_stop_exec     ppg id=0x20002A60
[t=59,642,944us] task_start_exec    id=0x20016A38
[t=59,642,948us] idle
[t=59,642,986us] task_stop_exec     id=0x20016A38
[t=59,642,990us] task_start_exec    key id=0x20006160
[t=59,642,999us] task_stop_exec     key id=0x20006160
[t=59,643,003us] task_start_exec    ble id=0x200031DC
[t=59,643,025us] task_stop_exec     ble id=0x200031DC
[t=59,643,029us] task_start_exec    key id=0x20006160
[t=59,643,044us] task_stop_exec     key id=0x20006160
[t=59,643,048us] task_start_exec    id=0x20016A38
[t=59,643,052us] idle
[t=59,647,986us] task_stop_exec     id=0x20016A38
[t=59,647,990us] task_start_exec    ble id=0x200031DC
[t=59,648,013us] task_stop_exec     ble id=0x200031DC
[t=59,648,016us] task_start_exec    id=0x20016A38
[t=59,648,020us] idle
[t=59,651,986us] task_stop_exec     id=0x20016A38
[t=59,651,990us] task_start_exec    ppg id=0x20002A60
[t=59,652,986us] task_stop_exec     ppg id=0x20002A60
[t=59,652,990us] task_start_exec    ble id=0x200031DC
[t=59,653,013us] task_stop_exec     ble id=0x200031DC
[t=59,653,017us] task_start_exec    ppg id=0x20002A60
[t=59,653,378us] task_stop_exec     ppg id=0x20002A60
[t=59,653,382us] task_start_exec    id=0x20016A38
[t=59,653,386us] idle
[t=59,653,912us] task_stop_exec     id=0x20016A38
[t=59,653,915us] task_start_exec    ppg id=0x20002A60
[t=59,653,940us] task_stop_exec     ppg id=0x20002A60
[t=59,653,944us] task_start_exec    id=0x20016A38
[t=59,653,947us] idle
[t=59,657,986us] task_stop_exec     id=0x20016A38
[t=59,657,990us] task_start_exec    ble id=0x200031DC
[t=59,658,013us] task_stop_exec     ble id=0x200031DC
[t=59,658,017us] task_start_exec    id=0x20016A38
[t=59,658,020us] idle
[t=59,662,986us] task_stop_exec     id=0x20016A38
[t=59,662,990us] task_start_exec    key id=0x20006160
[t=59,662,999us] task_stop_exec     key id=0x20006160
[t=59,663,003us] task_start_exec    ppg id=0x20002A60
[t=59,663,012us] task_stop_exec     ppg id=0x20002A60
[t=59,663,016us] task_start_exec    ble id=0x200031DC
[t=59,663,037us] task_stop_exec     ble id=0x200031DC
[t=59,663,041us] task_start_exec    ppg id=0x20002A60
[t=59,664,427us] task_stop_exec     ppg id=0x20002A60
[t=59,664,431us] task_start_exec    key id=0x20006160
[t=59,664,446us] task_stop_exec     key id=0x20006160
[t=59,664,450us] task_start_exec    id=0x20016A38
[t=59,664,454us] idle
[t=59,664,961us] task_stop_exec     id=0x20016A38
[t=59,664,965us] task_start_exec    ppg id=0x20002A60
[t=59,664,993us] task_stop_exec     ppg id=0x20002A60
[t=59,664,997us] task_start_exec    id=0x20016A38
[t=59,665,000us] idle
[t=59,667,986us] task_stop_exec     id=0x20016A38
[t=59,667,990us] task_start_exec    ble id=0x200031DC
[t=59,668,012us] task_stop_exec     ble id=0x200031DC
[t=59,668,016us] task_start_exec    id=0x20016A38
[t=59,668,020us] idle
[t=59,672,986us] task_stop_exec     id=0x20016A38
[t=59,672,990us] task_start_exec    ble id=0x200031DC
[t=59,673,013us] task_stop_exec     ble id=0x200031DC
[t=59,673,016us] task_start_exec    id=0x20016A38
[t=59,673,020us] idle
[t=59,674,986us] task_stop_exec     id=0x20016A38
[t=59,674,990us] task_start_exec    ppg id=0x20002A60
[t=59,676,077us] task_stop_exec     ppg id=0x20002A60
[t=59,676,082us] task_start_exec    id=0x20016A38
[t=59,676,085us] idle
[t=59,677,986us] task_stop_exec     id=0x20016A38
[t=59,677,990us] task_start_exec    ble id=0x200031DC
[t=59,678,012us] task_stop_exec     ble id=0x200031DC
[t=59,678,016us] task_start_exec    id=0x20016A38
[t=59,678,020us] idle
[t=59,682,986us] task_stop_exec     id=0x20016A38
[t=59,682,990us] task_start_exec    ble id=0x200031DC
[t=59,683,013us] task_stop_exec     ble id=0x200031DC
[t=59,683,017us] task_start_exec    id=0x20016A38
[t=59,683,020us] idle
[t=59,683,986us] task_stop_exec     id=0x20016A38
[t=59,683,990us] task_start_exec    key id=0x20006160
[t=59,684,008us] task_stop_exec     key id=0x20006160
[t=59,684,011us] task_start_exec    id=0x20016A38
[t=59,684,015us] idle
[t=59,685,986us] task_stop_exec     id=0x20016A38
[t=59,685,990us] task_start_exec    ppg id=0x20002A60
[t=59,687,379us] task_stop_exec     ppg id=0x20002A60
[t=59,687,383us] task_start_exec    id=0x20016A38
[t=59,687,386us] idle
[t=59,687,912us] task_stop_exec     id=0x20016A38
[t=59,687,916us] task_start_exec    ppg id=0x20002A60
[t=59,687,940us] task_stop_exec     ppg id=0x20002A60
[t=59,687,944us] task_start_exec    id=0x20016A38
[t=59,687,948us] idle
[t=59,687,986us] task_stop_exec     id=0x20016A38
[t=59,687,990us] task_start_exec    ble id=0x200031DC
[t=59,688,012us] task_stop_exec     ble id=0x200031DC
[t=59,688,016us] task_start_exec    id=0x20016A38
[t=59,688,020us] idle
[t=59,692,986us] task_stop_exec     id=0x20016A38
[t=59,692,990us] task_start_exec    ble id=0x200031DC
[t=59,693,013us] task_stop_exec     ble id=0x200031DC
[t=59,693,016us] task_start_exec    id=0x20016A38
[t=59,693,020us] idle
[t=59,696,986us] task_stop_exec     id=0x20016A38
[t=59,696,990us] task_start_exec    ppg id=0x20002A60
[t=59,697,986us] task_stop_exec     ppg id=0x20002A60
[t=59,697,990us] task_start_exec    ble id=0x200031DC
[t=59,698,013us] task_stop_exec     ble id=0x200031DC
[t=59,698,017us] task_start_exec    ppg id=0x20002A60
[t=59,698,378us] task_stop_exec     ppg id=0x20002A60
[t=59,698,382us] task_start_exec    id=0x20016A38
[t=59,698,386us] idle
[t=59,698,911us] task_stop_exec     id=0x20016A38
[t=59,698,915us] task_start_exec    ppg id=0x20002A60
[t=59,698,940us] task_stop_exec     ppg id=0x20002A60
[t=59,698,944us] task_start_exec    id=0x20016A38
[t=59,698,947us] idle
[t=59,702,986us] task_stop_exec     id=0x20016A38
[t=59,702,990us] task_start_exec    ble id=0x200031DC
[t=59,703,013us] task_stop_exec     ble id=0x200031DC
[t=59,703,017us] task_start_exec    id=0x20016A38
[t=59,703,020us] idle
[t=59,703,987us] task_stop_exec     id=0x20016A38
[t=59,703,991us] task_start_exec    key id=0x20006160
[t=59,704,008us] task_stop_exec     key id=0x20006160
[t=59,704,012us] task_start_exec    id=0x20016A38
[t=59,704,016us] idle
[t=59,707,986us] task_stop_exec     id=0x20016A38
[t=59,707,990us] task_start_exec    ppg id=0x20002A60
[t=59,707,999us] task_stop_exec     ppg id=0x20002A60
[t=59,708,003us] task_start_exec    ble id=0x200031DC
[t=59,708,025us] task_stop_exec     ble id=0x200031DC
[t=59,708,029us] task_start_exec    ppg id=0x20002A60
[t=59,709,415us] task_stop_exec     ppg id=0x20002A60
[t=59,709,420us] task_start_exec    id=0x20016A38
[t=59,709,423us] idle
[t=59,709,949us] task_stop_exec     id=0x20016A38
[t=59,709,952us] task_start_exec    ppg id=0x20002A60
[t=59,709,977us] task_stop_exec     ppg id=0x20002A60
[t=59,709,981us] task_start_exec    id=0x20016A38
[t=59,709,984us] idle
[t=59,712,986us] task_stop_exec     id=0x20016A38
[t=59,712,990us] task_start_exec    ble id=0x200031DC
[t=59,713,012us] task_stop_exec     ble id=0x200031DC
[t=59,713,016us] task_start_exec    id=0x20016A38
[t=59,713,020us] idle
[t=59,717,986us] task_stop_exec     id=0x20016A38
[t=59,717,990us] task_start_exec    ble id=0x200031DC
[t=59,718,013us] task_stop_exec     ble id=0x200031DC
[t=59,718,016us] task_start_exec    id=0x20016A38
[t=59,718,020us] idle
[t=59,718,986us] task_stop_exec     id=0x20016A38
[t=59,718,990us] task_start_exec    ppg id=0x20002A60
[t=59,720,379us] task_stop_exec     ppg id=0x20002A60
[t=59,720,383us] task_start_exec    id=0x20016A38
[t=59,720,387us] idle
[t=59,720,912us] task_stop_exec     id=0x20016A38
[t=59,720,916us] task_start_exec    ppg id=0x20002A60
[t=59,720,940us] task_stop_exec     ppg id=0x20002A60
[t=59,720,944us] task_start_exec    id=0x20016A38
[t=59,720,948us] idle
[t=59,722,986us] task_stop_exec     id=0x20016A38
[t=59,722,990us] task_start_exec    ble id=0x200031DC
[t=59,723,013us] task_stop_exec     ble id=0x200031DC
[t=59,723,017us] task_start_exec    id=0x20016A38
[t=59,723,020us] idle
[t=59,723,986us] task_stop_exec     id=0x20016A38
[t=59,723,990us] task_start_exec    key id=0x20006160
[t=59,724,008us] task_stop_exec     key id=0x20006160
[t=59,724,011us] task_start_exec    id=0x20016A38
[t=59,724,015us] idle
[t=59,727,986us] task_stop_exec     id=0x20016A38
[t=59,727,990us] task_start_exec    ble id=0x200031DC
[t=59,728,013us] task_stop_exec     ble id=0x200031DC
[t=59,728,016us] task_start_exec    id=0x20016A38
[t=59,728,020us] idle
[t=59,729,986us] task_stop_exec     id=0x20016A38
[t=59,729,990us] task_start_exec    ppg id=0x20002A60
[t=59,731,379us] task_stop_exec     ppg id=0x20002A60
[t=59,731,383us] task_start_exec    id=0x20016A38
[t=59,731,386us] idle
[t=59,731,912us] task_stop_exec     id=0x20016A38
[t=59,731,916us] task_start_exec    ppg id=0x20002A60
[t=59,731,940us] task_stop_exec     ppg id=0x20002A60
[t=59,731,944us] task_start_exec    id=0x20016A38
[t=59,731,947us] idle
[t=59,732,986us] task_stop_exec     id=0x20016A38
[t=59,732,990us] task_start_exec    ble id=0x200031DC
[t=59,733,012us] task_stop_exec     ble id=0x200031DC
[t=59,733,016us] task_start_exec    id=0x20016A38
[t=59,733,020us] idle
[t=59,737,986us] task_stop_exec     id=0x20016A38
[t=59,737,990us] task_start_exec    ble id=0x200031DC
[t=59,738,013us] task_stop_exec     ble id=0x200031DC
[t=59,738,016us] task_start_exec    id=0x20016A38
[t=59,738,020us] idle
[t=59,740,986us] task_stop_exec     id=0x20016A38
[t=59,740,990us] task_start_exec    ppg id=0x20002A60
[t=59,742,078us] task_stop_exec     ppg id=0x20002A60
[t=59,742,082us] task_start_exec    id=0x20016A38
[t=59,742,085us] idle
[t=59,742,986us] task_stop_exec     id=0x20016A38
[t=59,742,990us] task_start_exec    ble id=0x200031DC
[t=59,743,013us] task_stop_exec     ble id=0x200031DC
[t=59,743,017us] task_start_exec    id=0x20016A38
[t=59,743,020us] idle
[t=59,743,986us] task_stop_exec     id=0x20016A38
[t=59,743,990us] task_start_exec    key id=0x20006160
[t=59,744,008us] task_stop_exec     key id=0x20006160
[t=59,744,011us] task_start_exec    id=0x20016A38
[t=59,744,015us] idle
[t=59,747,986us] task_stop_exec     id=0x20016A38
[t=59,747,990us] task_start_exec    ble id=0x200031DC
[t=59,748,013us] task_stop_exec     ble id=0x200031DC
[t=59,748,016us] task_start_exec    id=0x20016A38
[t=59,748,020us] idle
[t=59,751,986us] task_stop_exec     id=0x20016A38
[t=59,751,990us] task_start_exec    ppg id=0x20002A60
[t=59,752,986us] task_stop_exec     ppg id=0x20002A60
[t=59,752,990us] task_start_exec    ble id=0x200031DC
[t=59,753,013us] task_stop_exec     ble id=0x200031DC
[t=59,753,016us] task_start_exec    ppg id=0x20002A60
[t=59,753,378us] task_stop_exec     ppg id=0x20002A60
[t=59,753,382us] task_start_exec    id=0x20016A38
[t=59,753,386us] idle
[t=59,753,912us] task_stop_exec     id=0x20016A38
[t=59,753,915us] task_start_exec    ppg id=0x20002A60
[t=59,753,940us] task_stop_exec     ppg id=0x20002A60
[t=59,753,944us] task_start_exec    id=0x20016A38
[t=59,753,947us] idle
[t=59,757,986us] task_stop_exec     id=0x20016A38
[t=59,757,990us] task_start_exec    ble id=0x200031DC
[t=59,758,013us] task_stop_exec     ble id=0x200031DC
[t=59,758,017us] task_start_exec    id=0x20016A38
[t=59,758,020us] idle
[t=59,762,986us] task_stop_exec     id=0x20016A38
[t=59,762,990us] task_start_exec    ppg id=0x20002A60
[t=59,762,999us] task_stop_exec     ppg id=0x20002A60
[t=59,763,003us] task_start_exec    ble id=0x200031DC
[t=59,763,025us] task_stop_exec     ble id=0x200031DC
[t=59,763,029us] task_start_exec    ppg id=0x20002A60
[t=59,764,415us] task_stop_exec     ppg id=0x20002A60
[t=59,764,419us] task_start_exec    key id=0x20006160
[t=59,764,434us] task_stop_exec     key id=0x20006160
[t=59,764,438us] task_start_exec    id=0x20016A38
[t=59,764,442us] idle
[t=59,764,949us] task_stop_exec     id=0x20016A38
[t=59,764,953us] task_start_exec    ppg id=0x20002A60
[t=59,764,977us] task_stop_exec     ppg id=0x20002A60
[t=59,764,981us] task_start_exec    id=0x20016A38
[t=59,764,984us] idle
[t=59,767,986us] task_stop_exec     id=0x20016A38
[t=59,767,990us] task_start_exec    ble id=0x200031DC
[t=59,768,012us] task_stop_exec     ble id=0x200031DC
[t=59,768,016us] task_start_exec    id=0x20016A38
[t=59,768,020us] idle
[t=59,772,986us] task_stop_exec     id=0x20016A38
[t=59,772,990us] task_start_exec    ble id=0x200031DC
[t=59,773,013us] task_stop_exec     ble id=0x200031DC
[t=59,773,016us] task_start_exec    id=0x20016A38
[t=59,773,020us] idle
[t=59,773,987us] task_stop_exec     id=0x20016A38
[t=59,773,991us] task_start_exec    ppg id=0x20002A60
[t=59,775,380us] task_stop_exec     ppg id=0x20002A60
[t=59,775,384us] task_start_exec    id=0x20016A38
[t=59,775,387us] idle
[t=59,775,913us] task_stop_exec     id=0x20016A38
[t=59,775,917us] task_start_exec    ppg id=0x20002A60
[t=59,775,941us] task_stop_exec     ppg id=0x20002A60
[t=59,775,945us] task_start_exec    id=0x20016A38
[t=59,775,949us] idle
[t=59,777,986us] task_stop_exec     id=0x20016A38
[t=59,777,990us] task_start_exec    ble id=0x200031DC
[t=59,778,012us] task_stop_exec     ble id=0x200031DC
[t=59,778,016us] task_start_exec    id=0x20016A38
[t=59,778,020us] idle
[t=59,782,986us] task_stop_exec     id=0x20016A38
[t=59,782,990us] task_start_exec    ble id=0x200031DC
[t=59,783,013us] task_stop_exec     ble id=0x200031DC
[t=59,783,017us] task_start_exec    id=0x20016A38
[t=59,783,020us] idle
[t=59,783,986us] task_stop_exec     id=0x20016A38
[t=59,783,990us] task_start_exec    key id=0x20006160
[t=59,784,008us] task_stop_exec     key id=0x20006160
[t=59,784,011us] task_start_exec    id=0x20016A38
[t=59,784,015us] idle
[t=59,784,986us] task_stop_exec     id=0x20016A38
[t=59,784,990us] task_start_exec    ppg id=0x20002A60
[t=59,786,378us] task_stop_exec     ppg id=0x20002A60
[t=59,786,383us] task_start_exec    id=0x20016A38
[t=59,786,386us] idle
[t=59,786,912us] task_stop_exec     id=0x20016A38
[t=59,786,915us] task_start_exec    ppg id=0x20002A60
[t=59,786,940us] task_stop_exec     ppg id=0x20002A60
[t=59,786,944us] task_start_exec    id=0x20016A38
[t=59,786,947us] idle
[t=59,787,986us] task_stop_exec     id=0x20016A38
[t=59,787,990us] task_start_exec    ble id=0x200031DC
[t=59,788,012us] task_stop_exec     ble id=0x200031DC
[t=59,788,016us] task_start_exec    id=0x20016A38
[t=59,788,020us] idle
[t=59,792,986us] task_stop_exec     id=0x20016A38
[t=59,792,990us] task_start_exec    ble id=0x200031DC
[t=59,793,013us] task_stop_exec     ble id=0x200031DC
[t=59,793,016us] task_start_exec    id=0x20016A38
[t=59,793,020us] idle
[t=59,795,986us] task_stop_exec     id=0x20016A38
[t=59,795,990us] task_start_exec    ppg id=0x20002A60
[t=59,797,379us] task_stop_exec     ppg id=0x20002A60
[t=59,797,383us] task_start_exec    id=0x20016A38
[t=59,797,386us] idle
[t=59,797,912us] task_stop_exec     id=0x20016A38
[t=59,797,916us] task_start_exec    ppg id=0x20002A60
[t=59,797,940us] task_stop_exec     ppg id=0x20002A60
[t=59,797,944us] task_start_exec    id=0x20016A38
[t=59,797,948us] idle
[t=59,797,986us] task_stop_exec     id=0x20016A38
[t=59,797,990us] task_start_exec    ble id=0x200031DC
[t=59,798,012us] task_stop_exec     ble id=0x200031DC
[t=59,798,016us] task_start_exec    id=0x20016A38
[t=59,798,020us] idle
[t=59,802,986us] task_stop_exec     id=0x20016A38
[t=59,802,990us] task_start_exec    ble id=0x200031DC
[t=59,803,013us] task_stop_exec     ble id=0x200031DC
[t=59,803,017us] task_start_exec    id=0x20016A38
[t=59,803,020us] idle
[t=59,803,986us] task_stop_exec     id=0x20016A38
[t=59,803,990us] task_start_exec    key id=0x20006160
[t=59,804,008us] task_stop_exec     key id=0x20006160
[t=59,804,011us] task_start_exec    id=0x20016A38
[t=59,804,015us] idle
[t=59,806,986us] task_stop_exec     id=0x20016A38
[t=59,806,990us] task_start_exec    ppg id=0x20002A60
[t=59,807,986us] task_stop_exec     ppg id=0x20002A60
[t=59,807,990us] task_start_exec    ble id=0x200031DC
[t=59,808,013us] task_stop_exec     ble id=0x200031DC
[t=59,808,017us] task_start_exec    ppg id=0x20002A60
[t=59,808,077us] task_stop_exec     ppg id=0x20002A60
[t=59,808,081us] task_start_exec    id=0x20016A38
[t=59,808,084us] idle
[t=59,812,986us] task_stop_exec     id=0x20016A38
[t=59,812,990us] task_start_exec    ble id=0x200031DC
[t=59,813,013us] task_stop_exec     ble id=0x200031DC
[t=59,813,016us] task_start_exec    id=0x20016A38
[t=59,813,020us] idle
[t=59,817,986us] task_stop_exec     id=0x20016A38
[t=59,817,990us] task_start_exec    ppg id=0x20002A60
[t=59,817,999us] task_stop_exec     ppg id=0x20002A60
[t=59,818,003us] task_start_exec    ble id=0x200031DC
[t=59,818,025us] task_stop_exec     ble id=0x200031DC
[t=59,818,029us] task_start_exec    ppg id=0x20002A60
[t=59,819,416us] task_stop_exec     ppg id=0x20002A60
[t=59,819,420us] task_start_exec    id=0x20016A38
[t=59,819,424us] idle
[t=59,819,950us] task_stop_exec     id=0x20016A38
[t=59,819,953us] task_start_exec    ppg id=0x20002A60
[t=59,819,978us] task_stop_exec     ppg id=0x20002A60
[t=59,819,982us] task_start_exec    id=0x20016A38
[t=59,819,985us] idle
[t=59,822,986us] task_stop_exec     id=0x20016A38
[t=59,822,990us] task_start_exec    ble id=0x200031DC
[t=59,823,013us] task_stop_exec     ble id=0x200031DC
[t=59,823,017us] task_start_exec    id=0x20016A38
[t=59,823,020us] idle
[t=59,823,986us] task_stop_exec     id=0x20016A38
[t=59,823,990us] task_start_exec    key id=0x20006160
[t=59,824,008us] task_stop_exec     key id=0x20006160
[t=59,824,011us] task_start_exec    id=0x20016A38
[t=59,824,015us] idle
[t=59,827,986us] task_stop_exec     id=0x20016A38
[t=59,827,990us] task_start_exec    ble id=0x200031DC
[t=59,828,013us] task_stop_exec     ble id=0x200031DC
[t=59,828,016us] task_start_exec    id=0x20016A38
[t=59,828,020us] idle
[t=59,828,986us] task_stop_exec     id=0x20016A38
[t=59,828,990us] task_start_exec    ppg id=0x20002A60
[t=59,830,379us] task_stop_exec     ppg id=0x20002A60
[t=59,830,383us] task_start_exec    id=0x20016A38
[t=59,830,386us] idle
[t=59,830,912us] task_stop_exec     id=0x20016A38
[t=59,830,916us] task_start_exec    ppg id=0x20002A60
[t=59,830,940us] task_stop_exec     ppg id=0x20002A60
[t=59,830,944us] task_start_exec    id=0x20016A38
[t=59,830,948us] idle
[t=59,832,986us] task_stop_exec     id=0x20016A38
[t=59,832,990us] task_start_exec    ble id=0x200031DC
[t=59,833,012us] task_stop_exec     ble id=0x200031DC
[t=59,833,016us] task_start_exec    id=0x20016A38
[t=59,833,020us] idle
[t=59,837,986us] task_stop_exec     id=0x20016A38
[t=59,837,990us] task_start_exec    ble id=0x200031DC
[t=59,838,013us] task_stop_exec     ble id=0x200031DC
[t=59,838,016us] task_start_exec    id=0x20016A38
[t=59,838,020us] idle
[t=59,839,986us] task_stop_exec     id=0x20016A38
[t=59,839,990us] task_start_exec    ppg id=0x20002A60
[t=59,841,378us] task_stop_exec     ppg id=0x20002A60
[t=59,841,382us] task_start_exec    id=0x20016A38
[t=59,841,386us] idle
[t=59,841,912us] task_stop_exec     id=0x20016A38
[t=59,841,915us] task_start_exec    ppg id=0x20002A60
[t=59,841,940us] task_stop_exec     ppg id=0x20002A60
[t=59,841,944us] task_start_exec    id=0x20016A38
[t=59,841,947us] idle
[t=59,842,986us] task_stop_exec     id=0x20016A38
[t=59,842,990us] task_start_exec    ble id=0x200031DC
[t=59,843,013us] task_stop_exec     ble id=0x200031DC
[t=59,843,017us] task_start_exec    id=0x20016A38
[t=59,843,020us] idle
[t=59,843,986us] task_stop_exec     id=0x20016A38
[t=59,843,990us] task_start_exec    key id=0x20006160
[t=59,844,008us] task_stop_exec     key id=0x20006160
[t=59,844,011us] task_start_exec    id=0x20016A38
[t=59,844,015us] idle
[t=59,847,986us] task_stop_exec     id=0x20016A38
[t=59,847,990us] task_start_exec    ble id=0x200031DC
[t=59,848,013us] task_stop_exec     ble id=0x200031DC
[t=59,848,016us] task_start_exec    id=0x20016A38
[t=59,848,020us] idle
[t=59,850,986us] task_stop_exec     id=0x20016A38
[t=59,850,990us] task_start_exec    ppg id=0x20002A60
[t=59,852,379us] task_stop_exec     ppg id=0x20002A60
[t=59,852,383us] task_start_exec    id=0x20016A38
[t=59,852,386us] idle
[t=59,852,912us] task_stop_exec     id=0x20016A38
[t=59,852,916us] task_start_exec    ppg id=0x20002A60
[t=59,852,940us] task_stop_exec     ppg id=0x20002A60
[t=59,852,944us] task_start_exec    id=0x20016A38
[t=59,852,948us] idle
[t=59,852,986us] task_stop_exec     id=0x20016A38
[t=59,852,990us] task_start_exec    ble id=0x200031DC
[t=59,853,012us] task_stop_exec     ble id=0x200031DC
[t=59,853,016us] task_start_exec    id=0x20016A38
[t=59,853,020us] idle
[t=59,857,986us] task_stop_exec     id=0x20016A38
[t=59,857,990us] task_start_exec    ble id=0x200031DC
[t=59,858,013us] task_stop_exec     ble id=0x200031DC
[t=59,858,016us] task_start_exec    id=0x20016A38
[t=59,858,020us] idle
[t=59,861,986us] task_stop_exec     id=0x20016A38
[t=59,861,990us] task_start_exec    ppg id=0x20002A60
[t=59,862,986us] task_stop_exec     ppg id=0x20002A60
[t=59,862,990us] task_start_exec    ble id=0x200031DC
[t=59,863,013us] task_stop_exec     ble id=0x200031DC
[t=59,863,017us] task_start_exec    ppg id=0x20002A60
[t=59,863,077us] task_stop_exec     ppg id=0x20002A60
[t=59,863,081us] task_start_exec    id=0x20016A38
[t=59,863,085us] idle
[t=59,863,986us] task_stop_exec     id=0x20016A38
[t=59,863,990us] task_start_exec    key id=0x20006160
[t=59,864,008us] task_stop_exec     key id=0x20006160
[t=59,864,011us] task_start_exec    id=0x20016A38
[t=59,864,015us] idle
[t=59,867,986us] task_stop_exec     id=0x20016A38
[t=59,867,990us] task_start_exec    ble id=0x200031DC
[t=59,868,013us] task_stop_exec     ble id=0x200031DC
[t=59,868,016us] task_start_exec    id=0x20016A38
[t=59,868,020us] idle
[t=59,872,986us] task_stop_exec     id=0x20016A38
[t=59,872,990us] task_start_exec    ppg id=0x20002A60
[t=59,872,999us] task_stop_exec     ppg id=0x20002A60
[t=59,873,003us] task_start_exec    ble id=0x200031DC
[t=59,873,025us] task_stop_exec     ble id=0x200031DC
[t=59,873,029us] task_start_exec    ppg id=0x20002A60
[t=59,874,415us] task_stop_exec     ppg id=0x20002A60
[t=59,874,419us] task_start_exec    id=0x20016A38
[t=59,874,423us] idle
[t=59,874,949us] task_stop_exec     id=0x20016A38
[t=59,874,952us] task_start_exec    ppg id=0x20002A60
[t=59,874,977us] task_stop_exec     ppg id=0x20002A60
[t=59,874,981us] task_start_exec    id=0x20016A38
[t=59,874,984us] idle
[t=59,877,986us] task_stop_exec     id=0x20016A38
[t=59,877,990us] task_start_exec    ble id=0x200031DC
[t=59,878,012us] task_stop_exec     ble id=0x200031DC
[t=59,878,016us] task_start_exec    id=0x20016A38
[t=59,878,020us] idle
[t=59,882,986us] task_stop_exec     id=0x20016A38
[t=59,882,990us] task_start_exec    ble id=0x200031DC
[t=59,883,013us] task_stop_exec     ble id=0x200031DC
[t=59,883,017us] task_start_exec    id=0x20016A38
[t=59,883,020us] idle
[t=59,883,986us] task_stop_exec     id=0x20016A38
[t=59,883,990us] task_start_exec    key id=0x20006160
[t=59,883,999us] task_stop_exec     key id=0x20006160
[t=59,884,003us] task_start_exec    ppg id=0x20002A60
[t=59,885,392us] task_stop_exec     ppg id=0x20002A60
[t=59,885,396us] task_start_exec    key id=0x20006160
[t=59,885,411us] task_stop_exec     key id=0x20006160
[t=59,885,415us] task_start_exec    id=0x20016A38
[t=59,885,419us] idle
[t=59,885,926us] task_stop_exec     id=0x20016A38
[t=59,885,930us] task_start_exec    ppg id=0x20002A60
[t=59,885,954us] task_stop_exec     ppg id=0x20002A60
[t=59,885,958us] task_start_exec    id=0x20016A38
[t=59,885,962us] idle
[t=59,887,986us] task_stop_exec     id=0x20016A38
[t=59,887,990us] task_start_exec    ble id=0x200031DC
[t=59,888,012us] task_stop_exec     ble id=0x200031DC
[t=59,888,016us] task_start_exec    id=0x20016A38
[t=59,888,020us] idle
[t=59,892,986us] task_stop_exec     id=0x20016A38
[t=59,892,990us] task_start_exec    ble id=0x200031DC
[t=59,893,013us] task_stop_exec     ble id=0x200031DC
[t=59,893,016us] task_start_exec    id=0x20016A38
[t=59,893,020us] idle
[t=59,894,986us] task_stop_exec     id=0x20016A38
[t=59,894,990us] task_start_exec    ppg id=0x20002A60
[t=59,896,378us] task_stop_exec     ppg id=0x20002A60
[t=59,896,382us] task_start_exec    id=0x20016A38
[t=59,896,386us] idle
[t=59,896,912us] task_stop_exec     id=0x20016A38
[t=59,896,915us] task_start_exec    ppg id=0x20002A60
[t=59,896,940us] task_stop_exec     ppg id=0x20002A60
[t=59,896,944us] task_start_exec    id=0x20016A38
[t=59,896,947us] idle
[t=59,897,986us] task_stop_exec     id=0x20016A38
[t=59,897,990us] task_start_exec    ble id=0x200031DC
[t=59,898,012us] task_stop_exec     ble id=0x200031DC
[t=59,898,016us] task_start_exec    id=0x20016A38
[t=59,898,020us] idle
[t=59,902,986us] task_stop_exec     id=0x20016A38
[t=59,902,990us] task_start_exec    ble id=0x200031DC
[t=59,903,013us] task_stop_exec     ble id=0x200031DC
[t=59,903,017us] task_start_exec    id=0x20016A38
[t=59,903,020us] idle
[t=59,904,986us] task_stop_exec     id=0x20016A38
[t=59,904,990us] task_start_exec    key id=0x20006160
[t=59,905,007us] task_stop_exec     key id=0x20006160
[t=59,905,011us] task_start_exec    id=0x20016A38
[t=59,905,015us] idle
[t=59,905,986us] task_stop_exec     id=0x20016A38
[t=59,905,990us] task_start_exec    ppg id=0x20002A60
[t=59,907,379us] task_stop_exec     ppg id=0x20002A60
[t=59,907,383us] task_start_exec    id=0x20016A38
[t=59,907,386us] idle
[t=59,907,912us] task_stop_exec     id=0x20016A38
[t=59,907,916us] task_start_exec    ppg id=0x20002A60
[t=59,907,940us] task_stop_exec     ppg id=0x20002A60
[t=59,907,944us] task_start_exec    id=0x20016A38
[t=59,907,948us] idle
[t=59,907,986us] task_stop_exec     id=0x20016A38
[t=59,907,990us] task_start_exec    ble id=0x200031DC
[t=59,908,012us] task_stop_exec     ble id=0x200031DC
[t=59,908,016us] task_start_exec    id=0x20016A38
[t=59,908,020us] idle
[t=59,912,986us] task_stop_exec     id=0x20016A38
[t=59,912,990us] task_start_exec    ble id=0x200031DC
[t=59,913,013us] task_stop_exec     ble id=0x200031DC
[t=59,913,016us] task_start_exec    id=0x20016A38
[t=59,913,020us] idle
[t=59,916,986us] task_stop_exec     id=0x20016A38
[t=59,916,990us] task_start_exec    ppg id=0x20002A60
[t=59,917,986us] task_stop_exec     ppg id=0x20002A60
[t=59,917,990us] task_start_exec    ble id=0x200031DC
[t=59,918,013us] task_stop_exec     ble id=0x200031DC
[t=59,918,017us] task_start_exec    ppg id=0x20002A60
[t=59,918,378us] task_stop_exec     ppg id=0x20002A60
[t=59,918,382us] task_start_exec    id=0x20016A38
[t=59,918,386us] idle
[t=59,918,912us] task_stop_exec     id=0x20016A38
[t=59,918,915us] task_start_exec    ppg id=0x20002A60
[t=59,918,940us] task_stop_exec     ppg id=0x20002A60
[t=59,918,944us] task_start_exec    id=0x20016A38
[t=59,918,947us] idle
[t=59,922,986us] task_stop_exec     id=0x20016A38
[t=59,922,990us] task_start_exec    ble id=0x200031DC
[t=59,923,013us] task_stop_exec     ble id=0x200031DC
[t=59,923,017us] task_start_exec    id=0x20016A38
[t=59,923,020us] idle
[t=59,924,986us] task_stop_exec     id=0x20016A38
[t=59,924,990us] task_start_exec    key id=0x20006160
[t=59,925,007us] task_stop_exec     key id=0x20006160
[t=59,925,011us] task_start_exec    id=0x20016A38
[t=59,925,015us] idle
[t=59,927,986us] task_stop_exec     id=0x20016A38
[t=59,927,990us] task_start_exec    ppg id=0x20002A60
[t=59,927,999us] task_stop_exec     ppg id=0x20002A60
[t=59,928,003us] task_start_exec    ble id=0x200031DC
[t=59,928,025us] task_stop_exec     ble id=0x200031DC
[t=59,928,029us] task_start_exec    ppg id=0x20002A60
[t=59,929,114us] task_stop_exec     ppg id=0x20002A60
[t=59,929,118us] task_start_exec    id=0x20016A38
[t=59,929,122us] idle
[t=59,932,986us] task_stop_exec     id=0x20016A38
[t=59,932,990us] task_start_exec    ble id=0x200031DC
[t=59,933,012us] task_stop_exec     ble id=0x200031DC
[t=59,933,016us] task_start_exec    id=0x20016A38
[t=59,933,020us] idle
[t=59,937,986us] task_stop_exec     id=0x20016A38
[t=59,937,990us] task_start_exec    ble id=0x200031DC
[t=59,938,013us] task_stop_exec     ble id=0x200031DC
[t=59,938,016us] task_start_exec    id=0x20016A38
[t=59,938,020us] idle
[t=59,938,986us] task_stop_exec     id=0x20016A38
[t=59,938,990us] task_start_exec    ppg id=0x20002A60
[t=59,940,379us] task_stop_exec     ppg id=0x20002A60
[t=59,940,383us] task_start_exec    id=0x20016A38
[t=59,940,387us] idle
[t=59,940,912us] task_stop_exec     id=0x20016A38
[t=59,940,916us] task_start_exec    ppg id=0x20002A60
[t=59,940,940us] task_stop_exec     ppg id=0x20002A60
[t=59,940,944us] task_start_exec    id=0x20016A38
[t=59,940,948us] idle
[t=59,942,986us] task_stop_exec     id=0x20016A38
[t=59,942,990us] task_start_exec    ble id=0x200031DC
[t=59,943,013us] task_stop_exec     ble id=0x200031DC
[t=59,943,017us] task_start_exec    id=0x20016A38
[t=59,943,020us] idle
[t=59,944,986us] task_stop_exec     id=0x20016A38
[t=59,944,990us] task_start_exec    key id=0x20006160
[t=59,945,007us] task_stop_exec     key id=0x20006160
[t=59,945,011us] task_start_exec    id=0x20016A38
[t=59,945,015us] idle
[t=59,947,986us] task_stop_exec     id=0x20016A38
[t=59,947,990us] task_start_exec    ble id=0x200031DC
[t=59,948,013us] task_stop_exec     ble id=0x200031DC
[t=59,948,016us] task_start_exec    id=0x20016A38
[t=59,948,020us] idle
[t=59,949,987us] task_stop_exec     id=0x20016A38
[t=59,949,991us] task_start_exec    ppg id=0x20002A60
[t=59,951,379us] task_stop_exec     ppg id=0x20002A60
[t=59,951,383us] task_start_exec    id=0x20016A38
[t=59,951,387us] idle
[t=59,951,912us] task_stop_exec     id=0x20016A38
[t=59,951,916us] task_start_exec    ppg id=0x20002A60
[t=59,951,941us] task_stop_exec     ppg id=0x20002A60
[t=59,951,944us] task_start_exec    id=0x20016A38
[t=59,951,948us] idle
[t=59,952,986us] task_stop_exec     id=0x20016A38
[t=59,952,990us] task_start_exec    ble id=0x200031DC
[t=59,953,012us] task_stop_exec     ble id=0x200031DC
[t=59,953,016us] task_start_exec    id=0x20016A38
[t=59,953,020us] idle
[t=59,957,986us] task_stop_exec     id=0x20016A38
[t=59,957,990us] task_start_exec    ble id=0x200031DC
[t=59,958,013us] task_stop_exec     ble id=0x200031DC
[t=59,958,016us] task_start_exec    id=0x20016A38
[t=59,958,020us] idle
[t=59,960,986us] task_stop_exec     id=0x20016A38
[t=59,960,990us] task_start_exec    ppg id=0x20002A60
[t=59,962,380us] task_stop_exec     ppg id=0x20002A60
[t=59,962,384us] task_start_exec    id=0x20016A38
[t=59,962,388us] idle
[t=59,962,913us] task_stop_exec     id=0x20016A38
[t=59,962,917us] task_start_exec    ppg id=0x20002A60
[t=59,962,941us] task_stop_exec     ppg id=0x20002A60
[t=59,962,945us] task_start_exec    id=0x20016A38
[t=59,962,949us] idle
[t=59,962,986us] task_stop_exec     id=0x20016A38
[t=59,962,990us] task_start_exec    ble id=0x200031DC
[t=59,963,013us] task_stop_exec     ble id=0x200031DC
[t=59,963,017us] task_start_exec    id=0x20016A38
[t=59,963,020us] idle
[t=59,964,986us] task_stop_exec     id=0x20016A38
[t=59,964,990us] task_start_exec    key id=0x20006160
[t=59,965,007us] task_stop_exec     key id=0x20006160
[t=59,965,011us] task_start_exec    id=0x20016A38
[t=59,965,015us] idle
[t=59,967,986us] task_stop_exec     id=0x20016A38
[t=59,967,990us] task_start_exec    ble id=0x200031DC
[t=59,968,013us] task_stop_exec     ble id=0x200031DC
[t=59,968,016us] task_start_exec    id=0x20016A38
[t=59,968,020us] idle
[t=59,971,986us] task_stop_exec     id=0x20016A38
[t=59,971,990us] task_start_exec    ppg id=0x20002A60
[t=59,972,986us] task_stop_exec     ppg id=0x20002A60
[t=59,972,990us] task_start_exec    ble id=0x200031DC
[t=59,973,013us] task_stop_exec     ble id=0x200031DC
[t=59,973,017us] task_start_exec    ppg id=0x20002A60
[t=59,973,378us] task_stop_exec     ppg id=0x20002A60
[t=59,973,382us] task_start_exec    id=0x20016A38
[t=59,973,386us] idle
[t=59,973,912us] task_stop_exec     id=0x20016A38
[t=59,973,915us] task_start_exec    ppg id=0x20002A60
[t=59,973,940us] task_stop_exec     ppg id=0x20002A60
[t=59,973,944us] task_start_exec    id=0x20016A38
[t=59,973,947us] idle
[t=59,977,986us] task_stop_exec     id=0x20016A38
[t=59,977,990us] task_start_exec    ble id=0x200031DC
[t=59,978,013us] task_stop_exec     ble id=0x200031DC
[t=59,978,017us] task_start_exec    id=0x20016A38
[t=59,978,020us] idle
[t=59,982,986us] task_stop_exec     id=0x20016A38
[t=59,982,990us] task_start_exec    ppg id=0x20002A60
[t=59,982,999us] task_stop_exec     ppg id=0x20002A60
[t=59,983,003us] task_start_exec    ble id=0x200031DC
[t=59,983,025us] task_stop_exec     ble id=0x200031DC
[t=59,983,029us] task_start_exec    ppg id=0x20002A60
[t=59,984,416us] task_stop_exec     ppg id=0x20002A60
[t=59,984,420us] task_start_exec    id=0x20016A38
[t=59,984,423us] idle
[t=59,984,949us] task_stop_exec     id=0x20016A38
[t=59,984,953us] task_start_exec    ppg id=0x20002A60
[t=59,984,977us] task_stop_exec     ppg id=0x20002A60
[t=59,984,981us] task_start_exec    id=0x20016A38
[t=59,984,985us] idle
[t=59,984,996us] task_stop_exec     id=0x20016A38
[t=59,985,000us] task_start_exec    key id=0x20006160
[t=59,985,018us] task_stop_exec     key id=0x20006160
[t=59,985,021us] task_start_exec    id=0x20016A38
[t=59,985,025us] idle
[t=59,987,986us] task_stop_exec     id=0x20016A38
[t=59,987,990us] task_start_exec    ble id=0x200031DC
[t=59,988,012us] task_stop_exec     ble id=0x200031DC
[t=59,988,016us] task_start_exec    id=0x20016A38
[t=59,988,020us] idle
[t=59,992,986us] task_stop_exec     id=0x20016A38
[t=59,992,990us] task_start_exec    ble id=0x200031DC
[t=59,993,013us] task_stop_exec     ble id=0x200031DC
[t=59,993,017us] task_start_exec    id=0x20016A38
[t=59,993,020us] idle
[t=59,993,986us] task_stop_exec     id=0x20016A38
[t=59,993,990us] task_start_exec    ppg id=0x20002A60
[t=59,995,078us] task_stop_exec     ppg id=0x20002A60
[t=59,995,082us] task_start_exec    id=0x20016A38
[t=59,995,086us] idle
[t=59,997,986us] task_stop_exec     id=0x20016A38
[t=59,997,990us] task_start_exec    ble id=0x200031DC
[t=59,998,012us] task_stop_exec     ble id=0x200031DC
[t=59,998,016us] task_start_exec    id=0x20016A38
[t=59,998,020us] idle
[t=60,002,986us] task_stop_exec     id=0x20016A38
[t=60,002,990us] task_start_exec    ble id=0x200031DC
[t=60,003,013us] task_stop_exec     ble id=0x200031DC
[t=60,003,017us] task_start_exec    id=0x20016A38
[t=60,003,020us] idle
[t=60,004,986us] task_stop_exec     id=0x20016A38
[t=60,004,990us] task_start_exec    key id=0x20006160
[t=60,004,999us] task_stop_exec     key id=0x20006160
[t=60,005,003us] task_start_exec    ppg id=0x20002A60
[t=60,006,392us] task_stop_exec     ppg id=0x20002A60
[t=60,006,396us] task_start_exec    key id=0x20006160
[t=60,006,411us] task_stop_exec     key id=0x20006160
[t=60,006,415us] task_start_exec    id=0x20016A38
[t=60,006,418us] idle
[t=60,006,925us] task_stop_exec     id=0x20016A38
[t=60,006,929us] task_start_exec    ppg id=0x20002A60
[t=60,006,954us] task_stop_exec     ppg id=0x20002A60
[t=60,006,957us] task_start_exec    id=0x20016A38
[t=60,006,961us] idle
[t=60,007,986us] task_stop_exec     id=0x20016A38
[t=60,007,990us] task_start_exec    ble id=0x200031DC
[t=60,008,012us] task_stop_exec     ble id=0x200031DC
[t=60,008,016us] task_start_exec    id=0x20016A38
[t=60,008,020us] idle
[t=60,012,986us] task_stop_exec     id=0x20016A38
[t=60,012,990us] task_start_exec    ble id=0x200031DC
[t=60,013,013us] task_stop_exec     ble id=0x200031DC
[t=60,013,016us] task_start_exec    id=0x20016A38
[t=60,013,020us] idle
[t=60,015,986us] task_stop_exec     id=0x20016A38
[t=60,015,990us] task_start_exec    ppg id=0x20002A60
[t=60,017,379us] task_stop_exec     ppg id=0x20002A60
[t=60,017,383us] task_start_exec    id=0x20016A38
[t=60,017,387us] idle
[t=60,017,912us] task_stop_exec     id=0x20016A38
[t=60,017,916us] task_start_exec    ppg id=0x20002A60
[t=60,017,940us] task_stop_exec     ppg id=0x20002A60
[t=60,017,944us] task_start_exec    id=0x20016A38
[t=60,017,948us] idle
[t=60,017,986us] task_stop_exec     id=0x20016A38
[t=60,017,990us] task_start_exec    ble id=0x200031DC
[t=60,018,012us] task_stop_exec     ble id=0x200031DC
[t=60,018,016us] task_start_exec    id=0x20016A38
[t=60,018,020us] idle
[t=60,022,986us] task_stop_exec     id=0x20016A38
[t=60,022,990us] task_start_exec    ble id=0x200031DC
[t=60,023,013us] task_stop_exec     ble id=0x200031DC
[t=60,023,017us] task_start_exec    id=0x20016A38
[t=60,023,020us] idle
[t=60,025,986us] task_stop_exec     id=0x20016A38
[t=60,025,990us] task_start_exec    key id=0x20006160
[t=60,026,007us] task_stop_exec     key id=0x20006160
[t=60,026,011us] task_start_exec    id=0x20016A38
[t=60,026,015us] idle
[t=60,026,986us] task_stop_exec     id=0x20016A38
[t=60,026,990us] task_start_exec    ppg id=0x20002A60
[t=60,027,986us] task_stop_exec     ppg id=0x20002A60
[t=60,027,990us] task_start_exec    ble id=0x200031DC
[t=60,028,013us] task_stop_exec     ble id=0x200031DC
[t=60,028,017us] task_start_exec    ppg id=0x20002A60
[t=60,028,378us] task_stop_exec     ppg id=0x20002A60
[t=60,028,382us] task_start_exec    id=0x20016A38
[t=60,028,386us] idle
[t=60,028,912us] task_stop_exec     id=0x20016A38
[t=60,028,915us] task_start_exec    ppg id=0x20002A60
[t=60,028,940us] task_stop_exec     ppg id=0x20002A60
[t=60,028,944us] task_start_exec    id=0x20016A38
[t=60,028,947us] idle
[t=60,032,986us] task_stop_exec     id=0x20016A38
[t=60,032,990us] task_start_exec    ble id=0x200031DC
[t=60,033,013us] task_stop_exec     ble id=0x200031DC
[t=60,033,017us] task_start_exec    id=0x20016A38
[t=60,033,020us] idle
[t=60,037,986us] task_stop_exec     id=0x20016A38
[t=60,037,990us] task_start_exec    ppg id=0x20002A60
[t=60,037,999us] task_stop_exec     ppg id=0x20002A60
[t=60,038,003us] task_start_exec    ble id=0x200031DC
[t=60,038,025us] task_stop_exec     ble id=0x200031DC
[t=60,038,029us] task_start_exec    ppg id=0x20002A60
[t=60,039,415us] task_stop_exec     ppg id=0x20002A60
[t=60,039,420us] task_start_exec    id=0x20016A38
[t=60,039,423us] idle
[t=60,039,949us] task_stop_exec     id=0x20016A38
[t=60,039,952us] task_start_exec    ppg id=0x20002A60
[t=60,039,977us] task_stop_exec     ppg id=0x20002A60
[t=60,039,981us] task_start_exec    id=0x20016A38
[t=60,039,984us] idle
[t=60,042,986us] task_stop_exec     id=0x20016A38
[t=60,042,990us] task_start_exec    ble id=0x200031DC
[t=60,043,013us] task_stop_exec     ble id=0x200031DC
[t=60,043,017us] task_start_exec    id=0x20016A38
[t=60,043,020us] idle
[t=60,045,986us] task_stop_exec     id=0x20016A38
[t=60,045,990us] task_start_exec    key id=0x20006160
[t=60,046,007us] task_stop_exec     key id=0x20006160
[t=60,046,011us] task_start_exec    id=0x20016A38
[t=60,046,015us] idle
[t=60,047,986us] task_stop_exec     id=0x20016A38
[t=60,047,990us] task_start_exec    ble id=0x200031DC
[t=60,048,013us] task_stop_exec     ble id=0x200031DC
[t=60,048,016us] task_start_exec    id=0x20016A38
[t=60,048,020us] idle
[t=60,048,986us] task_stop_exec     id=0x20016A38
[t=60,048,990us] task_start_exec    ppg id=0x20002A60
[t=60,050,379us] task_stop_exec     ppg id=0x20002A60
[t=60,050,383us] task_start_exec    id=0x20016A38
[t=60,050,387us] idle
[t=60,050,912us] task_stop_exec     id=0x20016A38
[t=60,050,916us] task_start_exec    ppg id=0x20002A60
[t=60,050,940us] task_stop_exec     ppg id=0x20002A60
[t=60,050,944us] task_start_exec    id=0x20016A38
[t=60,050,948us] idle
[t=60,052,986us] task_stop_exec     id=0x20016A38
[t=60,052,990us] task_start_exec    ble id=0x200031DC
[t=60,053,012us] task_stop_exec     ble id=0x200031DC
[t=60,053,016us] task_start_exec    id=0x20016A38
[t=60,053,020us] idle
[t=60,057,986us] task_stop_exec     id=0x20016A38
[t=60,057,990us] task_start_exec    ble id=0x200031DC
[t=60,058,013us] task_stop_exec     ble id=0x200031DC
[t=60,058,016us] task_start_exec    id=0x20016A38
[t=60,058,020us] idle
[t=60,059,986us] task_stop_exec     id=0x20016A38
[t=60,059,990us] task_start_exec    ppg id=0x20002A60
[t=60,061,077us] task_stop_exec     ppg id=0x20002A60
[t=60,061,081us] task_start_exec    id=0x20016A38
[t=60,061,085us] idle
[t=60,062,986us] task_stop_exec     id=0x20016A38
[t=60,062,990us] task_start_exec    ble id=0x200031DC
[t=60,063,013us] task_stop_exec     ble id=0x200031DC
[t=60,063,016us] task_start_exec    id=0x20016A38
[t=60,063,020us] idle
[t=60,065,986us] task_stop_exec     id=0x20016A38
[t=60,065,990us] task_start_exec    key id=0x20006160
[t=60,066,007us] task_stop_exec     key id=0x20006160
[t=60,066,011us] task_start_exec    id=0x20016A38
[t=60,066,015us] idle
[t=60,067,986us] task_stop_exec     id=0x20016A38
[t=60,067,990us] task_start_exec    ble id=0x200031DC
[t=60,068,013us] task_stop_exec     ble id=0x200031DC
[t=60,068,016us] task_start_exec    id=0x20016A38
[t=60,068,020us] idle
[t=60,070,986us] task_stop_exec     id=0x20016A38
[t=60,070,990us] task_start_exec    ppg id=0x20002A60
[t=60,072,379us] task_stop_exec     ppg id=0x20002A60
[t=60,072,383us] task_start_exec    id=0x20016A38
[t=60,072,386us] idle
[t=60,072,912us] task_stop_exec     id=0x20016A38
[t=60,072,916us] task_start_exec    ppg id=0x20002A60
[t=60,072,940us] task_stop_exec     ppg id=0x20002A60
[t=60,072,944us] task_start_exec    id=0x20016A38
[t=60,072,948us] idle
[t=60,072,986us] task_stop_exec     id=0x20016A38
[t=60,072,990us] task_start_exec    ble id=0x200031DC
[t=60,073,012us] task_stop_exec     ble id=0x200031DC
[t=60,073,016us] task_start_exec    id=0x20016A38
[t=60,073,020us] idle
[t=60,077,986us] task_stop_exec     id=0x20016A38
[t=60,077,990us] task_start_exec    ble id=0x200031DC
[t=60,078,013us] task_stop_exec     ble id=0x200031DC
[t=60,078,016us] task_start_exec    id=0x20016A38
[t=60,078,020us] idle
[t=60,081,986us] task_stop_exec     id=0x20016A38
[t=60,081,990us] task_start_exec    ppg id=0x20002A60
[t=60,082,986us] task_stop_exec     ppg id=0x20002A60
[t=60,082,990us] task_start_exec    ble id=0x200031DC
[t=60,083,013us] task_stop_exec     ble id=0x200031DC
[t=60,083,017us] task_start_exec    ppg id=0x20002A60
[t=60,083,378us] task_stop_exec     ppg id=0x20002A60
[t=60,083,382us] task_start_exec    id=0x20016A38
[t=60,083,386us] idle
[t=60,083,912us] task_stop_exec     id=0x20016A38
[t=60,083,915us] task_start_exec    ppg id=0x20002A60
[t=60,083,940us] task_stop_exec     ppg id=0x20002A60
[t=60,083,944us] task_start_exec    id=0x20016A38
[t=60,083,947us] idle
[t=60,085,986us] task_stop_exec     id=0x20016A38
[t=60,085,990us] task_start_exec    key id=0x20006160
[t=60,086,008us] task_stop_exec     key id=0x20006160
[t=60,086,011us] task_start_exec    id=0x20016A38
[t=60,086,015us] idle
[t=60,087,986us] task_stop_exec     id=0x20016A38
[t=60,087,990us] task_start_exec    ble id=0x200031DC
[t=60,088,013us] task_stop_exec     ble id=0x200031DC
[t=60,088,016us] task_start_exec    id=0x20016A38
[t=60,088,020us] idle
[t=60,092,986us] task_stop_exec     id=0x20016A38
[t=60,092,990us] task_start_exec    ppg id=0x20002A60
[t=60,092,999us] task_stop_exec     ppg id=0x20002A60
[t=60,093,003us] task_start_exec    ble id=0x200031DC
[t=60,093,025us] task_stop_exec     ble id=0x200031DC
[t=60,093,029us] task_start_exec    ppg id=0x20002A60
[t=60,094,416us] task_stop_exec     ppg id=0x20002A60
[t=60,094,420us] task_start_exec    id=0x20016A38
[t=60,094,423us] idle
[t=60,094,949us] task_stop_exec     id=0x20016A38
[t=60,094,953us] task_start_exec    ppg id=0x20002A60
[t=60,094,977us] task_stop_exec     ppg id=0x20002A60
[t=60,094,981us] task_start_exec    id=0x20016A38
[t=60,094,984us] idle
[t=60,097,986us] task_stop_exec     id=0x20016A38
[t=60,097,990us] task_start_exec    ble id=0x200031DC
[t=60,098,012us] task_stop_exec     ble id=0x200031DC
[t=60,098,016us] task_start_exec    id=0x20016A38
[t=60,098,020us] idle
[t=60,102,986us] task_stop_exec     id=0x20016A38
[t=60,102,990us] task_start_exec    ble id=0x200031DC
[t=60,103,013us] task_stop_exec     ble id=0x200031DC
[t=60,103,017us] task_start_exec    id=0x20016A38
[t=60,103,020us] idle
[t=60,103,986us] task_stop_exec     id=0x20016A38
[t=60,103,990us] task_start_exec    ppg id=0x20002A60
[t=60,105,379us] task_stop_exec     ppg id=0x20002A60
[t=60,105,383us] task_start_exec    id=0x20016A38
[t=60,105,387us] idle
[t=60,105,912us] task_stop_exec     id=0x20016A38
[t=60,105,916us] task_start_exec    ppg id=0x20002A60
[t=60,105,940us] task_stop_exec     ppg id=0x20002A60
[t=60,105,944us] task_start_exec    id=0x20016A38
[t=60,105,948us] idle
[t=60,105,986us] task_stop_exec     id=0x20016A38
[t=60,105,990us] task_start_exec    key id=0x20006160
[t=60,106,007us] task_stop_exec     key id=0x20006160
[t=60,106,011us] task_start_exec    id=0x20016A38
[t=60,106,015us] idle
[t=60,107,986us] task_stop_exec     id=0x20016A38
[t=60,107,990us] task_start_exec    ble id=0x200031DC
[t=60,108,012us] task_stop_exec     ble id=0x200031DC
[t=60,108,016us] task_start_exec    id=0x20016A38
[t=60,108,020us] idle
[t=60,112,986us] task_stop_exec     id=0x20016A38
[t=60,112,990us] task_start_exec    ble id=0x200031DC
[t=60,113,013us] task_stop_exec     ble id=0x200031DC
[t=60,113,016us] task_start_exec    id=0x20016A38
[t=60,113,020us] idle
[t=60,114,986us] task_stop_exec     id=0x20016A38
[t=60,114,990us] task_start_exec    ppg id=0x20002A60
[t=60,116,077us] task_stop_exec     ppg id=0x20002A60
[t=60,116,082us] task_start_exec    id=0x20016A38
[t=60,116,085us] idle
[t=60,117,986us] task_stop_exec     id=0x20016A38
[t=60,117,990us] task_start_exec    ble id=0x200031DC
[t=60,118,012us] task_stop_exec     ble id=0x200031DC
[t=60,118,016us] task_start_exec    id=0x20016A38
[t=60,118,020us] idle
[t=60,122,986us] task_stop_exec     id=0x20016A38
[t=60,122,990us] task_start_exec    ble id=0x200031DC
[t=60,123,013us] task_stop_exec     ble id=0x200031DC
[t=60,123,017us] task_start_exec    id=0x20016A38
[t=60,123,020us] idle
[t=60,125,987us] task_stop_exec     id=0x20016A38
[t=60,125,991us] task_start_exec    key id=0x20006160
[t=60,126,000us] task_stop_exec     key id=0x20006160
[t=60,126,004us] task_start_exec    ppg id=0x20002A60
[t=60,127,392us] task_stop_exec     ppg id=0x20002A60
[t=60,127,396us] task_start_exec    key id=0x20006160
[t=60,127,411us] task_stop_exec     key id=0x20006160
[t=60,127,415us] task_start_exec    id=0x20016A38
[t=60,127,418us] idle
[t=60,127,986us] task_stop_exec     id=0x20016A38
[t=60,127,990us] task_start_exec    ble id=0x200031DC
[t=60,128,012us] task_stop_exec     ble id=0x200031DC
[t=60,128,016us] task_start_exec    id=0x20016A38
[t=60,128,020us] idle
[t=60,128,195us] task_stop_exec     id=0x20016A38
[t=60,128,199us] task_start_exec    ppg id=0x20002A60
[t=60,128,224us] task_stop_exec     ppg id=0x20002A60
[t=60,128,228us] task_start_exec    id=0x20016A38
[t=60,128,232us] idle
[t=60,132,986us] task_stop_exec     id=0x20016A38
[t=60,132,990us] task_start_exec    ble id=0x200031DC
[t=60,133,013us] task_stop_exec     ble id=0x200031DC
[t=60,133,017us] task_start_exec    id=0x20016A38
[t=60,133,020us] idle
[t=60,137,986us] task_stop_exec     id=0x20016A38
[t=60,137,990us] task_start_exec    ppg id=0x20002A60
[t=60,137,999us] task_stop_exec     ppg id=0x20002A60
[t=60,138,003us] task_start_exec    ble id=0x200031DC
[t=60,138,025us] task_stop_exec     ble id=0x200031DC
[t=60,138,029us] task_start_exec    ppg id=0x20002A60
[t=60,139,114us] task_stop_exec     ppg id=0x20002A60
[t=60,139,118us] task_start_exec    id=0x20016A38
[t=60,139,122us] idle
[t=60,142,986us] task_stop_exec     id=0x20016A38
[t=60,142,990us] task_start_exec    ble id=0x200031DC
[t=60,143,013us] task_stop_exec     ble id=0x200031DC
[t=60,143,017us] task_start_exec    id=0x20016A38
[t=60,143,020us] idle
[t=60,146,986us] task_stop_exec     id=0x20016A38
[t=60,146,990us] task_start_exec    key id=0x20006160
[t=60,147,007us] task_stop_exec     key id=0x20006160
[t=60,147,011us] task_start_exec    id=0x20016A38
[t=60,147,015us] idle
[t=60,147,986us] task_stop_exec     id=0x20016A38
[t=60,147,990us] task_start_exec    ble id=0x200031DC
[t=60,148,013us] task_stop_exec     ble id=0x200031DC
[t=60,148,016us] task_start_exec    id=0x20016A38
[t=60,148,020us] idle
[t=60,148,986us] task_stop_exec     id=0x20016A38
[t=60,148,990us] task_start_exec    ppg id=0x20002A60
[t=60,150,379us] task_stop_exec     ppg id=0x20002A60
[t=60,150,383us] task_start_exec    id=0x20016A38
[t=60,150,387us] idle
[t=60,151,182us] task_stop_exec     id=0x20016A38
[t=60,151,186us] task_start_exec    ppg id=0x20002A60
[t=60,151,213us] task_stop_exec     ppg id=0x20002A60
[t=60,151,217us] task_start_exec    id=0x20016A38
[t=60,151,221us] idle
[t=60,152,986us] task_stop_exec     id=0x20016A38
[t=60,152,990us] task_start_exec    ble id=0x200031DC
[t=60,153,012us] task_stop_exec     ble id=0x200031DC
[t=60,153,016us] task_start_exec    id=0x20016A38
[t=60,153,020us] idle
[t=60,157,986us] task_stop_exec     id=0x20016A38
[t=60,157,990us] task_start_exec    ble id=0x200031DC
[t=60,158,013us] task_stop_exec     ble id=0x200031DC
[t=60,158,016us] task_start_exec    id=0x20016A38
[t=60,158,020us] idle
[t=60,160,987us] task_stop_exec     id=0x20016A38
[t=60,160,991us] task_start_exec    ppg id=0x20002A60
[t=60,162,379us] task_stop_exec     ppg id=0x20002A60
[t=60,162,384us] task_start_exec    id=0x20016A38
[t=60,162,387us] idle
[t=60,162,913us] task_stop_exec     id=0x20016A38
[t=60,162,916us] task_start_exec    ppg id=0x20002A60
[t=60,162,941us] task_stop_exec     ppg id=0x20002A60
[t=60,162,945us] task_start_exec    id=0x20016A38
[t=60,162,948us] idle
[t=60,162,986us] task_stop_exec     id=0x20016A38
[t=60,162,990us] task_start_exec    ble id=0x200031DC
[t=60,163,013us] task_stop_exec     ble id=0x200031DC
[t=60,163,017us] task_start_exec    id=0x20016A38
[t=60,163,020us] idle
[t=60,166,986us] task_stop_exec     id=0x20016A38
[t=60,166,990us] task_start_exec    key id=0x20006160
[t=60,167,007us] task_stop_exec     key id=0x20006160
[t=60,167,011us] task_start_exec    id=0x20016A38
[t=60,167,015us] idle
[t=60,167,986us] task_stop_exec     id=0x20016A38
[t=60,167,990us] task_start_exec    ble id=0x200031DC
[t=60,168,013us] task_stop_exec     ble id=0x200031DC
[t=60,168,017us] task_start_exec    id=0x20016A38
[t=60,168,020us] idle
[t=60,171,986us] task_stop_exec     id=0x20016A38
[t=60,171,990us] task_start_exec    ppg id=0x20002A60
[t=60,172,987us] task_stop_exec     ppg id=0x20002A60
[t=60,172,991us] task_start_exec    ble id=0x200031DC
[t=60,173,014us] task_stop_exec     ble id=0x200031DC
[t=60,173,017us] task_start_exec    ppg id=0x20002A60
[t=60,173,379us] task_stop_exec     ppg id=0x20002A60
[t=60,173,383us] task_start_exec    id=0x20016A38
[t=60,173,387us] idle
[t=60,173,912us] task_stop_exec     id=0x20016A38
[t=60,173,916us] task_start_exec    ppg id=0x20002A60
[t=60,173,940us] task_stop_exec     ppg id=0x20002A60
[t=60,173,944us] task_start_exec    id=0x20016A38
[t=60,173,948us] idle
[t=60,177,986us] task_stop_exec     id=0x20016A38
[t=60,177,990us] task_start_exec    ble id=0x200031DC
[t=60,178,013us] task_stop_exec     ble id=0x200031DC
[t=60,178,017us] task_start_exec    id=0x20016A38
[t=60,178,020us] idle
[t=60,182,986us] task_stop_exec     id=0x20016A38
[t=60,182,990us] task_start_exec    ppg id=0x20002A60
[t=60,182,999us] task_stop_exec     ppg id=0x20002A60
[t=60,183,003us] task_start_exec    ble id=0x200031DC
[t=60,183,025us] task_stop_exec     ble id=0x200031DC
[t=60,183,029us] task_start_exec    ppg id=0x20002A60
[t=60,184,416us] task_stop_exec     ppg id=0x20002A60
[t=60,184,420us] task_start_exec    id=0x20016A38
[t=60,184,423us] idle
[t=60,184,949us] task_stop_exec     id=0x20016A38
[t=60,184,953us] task_start_exec    ppg id=0x20002A60
[t=60,184,977us] task_stop_exec     ppg id=0x20002A60
[t=60,184,981us] task_start_exec    id=0x20016A38
[t=60,184,985us] idle
[t=60,186,986us] task_stop_exec     id=0x20016A38
[t=60,186,990us] task_start_exec    key id=0x20006160
[t=60,187,008us] task_stop_exec     key id=0x20006160
[t=60,187,011us] task_start_exec    id=0x20016A38
[t=60,187,015us] idle
[t=60,187,986us] task_stop_exec     id=0x20016A38
[t=60,187,990us] task_start_exec    ble id=0x200031DC
[t=60,188,012us] task_stop_exec     ble id=0x200031DC
[t=60,188,016us] task_start_exec    id=0x20016A38
[t=60,188,020us] idle
[t=60,192,986us] task_stop_exec     id=0x20016A38
[t=60,192,990us] task_start_exec    ble id=0x200031DC
[t=60,193,013us] task_stop_exec     ble id=0x200031DC
[t=60,193,016us] task_start_exec    id=0x20016A38
[t=60,193,020us] idle
[t=60,193,986us] task_stop_exec     id=0x20016A38
[t=60,193,990us] task_start_exec    ppg id=0x20002A60
[t=60,195,078us] task_stop_exec     ppg id=0x20002A60
[t=60,195,082us] task_start_exec    id=0x20016A38
[t=60,195,086us] idle
[t=60,197,986us] task_stop_exec     id=0x20016A38
[t=60,197,990us] task_start_exec    ble id=0x200031DC
[t=60,198,012us] task_stop_exec     ble id=0x200031DC
[t=60,198,016us] task_start_exec    id=0x20016A38
[t=60,198,020us] idle
[t=60,202,986us] task_stop_exec     id=0x20016A38
[t=60,202,990us] task_start_exec    ble id=0x200031DC
[t=60,203,013us] task_stop_exec     ble id=0x200031DC
[t=60,203,017us] task_start_exec    id=0x20016A38
[t=60,203,020us] idle
[t=60,204,986us] task_stop_exec     id=0x20016A38
[t=60,204,990us] task_start_exec    ppg id=0x20002A60
[t=60,206,380us] task_stop_exec     ppg id=0x20002A60
[t=60,206,384us] task_start_exec    id=0x20016A38
[t=60,206,387us] idle
[t=60,206,913us] task_stop_exec     id=0x20016A38
[t=60,206,917us] task_start_exec    ppg id=0x20002A60
[t=60,206,941us] task_stop_exec     ppg id=0x20002A60
[t=60,206,945us] task_start_exec    id=0x20016A38
[t=60,206,949us] idle
[t=60,206,986us] task_stop_exec     id=0x20016A38
[t=60,206,990us] task_start_exec    key id=0x20006160
[t=60,207,007us] task_stop_exec     key id=0x20006160
[t=60,207,011us] task_start_exec    id=0x20016A38
[t=60,207,015us] idle
[t=60,207,986us] task_stop_exec     id=0x20016A38
[t=60,207,990us] task_start_exec    ble id=0x200031DC
[t=60,208,012us] task_stop_exec     ble id=0x200031DC
[t=60,208,016us] task_start_exec    id=0x20016A38
[t=60,208,020us] idle
[t=60,212,986us] task_stop_exec     id=0x20016A38
[t=60,212,990us] task_start_exec    ble id=0x200031DC
[t=60,213,013us] task_stop_exec     ble id=0x200031DC
[t=60,213,016us] task_start_exec    id=0x20016A38
[t=60,213,020us] idle
[t=60,215,986us] task_stop_exec     id=0x20016A38
[t=60,215,990us] task_start_exec    ppg id=0x20002A60
[t=60,217,379us] task_stop_exec     ppg id=0x20002A60
[t=60,217,383us] task_start_exec    id=0x20016A38
[t=60,217,386us] idle
[t=60,217,912us] task_stop_exec     id=0x20016A38
[t=60,217,916us] task_start_exec    ppg id=0x20002A60
[t=60,217,940us] task_stop_exec     ppg id=0x20002A60
[t=60,217,944us] task_start_exec    id=0x20016A38
[t=60,217,948us] idle
[t=60,217,986us] task_stop_exec     id=0x20016A38
[t=60,217,990us] task_start_exec    ble id=0x200031DC
[t=60,218,012us] task_stop_exec     ble id=0x200031DC
[t=60,218,016us] task_start_exec    id=0x20016A38
[t=60,218,020us] idle
[t=60,222,986us] task_stop_exec     id=0x20016A38
[t=60,222,990us] task_start_exec    ble id=0x200031DC
[t=60,223,013us] task_stop_exec     ble id=0x200031DC
[t=60,223,017us] task_start_exec    id=0x20016A38
[t=60,223,020us] idle
[t=60,226,986us] task_stop_exec     id=0x20016A38
[t=60,226,990us] task_start_exec    key id=0x20006160
[t=60,226,999us] task_stop_exec     key id=0x20006160
[t=60,227,003us] task_start_exec    ppg id=0x20002A60
[t=60,227,987us] task_stop_exec     ppg id=0x20002A60
[t=60,227,991us] task_start_exec    ble id=0x200031DC
[t=60,228,013us] task_stop_exec     ble id=0x200031DC
[t=60,228,017us] task_start_exec    ppg id=0x20002A60
[t=60,228,390us] task_stop_exec     ppg id=0x20002A60
[t=60,228,394us] task_start_exec    key id=0x20006160
[t=60,228,410us] task_stop_exec     key id=0x20006160
[t=60,228,414us] task_start_exec    id=0x20016A38
[t=60,228,417us] idle
[t=60,228,924us] task_stop_exec     id=0x20016A38
[t=60,228,928us] task_start_exec    ppg id=0x20002A60
[t=60,228,961us] task_stop_exec     ppg id=0x20002A60
[t=60,228,965us] task_start_exec    spo2 id=0x20004D40
[t=60,232,986us] task_stop_exec     spo2 id=0x20004D40
[t=60,232,990us] task_start_exec    ble id=0x200031DC
[t=60,233,013us] task_stop_exec     ble id=0x200031DC
[t=60,233,017us] task_start_exec    spo2 id=0x20004D40
[t=60,237,986us] task_stop_exec     spo2 id=0x20004D40
[t=60,237,990us] task_start_exec    ppg id=0x20002A60
[t=60,237,999us] task_stop_exec     ppg id=0x20002A60
[t=60,238,003us] task_start_exec    ble id=0x200031DC
[t=60,238,025us] task_stop_exec     ble id=0x200031DC
[t=60,238,029us] task_start_exec    ppg id=0x20002A60
[t=60,239,416us] task_stop_exec     ppg id=0x20002A60
[t=60,239,420us] task_start_exec    spo2 id=0x20004D40
[t=60,239,949us] task_stop_exec     spo2 id=0x20004D40
[t=60,239,953us] task_start_exec    ppg id=0x20002A60
[t=60,239,978us] task_stop_exec     ppg id=0x20002A60
[t=60,239,982us] task_start_exec    spo2 id=0x20004D40
[t=60,242,986us] task_stop_exec     spo2 id=0x20004D40
[t=60,242,990us] task_start_exec    ble id=0x200031DC
[t=60,243,013us] task_stop_exec     ble id=0x200031DC
[t=60,243,017us] task_start_exec    spo2 id=0x20004D40
[t=60,247,986us] task_stop_exec     spo2 id=0x20004D40
[t=60,247,990us] task_start_exec    key id=0x20006160
[t=60,247,999us] task_stop_exec     key id=0x20006160
[t=60,248,003us] task_start_exec    ble id=0x200031DC
[t=60,248,026us] task_stop_exec     ble id=0x200031DC
[t=60,248,029us] task_start_exec    key id=0x20006160
[t=60,248,045us] task_stop_exec     key id=0x20006160
[t=60,248,049us] task_start_exec    spo2 id=0x20004D40
[t=60,248,986us] task_stop_exec     spo2 id=0x20004D40
[t=60,248,990us] task_start_exec    ppg id=0x20002A60
[t=60,250,379us] task_stop_exec     ppg id=0x20002A60
[t=60,250,383us] task_start_exec    spo2 id=0x20004D40
[t=60,250,913us] task_stop_exec     spo2 id=0x20004D40
[t=60,250,916us] task_start_exec    ppg id=0x20002A60
[t=60,250,941us] task_stop_exec     ppg id=0x20002A60
[t=60,250,945us] task_start_exec    spo2 id=0x20004D40
[t=60,252,986us] task_stop_exec     spo2 id=0x20004D40
[t=60,252,990us] task_start_exec    ble id=0x200031DC
[t=60,253,013us] task_stop_exec     ble id=0x200031DC
[t=60,253,016us] task_start_exec    spo2 id=0x20004D40
[t=60,257,986us] task_stop_exec     spo2 id=0x20004D40
[t=60,257,990us] task_start_exec    ble id=0x200031DC
[t=60,258,013us] task_stop_exec     ble id=0x200031DC
[t=60,258,017us] task_start_exec    spo2 id=0x20004D40
[t=60,259,986us] task_stop_exec     spo2 id=0x20004D40
[t=60,259,990us] task_start_exec    ppg id=0x20002A60
[t=60,261,078us] task_stop_exec     ppg id=0x20002A60
[t=60,261,082us] task_start_exec    spo2 id=0x20004D40
[t=60,262,987us] task_stop_exec     spo2 id=0x20004D40
[t=60,262,991us] task_start_exec    ble id=0x200031DC
[t=60,263,014us] task_stop_exec     ble id=0x200031DC
[t=60,263,018us] task_start_exec    spo2 id=0x20004D40
[t=60,267,986us] task_stop_exec     spo2 id=0x20004D40
[t=60,267,990us] task_start_exec    key id=0x20006160
[t=60,267,999us] task_stop_exec     key id=0x20006160
[t=60,268,003us] task_start_exec    ble id=0x200031DC
[t=60,268,026us] task_stop_exec     ble id=0x200031DC
[t=60,268,029us] task_start_exec    key id=0x20006160
[t=60,268,045us] task_stop_exec     key id=0x20006160
[t=60,268,049us] task_start_exec    spo2 id=0x20004D40
[t=60,270,986us] task_stop_exec     spo2 id=0x20004D40
[t=60,270,990us] task_start_exec    ppg id=0x20002A60
[t=60,272,380us] task_stop_exec     ppg id=0x20002A60
[t=60,272,384us] task_start_exec    spo2 id=0x20004D40
[t=60,272,914us] task_stop_exec     spo2 id=0x20004D40
[t=60,272,917us] task_start_exec    ppg id=0x20002A60
[t=60,272,942us] task_stop_exec     ppg id=0x20002A60
[t=60,272,946us] task_start_exec    spo2 id=0x20004D40
[t=60,272,986us] task_stop_exec     spo2 id=0x20004D40
[t=60,272,990us] task_start_exec    ble id=0x200031DC
[t=60,273,013us] task_stop_exec     ble id=0x200031DC
[t=60,273,016us] task_start_exec    spo2 id=0x20004D40
[t=60,277,986us] task_stop_exec     spo2 id=0x20004D40
[t=60,277,990us] task_start_exec    ble id=0x200031DC
[t=60,278,013us] task_stop_exec     ble id=0x200031DC
[t=60,278,017us] task_start_exec    spo2 id=0x20004D40
[t=60,281,986us] task_stop_exec     spo2 id=0x20004D40
[t=60,281,990us] task_start_exec    ppg id=0x20002A60
[t=60,282,987us] task_stop_exec     ppg id=0x20002A60
[t=60,282,991us] task_start_exec    ble id=0x200031DC
[t=60,283,014us] task_stop_exec     ble id=0x200031DC
[t=60,283,017us] task_start_exec    ppg id=0x20002A60
[t=60,283,380us] task_stop_exec     ppg id=0x20002A60
[t=60,283,383us] task_start_exec    spo2 id=0x20004D40
[t=60,283,913us] task_stop_exec     spo2 id=0x20004D40
[t=60,283,917us] task_start_exec    ppg id=0x20002A60
[t=60,283,942us] task_stop_exec     ppg id=0x20002A60
[t=60,283,945us] task_start_exec    spo2 id=0x20004D40
[t=60,287,986us] task_stop_exec     spo2 id=0x20004D40
[t=60,287,990us] task_start_exec    key id=0x20006160
[t=60,287,999us] task_stop_exec     key id=0x20006160
[t=60,288,003us] task_start_exec    ble id=0x200031DC
[t=60,288,026us] task_stop_exec     ble id=0x200031DC
[t=60,288,029us] task_start_exec    key id=0x20006160
[t=60,288,045us] task_stop_exec     key id=0x20006160
[t=60,288,049us] task_start_exec    spo2 id=0x20004D40
[t=60,292,986us] task_stop_exec     spo2 id=0x20004D40
[t=60,292,990us] task_start_exec    ppg id=0x20002A60
[t=60,292,999us] task_stop_exec     ppg id=0x20002A60
[t=60,293,003us] task_start_exec    ble id=0x200031DC
[t=60,293,025us] task_stop_exec     ble id=0x200031DC
[t=60,293,029us] task_start_exec    ppg id=0x20002A60
[t=60,294,416us] task_stop_exec     ppg id=0x20002A60
[t=60,294,420us] task_start_exec    spo2 id=0x20004D40
[t=60,294,949us] task_stop_exec     spo2 id=0x20004D40
[t=60,294,953us] task_start_exec    ppg id=0x20002A60
[t=60,294,978us] task_stop_exec     ppg id=0x20002A60
[t=60,294,982us] task_start_exec    spo2 id=0x20004D40
[t=60,295,095us] task_stop_exec     spo2 id=0x20004D40
[t=60,295,099us] task_start_exec    ble id=0x200031DC
[t=60,297,440us] task_stop_exec     ble id=0x200031DC
[t=60,297,444us] task_start_exec    spo2 id=0x20004D40
[t=60,297,458us] task_stop_exec     spo2 id=0x20004D40
[t=60,297,462us] task_start_exec    id=0x20016A38
[t=60,297,466us] idle
[t=60,301,986us] task_stop_exec     id=0x20016A38
[t=60,301,990us] task_start_exec    ble id=0x200031DC
[t=60,302,013us] task_stop_exec     ble id=0x200031DC
[t=60,302,017us] task_start_exec    id=0x20016A38
[t=60,302,020us] idle
[t=60,303,986us] task_stop_exec     id=0x20016A38
[t=60,303,990us] task_start_exec    ppg id=0x20002A60
[t=60,305,379us] task_stop_exec     ppg id=0x20002A60
[t=60,305,383us] task_start_exec    id=0x20016A38
[t=60,305,387us] idle
[t=60,305,913us] task_stop_exec     id=0x20016A38
[t=60,305,917us] task_start_exec    ppg id=0x20002A60
[t=60,305,941us] task_stop_exec     ppg id=0x20002A60
[t=60,305,945us] task_start_exec    id=0x20016A38
[t=60,305,949us] idle
[t=60,306,986us] task_stop_exec     id=0x20016A38
[t=60,306,990us] task_start_exec    ble id=0x200031DC
[t=60,307,013us] task_stop_exec     ble id=0x200031DC
[t=60,307,017us] task_start_exec    id=0x20016A38
[t=60,307,020us] idle
[t=60,307,986us] task_stop_exec     id=0x20016A38
[t=60,307,990us] task_start_exec    key id=0x20006160
[t=60,308,008us] task_stop_exec     key id=0x20006160
[t=60,308,012us] task_start_exec    id=0x20016A38
[t=60,308,015us] idle
[t=60,311,986us] task_stop_exec     id=0x20016A38
[t=60,311,990us] task_start_exec    ble id=0x200031DC
[t=60,312,013us] task_stop_exec     ble id=0x200031DC
[t=60,312,017us] task_start_exec    id=0x20016A38
[t=60,312,020us] idle
[t=60,314,986us] task_stop_exec     id=0x20016A38
[t=60,314,990us] task_start_exec    ppg id=0x20002A60
[t=60,316,379us] task_stop_exec     ppg id=0x20002A60
[t=60,316,383us] task_start_exec    id=0x20016A38
[t=60,316,386us] idle
[t=60,316,912us] task_stop_exec     id=0x20016A38
[t=60,316,916us] task_start_exec    ppg id=0x20002A60
[t=60,316,940us] task_stop_exec     ppg id=0x20002A60
[t=60,316,944us] task_start_exec    id=0x20016A38
[t=60,316,948us] idle
[t=60,316,986us] task_stop_exec     id=0x20016A38
[t=60,316,990us] task_start_exec    ble id=0x200031DC
[t=60,317,012us] task_stop_exec     ble id=0x200031DC
[t=60,317,016us] task_start_exec    id=0x20016A38
[t=60,317,020us] idle
[t=60,321,986us] task_stop_exec     id=0x20016A38
[t=60,321,990us] task_start_exec    ble id=0x200031DC
[t=60,322,013us] task_stop_exec     ble id=0x200031DC
[t=60,322,016us] task_start_exec    id=0x20016A38
[t=60,322,020us] idle
[t=60,325,986us] task_stop_exec     id=0x20016A38
[t=60,325,990us] task_start_exec    ppg id=0x20002A60
[t=60,326,986us] task_stop_exec     ppg id=0x20002A60
[t=60,326,990us] task_start_exec    ble id=0x200031DC
[t=60,327,013us] task_stop_exec     ble id=0x200031DC
[t=60,327,017us] task_start_exec    ppg id=0x20002A60
[t=60,327,077us] task_stop_exec     ppg id=0x20002A60
[t=60,327,081us] task_start_exec    id=0x20016A38
[t=60,327,085us] idle
[t=60,327,986us] task_stop_exec     id=0x20016A38
[t=60,327,990us] task_start_exec    key id=0x20006160
[t=60,328,008us] task_stop_exec     key id=0x20006160
[t=60,328,011us] task_start_exec    id=0x20016A38
[t=60,328,015us] idle
[t=60,329,439us] task_stop_exec     id=0x20016A38
[t=60,329,443us] task_start_exec    ble id=0x200031DC
[t=60,329,523us] task_stop_exec     ble id=0x200031DC
[t=60,329,527us] task_start_exec    id=0x20016A38
[t=60,329,531us] idle
[t=60,333,986us] task_stop_exec     id=0x20016A38
[t=60,333,990us] task_start_exec    ble id=0x200031DC
[t=60,334,013us] task_stop_exec     ble id=0x200031DC
[t=60,334,017us] task_start_exec    id=0x20016A38
[t=60,334,020us] idle
[t=60,336,986us] task_stop_exec     id=0x20016A38
[t=60,336,990us] task_start_exec    ppg id=0x20002A60
[t=60,338,379us] task_stop_exec     ppg id=0x20002A60
[t=60,338,383us] task_start_exec    id=0x20016A38
[t=60,338,387us] idle
[t=60,338,912us] task_stop_exec     id=0x20016A38
[t=60,338,916us] task_start_exec    ppg id=0x20002A60
[t=60,338,940us] task_stop_exec     ppg id=0x20002A60
[t=60,338,944us] task_start_exec    id=0x20016A38
[t=60,338,948us] idle
[t=60,338,986us] task_stop_exec     id=0x20016A38
[t=60,338,990us] task_start_exec    ble id=0x200031DC
[t=60,339,012us] task_stop_exec     ble id=0x200031DC
[t=60,339,016us] task_start_exec    id=0x20016A38
[t=60,339,020us] idle
[t=60,343,986us] task_stop_exec     id=0x20016A38
[t=60,343,990us] task_start_exec    ble id=0x200031DC
[t=60,344,013us] task_stop_exec     ble id=0x200031DC
[t=60,344,017us] task_start_exec    id=0x20016A38
[t=60,344,020us] idle
[t=60,347,986us] task_stop_exec     id=0x20016A38
[t=60,347,990us] task_start_exec    key id=0x20006160
[t=60,347,999us] task_stop_exec     key id=0x20006160
[t=60,348,003us] task_start_exec    ppg id=0x20002A60
[t=60,348,986us] task_stop_exec     ppg id=0x20002A60
[t=60,348,990us] task_start_exec    ble id=0x200031DC
[t=60,349,012us] task_stop_exec     ble id=0x200031DC
[t=60,349,016us] task_start_exec    ppg id=0x20002A60
[t=60,349,391us] task_stop_exec     ppg id=0x20002A60
[t=60,349,395us] task_start_exec    key id=0x20006160
[t=60,349,410us] task_stop_exec     key id=0x20006160
[t=60,349,414us] task_start_exec    id=0x20016A38
[t=60,349,418us] idle
[t=60,349,925us] task_stop_exec     id=0x20016A38
[t=60,349,929us] task_start_exec    ppg id=0x20002A60
[t=60,349,953us] task_stop_exec     ppg id=0x20002A60
[t=60,349,957us] task_start_exec    id=0x20016A38
[t=60,349,961us] idle
[t=60,353,986us] task_stop_exec     id=0x20016A38
[t=60,353,990us] task_start_exec    ble id=0x200031DC
[t=60,354,013us] task_stop_exec     ble id=0x200031DC
[t=60,354,017us] task_start_exec    id=0x20016A38
[t=60,354,020us] idle
[t=60,358,986us] task_stop_exec     id=0x20016A38
[t=60,358,990us] task_start_exec    ppg id=0x20002A60
[t=60,358,999us] task_stop_exec     ppg id=0x20002A60
[t=60,359,003us] task_start_exec    ble id=0x200031DC
[t=60,359,025us] task_stop_exec     ble id=0x200031DC
[t=60,359,029us] task_start_exec    ppg id=0x20002A60
[t=60,360,415us] task_stop_exec     ppg id=0x20002A60
[t=60,360,419us] task_start_exec    id=0x20016A38
[t=60,360,423us] idle
[t=60,360,949us] task_stop_exec     id=0x20016A38
[t=60,360,952us] task_start_exec    ppg id=0x20002A60
[t=60,360,977us] task_stop_exec     ppg id=0x20002A60
[t=60,360,981us] task_start_exec    id=0x20016A38
[t=60,360,984us] idle
[t=60,363,986us] task_stop_exec     id=0x20016A38
[t=60,363,990us] task_start_exec    ble id=0x200031DC
[t=60,364,013us] task_stop_exec     ble id=0x200031DC
[t=60,364,017us] task_start_exec    id=0x20016A38
[t=60,364,020us] idle
[t=60,368,986us] task_stop_exec     id=0x20016A38
[t=60,368,990us] task_start_exec    key id=0x20006160
[t=60,368,999us] task_stop_exec     key id=0x20006160
[t=60,369,003us] task_start_exec    ble id=0x200031DC
[t=60,369,025us] task_stop_exec     ble id=0x200031DC
[t=60,369,029us] task_start_exec    key id=0x20006160
[t=60,369,044us] task_stop_exec     key id=0x20006160
[t=60,369,048us] task_start_exec    id=0x20016A38
[t=60,369,052us] idle
[t=60,369,986us] task_stop_exec     id=0x20016A38
[t=60,369,990us] task_start_exec    ppg id=0x20002A60
[t=60,371,379us] task_stop_exec     ppg id=0x20002A60
[t=60,371,383us] task_start_exec    id=0x20016A38
[t=60,371,387us] idle
[t=60,371,912us] task_stop_exec     id=0x20016A38
[t=60,371,916us] task_start_exec    ppg id=0x20002A60
[t=60,371,940us] task_stop_exec     ppg id=0x20002A60
[t=60,371,944us] task_start_exec    id=0x20016A38
[t=60,371,948us] idle
[t=60,373,986us] task_stop_exec     id=0x20016A38
[t=60,373,990us] task_start_exec    ble id=0x200031DC
[t=60,374,012us] task_stop_exec     ble id=0x200031DC
[t=60,374,016us] task_start_exec    id=0x20016A38
[t=60,374,020us] idle
[t=60,378,986us] task_stop_exec     id=0x20016A38
[t=60,378,990us] task_start_exec    ble id=0x200031DC
[t=60,379,013us] task_stop_exec     ble id=0x200031DC
[t=60,379,016us] task_start_exec    id=0x20016A38
[t=60,379,020us] idle
[t=60,380,986us] task_stop_exec     id=0x20016A38
[t=60,380,990us] task_start_exec    ppg id=0x20002A60
[t=60,382,078us] task_stop_exec     ppg id=0x20002A60
[t=60,382,082us] task_start_exec    id=0x20016A38
[t=60,382,085us] idle
[t=60,383,986us] task_stop_exec     id=0x20016A38
[t=60,383,990us] task_start_exec    ble id=0x200031DC
[t=60,384,013us] task_stop_exec     ble id=0x200031DC
[t=60,384,016us] task_start_exec    id=0x20016A38
[t=60,384,020us] idle
[t=60,388,986us] task_stop_exec     id=0x20016A38
[t=60,388,990us] task_start_exec    key id=0x20006160
[t=60,388,999us] task_stop_exec     key id=0x20006160
[t=60,389,003us] task_start_exec    ble id=0x200031DC
[t=60,389,025us] task_stop_exec     ble id=0x200031DC
[t=60,389,029us] task_start_exec    key id=0x20006160
[t=60,389,044us] task_stop_exec     key id=0x20006160
[t=60,389,048us] task_start_exec    id=0x20016A38
[t=60,389,052us] idle
[t=60,391,986us] task_stop_exec     id=0x20016A38
[t=60,391,990us] task_start_exec    ppg id=0x20002A60
[t=60,393,379us] task_stop_exec     ppg id=0x20002A60
[t=60,393,383us] task_start_exec    id=0x20016A38
[t=60,393,387us] idle
[t=60,393,913us] task_stop_exec     id=0x20016A38
[t=60,393,916us] task_start_exec    ppg id=0x20002A60
[t=60,393,941us] task_stop_exec     ppg id=0x20002A60
[t=60,393,944us] task_start_exec    id=0x20016A38
[t=60,393,948us] idle
[t=60,393,986us] task_stop_exec     id=0x20016A38
[t=60,393,990us] task_start_exec    ble id=0x200031DC
[t=60,394,012us] task_stop_exec     ble id=0x200031DC
[t=60,394,016us] task_start_exec    id=0x20016A38
[t=60,394,020us] idle
[t=60,398,986us] task_stop_exec     id=0x20016A38
[t=60,398,990us] task_start_exec    ble id=0x200031DC
[t=60,399,013us] task_stop_exec     ble id=0x200031DC
[t=60,399,016us] task_start_exec    id=0x20016A38
[t=60,399,020us] idle
[t=60,402,986us] task_stop_exec     id=0x20016A38
[t=60,402,990us] task_start_exec    ppg id=0x20002A60
[t=60,403,986us] task_stop_exec     ppg id=0x20002A60
[t=60,403,990us] task_start_exec    ble id=0x200031DC
[t=60,404,013us] task_stop_exec     ble id=0x200031DC
[t=60,404,017us] task_start_exec    ppg id=0x20002A60
[t=60,404,378us] task_stop_exec     ppg id=0x20002A60
[t=60,404,382us] task_start_exec    id=0x20016A38
[t=60,404,386us] idle
[t=60,404,912us] task_stop_exec     id=0x20016A38
[t=60,404,915us] task_start_exec    ppg id=0x20002A60
[t=60,404,940us] task_stop_exec     ppg id=0x20002A60
[t=60,404,944us] task_start_exec    id=0x20016A38
[t=60,404,947us] idle
[t=60,408,986us] task_stop_exec     id=0x20016A38
[t=60,408,990us] task_start_exec    key id=0x20006160
[t=60,408,999us] task_stop_exec     key id=0x20006160
[t=60,409,003us] task_start_exec    ble id=0x200031DC
[t=60,409,025us] task_stop_exec     ble id=0x200031DC
[t=60,409,029us] task_start_exec    key id=0x20006160
[t=60,409,044us] task_stop_exec     key id=0x20006160
[t=60,409,048us] task_start_exec    id=0x20016A38
[t=60,409,052us] idle
[t=60,413,986us] task_stop_exec     id=0x20016A38
[t=60,413,990us] task_start_exec    ppg id=0x20002A60
[t=60,413,999us] task_stop_exec     ppg id=0x20002A60
[t=60,414,003us] task_start_exec    ble id=0x200031DC
[t=60,414,025us] task_stop_exec     ble id=0x200031DC
[t=60,414,029us] task_start_exec    ppg id=0x20002A60
[t=60,415,416us] task_stop_exec     ppg id=0x20002A60
[t=60,415,420us] task_start_exec    id=0x20016A38
[t=60,415,423us] idle
[t=60,415,949us] task_stop_exec     id=0x20016A38
[t=60,415,953us] task_start_exec    ppg id=0x20002A60
[t=60,415,977us] task_stop_exec     ppg id=0x20002A60
[t=60,415,981us] task_start_exec    id=0x20016A38
[t=60,415,985us] idle
[t=60,418,986us] task_stop_exec     id=0x20016A38
[t=60,418,990us] task_start_exec    ble id=0x200031DC
[t=60,419,012us] task_stop_exec     ble id=0x200031DC
[t=60,419,016us] task_start_exec    id=0x20016A38
[t=60,419,020us] idle
[t=60,423,986us] task_stop_exec     id=0x20016A38
[t=60,423,990us] task_start_exec    ble id=0x200031DC
[t=60,424,013us] task_stop_exec     ble id=0x200031DC
[t=60,424,017us] task_start_exec    id=0x20016A38
[t=60,424,020us] idle
[t=60,424,986us] task_stop_exec     id=0x20016A38
[t=60,424,990us] task_start_exec    ppg id=0x20002A60
[t=60,426,379us] task_stop_exec     ppg id=0x20002A60
[t=60,426,383us] task_start_exec    id=0x20016A38
[t=60,426,387us] idle
[t=60,426,912us] task_stop_exec     id=0x20016A38
[t=60,426,916us] task_start_exec    ppg id=0x20002A60
[t=60,426,940us] task_stop_exec     ppg id=0x20002A60
[t=60,426,944us] task_start_exec    id=0x20016A38
[t=60,426,948us] idle
[t=60,428,986us] task_stop_exec     id=0x20016A38
[t=60,428,990us] task_start_exec    key id=0x20006160
[t=60,428,999us] task_stop_exec     key id=0x20006160
[t=60,429,003us] task_start_exec    ble id=0x200031DC
[t=60,429,025us] task_stop_exec     ble id=0x200031DC
[t=60,429,029us] task_start_exec    key id=0x20006160
[t=60,429,044us] task_stop_exec     key id=0x20006160
[t=60,429,048us] task_start_exec    id=0x20016A38
[t=60,429,052us] idle
[t=60,433,986us] task_stop_exec     id=0x20016A38
[t=60,433,990us] task_start_exec    ble id=0x200031DC
[t=60,434,013us] task_stop_exec     ble id=0x200031DC
[t=60,434,017us] task_start_exec    id=0x20016A38
[t=60,434,020us] idle
[t=60,435,986us] task_stop_exec     id=0x20016A38
[t=60,435,990us] task_start_exec    ppg id=0x20002A60
[t=60,437,379us] task_stop_exec     ppg id=0x20002A60
[t=60,437,383us] task_start_exec    id=0x20016A38
[t=60,437,387us] idle
[t=60,437,912us] task_stop_exec     id=0x20016A38
[t=60,437,916us] task_start_exec    ppg id=0x20002A60
[t=60,437,940us] task_stop_exec     ppg id=0x20002A60
[t=60,437,944us] task_start_exec    id=0x20016A38
[t=60,437,948us] idle
[t=60,438,986us] task_stop_exec     id=0x20016A38
[t=60,438,990us] task_start_exec    ble id=0x200031DC
[t=60,439,012us] task_stop_exec     ble id=0x200031DC
[t=60,439,016us] task_start_exec    id=0x20016A38
[t=60,439,020us] idle
[t=60,443,986us] task_stop_exec     id=0x20016A38
[t=60,443,990us] task_start_exec    ble id=0x200031DC
[t=60,444,013us] task_stop_exec     ble id=0x200031DC
[t=60,444,017us] task_start_exec    id=0x20016A38
[t=60,444,020us] idle
[t=60,446,986us] task_stop_exec     id=0x20016A38
[t=60,446,990us] task_start_exec    ppg id=0x20002A60
[t=60,448,077us] task_stop_exec     ppg id=0x20002A60
[t=60,448,081us] task_start_exec    id=0x20016A38
[t=60,448,085us] idle
[t=60,448,986us] task_stop_exec     id=0x20016A38
[t=60,448,990us] task_start_exec    key id=0x20006160
[t=60,448,999us] task_stop_exec     key id=0x20006160
[t=60,449,003us] task_start_exec    ble id=0x200031DC
[t=60,449,025us] task_stop_exec     ble id=0x200031DC
[t=60,449,029us] task_start_exec    key id=0x20006160
[t=60,449,044us] task_stop_exec     key id=0x20006160
[t=60,449,048us] task_start_exec    id=0x20016A38
[t=60,449,052us] idle
[t=60,453,986us] task_stop_exec     id=0x20016A38
[t=60,453,990us] task_start_exec    ble id=0x200031DC
[t=60,454,013us] task_stop_exec     ble id=0x200031DC
[t=60,454,016us] task_start_exec    id=0x20016A38
[t=60,454,020us] idle
[t=60,457,986us] task_stop_exec     id=0x20016A38
[t=60,457,990us] task_start_exec    ppg id=0x20002A60
[t=60,458,986us] task_stop_exec     ppg id=0x20002A60
[t=60,458,990us] task_start_exec    ble id=0x200031DC
[t=60,459,013us] task_stop_exec     ble id=0x200031DC
[t=60,459,016us] task_start_exec    ppg id=0x20002A60
[t=60,459,379us] task_stop_exec     ppg id=0x20002A60
[t=60,459,383us] task_start_exec    id=0x20016A38
[t=60,459,387us] idle
[t=60,459,912us] task_stop_exec     id=0x20016A38
[t=60,459,916us] task_start_exec    ppg id=0x20002A60
[t=60,459,941us] task_stop_exec     ppg id=0x20002A60
[t=60,459,944us] task_start_exec    id=0x20016A38
[t=60,459,948us] idle
[t=60,463,986us] task_stop_exec     id=0x20016A38
[t=60,463,990us] task_start_exec    ble id=0x200031DC
[t=60,464,013us] task_stop_exec     ble id=0x200031DC
[t=60,464,017us] task_start_exec    id=0x20016A38
[t=60,464,020us] idle
[t=60,468,986us] task_stop_exec     id=0x20016A38
[t=60,468,990us] task_start_exec    key id=0x20006160
[t=60,468,999us] task_stop_exec     key id=0x20006160
[t=60,469,003us] task_start_exec    ppg id=0x20002A60
[t=60,469,012us] task_stop_exec     ppg id=0x20002A60
[t=60,469,016us] task_start_exec    ble id=0x200031DC
[t=60,469,037us] task_stop_exec     ble id=0x200031DC
[t=60,469,041us] task_start_exec    ppg id=0x20002A60
[t=60,470,427us] task_stop_exec     ppg id=0x20002A60
[t=60,470,431us] task_start_exec    key id=0x20006160
[t=60,470,447us] task_stop_exec     key id=0x20006160
[t=60,470,450us] task_start_exec    id=0x20016A38
[t=60,470,454us] idle
[t=60,470,961us] task_stop_exec     id=0x20016A38
[t=60,470,965us] task_start_exec    ppg id=0x20002A60
[t=60,470,993us] task_stop_exec     ppg id=0x20002A60
[t=60,470,997us] task_start_exec    id=0x20016A38
[t=60,471,000us] idle
[t=60,473,986us] task_stop_exec     id=0x20016A38
[t=60,473,990us] task_start_exec    ble id=0x200031DC
[t=60,474,012us] task_stop_exec     ble id=0x200031DC
[t=60,474,016us] task_start_exec    id=0x20016A38
[t=60,474,020us] idle
[t=60,478,986us] task_stop_exec     id=0x20016A38
[t=60,478,990us] task_start_exec    ble id=0x200031DC
[t=60,479,013us] task_stop_exec     ble id=0x200031DC
[t=60,479,016us] task_start_exec    id=0x20016A38
[t=60,479,020us] idle
[t=60,480,986us] task_stop_exec     id=0x20016A38
[t=60,480,990us] task_start_exec    ppg id=0x20002A60
[t=60,482,379us] task_stop_exec     ppg id=0x20002A60
[t=60,482,383us] task_start_exec    id=0x20016A38
[t=60,482,387us] idle
[t=60,482,912us] task_stop_exec     id=0x20016A38
[t=60,482,916us] task_start_exec    ppg id=0x20002A60
[t=60,482,940us] task_stop_exec     ppg id=0x20002A60
[t=60,482,944us] task_start_exec    id=0x20016A38
[t=60,482,948us] idle
[t=60,483,986us] task_stop_exec     id=0x20016A38
[t=60,483,990us] task_start_exec    ble id=0x200031DC
[t=60,484,012us] task_stop_exec     ble id=0x200031DC
[t=60,484,016us] task_start_exec    id=0x20016A38
[t=60,484,020us] idle
[t=60,488,986us] task_stop_exec     id=0x20016A38
[t=60,488,990us] task_start_exec    ble id=0x200031DC
[t=60,489,013us] task_stop_exec     ble id=0x200031DC
[t=60,489,017us] task_start_exec    id=0x20016A38
[t=60,489,020us] idle
[t=60,489,986us] task_stop_exec     id=0x20016A38
[t=60,489,990us] task_start_exec    key id=0x20006160
[t=60,490,008us] task_stop_exec     key id=0x20006160
[t=60,490,011us] task_start_exec    id=0x20016A38
[t=60,490,015us] idle
[t=60,491,986us] task_stop_exec     id=0x20016A38
[t=60,491,990us] task_start_exec    ppg id=0x20002A60
[t=60,493,378us] task_stop_exec     ppg id=0x20002A60
[t=60,493,382us] task_start_exec    id=0x20016A38
[t=60,493,386us] idle
[t=60,493,912us] task_stop_exec     id=0x20016A38
[t=60,493,915us] task_start_exec    ppg id=0x20002A60
[t=60,493,940us] task_stop_exec     ppg id=0x20002A60
[t=60,493,944us] task_start_exec    id=0x20016A38
[t=60,493,947us] idle
[t=60,493,986us] task_stop_exec     id=0x20016A38
[t=60,493,990us] task_start_exec    ble id=0x200031DC
[t=60,494,012us] task_stop_exec     ble id=0x200031DC
[t=60,494,016us] task_start_exec    id=0x20016A38
[t=60,494,020us] idle
[t=60,498,986us] task_stop_exec     id=0x20016A38
[t=60,498,990us] task_start_exec    ble id=0x200031DC
[t=60,499,013us] task_stop_exec     ble id=0x200031DC
[t=60,499,016us] task_start_exec    id=0x20016A38
[t=60,499,020us] idle
[t=60,502,986us] task_stop_exec     id=0x20016A38
[t=60,502,990us] task_start_exec    ppg id=0x20002A60
[t=60,503,986us] task_stop_exec     ppg id=0x20002A60
[t=60,503,990us] task_start_exec    ble id=0x200031DC
[t=60,504,013us] task_stop_exec     ble id=0x200031DC
[t=60,504,017us] task_start_exec    ppg id=0x20002A60
[t=60,504,378us] task_stop_exec     ppg id=0x20002A60
[t=60,504,382us] task_start_exec    id=0x20016A38
[t=60,504,386us] idle
[t=60,504,911us] task_stop_exec     id=0x20016A38
[t=60,504,915us] task_start_exec    ppg id=0x20002A60
[t=60,504,940us] task_stop_exec     ppg id=0x20002A60
[t=60,504,944us] task_start_exec    id=0x20016A38
[t=60,504,947us] idle
[t=60,508,986us] task_stop_exec     id=0x20016A38
[t=60,508,990us] task_start_exec    ble id=0x200031DC
[t=60,509,013us] task_stop_exec     ble id=0x200031DC
[t=60,509,017us] task_start_exec    id=0x20016A38
[t=60,509,020us] idle
[t=60,509,986us] task_stop_exec     id=0x20016A38
[t=60,509,990us] task_start_exec    key id=0x20006160
[t=60,510,008us] task_stop_exec     key id=0x20006160
[t=60,510,011us] task_start_exec    id=0x20016A38
[t=60,510,015us] idle
[t=60,513,986us] task_stop_exec     id=0x20016A38
[t=60,513,990us] task_start_exec    ppg id=0x20002A60
[t=60,513,999us] task_stop_exec     ppg id=0x20002A60
[t=60,514,003us] task_start_exec    ble id=0x200031DC
[t=60,514,025us] task_stop_exec     ble id=0x200031DC
[t=60,514,029us] task_start_exec    ppg id=0x20002A60
[t=60,515,114us] task_stop_exec     ppg id=0x20002A60
[t=60,515,118us] task_start_exec    id=0x20016A38
[t=60,515,122us] idle
[t=60,518,986us] task_stop_exec     id=0x20016A38
[t=60,518,990us] task_start_exec    ble id=0x200031DC
[t=60,519,012us] task_stop_exec     ble id=0x200031DC
[t=60,519,016us] task_start_exec    id=0x20016A38
[t=60,519,020us] idle
[t=60,523,986us] task_stop_exec     id=0x20016A38
[t=60,523,990us] task_start_exec    ble id=0x200031DC
[t=60,524,013us] task_stop_exec     ble id=0x200031DC
[t=60,524,016us] task_start_exec    id=0x20016A38
[t=60,524,020us] idle
[t=60,524,986us] task_stop_exec     id=0x20016A38
[t=60,524,990us] task_start_exec    ppg id=0x20002A60
[t=60,526,379us] task_stop_exec     ppg id=0x20002A60
[t=60,526,383us] task_start_exec    id=0x20016A38
[t=60,526,386us] idle
[t=60,526,912us] task_stop_exec     id=0x20016A38
[t=60,526,916us] task_start_exec    ppg id=0x20002A60
[t=60,526,940us] task_stop_exec     ppg id=0x20002A60
[t=60,526,944us] task_start_exec    id=0x20016A38
[t=60,526,948us] idle
[t=60,528,986us] task_stop_exec     id=0x20016A38
[t=60,528,990us] task_start_exec    ble id=0x200031DC
[t=60,529,013us] task_stop_exec     ble id=0x200031DC
[t=60,529,017us] task_start_exec    id=0x20016A38
[t=60,529,020us] idle
[t=60,529,986us] task_stop_exec     id=0x20016A38
[t=60,529,990us] task_start_exec    key id=0x20006160
[t=60,530,008us] task_stop_exec     key id=0x20006160
[t=60,530,011us] task_start_exec    id=0x20016A38
[t=60,530,015us] idle
[t=60,533,986us] task_stop_exec     id=0x20016A38
[t=60,533,990us] task_start_exec    ble id=0x200031DC
[t=60,534,013us] task_stop_exec     ble id=0x200031DC
[t=60,534,016us] task_start_exec    id=0x20016A38
[t=60,534,020us] idle
[t=60,535,986us] task_stop_exec     id=0x20016A38
[t=60,535,990us] task_start_exec    ppg id=0x20002A60
[t=60,537,379us] task_stop_exec     ppg id=0x20002A60
[t=60,537,383us] task_start_exec    id=0x20016A38
[t=60,537,387us] idle
[t=60,537,912us] task_stop_exec     id=0x20016A38
[t=60,537,916us] task_start_exec    ppg id=0x20002A60
[t=60,537,940us] task_stop_exec     ppg id=0x20002A60
[t=60,537,944us] task_start_exec    id=0x20016A38
[t=60,537,948us] idle
[t=60,538,986us] task_stop_exec     id=0x20016A38
[t=60,538,990us] task_start_exec    ble id=0x200031DC
[t=60,539,012us] task_stop_exec     ble id=0x200031DC
[t=60,539,016us] task_start_exec    id=0x20016A38
[t=60,539,020us] idle
[t=60,543,986us] task_stop_exec     id=0x20016A38
[t=60,543,990us] task_start_exec    ble id=0x200031DC
[t=60,544,013us] task_stop_exec     ble id=0x200031DC
[t=60,544,016us] task_start_exec    id=0x20016A38
[t=60,544,020us] idle
[t=60,546,986us] task_stop_exec     id=0x20016A38
[t=60,546,990us] task_start_exec    ppg id=0x20002A60
[t=60,548,378us] task_stop_exec     ppg id=0x20002A60
[t=60,548,383us] task_start_exec    id=0x20016A38
[t=60,548,386us] idle
[t=60,548,912us] task_stop_exec     id=0x20016A38
[t=60,548,915us] task_start_exec    ppg id=0x20002A60
[t=60,548,940us] task_stop_exec     ppg id=0x20002A60
[t=60,548,944us] task_start_exec    id=0x20016A38
[t=60,548,947us] idle
[t=60,548,987us] task_stop_exec     id=0x20016A38
[t=60,548,991us] task_start_exec    ble id=0x200031DC
[t=60,549,013us] task_stop_exec     ble id=0x200031DC
[t=60,549,017us] task_start_exec    id=0x20016A38
[t=60,549,021us] idle
[t=60,549,986us] task_stop_exec     id=0x20016A38
[t=60,549,990us] task_start_exec    key id=0x20006160
[t=60,550,008us] task_stop_exec     key id=0x20006160
[t=60,550,011us] task_start_exec    id=0x20016A38
[t=60,550,015us] idle
[t=60,553,986us] task_stop_exec     id=0x20016A38
[t=60,553,990us] task_start_exec    ble id=0x200031DC
[t=60,554,013us] task_stop_exec     ble id=0x200031DC
[t=60,554,016us] task_start_exec    id=0x20016A38
[t=60,554,020us] idle
[t=60,557,986us] task_stop_exec     id=0x20016A38
[t=60,557,990us] task_start_exec    ppg id=0x20002A60
[t=60,558,986us] task_stop_exec     ppg id=0x20002A60
[t=60,558,990us] task_start_exec    ble id=0x200031DC
[t=60,559,013us] task_stop_exec     ble id=0x200031DC
[t=60,559,017us] task_start_exec    ppg id=0x20002A60
[t=60,559,378us] task_stop_exec     ppg id=0x20002A60
[t=60,559,382us] task_start_exec    id=0x20016A38
[t=60,559,386us] idle
[t=60,559,911us] task_stop_exec     id=0x20016A38
[t=60,559,915us] task_start_exec    ppg id=0x20002A60
[t=60,559,940us] task_stop_exec     ppg id=0x20002A60
[t=60,559,943us] task_start_exec    id=0x20016A38
[t=60,559,947us] idle
[t=60,563,986us] task_stop_exec     id=0x20016A38
[t=60,563,990us] task_start_exec    ble id=0x200031DC
[t=60,564,013us] task_stop_exec     ble id=0x200031DC
[t=60,564,017us] task_start_exec    id=0x20016A38
[t=60,564,020us] idle
[t=60,568,986us] task_stop_exec     id=0x20016A38
[t=60,568,990us] task_start_exec    ppg id=0x20002A60
[t=60,568,999us] task_stop_exec     ppg id=0x20002A60
[t=60,569,003us] task_start_exec    ble id=0x200031DC
[t=60,569,025us] task_stop_exec     ble id=0x200031DC
[t=60,569,029us] task_start_exec    ppg id=0x20002A60
[t=60,570,415us] task_stop_exec     ppg id=0x20002A60
[t=60,570,419us] task_start_exec    key id=0x20006160
[t=60,570,434us] task_stop_exec     key id=0x20006160
[t=60,570,438us] task_start_exec    id=0x20016A38
[t=60,570,442us] idle
[t=60,570,949us] task_stop_exec     id=0x20016A38
[t=60,570,952us] task_start_exec    ppg id=0x20002A60
[t=60,570,977us] task_stop_exec     ppg id=0x20002A60
[t=60,570,981us] task_start_exec    id=0x20016A38
[t=60,570,984us] idle
[t=60,573,986us] task_stop_exec     id=0x20016A38
[t=60,573,990us] task_start_exec    ble id=0x200031DC
[t=60,574,012us] task_stop_exec     ble id=0x200031DC
[t=60,574,016us] task_start_exec    id=0x20016A38
[t=60,574,020us] idle
[t=60,578,986us] task_stop_exec     id=0x20016A38
[t=60,578,990us] task_start_exec    ble id=0x200031DC
[t=60,579,013us] task_stop_exec     ble id=0x200031DC
[t=60,579,016us] task_start_exec    id=0x20016A38
[t=60,579,020us] idle
[t=60,579,986us] task_stop_exec     id=0x20016A38
[t=60,579,990us] task_start_exec    ppg id=0x20002A60
[t=60,581,078us] task_stop_exec     ppg id=0x20002A60
[t=60,581,082us] task_start_exec    id=0x20016A38
[t=60,581,086us] idle
[t=60,583,987us] task_stop_exec     id=0x20016A38
[t=60,583,991us] task_start_exec    ble id=0x200031DC
[t=60,584,013us] task_stop_exec     ble id=0x200031DC
[t=60,584,017us] task_start_exec    id=0x20016A38
[t=60,584,020us] idle
[t=60,588,986us] task_stop_exec     id=0x20016A38
[t=60,588,990us] task_start_exec    ble id=0x200031DC
[t=60,589,013us] task_stop_exec     ble id=0x200031DC
[t=60,589,017us] task_start_exec    id=0x20016A38
[t=60,589,020us] idle
[t=60,589,986us] task_stop_exec     id=0x20016A38
[t=60,589,990us] task_start_exec    key id=0x20006160
[t=60,590,008us] task_stop_exec     key id=0x20006160
[t=60,590,011us] task_start_exec    id=0x20016A38
[t=60,590,015us] idle
[t=60,590,986us] task_stop_exec     id=0x20016A38
[t=60,590,990us] task_start_exec    ppg id=0x20002A60
[t=60,592,379us] task_stop_exec     ppg id=0x20002A60
[t=60,592,383us] task_start_exec    id=0x20016A38
[t=60,592,386us] idle
[t=60,592,912us] task_stop_exec     id=0x20016A38
[t=60,592,916us] task_start_exec    ppg id=0x20002A60
[t=60,592,940us] task_stop_exec     ppg id=0x20002A60
[t=60,592,944us] task_start_exec    id=0x20016A38
[t=60,592,948us] idle
[t=60,593,986us] task_stop_exec     id=0x20016A38
[t=60,593,990us] task_start_exec    ble id=0x200031DC
[t=60,594,012us] task_stop_exec     ble id=0x200031DC
[t=60,594,016us] task_start_exec    id=0x20016A38
[t=60,594,020us] idle
[t=60,598,986us] task_stop_exec     id=0x20016A38
[t=60,598,990us] task_start_exec    ble id=0x200031DC
[t=60,599,013us] task_stop_exec     ble id=0x200031DC
[t=60,599,016us] task_start_exec    id=0x20016A38
[t=60,599,020us] idle
[t=60,601,986us] task_stop_exec     id=0x20016A38
[t=60,601,990us] task_start_exec    ppg id=0x20002A60
[t=60,603,379us] task_stop_exec     ppg id=0x20002A60
[t=60,603,383us] task_start_exec    id=0x20016A38
[t=60,603,387us] idle
[t=60,603,913us] task_stop_exec     id=0x20016A38
[t=60,603,916us] task_start_exec    ppg id=0x20002A60
[t=60,603,941us] task_stop_exec     ppg id=0x20002A60
[t=60,603,945us] task_start_exec    id=0x20016A38
[t=60,603,948us] idle
[t=60,603,986us] task_stop_exec     id=0x20016A38
[t=60,603,990us] task_start_exec    ble id=0x200031DC
[t=60,604,012us] task_stop_exec     ble id=0x200031DC
[t=60,604,016us] task_start_exec    id=0x20016A38
[t=60,604,020us] idle
[t=60,608,986us] task_stop_exec     id=0x20016A38
[t=60,608,990us] task_start_exec    ble id=0x200031DC
[t=60,609,013us] task_stop_exec     ble id=0x200031DC
[t=60,609,017us] task_start_exec    id=0x20016A38
[t=60,609,020us] idle
[t=60,609,986us] task_stop_exec     id=0x20016A38
[t=60,609,990us] task_start_exec    key id=0x20006160
[t=60,610,008us] task_stop_exec     key id=0x20006160
[t=60,610,011us] task_start_exec    id=0x20016A38
[t=60,610,015us] idle
[t=60,612,986us] task_stop_exec     id=0x20016A38
[t=60,612,990us] task_start_exec    ppg id=0x20002A60
[t=60,613,986us] task_stop_exec     ppg id=0x20002A60
[t=60,613,990us] task_start_exec    ble id=0x200031DC
[t=60,614,013us] task_stop_exec     ble id=0x200031DC
[t=60,614,017us] task_start_exec    ppg id=0x20002A60
[t=60,614,378us] task_stop_exec     ppg id=0x20002A60
[t=60,614,382us] task_start_exec    id=0x20016A38
[t=60,614,386us] idle
[t=60,614,912us] task_stop_exec     id=0x20016A38
[t=60,614,915us] task_start_exec    ppg id=0x20002A60
[t=60,614,940us] task_stop_exec     ppg id=0x20002A60
[t=60,614,944us] task_start_exec    id=0x20016A38
[t=60,614,947us] idle
[t=60,618,987us] task_stop_exec     id=0x20016A38
[t=60,618,991us] task_start_exec    ble id=0x200031DC
[t=60,619,013us] task_stop_exec     ble id=0x200031DC
[t=60,619,017us] task_start_exec    id=0x20016A38
[t=60,619,021us] idle
[t=60,623,986us] task_stop_exec     id=0x20016A38
[t=60,623,990us] task_start_exec    ppg id=0x20002A60
[t=60,623,999us] task_stop_exec     ppg id=0x20002A60
[t=60,624,003us] task_start_exec    ble id=0x200031DC
[t=60,624,025us] task_stop_exec     ble id=0x200031DC
[t=60,624,029us] task_start_exec    ppg id=0x20002A60
[t=60,625,416us] task_stop_exec     ppg id=0x20002A60
[t=60,625,421us] task_start_exec    id=0x20016A38
[t=60,625,424us] idle
[t=60,625,950us] task_stop_exec     id=0x20016A38
[t=60,625,954us] task_start_exec    ppg id=0x20002A60
[t=60,625,978us] task_stop_exec     ppg id=0x20002A60
[t=60,625,982us] task_start_exec    id=0x20016A38
[t=60,625,986us] idle
[t=60,628,986us] task_stop_exec     id=0x20016A38
[t=60,628,990us] task_start_exec    ble id=0x200031DC
[t=60,629,013us] task_stop_exec     ble id=0x200031DC
[t=60,629,017us] task_start_exec    id=0x20016A38
[t=60,629,020us] idle
[t=60,629,986us] task_stop_exec     id=0x20016A38
[t=60,629,990us] task_start_exec    key id=0x20006160
[t=60,630,008us] task_stop_exec     key id=0x20006160
[t=60,630,011us] task_start_exec    id=0x20016A38
[t=60,630,015us] idle
[t=60,633,986us] task_stop_exec     id=0x20016A38
[t=60,633,990us] task_start_exec    ble id=0x200031DC
[t=60,634,013us] task_stop_exec     ble id=0x200031DC
[t=60,634,016us] task_start_exec    id=0x20016A38
[t=60,634,020us] idle
[t=60,634,986us] task_stop_exec     id=0x20016A38
[t=60,634,990us] task_start_exec    ppg id=0x20002A60
[t=60,636,379us] task_stop_exec     ppg id=0x20002A60
[t=60,636,383us] task_start_exec    id=0x20016A38
[t=60,636,387us] idle
[t=60,636,912us] task_stop_exec     id=0x20016A38
[t=60,636,916us] task_start_exec    ppg id=0x20002A60
[t=60,636,940us] task_stop_exec     ppg id=0x20002A60
[t=60,636,944us] task_start_exec    id=0x20016A38
[t=60,636,948us] idle
[t=60,638,986us] task_stop_exec     id=0x20016A38
[t=60,638,990us] task_start_exec    ble id=0x200031DC
[t=60,639,012us] task_stop_exec     ble id=0x200031DC
[t=60,639,016us] task_start_exec    id=0x20016A38
[t=60,639,020us] idle
[t=60,643,986us] task_stop_exec     id=0x20016A38
[t=60,643,990us] task_start_exec    ble id=0x200031DC
[t=60,644,013us] task_stop_exec     ble id=0x200031DC
[t=60,644,016us] task_start_exec    id=0x20016A38
[t=60,644,020us] idle
[t=60,645,986us] task_stop_exec     id=0x20016A38
[t=60,645,990us] task_start_exec    ppg id=0x20002A60
[t=60,647,079us] task_stop_exec     ppg id=0x20002A60
[t=60,647,083us] task_start_exec    id=0x20016A38
[t=60,647,086us] idle
[t=60,648,986us] task_stop_exec     id=0x20016A38
[t=60,648,990us] task_start_exec    ble id=0x200031DC
[t=60,649,013us] task_stop_exec     ble id=0x200031DC
[t=60,649,016us] task_start_exec    id=0x20016A38
[t=60,649,020us] idle
[t=60,649,986us] task_stop_exec     id=0x20016A38
[t=60,649,990us] task_start_exec    key id=0x20006160
[t=60,650,008us] task_stop_exec     key id=0x20006160
[t=60,650,011us] task_start_exec    id=0x20016A38
[t=60,650,015us] idle
[t=60,653,987us] task_stop_exec     id=0x20016A38
[t=60,653,991us] task_start_exec    ble id=0x200031DC
[t=60,654,013us] task_stop_exec     ble id=0x200031DC
[t=60,654,017us] task_start_exec    id=0x20016A38
[t=60,654,021us] idle
[t=60,656,986us] task_stop_exec     id=0x20016A38
[t=60,656,990us] task_start_exec    ppg id=0x20002A60
[t=60,658,379us] task_stop_exec     ppg id=0x20002A60
[t=60,658,383us] task_start_exec    id=0x20016A38
[t=60,658,387us] idle
[t=60,658,913us] task_stop_exec     id=0x20016A38
[t=60,658,916us] task_start_exec    ppg id=0x20002A60
[t=60,658,941us] task_stop_exec     ppg id=0x20002A60
[t=60,658,945us] task_start_exec    id=0x20016A38
[t=60,658,948us] idle
[t=60,658,986us] task_stop_exec     id=0x20016A38
[t=60,658,990us] task_start_exec    ble id=0x200031DC
[t=60,659,012us] task_stop_exec     ble id=0x200031DC
[t=60,659,016us] task_start_exec    id=0x20016A38
[t=60,659,020us] idle
[t=60,663,986us] task_stop_exec     id=0x20016A38
[t=60,663,990us] task_start_exec    ble id=0x200031DC
[t=60,664,013us] task_stop_exec     ble id=0x200031DC
[t=60,664,016us] task_start_exec    id=0x20016A38
[t=60,664,020us] idle
[t=60,667,986us] task_stop_exec     id=0x20016A38
[t=60,667,990us] task_start_exec    ppg id=0x20002A60
[t=60,668,986us] task_stop_exec     ppg id=0x20002A60
[t=60,668,990us] task_start_exec    ble id=0x200031DC
[t=60,669,013us] task_stop_exec     ble id=0x200031DC
[t=60,669,017us] task_start_exec    ppg id=0x20002A60
[t=60,669,378us] task_stop_exec     ppg id=0x20002A60
[t=60,669,382us] task_start_exec    id=0x20016A38
[t=60,669,386us] idle
[t=60,669,912us] task_stop_exec     id=0x20016A38
[t=60,669,915us] task_start_exec    ppg id=0x20002A60
[t=60,669,940us] task_stop_exec     ppg id=0x20002A60
[t=60,669,944us] task_start_exec    id=0x20016A38
[t=60,669,948us] idle
[t=60,669,986us] task_stop_exec     id=0x20016A38
[t=60,669,990us] task_start_exec    key id=0x20006160
[t=60,670,007us] task_stop_exec     key id=0x20006160
[t=60,670,011us] task_start_exec    id=0x20016A38
[t=60,670,015us] idle
[t=60,673,986us] task_stop_exec     id=0x20016A38
[t=60,673,990us] task_start_exec    ble id=0x200031DC
[t=60,674,013us] task_stop_exec     ble id=0x200031DC
[t=60,674,017us] task_start_exec    id=0x20016A38
[t=60,674,020us] idle
[t=60,678,986us] task_stop_exec     id=0x20016A38
[t=60,678,990us] task_start_exec    ppg id=0x20002A60
[t=60,678,999us] task_stop_exec     ppg id=0x20002A60
[t=60,679,003us] task_start_exec    ble id=0x200031DC
[t=60,679,025us] task_stop_exec     ble id=0x200031DC
[t=60,679,029us] task_start_exec    ppg id=0x20002A60
[t=60,680,416us] task_stop_exec     ppg id=0x20002A60
[t=60,680,420us] task_start_exec    id=0x20016A38
[t=60,680,423us] idle
[t=60,680,949us] task_stop_exec     id=0x20016A38
[t=60,680,953us] task_start_exec    ppg id=0x20002A60
[t=60,680,977us] task_stop_exec     ppg id=0x20002A60
[t=60,680,981us] task_start_exec    id=0x20016A38
[t=60,680,984us] idle
[t=60,683,986us] task_stop_exec     id=0x20016A38
[t=60,683,990us] task_start_exec    ble id=0x200031DC
[t=60,684,012us] task_stop_exec     ble id=0x200031DC
[t=60,684,016us] task_start_exec    id=0x20016A38
[t=60,684,020us] idle
[t=60,688,987us] task_stop_exec     id=0x20016A38
[t=60,688,991us] task_start_exec    ble id=0x200031DC
[t=60,689,014us] task_stop_exec     ble id=0x200031DC
[t=60,689,017us] task_start_exec    id=0x20016A38
[t=60,689,021us] idle
[t=60,689,986us] task_stop_exec     id=0x20016A38
[t=60,689,990us] task_start_exec    key id=0x20006160
[t=60,689,999us] task_stop_exec     key id=0x20006160
[t=60,690,003us] task_start_exec    ppg id=0x20002A60
[t=60,691,391us] task_stop_exec     ppg id=0x20002A60
[t=60,691,395us] task_start_exec    key id=0x20006160
[t=60,691,411us] task_stop_exec     key id=0x20006160
[t=60,691,414us] task_start_exec    id=0x20016A38
[t=60,691,418us] idle
[t=60,691,925us] task_stop_exec     id=0x20016A38
[t=60,691,929us] task_start_exec    ppg id=0x20002A60
[t=60,691,953us] task_stop_exec     ppg id=0x20002A60
[t=60,691,957us] task_start_exec    id=0x20016A38
[t=60,691,961us] idle
[t=60,693,986us] task_stop_exec     id=0x20016A38
[t=60,693,990us] task_start_exec    ble id=0x200031DC
[t=60,694,012us] task_stop_exec     ble id=0x200031DC
[t=60,694,016us] task_start_exec    id=0x20016A38
[t=60,694,020us] idle
[t=60,698,986us] task_stop_exec     id=0x20016A38
[t=60,698,990us] task_start_exec    ble id=0x200031DC
[t=60,699,013us] task_stop_exec     ble id=0x200031DC
[t=60,699,016us] task_start_exec    id=0x20016A38
[t=60,699,020us] idle
[t=60,700,986us] task_stop_exec     id=0x20016A38
[t=60,700,990us] task_start_exec    ppg id=0x20002A60
[t=60,702,379us] task_stop_exec     ppg id=0x20002A60
[t=60,702,383us] task_start_exec    id=0x20016A38
[t=60,702,387us] idle
[t=60,702,912us] task_stop_exec     id=0x20016A38
[t=60,702,916us] task_start_exec    ppg id=0x20002A60
[t=60,702,940us] task_stop_exec     ppg id=0x20002A60
[t=60,702,944us] task_start_exec    id=0x20016A38
[t=60,702,948us] idle
[t=60,703,986us] task_stop_exec     id=0x20016A38
[t=60,703,990us] task_start_exec    ble id=0x200031DC
[t=60,704,012us] task_stop_exec     ble id=0x200031DC
[t=60,704,016us] task_start_exec    id=0x20016A38
[t=60,704,020us] idle
[t=60,708,986us] task_stop_exec     id=0x20016A38
[t=60,708,990us] task_start_exec    ble id=0x200031DC
[t=60,709,013us] task_stop_exec     ble id=0x200031DC
[t=60,709,017us] task_start_exec    id=0x20016A38
[t=60,709,020us] idle
[t=60,710,986us] task_stop_exec     id=0x20016A38
[t=60,710,990us] task_start_exec    key id=0x20006160
[t=60,711,008us] task_stop_exec     key id=0x20006160
[t=60,711,011us] task_start_exec    id=0x20016A38
[t=60,711,015us] idle
[t=60,711,986us] task_stop_exec     id=0x20016A38
[t=60,711,990us] task_start_exec    ppg id=0x20002A60
[t=60,713,077us] task_stop_exec     ppg id=0x20002A60
[t=60,713,081us] task_start_exec    id=0x20016A38
[t=60,713,085us] idle
[t=60,713,986us] task_stop_exec     id=0x20016A38
[t=60,713,990us] task_start_exec    ble id=0x200031DC
[t=60,714,012us] task_stop_exec     ble id=0x200031DC
[t=60,714,016us] task_start_exec    id=0x20016A38
[t=60,714,020us] idle
[t=60,718,986us] task_stop_exec     id=0x20016A38
[t=60,718,990us] task_start_exec    ble id=0x200031DC
[t=60,719,013us] task_stop_exec     ble id=0x200031DC
[t=60,719,016us] task_start_exec    id=0x20016A38
[t=60,719,020us] idle
[t=60,722,986us] task_stop_exec     id=0x20016A38
[t=60,722,990us] task_start_exec    ppg id=0x20002A60
[t=60,723,986us] task_stop_exec     ppg id=0x20002A60
[t=60,723,990us] task_start_exec    ble id=0x200031DC
[t=60,724,013us] task_stop_exec     ble id=0x200031DC
[t=60,724,016us] task_start_exec    ppg id=0x20002A60
[t=60,724,378us] task_stop_exec     ppg id=0x20002A60
[t=60,724,382us] task_start_exec    id=0x20016A38
[t=60,724,386us] idle
[t=60,724,911us] task_stop_exec     id=0x20016A38
[t=60,724,915us] task_start_exec    ppg id=0x20002A60
[t=60,724,940us] task_stop_exec     ppg id=0x20002A60
[t=60,724,944us] task_start_exec    id=0x20016A38
[t=60,724,947us] idle
[t=60,728,986us] task_stop_exec     id=0x20016A38
[t=60,728,990us] task_start_exec    ble id=0x200031DC
[t=60,729,013us] task_stop_exec     ble id=0x200031DC
[t=60,729,017us] task_start_exec    id=0x20016A38
[t=60,729,020us] idle
[t=60,730,986us] task_stop_exec     id=0x20016A38
[t=60,730,990us] task_start_exec    key id=0x20006160
[t=60,731,007us] task_stop_exec     key id=0x20006160
[t=60,731,011us] task_start_exec    id=0x20016A38
[t=60,731,015us] idle
[t=60,733,986us] task_stop_exec     id=0x20016A38
[t=60,733,990us] task_start_exec    ppg id=0x20002A60
[t=60,733,999us] task_stop_exec     ppg id=0x20002A60
[t=60,734,003us] task_start_exec    ble id=0x200031DC
[t=60,734,025us] task_stop_exec     ble id=0x200031DC
[t=60,734,029us] task_start_exec    ppg id=0x20002A60
[t=60,735,415us] task_stop_exec     ppg id=0x20002A60
[t=60,735,419us] task_start_exec    id=0x20016A38
[t=60,735,423us] idle
[t=60,735,949us] task_stop_exec     id=0x20016A38
[t=60,735,952us] task_start_exec    ppg id=0x20002A60
[t=60,735,977us] task_stop_exec     ppg id=0x20002A60
[t=60,735,981us] task_start_exec    id=0x20016A38
[t=60,735,984us] idle
[t=60,738,986us] task_stop_exec     id=0x20016A38
[t=60,738,990us] task_start_exec    ble id=0x200031DC
[t=60,739,012us] task_stop_exec     ble id=0x200031DC
[t=60,739,016us] task_start_exec    id=0x20016A38
[t=60,739,020us] idle
[t=60,743,986us] task_stop_exec     id=0x20016A38
[t=60,743,990us] task_start_exec    ble id=0x200031DC
[t=60,744,013us] task_stop_exec     ble id=0x200031DC
[t=60,744,016us] task_start_exec    id=0x20016A38
[t=60,744,020us] idle
[t=60,744,986us] task_stop_exec     id=0x20016A38
[t=60,744,990us] task_start_exec    ppg id=0x20002A60
[t=60,746,379us] task_stop_exec     ppg id=0x20002A60
[t=60,746,383us] task_start_exec    id=0x20016A38
[t=60,746,387us] idle
[t=60,746,912us] task_stop_exec     id=0x20016A38
[t=60,746,916us] task_start_exec    ppg id=0x20002A60
[t=60,746,940us] task_stop_exec     ppg id=0x20002A60
[t=60,746,944us] task_start_exec    id=0x20016A38
[t=60,746,948us] idle
[t=60,748,986us] task_stop_exec     id=0x20016A38
[t=60,748,990us] task_start_exec    ble id=0x200031DC
[t=60,749,013us] task_stop_exec     ble id=0x200031DC
[t=60,749,017us] task_start_exec    id=0x20016A38
[t=60,749,020us] idle
[t=60,750,986us] task_stop_exec     id=0x20016A38
[t=60,750,990us] task_start_exec    key id=0x20006160
[t=60,751,007us] task_stop_exec     key id=0x20006160
[t=60,751,011us] task_start_exec    id=0x20016A38
[t=60,751,015us] idle
[t=60,753,986us] task_stop_exec     id=0x20016A38
[t=60,753,990us] task_start_exec    ble id=0x200031DC
[t=60,754,013us] task_stop_exec     ble id=0x200031DC
[t=60,754,016us] task_start_exec    id=0x20016A38
[t=60,754,020us] idle
[t=60,755,986us] task_stop_exec     id=0x20016A38
[t=60,755,990us] task_start_exec    ppg id=0x20002A60
[t=60,757,379us] task_stop_exec     ppg id=0x20002A60
[t=60,757,383us] task_start_exec    id=0x20016A38
[t=60,757,387us] idle
[t=60,757,912us] task_stop_exec     id=0x20016A38
[t=60,757,916us] task_start_exec    ppg id=0x20002A60
[t=60,757,940us] task_stop_exec     ppg id=0x20002A60
[t=60,757,944us] task_start_exec    id=0x20016A38
[t=60,757,948us] idle
[t=60,758,986us] task_stop_exec     id=0x20016A38
[t=60,758,990us] task_start_exec    ble id=0x200031DC
[t=60,759,012us] task_stop_exec     ble id=0x200031DC
[t=60,759,016us] task_start_exec    id=0x20016A38
[t=60,759,020us] idle
[t=60,763,986us] task_stop_exec     id=0x20016A38
[t=60,763,990us] task_start_exec    ble id=0x200031DC
[t=60,764,013us] task_stop_exec     ble id=0x200031DC
[t=60,764,016us] task_start_exec    id=0x20016A38
[t=60,764,020us] idle
[t=60,766,986us] task_stop_exec     id=0x20016A38
[t=60,766,990us] task_start_exec    ppg id=0x20002A60
[t=60,768,078us] task_stop_exec     ppg id=0x20002A60
[t=60,768,082us] task_start_exec    id=0x20016A38
[t=60,768,085us] idle
[t=60,768,986us] task_stop_exec     id=0x20016A38
[t=60,768,990us] task_start_exec    ble id=0x200031DC
[t=60,769,013us] task_stop_exec     ble id=0x200031DC
[t=60,769,017us] task_start_exec    id=0x20016A38
[t=60,769,020us] idle
[t=60,770,986us] task_stop_exec     id=0x20016A38
[t=60,770,990us] task_start_exec    key id=0x20006160
[t=60,771,007us] task_stop_exec     key id=0x20006160
[t=60,771,011us] task_start_exec    id=0x20016A38
[t=60,771,015us] idle
[t=60,773,986us] task_stop_exec     id=0x20016A38
[t=60,773,990us] task_start_exec    ble id=0x200031DC
[t=60,774,013us] task_stop_exec     ble id=0x200031DC
[t=60,774,016us] task_start_exec    id=0x20016A38
[t=60,774,020us] idle
[t=60,777,986us] task_stop_exec     id=0x20016A38
[t=60,777,990us] task_start_exec    ppg id=0x20002A60
[t=60,778,986us] task_stop_exec     ppg id=0x20002A60
[t=60,778,990us] task_start_exec    ble id=0x200031DC
[t=60,779,013us] task_stop_exec     ble id=0x200031DC
[t=60,779,016us] task_start_exec    ppg id=0x20002A60
[t=60,779,378us] task_stop_exec     ppg id=0x20002A60
[t=60,779,382us] task_start_exec    id=0x20016A38
[t=60,779,386us] idle
[t=60,780,181us] task_stop_exec     id=0x20016A38
[t=60,780,185us] task_start_exec    ppg id=0x20002A60
[t=60,780,210us] task_stop_exec     ppg id=0x20002A60
[t=60,780,214us] task_start_exec    id=0x20016A38
[t=60,780,218us] idle
[t=60,783,986us] task_stop_exec     id=0x20016A38
[t=60,783,990us] task_start_exec    ble id=0x200031DC
[t=60,784,012us] task_stop_exec     ble id=0x200031DC
[t=60,784,016us] task_start_exec    id=0x20016A38
[t=60,784,020us] idle
[t=60,788,986us] task_stop_exec     id=0x20016A38
[t=60,788,990us] task_start_exec    ble id=0x200031DC
[t=60,789,013us] task_stop_exec     ble id=0x200031DC
[t=60,789,017us] task_start_exec    id=0x20016A38
[t=60,789,020us] idle
[t=60,789,986us] task_stop_exec     id=0x20016A38
[t=60,789,990us] task_start_exec    ppg id=0x20002A60
[t=60,791,077us] task_stop_exec     ppg id=0x20002A60
[t=60,791,081us] task_start_exec    key id=0x20006160
[t=60,791,096us] task_stop_exec     key id=0x20006160
[t=60,791,100us] task_start_exec    id=0x20016A38
[t=60,791,104us] idle
[t=60,793,986us] task_stop_exec     id=0x20016A38
[t=60,793,990us] task_start_exec    ble id=0x200031DC
[t=60,794,012us] task_stop_exec     ble id=0x200031DC
[t=60,794,016us] task_start_exec    id=0x20016A38
[t=60,794,020us] idle
[t=60,798,986us] task_stop_exec     id=0x20016A38
[t=60,798,990us] task_start_exec    ble id=0x200031DC
[t=60,799,013us] task_stop_exec     ble id=0x200031DC
[t=60,799,016us] task_start_exec    id=0x20016A38
[t=60,799,020us] idle
[t=60,800,986us] task_stop_exec     id=0x20016A38
[t=60,800,990us] task_start_exec    ppg id=0x20002A60
[t=60,802,379us] task_stop_exec     ppg id=0x20002A60
[t=60,802,383us] task_start_exec    id=0x20016A38
[t=60,802,386us] idle
[t=60,803,182us] task_stop_exec     id=0x20016A38
[t=60,803,186us] task_start_exec    ppg id=0x20002A60
[t=60,803,213us] task_stop_exec     ppg id=0x20002A60
[t=60,803,217us] task_start_exec    id=0x20016A38
[t=60,803,221us] idle
[t=60,803,986us] task_stop_exec     id=0x20016A38
[t=60,803,990us] task_start_exec    ble id=0x200031DC
[t=60,804,012us] task_stop_exec     ble id=0x200031DC
[t=60,804,016us] task_start_exec    id=0x20016A38
[t=60,804,020us] idle
[t=60,808,986us] task_stop_exec     id=0x20016A38
[t=60,808,990us] task_start_exec    ble id=0x200031DC
[t=60,809,013us] task_stop_exec     ble id=0x200031DC
[t=60,809,017us] task_start_exec    id=0x20016A38
[t=60,809,020us] idle
[t=60,810,986us] task_stop_exec     id=0x20016A38
[t=60,810,990us] task_start_exec    key id=0x20006160
[t=60,811,007us] task_stop_exec     key id=0x20006160
[t=60,811,011us] task_start_exec    id=0x20016A38
[t=60,811,015us] idle
[t=60,812,986us] task_stop_exec     id=0x20016A38
[t=60,812,990us] task_start_exec    ppg id=0x20002A60
[t=60,813,986us] task_stop_exec     ppg id=0x20002A60
[t=60,813,990us] task_start_exec    ble id=0x200031DC
[t=60,814,013us] task_stop_exec     ble id=0x200031DC
[t=60,814,017us] task_start_exec    ppg id=0x20002A60
[t=60,814,378us] task_stop_exec     ppg id=0x20002A60
[t=60,814,382us] task_start_exec    id=0x20016A38
[t=60,814,386us] idle
[t=60,814,911us] task_stop_exec     id=0x20016A38
[t=60,814,915us] task_start_exec    ppg id=0x20002A60
[t=60,814,940us] task_stop_exec     ppg id=0x20002A60
[t=60,814,943us] task_start_exec    id=0x20016A38
[t=60,814,947us] idle
[t=60,818,986us] task_stop_exec     id=0x20016A38
[t=60,818,990us] task_start_exec    ble id=0x200031DC
[t=60,819,013us] task_stop_exec     ble id=0x200031DC
[t=60,819,017us] task_start_exec    id=0x20016A38
[t=60,819,020us] idle
[t=60,823,986us] task_stop_exec     id=0x20016A38
[t=60,823,990us] task_start_exec    ppg id=0x20002A60
[t=60,823,999us] task_stop_exec     ppg id=0x20002A60
[t=60,824,003us] task_start_exec    ble id=0x200031DC
[t=60,824,025us] task_stop_exec     ble id=0x200031DC
[t=60,824,029us] task_start_exec    ppg id=0x20002A60
[t=60,825,415us] task_stop_exec     ppg id=0x20002A60
[t=60,825,419us] task_start_exec    id=0x20016A38
[t=60,825,423us] idle
[t=60,825,948us] task_stop_exec     id=0x20016A38
[t=60,825,952us] task_start_exec    ppg id=0x20002A60
[t=60,825,977us] task_stop_exec     ppg id=0x20002A60
[t=60,825,980us] task_start_exec    id=0x20016A38
[t=60,825,984us] idle
[t=60,828,986us] task_stop_exec     id=0x20016A38
[t=60,828,990us] task_start_exec    ble id=0x200031DC
[t=60,829,013us] task_stop_exec     ble id=0x200031DC
[t=60,829,017us] task_start_exec    id=0x20016A38
[t=60,829,020us] idle
[t=60,830,986us] task_stop_exec     id=0x20016A38
[t=60,830,990us] task_start_exec    key id=0x20006160
[t=60,831,007us] task_stop_exec     key id=0x20006160
[t=60,831,011us] task_start_exec    id=0x20016A38
[t=60,831,015us] idle
[t=60,833,986us] task_stop_exec     id=0x20016A38
[t=60,833,990us] task_start_exec    ble id=0x200031DC
[t=60,834,013us] task_stop_exec     ble id=0x200031DC
[t=60,834,016us] task_start_exec    id=0x20016A38
[t=60,834,020us] idle
[t=60,834,986us] task_stop_exec     id=0x20016A38
[t=60,834,990us] task_start_exec    ppg id=0x20002A60
[t=60,836,379us] task_stop_exec     ppg id=0x20002A60
[t=60,836,383us] task_start_exec    id=0x20016A38
[t=60,836,386us] idle
[t=60,836,912us] task_stop_exec     id=0x20016A38
[t=60,836,916us] task_start_exec    ppg id=0x20002A60
[t=60,836,940us] task_stop_exec     ppg id=0x20002A60
[t=60,836,944us] task_start_exec    id=0x20016A38
[t=60,836,948us] idle
[t=60,838,986us] task_stop_exec     id=0x20016A38
[t=60,838,990us] task_start_exec    ble id=0x200031DC
[t=60,839,012us] task_stop_exec     ble id=0x200031DC
[t=60,839,016us] task_start_exec    id=0x20016A38
[t=60,839,020us] idle
[t=60,843,986us] task_stop_exec     id=0x20016A38
[t=60,843,990us] task_start_exec    ble id=0x200031DC
[t=60,844,013us] task_stop_exec     ble id=0x200031DC
[t=60,844,016us] task_start_exec    id=0x20016A38
[t=60,844,020us] idle
[t=60,845,986us] task_stop_exec     id=0x20016A38
[t=60,845,990us] task_start_exec    ppg id=0x20002A60
[t=60,847,078us] task_stop_exec     ppg id=0x20002A60
[t=60,847,082us] task_start_exec    id=0x20016A38
[t=60,847,085us] idle
[t=60,848,986us] task_stop_exec     id=0x20016A38
[t=60,848,990us] task_start_exec    ble id=0x200031DC
[t=60,849,013us] task_stop_exec     ble id=0x200031DC
[t=60,849,017us] task_start_exec    id=0x20016A38
[t=60,849,020us] idle
[t=60,850,986us] task_stop_exec     id=0x20016A38
[t=60,850,990us] task_start_exec    key id=0x20006160
[t=60,851,007us] task_stop_exec     key id=0x20006160
[t=60,851,011us] task_start_exec    id=0x20016A38
[t=60,851,015us] idle
[t=60,853,986us] task_stop_exec     id=0x20016A38
[t=60,853,990us] task_start_exec    ble id=0x200031DC
[t=60,854,013us] task_stop_exec     ble id=0x200031DC
[t=60,854,016us] task_start_exec    id=0x20016A38
[t=60,854,020us] idle
[t=60,856,986us] task_stop_exec     id=0x20016A38
[t=60,856,990us] task_start_exec    ppg id=0x20002A60
[t=60,858,380us] task_stop_exec     ppg id=0x20002A60
[t=60,858,384us] task_start_exec    id=0x20016A38
[t=60,858,387us] idle
[t=60,858,913us] task_stop_exec     id=0x20016A38
[t=60,858,917us] task_start_exec    ppg id=0x20002A60
[t=60,858,941us] task_stop_exec     ppg id=0x20002A60
[t=60,858,945us] task_start_exec    id=0x20016A38
[t=60,858,949us] idle
[t=60,858,986us] task_stop_exec     id=0x20016A38
[t=60,858,990us] task_start_exec    ble id=0x200031DC
[t=60,859,012us] task_stop_exec     ble id=0x200031DC
[t=60,859,016us] task_start_exec    id=0x20016A38
[t=60,859,020us] idle
[t=60,863,986us] task_stop_exec     id=0x20016A38
[t=60,863,990us] task_start_exec    ble id=0x200031DC
[t=60,864,013us] task_stop_exec     ble id=0x200031DC
[t=60,864,016us] task_start_exec    id=0x20016A38
[t=60,864,020us] idle
[t=60,867,986us] task_stop_exec     id=0x20016A38
[t=60,867,990us] task_start_exec    ppg id=0x20002A60
[t=60,868,986us] task_stop_exec     ppg id=0x20002A60
[t=60,868,990us] task_start_exec    ble id=0x200031DC
[t=60,869,013us] task_stop_exec     ble id=0x200031DC
[t=60,869,017us] task_start_exec    ppg id=0x20002A60
[t=60,869,378us] task_stop_exec     ppg id=0x20002A60
[t=60,869,382us] task_start_exec    id=0x20016A38
[t=60,869,386us] idle
[t=60,869,912us] task_stop_exec     id=0x20016A38
[t=60,869,915us] task_start_exec    ppg id=0x20002A60
[t=60,869,940us] task_stop_exec     ppg id=0x20002A60
[t=60,869,944us] task_start_exec    id=0x20016A38
[t=60,869,947us] idle
[t=60,870,986us] task_stop_exec     id=0x20016A38
[t=60,870,990us] task_start_exec    key id=0x20006160
[t=60,871,008us] task_stop_exec     key id=0x20006160
[t=60,871,011us] task_start_exec    id=0x20016A38
[t=60,871,015us] idle
[t=60,873,986us] task_stop_exec     id=0x20016A38
[t=60,873,990us] task_start_exec    ble id=0x200031DC
[t=60,874,013us] task_stop_exec     ble id=0x200031DC
[t=60,874,016us] task_start_exec    id=0x20016A38
[t=60,874,020us] idle
[t=60,878,986us] task_stop_exec     id=0x20016A38
[t=60,878,990us] task_start_exec    ppg id=0x20002A60
[t=60,878,999us] task_stop_exec     ppg id=0x20002A60
[t=60,879,003us] task_start_exec    ble id=0x200031DC
[t=60,879,025us] task_stop_exec     ble id=0x200031DC
[t=60,879,029us] task_start_exec    ppg id=0x20002A60
[t=60,880,415us] task_stop_exec     ppg id=0x20002A60
[t=60,880,419us] task_start_exec    id=0x20016A38
[t=60,880,423us] idle
[t=60,880,948us] task_stop_exec     id=0x20016A38
[t=60,880,952us] task_start_exec    ppg id=0x20002A60
[t=60,880,976us] task_stop_exec     ppg id=0x20002A60
[t=60,880,980us] task_start_exec    id=0x20016A38
[t=60,880,984us] idle
[t=60,883,986us] task_stop_exec     id=0x20016A38
[t=60,883,990us] task_start_exec    ble id=0x200031DC
[t=60,884,012us] task_stop_exec     ble id=0x200031DC
[t=60,884,016us] task_start_exec    id=0x20016A38
[t=60,884,020us] idle
[t=60,888,986us] task_stop_exec     id=0x20016A38
[t=60,888,990us] task_start_exec    ble id=0x200031DC
[t=60,889,013us] task_stop_exec     ble id=0x200031DC
[t=60,889,017us] task_start_exec    id=0x20016A38
[t=60,889,020us] idle
[t=60,889,986us] task_stop_exec     id=0x20016A38
[t=60,889,990us] task_start_exec    ppg id=0x20002A60
[t=60,891,379us] task_stop_exec     ppg id=0x20002A60
[t=60,891,383us] task_start_exec    key id=0x20006160
[t=60,891,398us] task_stop_exec     key id=0x20006160
[t=60,891,402us] task_start_exec    id=0x20016A38
[t=60,891,406us] idle
[t=60,891,913us] task_stop_exec     id=0x20016A38
[t=60,891,917us] task_start_exec    ppg id=0x20002A60
[t=60,891,941us] task_stop_exec     ppg id=0x20002A60
[t=60,891,945us] task_start_exec    id=0x20016A38
[t=60,891,948us] idle
[t=60,893,986us] task_stop_exec     id=0x20016A38
[t=60,893,990us] task_start_exec    ble id=0x200031DC
[t=60,894,012us] task_stop_exec     ble id=0x200031DC
[t=60,894,016us] task_start_exec    id=0x20016A38
[t=60,894,020us] idle
[t=60,898,986us] task_stop_exec     id=0x20016A38
[t=60,898,990us] task_start_exec    ble id=0x200031DC
[t=60,899,013us] task_stop_exec     ble id=0x200031DC
[t=60,899,016us] task_start_exec    id=0x20016A38
[t=60,899,020us] idle
[t=60,900,986us] task_stop_exec     id=0x20016A38
[t=60,900,990us] task_start_exec    ppg id=0x20002A60
[t=60,902,379us] task_stop_exec     ppg id=0x20002A60
[t=60,902,383us] task_start_exec    id=0x20016A38
[t=60,902,387us] idle
[t=60,902,912us] task_stop_exec     id=0x20016A38
[t=60,902,916us] task_start_exec    ppg id=0x20002A60
[t=60,902,940us] task_stop_exec     ppg id=0x20002A60
[t=60,902,944us] task_start_exec    id=0x20016A38
[t=60,902,948us] idle
[t=60,903,986us] task_stop_exec     id=0x20016A38
[t=60,903,990us] task_start_exec    ble id=0x200031DC
[t=60,904,012us] task_stop_exec     ble id=0x200031DC
[t=60,904,016us] task_start_exec    id=0x20016A38
[t=60,904,020us] idle
[t=60,908,986us] task_stop_exec     id=0x20016A38
[t=60,908,990us] task_start_exec    ble id=0x200031DC
[t=60,909,013us] task_stop_exec     ble id=0x200031DC
[t=60,909,017us] task_start_exec    id=0x20016A38
[t=60,909,020us] idle
[t=60,910,986us] task_stop_exec     id=0x20016A38
[t=60,910,990us] task_start_exec    key id=0x20006160
[t=60,911,007us] task_stop_exec     key id=0x20006160
[t=60,911,011us] task_start_exec    id=0x20016A38
[t=60,911,015us] idle
[t=60,911,986us] task_stop_exec     id=0x20016A38
[t=60,911,990us] task_start_exec    ppg id=0x20002A60
[t=60,913,078us] task_stop_exec     ppg id=0x20002A60
[t=60,913,082us] task_start_exec    id=0x20016A38
[t=60,913,085us] idle
[t=60,913,986us] task_stop_exec     id=0x20016A38
[t=60,913,990us] task_start_exec    ble id=0x200031DC
[t=60,914,012us] task_stop_exec     ble id=0x200031DC
[t=60,914,016us] task_start_exec    id=0x20016A38
[t=60,914,020us] idle
[t=60,918,986us] task_stop_exec     id=0x20016A38
[t=60,918,990us] task_start_exec    ble id=0x200031DC
[t=60,919,013us] task_stop_exec     ble id=0x200031DC
[t=60,919,016us] task_start_exec    id=0x20016A38
[t=60,919,020us] idle
[t=60,922,986us] task_stop_exec     id=0x20016A38
[t=60,922,990us] task_start_exec    ppg id=0x20002A60
[t=60,923,986us] task_stop_exec     ppg id=0x20002A60
[t=60,923,990us] task_start_exec    ble id=0x200031DC
[t=60,924,013us] task_stop_exec     ble id=0x200031DC
[t=60,924,016us] task_start_exec    ppg id=0x20002A60
[t=60,924,379us] task_stop_exec     ppg id=0x20002A60
[t=60,924,383us] task_start_exec    id=0x20016A38
[t=60,924,387us] idle
[t=60,924,912us] task_stop_exec     id=0x20016A38
[t=60,924,916us] task_start_exec    ppg id=0x20002A60
[t=60,924,941us] task_stop_exec     ppg id=0x20002A60
[t=60,924,945us] task_start_exec    id=0x20016A38
[t=60,924,948us] idle
[t=60,928,986us] task_stop_exec     id=0x20016A38
[t=60,928,990us] task_start_exec    ble id=0x200031DC
[t=60,929,013us] task_stop_exec     ble id=0x200031DC
[t=60,929,017us] task_start_exec    id=0x20016A38
[t=60,929,020us] idle
[t=60,930,986us] task_stop_exec     id=0x20016A38
[t=60,930,990us] task_start_exec    key id=0x20006160
[t=60,931,007us] task_stop_exec     key id=0x20006160
[t=60,931,011us] task_start_exec    id=0x20016A38
[t=60,931,015us] idle
[t=60,933,986us] task_stop_exec     id=0x20016A38
[t=60,933,990us] task_start_exec    ppg id=0x20002A60
[t=60,933,999us] task_stop_exec     ppg id=0x20002A60
[t=60,934,003us] task_start_exec    ble id=0x200031DC
[t=60,934,025us] task_stop_exec     ble id=0x200031DC
[t=60,934,029us] task_start_exec    ppg id=0x20002A60
[t=60,935,415us] task_stop_exec     ppg id=0x20002A60
[t=60,935,419us] task_start_exec    id=0x20016A38
[t=60,935,423us] idle
[t=60,935,949us] task_stop_exec     id=0x20016A38
[t=60,935,952us] task_start_exec    ppg id=0x20002A60
[t=60,935,977us] task_stop_exec     ppg id=0x20002A60
[t=60,935,981us] task_start_exec    id=0x20016A38
[t=60,935,984us] idle
[t=60,938,986us] task_stop_exec     id=0x20016A38
[t=60,938,990us] task_start_exec    ble id=0x200031DC
[t=60,939,012us] task_stop_exec     ble id=0x200031DC
[t=60,939,016us] task_start_exec    id=0x20016A38
[t=60,939,020us] idle
[t=60,943,986us] task_stop_exec     id=0x20016A38
[t=60,943,990us] task_start_exec    ble id=0x200031DC
[t=60,944,013us] task_stop_exec     ble id=0x200031DC
[t=60,944,016us] task_start_exec    id=0x20016A38
[t=60,944,020us] idle
[t=60,944,986us] task_stop_exec     id=0x20016A38
[t=60,944,990us] task_start_exec    ppg id=0x20002A60
[t=60,946,379us] task_stop_exec     ppg id=0x20002A60
[t=60,946,383us] task_start_exec    id=0x20016A38
[t=60,946,387us] idle
[t=60,946,912us] task_stop_exec     id=0x20016A38
[t=60,946,916us] task_start_exec    ppg id=0x20002A60
[t=60,946,940us] task_stop_exec     ppg id=0x20002A60
[t=60,946,944us] task_start_exec    id=0x20016A38
[t=60,946,948us] idle
[t=60,948,986us] task_stop_exec     id=0x20016A38
[t=60,948,990us] task_start_exec    ble id=0x200031DC
[t=60,949,013us] task_stop_exec     ble id=0x200031DC
[t=60,949,017us] task_start_exec    id=0x20016A38
[t=60,949,020us] idle
[t=60,950,986us] task_stop_exec     id=0x20016A38
[t=60,950,990us] task_start_exec    key id=0x20006160
[t=60,951,007us] task_stop_exec     key id=0x20006160
[t=60,951,011us] task_start_exec    id=0x20016A38
[t=60,951,015us] idle
[t=60,953,986us] task_stop_exec     id=0x20016A38
[t=60,953,990us] task_start_exec    ble id=0x200031DC
[t=60,954,013us] task_stop_exec     ble id=0x200031DC
[t=60,954,016us] task_start_exec    id=0x20016A38
[t=60,954,020us] idle
[t=60,955,986us] task_stop_exec     id=0x20016A38
[t=60,955,990us] task_start_exec    ppg id=0x20002A60
[t=60,957,379us] task_stop_exec     ppg id=0x20002A60
[t=60,957,383us] task_start_exec    id=0x20016A38
[t=60,957,387us] idle
[t=60,957,912us] task_stop_exec     id=0x20016A38
[t=60,957,916us] task_start_exec    ppg id=0x20002A60
[t=60,957,940us] task_stop_exec     ppg id=0x20002A60
[t=60,957,944us] task_start_exec    id=0x20016A38
[t=60,957,948us] idle
[t=60,958,986us] task_stop_exec     id=0x20016A38
[t=60,958,990us] task_start_exec    ble id=0x200031DC
[t=60,959,012us] task_stop_exec     ble id=0x200031DC
[t=60,959,016us] task_start_exec    id=0x20016A38
[t=60,959,020us] idle
[t=60,963,986us] task_stop_exec     id=0x20016A38
[t=60,963,990us] task_start_exec    ble id=0x200031DC
[t=60,964,013us] task_stop_exec     ble id=0x200031DC
[t=60,964,016us] task_start_exec    id=0x20016A38
[t=60,964,020us] idle
[t=60,966,986us] task_stop_exec     id=0x20016A38
[t=60,966,990us] task_start_exec    ppg id=0x20002A60
[t=60,968,380us] task_stop_exec     ppg id=0x20002A60
[t=60,968,384us] task_start_exec    id=0x20016A38
[t=60,968,388us] idle
[t=60,968,913us] task_stop_exec     id=0x20016A38
[t=60,968,917us] task_start_exec    ppg id=0x20002A60
[t=60,968,941us] task_stop_exec     ppg id=0x20002A60
[t=60,968,945us] task_start_exec    id=0x20016A38
[t=60,968,949us] idle
[t=60,968,986us] task_stop_exec     id=0x20016A38
[t=60,968,990us] task_start_exec    ble id=0x200031DC
[t=60,969,013us] task_stop_exec     ble id=0x200031DC
[t=60,969,017us] task_start_exec    id=0x20016A38
[t=60,969,020us] idle
[t=60,970,987us] task_stop_exec     id=0x20016A38
[t=60,970,991us] task_start_exec    key id=0x20006160
[t=60,971,008us] task_stop_exec     key id=0x20006160
[t=60,971,012us] task_start_exec    id=0x20016A38
[t=60,971,016us] idle
[t=60,973,986us] task_stop_exec     id=0x20016A38
[t=60,973,990us] task_start_exec    ble id=0x200031DC
[t=60,974,013us] task_stop_exec     ble id=0x200031DC
[t=60,974,016us] task_start_exec    id=0x20016A38
[t=60,974,020us] idle
[t=60,977,986us] task_stop_exec     id=0x20016A38
[t=60,977,990us] task_start_exec    ppg id=0x20002A60
[t=60,978,986us] task_stop_exec     ppg id=0x20002A60
[t=60,978,990us] task_start_exec    ble id=0x200031DC
[t=60,979,013us] task_stop_exec     ble id=0x200031DC
[t=60,979,017us] task_start_exec    ppg id=0x20002A60
[t=60,979,077us] task_stop_exec     ppg id=0x20002A60
[t=60,979,081us] task_start_exec    id=0x20016A38
[t=60,979,084us] idle
[t=60,983,986us] task_stop_exec     id=0x20016A38
[t=60,983,990us] task_start_exec    ble id=0x200031DC
[t=60,984,013us] task_stop_exec     ble id=0x200031DC
[t=60,984,016us] task_start_exec    id=0x20016A38
[t=60,984,020us] idle
[t=60,988,986us] task_stop_exec     id=0x20016A38
[t=60,988,990us] task_start_exec    ppg id=0x20002A60
[t=60,988,999us] task_stop_exec     ppg id=0x20002A60
[t=60,989,003us] task_start_exec    ble id=0x200031DC
[t=60,989,025us] task_stop_exec     ble id=0x200031DC
[t=60,989,029us] task_start_exec    ppg id=0x20002A60
[t=60,990,415us] task_stop_exec     ppg id=0x20002A60
[t=60,990,419us] task_start_exec    id=0x20016A38
[t=60,990,423us] idle
[t=60,990,948us] task_stop_exec     id=0x20016A38
[t=60,990,952us] task_start_exec    ppg id=0x20002A60
[t=60,990,977us] task_stop_exec     ppg id=0x20002A60
[t=60,990,981us] task_start_exec    id=0x20016A38
[t=60,990,984us] idle
[t=60,990,996us] task_stop_exec     id=0x20016A38
[t=60,990,999us] task_start_exec    key id=0x20006160
[t=60,991,017us] task_stop_exec     key id=0x20006160
[t=60,991,021us] task_start_exec    id=0x20016A38
[t=60,991,025us] idle
[t=60,993,986us] task_stop_exec     id=0x20016A38
[t=60,993,990us] task_start_exec    ble id=0x200031DC
[t=60,994,012us] task_stop_exec     ble id=0x200031DC
[t=60,994,016us] task_start_exec    id=0x20016A38
[t=60,994,020us] idle
[t=60,998,986us] task_stop_exec     id=0x20016A38
[t=60,998,990us] task_start_exec    ble id=0x200031DC
[t=60,999,013us] task_stop_exec     ble id=0x200031DC
[t=60,999,016us] task_start_exec    id=0x20016A38
[t=60,999,020us] idle
[t=60,999,986us] task_stop_exec     id=0x20016A38
[t=60,999,990us] task_start_exec    ppg id=0x20002A60
[t=61,001,379us] task_stop_exec     ppg id=0x20002A60
[t=61,001,383us] task_start_exec    id=0x20016A38
[t=61,001,387us] idle
[t=61,001,912us] task_stop_exec     id=0x20016A38
[t=61,001,916us] task_start_exec    ppg id=0x20002A60
[t=61,001,940us] task_stop_exec     ppg id=0x20002A60
[t=61,001,944us] task_start_exec    id=0x20016A38
[t=61,001,948us] idle
[t=61,003,986us] task_stop_exec     id=0x20016A38
[t=61,003,990us] task_start_exec    ble id=0x200031DC
[t=61,004,012us] task_stop_exec     ble id=0x200031DC
[t=61,004,016us] task_start_exec    id=0x20016A38
[t=61,004,020us] idle
[t=61,008,986us] task_stop_exec     id=0x20016A38
[t=61,008,990us] task_start_exec    ble id=0x200031DC
[t=61,009,013us] task_stop_exec     ble id=0x200031DC
[t=61,009,017us] task_start_exec    id=0x20016A38
[t=61,009,020us] idle

[OK] SystemView 会话结束
